r_type,t_type,eta_mean,gamma_mean,perc_recomm_found_mean,eta_obs_mean,eta_obs_individualized_mean,eta_obs_refits_batch0_mean_mean,gamma_obs_mean,intv-cost_mean,eta_std,gamma_std,perc_recomm_found_std,eta_obs_std,eta_obs_individualized_std,eta_obs_refits_batch0_mean_std,gamma_obs_std,intv-cost_std
individualized,acceptance,0.75,0.75,1.0,1.0,,0.8373333613077799,0.1766666720310847,3.051499998702854,0.0,0.0,0.0,0.0,,0.1421173126570783,0.025166113481589262,0.2788821440131602
individualized,counterfactual,0.75,0.75,1.0,1.0,,0.8526666561762491,0.18333333730697632,3.0679333352744576,0.0,0.0,0.0,0.0,,0.12400538896315376,0.08082904356129697,0.14648721063591452
individualized,improvement,0.75,0.75,1.0,0.9266666666666666,0.79,0.9199999769528707,0.799999992052714,2.9720666651964187,0.0,0.0,0.0,0.06806859285554046,0.034641016151377574,0.05716644155368628,0.026457521671453203,0.0784479683287383
subpopulation,acceptance,0.75,0.75,1.0,0.9833333333333334,,0.8473333517710367,0.18333333233992258,3.1578333328927557,0.0,0.0,0.0,0.020816659994661344,,0.12093524648060351,0.03785938697780149,0.2693600631691899
subpopulation,improvement,0.75,0.75,1.0,0.86,,0.853333314259847,0.7233333388964335,2.8005666631643975,0.0,0.0,0.0,0.08660254037844388,,0.06363432762509384,0.0251661184158651,0.07802591470297643
