{"accuracy_pre": 0.98, "accuracy_post": 0.44, "recourse_seeking_ixs": [799, 886, 633, 787, 958, 704, 773, 692, 923, 842, 876, 657, 671, 911, 653, 976, 538, 743, 771, 813, 964, 587, 791, 747, 690, 916, 794, 825, 575, 866, 710, 594, 567, 732, 590, 774, 750, 583, 793, 828, 706, 693, 555, 925, 899, 814, 662, 846, 840, 635, 893, 609, 589, 687, 507, 830, 959, 742, 681, 784, 642, 982, 990, 957, 972, 994, 853, 836, 820, 954, 896, 946, 998, 897, 894, 735, 685, 579, 529, 924, 907, 975, 980, 837, 922, 829, 661, 596, 674, 807, 838, 988, 580, 520, 776, 926, 845, 891, 720, 901], "recourse_recommended_ixs": [799, 886, 633, 787, 958, 704, 773, 692, 923, 842, 876, 657, 671, 911, 653, 976, 538, 743, 771, 813, 964, 587, 791, 747, 690, 916, 794, 825, 575, 866, 710, 594, 567, 732, 590, 774, 750, 583, 793, 828, 706, 693, 555, 925, 899, 814, 662, 846, 840, 635, 893, 609, 589, 687, 507, 830, 959, 742, 681, 784, 642, 982, 990, 957, 972, 994, 853, 836, 820, 954, 896, 946, 998, 897, 894, 735, 685, 579, 529, 924, 907, 975, 980, 837, 922, 829, 661, 596, 674, 807, 838, 988, 580, 520, 776, 926, 845, 891, 720, 901], "perc_recomm_found": 1.0, "gamma": 0.75, "eta": 0.75, "gamma_obs": 0.4399999976158142, "gamma_obs_pre": 0.019999999552965164, "eta_obs": 1.0, "costs": [1.0, 1.0, 1.0], "lbd": 300.0, "thresh": 0.5, "r_type": "individualized", "t_type": "acceptance", "eta_obs_individualized": NaN, "eta_obs_refits_batch0_mean": 0.6579999923706055, "model_score": 0.89, "model_f1": 0.9013539651837523, "model_refits_batch0_scores": [0.848, 0.848, 0.854, 0.86, 0.86], "model_refits_batch0_f1s": [0.8560606060606061, 0.8538461538461539, 0.858252427184466, 0.8622047244094487, 0.8653846153846154], "model_coef": [[0.4785356577166362, 0.5453121859304917, 1.0835655347085427], [0.2661836809075705]]}