{"accuracy_pre": 0.83, "accuracy_post": 0.43, "recourse_seeking_ixs": [689, 580, 741, 924, 583, 608, 998, 750, 916, 996, 730, 818, 592, 620, 716, 622, 995, 988, 717, 815, 739, 885, 556, 961, 848, 795, 686, 560, 766, 792, 936, 856, 559, 602, 713, 844, 851, 920, 799, 878, 669, 912, 506, 594, 980, 911, 817, 691, 857, 806, 674, 947, 549, 891, 843, 837, 749, 722, 832, 775, 945, 875, 573, 926, 838, 552, 979, 712, 754, 855, 651, 870, 776, 605, 587, 990, 783, 648, 942, 877, 531, 523, 533, 614, 603, 742, 662, 922, 733, 514, 814, 658, 670, 811, 681, 690, 679, 571, 704, 565], "recourse_recommended_ixs": [689, 580, 741, 924, 583, 608, 998, 750, 916, 996, 730, 818, 592, 620, 716, 622, 995, 988, 717, 815, 739, 885, 556, 961, 848, 795, 686, 560, 766, 792, 936, 856, 559, 602, 713, 844, 851, 920, 799, 878, 669, 912, 506, 594, 980, 911, 817, 691, 857, 806, 674, 947, 549, 891, 843, 837, 749, 722, 832, 775, 945, 875, 573, 926, 838, 552, 979, 712, 754, 855, 651, 870, 776, 605, 587, 990, 783, 648, 942, 877, 531, 523, 533, 614, 603, 742, 662, 922, 733, 514, 814, 658, 670, 811, 681, 690, 679, 571, 704, 565], "perc_recomm_found": 1.0, "gamma": 0.95, "eta": 0.95, "gamma_obs": 0.3700000047683716, "gamma_obs_pre": 0.17000000178813934, "eta_obs": 0.99, "costs": [1.0, 1.0, 1.0], "lbd": 300.0, "thresh": 0.5, "r_type": "individualized", "t_type": "acceptance", "eta_obs_individualized": NaN, "eta_obs_refits_batch0_mean": 0.43800002336502075, "model_score": 0.67, "model_f1": 0.6926070038910507, "model_refits_batch0_scores": [0.814, 0.808, 0.822, 0.758, 0.796], "model_refits_batch0_f1s": [0.8074534161490684, 0.8064516129032259, 0.8126315789473685, 0.7575150300601203, 0.782051282051282], "model_coef": NaN}