{"accuracy_pre": 0.88, "accuracy_post": 0.98, "recourse_seeking_ixs": [253, 332, 343, 302, 221, 260, 377, 389, 209, 226, 217, 218, 362, 285, 379, 300, 250, 247, 275, 361, 289, 373, 398, 352, 230, 376, 396, 208, 347, 317, 356, 321, 312, 243, 215, 325, 391, 341, 313, 397, 255, 282, 336, 350, 392, 318, 241, 238, 334, 274], "recourse_recommended_ixs": [253, 332, 343, 302, 221, 260, 377, 389, 209, 226, 217, 218, 362, 285, 379, 300, 250, 247, 275, 361, 289, 373, 398, 352, 230, 376, 396, 208, 347, 317, 356, 321, 312, 243, 215, 325, 391, 341, 313, 397, 255, 282, 336, 350, 392, 318, 241, 238, 334, 274], "perc_recomm_found": 1.0, "gamma": 0.95, "eta": 0.95, "gamma_obs": 0.9800000190734863, "gamma_obs_pre": 0.11999999731779099, "eta_obs": 1.0, "costs": [1.0, 1.0, 1.0], "lbd": 300.0, "thresh": 0.5, "r_type": "subpopulation", "t_type": "improvement", "eta_obs_individualized": NaN, "eta_obs_refits_batch0_mean": 0.8840000033378601, "model_score": 0.845, "model_f1": 0.8516746411483254, "model_refits_batch0_scores": [0.85, 0.85, 0.84, 0.855, 0.855], "model_refits_batch0_f1s": [0.8543689320388349, 0.8529411764705882, 0.8476190476190476, 0.863849765258216, 0.8599033816425121], "model_coef": [[0.9870510950269237, 0.9001554042683111, 1.2525626248485802], [0.0609816155517503]]}