{"accuracy_pre": 0.86, "accuracy_post": 0.8, "recourse_seeking_ixs": [355, 316, 384, 263, 359, 315, 273, 216, 265, 377, 266, 221, 369, 252, 253, 345, 304, 260, 321, 386, 323, 297, 302, 318, 362, 298, 268, 376, 206, 372, 286, 257, 358, 222, 261, 231, 239, 331, 226, 309, 371, 290, 217, 250, 275, 284, 267, 219, 349, 246], "recourse_recommended_ixs": [355, 316, 384, 263, 359, 315, 273, 216, 265, 377, 266, 221, 369, 252, 253, 345, 304, 260, 321, 386, 323, 297, 302, 318, 362, 298, 268, 376, 206, 372, 286, 257, 358, 222, 261, 231, 239, 331, 226, 309, 371, 290, 217, 250, 275, 284, 267, 219, 349, 246], "perc_recomm_found": 1.0, "gamma": 0.75, "eta": 0.75, "gamma_obs": 0.800000011920929, "gamma_obs_pre": 0.14000000059604645, "eta_obs": 1.0, "costs": [1.0, 1.0], "lbd": 300.0, "thresh": 0.5, "r_type": "individualized", "t_type": "improvement", "eta_obs_individualized": 0.74, "eta_obs_refits_batch0_mean": 0.972000002861023, "model_score": 0.8, "model_f1": 0.8230088495575222, "model_refits_batch0_scores": [0.805, 0.78, 0.8, 0.8, 0.8], "model_refits_batch0_f1s": [0.8266666666666665, 0.8053097345132745, 0.8198198198198199, 0.8214285714285715, 0.8260869565217391], "model_coef": [[0.40172156737985065, -0.5943080802571039, 1.1395636427477842], [0.12640627131743817]]}