{"accuracy_pre": 0.98, "accuracy_post": 0.96, "recourse_seeking_ixs": [1218, 1582, 1463, 1098, 1273, 1701, 1319, 1216, 1229, 1020, 1731, 1036, 1413, 1973, 1829, 1324, 1729, 1030, 1839, 1777, 1733, 1594, 1228, 1385, 1519, 1743, 1114, 1193, 1590, 1440, 1652, 1003, 1593, 1954, 1382, 1543, 1969, 1711, 1761, 1734, 1156, 1429, 1170, 1466, 1448, 1606, 1689, 1199, 1685, 1654, 1935, 1226, 1934, 1531, 1614, 1966, 1323, 1823, 1008, 1903, 1681, 1680, 1303, 1071, 1762, 1096, 1996, 1578, 1034, 1717, 1044, 1366, 1222, 1568, 1326, 1518, 1588, 1708, 1453, 1572, 1282, 1802, 1049, 1592, 1452, 1359, 1353, 1256, 1338, 1981, 1308, 1805, 1907, 1115, 1828, 1936, 1244, 1033, 1768, 1747], "recourse_recommended_ixs": [1218, 1582, 1463, 1098, 1273, 1701, 1319, 1216, 1229, 1020, 1731, 1036, 1413, 1973, 1829, 1324, 1729, 1030, 1839, 1777, 1733, 1594, 1228, 1385, 1519, 1743, 1114, 1193, 1590, 1440, 1652, 1003, 1593, 1954, 1382, 1543, 1969, 1711, 1761, 1734, 1156, 1429, 1170, 1466, 1448, 1606, 1689, 1199, 1685, 1654, 1935, 1226, 1934, 1531, 1614, 1966, 1323, 1823, 1008, 1903, 1681, 1680, 1303, 1071, 1762, 1096, 1996, 1578, 1034, 1717, 1044, 1366, 1222, 1568, 1326, 1518, 1588, 1708, 1453, 1572, 1282, 1802, 1049, 1592, 1452, 1359, 1353, 1256, 1338, 1981, 1308, 1805, 1907, 1115, 1828, 1936, 1244, 1033, 1768, 1747], "perc_recomm_found": 1.0, "gamma": 0.75, "eta": 0.75, "gamma_obs": 0.9800000190734863, "gamma_obs_pre": 0.019999999552965164, "eta_obs": 0.96, "costs": [1.0, 1.0, 1.0], "lbd": 150.0, "thresh": 0.5, "r_type": "subpopulation", "t_type": "acceptance", "eta_obs_individualized": NaN, "eta_obs_refits_batch0_mean": 0.9539999961853027, "model_score": 0.97, "model_f1": 0.9989417989417989, "model_refits_batch0_scores": [0.999, 0.999, 0.997, 0.998, 0.998], "model_refits_batch0_f1s": [0.9989929506545822, 0.9989929506545822, 0.9969727547931382, 0.9979879275653923, 0.9979838709677419], "model_coef": NaN}