{"accuracy_pre": 0.85, "accuracy_post": 0.28, "recourse_seeking_ixs": [961, 614, 719, 632, 830, 928, 997, 666, 531, 758, 698, 568, 864, 572, 546, 746, 883, 880, 664, 720, 918, 598, 933, 975, 636, 718, 993, 751, 760, 651, 620, 984, 551, 683, 581, 693, 990, 932, 778, 606, 733, 911, 800, 951, 799, 692, 823, 966, 622, 745, 596, 554, 537, 657, 827, 541, 963, 593, 792, 507, 925, 527, 543, 526, 705, 500, 706, 902, 885, 814, 557, 988, 722, 675, 542, 668, 574, 907, 869, 763, 991, 945, 597, 817, 816, 615, 559, 567, 709, 738, 958, 583, 573, 777, 528, 889, 621, 588, 851, 550], "recourse_recommended_ixs": [961, 614, 719, 632, 830, 928, 997, 666, 531, 758, 698, 568, 864, 572, 546, 746, 883, 880, 664, 720, 918, 598, 933, 975, 636, 718, 993, 751, 760, 651, 620, 984, 551, 683, 581, 693, 990, 932, 778, 606, 733, 911, 800, 951, 799, 692, 823, 966, 622, 745, 596, 554, 537, 657, 827, 541, 963, 593, 792, 507, 925, 527, 543, 526, 705, 500, 706, 902, 885, 814, 557, 988, 722, 675, 542, 668, 574, 907, 869, 763, 991, 945, 597, 817, 816, 615, 559, 567, 709, 738, 958, 583, 573, 777, 528, 889, 621, 588, 851, 550], "perc_recomm_found": 1.0, "gamma": 0.95, "eta": 0.95, "gamma_obs": 0.2800000011920929, "gamma_obs_pre": 0.15000000596046448, "eta_obs": 0.94, "costs": [1.0, 1.0, 1.0], "lbd": 300.0, "thresh": 0.5, "r_type": "individualized", "t_type": "counterfactual", "eta_obs_individualized": NaN, "eta_obs_refits_batch0_mean": 0.41999998688697815, "model_score": 0.862, "model_f1": 0.8838095238095238, "model_refits_batch0_scores": [0.854, 0.858, 0.832, 0.844, 0.848], "model_refits_batch0_f1s": [0.8450106157112527, 0.8473118279569892, 0.8242677824267782, 0.8374999999999999, 0.8442622950819672], "model_coef": NaN}