{"accuracy_pre": 0.79, "accuracy_post": 0.78, "recourse_seeking_ixs": [366, 414, 468, 408, 346, 290, 388, 476, 467, 349, 333, 316, 462, 272, 285, 307, 481, 299, 353, 288, 464, 479, 386, 432, 326, 301, 363, 300, 402, 352, 287, 396, 438, 277, 324, 348, 494, 492, 311, 497, 313, 251, 442, 393, 488, 425, 375, 421, 381, 265, 486, 254, 357, 306, 379, 422, 460, 499, 295, 407, 319, 283, 351, 394, 259, 447, 412, 334, 323, 371, 372, 297, 441, 330, 445, 490, 377, 271, 257, 385, 436, 491, 411, 404, 496, 458, 398, 368, 320, 424, 428, 395, 483, 498, 365, 384, 279, 446, 289, 355], "recourse_recommended_ixs": [366, 414, 468, 408, 346, 290, 388, 476, 467, 349, 333, 316, 462, 272, 285, 307, 481, 299, 353, 288, 464, 479, 386, 432, 326, 301, 363, 300, 402, 352, 287, 396, 438, 277, 324, 348, 494, 492, 311, 497, 313, 251, 442, 393, 488, 425, 375, 421, 381, 265, 486, 254, 357, 306, 379, 422, 460, 499, 295, 407, 319, 283, 351, 394, 259, 447, 412, 334, 323, 371, 372, 297, 441, 330, 445, 490, 377, 271, 257, 385, 436, 491, 411, 404, 496, 458, 398, 368, 320, 424, 428, 395, 483, 498, 365, 384, 279, 446, 289, 355], "perc_recomm_found": 1.0, "gamma": 0.75, "eta": 0.75, "gamma_obs": 0.800000011920929, "gamma_obs_pre": 0.20999999344348907, "eta_obs": 0.86, "costs": [1.0, 1.0], "lbd": 100.0, "thresh": 0.5, "r_type": "individualized", "t_type": "improvement", "eta_obs_individualized": 0.81, "eta_obs_refits_batch0_mean": 0.8339999914169312, "model_score": 0.8, "model_f1": 0.7916666666666666, "model_refits_batch0_scores": [0.8, 0.796, 0.792, 0.8, 0.812], "model_refits_batch0_f1s": [0.7916666666666666, 0.7901234567901234, 0.7833333333333333, 0.7933884297520661, 0.8], "model_coef": [[-0.10360710355820973, -0.4840985551564463, 1.2888307442029043], [-0.6215992533679852]]}