{"accuracy_pre": 0.99, "accuracy_post": 1.0, "recourse_seeking_ixs": [1304, 1288, 1566, 1287, 1127, 1360, 1685, 1271, 1230, 1923, 1649, 1555, 1390, 1963, 1761, 1446, 1786, 1231, 1493, 1430, 1336, 1575, 1014, 1987, 1980, 1677, 1881, 1244, 1846, 1592, 1736, 1290, 1342, 1650, 1504, 1958, 1682, 1495, 1308, 1108, 1747, 1333, 1319, 1921, 1955, 1088, 1889, 1880, 1476, 1270, 1480, 1882, 1468, 1472, 1637, 1006, 1170, 1615, 1733, 1195, 1794, 1587, 1832, 1365, 1211, 1009, 1008, 1829, 1918, 1080, 1528, 1426, 1491, 1580, 1914, 1218, 1853, 1248, 1623, 1103, 1353, 1952, 1961, 1927, 1204, 1292, 1936, 1325, 1810, 1429, 1740, 1142, 1329, 1614, 1996, 1059, 1378, 1104, 1938, 1788], "recourse_recommended_ixs": [1304, 1288, 1566, 1287, 1127, 1360, 1685, 1271, 1230, 1923, 1649, 1555, 1390, 1963, 1761, 1446, 1786, 1231, 1493, 1430, 1336, 1575, 1014, 1987, 1980, 1677, 1881, 1244, 1846, 1592, 1736, 1290, 1342, 1650, 1504, 1958, 1682, 1495, 1308, 1108, 1747, 1333, 1319, 1921, 1955, 1088, 1889, 1880, 1476, 1270, 1480, 1882, 1468, 1472, 1637, 1006, 1170, 1615, 1733, 1195, 1794, 1587, 1832, 1365, 1211, 1009, 1008, 1829, 1918, 1080, 1528, 1426, 1491, 1580, 1914, 1218, 1853, 1248, 1623, 1103, 1353, 1952, 1961, 1927, 1204, 1292, 1936, 1325, 1810, 1429, 1740, 1142, 1329, 1614, 1996, 1059, 1378, 1104, 1938, 1788], "perc_recomm_found": 1.0, "gamma": 0.75, "eta": 0.75, "gamma_obs": 1.0, "gamma_obs_pre": 0.009999999776482582, "eta_obs": 1.0, "costs": [1.0, 1.0, 1.0], "lbd": 150.0, "thresh": 0.5, "r_type": "individualized", "t_type": "acceptance", "eta_obs_individualized": NaN, "eta_obs_refits_batch0_mean": 0.9319999814033508, "model_score": 0.884, "model_f1": 0.9989594172736733, "model_refits_batch0_scores": [0.998, 0.998, 0.995, 0.995, 0.998], "model_refits_batch0_f1s": [0.9979674796747968, 0.9979674796747968, 0.9949031600407746, 0.9949031600407746, 0.9979674796747968], "model_coef": NaN}