{"accuracy_pre": 0.81, "accuracy_post": 0.51, "recourse_seeking_ixs": [677, 864, 688, 636, 943, 758, 716, 778, 833, 589, 856, 641, 855, 976, 816, 551, 577, 583, 785, 529, 844, 857, 734, 951, 910, 601, 881, 503, 623, 759, 517, 747, 674, 936, 859, 956, 569, 606, 761, 784, 897, 670, 949, 592, 969, 973, 549, 809, 877, 590, 927, 885, 727, 659, 769, 602, 565, 839, 710, 751, 578, 788, 637, 713, 813, 899, 625, 808, 968, 650, 779, 822, 552, 991, 892, 725, 655, 726, 661, 749, 871, 752, 793, 926, 963, 828, 702, 837, 876, 895, 990, 676, 558, 619, 735, 848, 863, 912, 804, 753], "recourse_recommended_ixs": [677, 864, 688, 636, 943, 758, 716, 778, 833, 589, 856, 641, 855, 976, 816, 551, 577, 583, 785, 529, 844, 857, 734, 951, 910, 601, 881, 503, 623, 759, 517, 747, 674, 936, 859, 956, 569, 606, 761, 784, 897, 670, 949, 592, 969, 973, 549, 809, 877, 590, 927, 885, 727, 659, 769, 602, 565, 839, 710, 751, 578, 788, 637, 713, 813, 899, 625, 808, 968, 650, 779, 822, 552, 991, 892, 725, 655, 726, 661, 749, 871, 752, 793, 926, 963, 828, 702, 837, 876, 895, 990, 676, 558, 619, 735, 848, 863, 912, 804, 753], "perc_recomm_found": 1.0, "gamma": 0.95, "eta": 0.95, "gamma_obs": 0.3700000047683716, "gamma_obs_pre": 0.1899999976158142, "eta_obs": 1.0, "costs": [1.0, 1.0, 1.0], "lbd": 300.0, "thresh": 0.5, "r_type": "individualized", "t_type": "acceptance", "eta_obs_individualized": NaN, "eta_obs_refits_batch0_mean": 0.44200000166893005, "model_score": 0.752, "model_f1": 0.75049115913556, "model_refits_batch0_scores": [0.814, 0.808, 0.822, 0.758, 0.796], "model_refits_batch0_f1s": [0.8074534161490684, 0.8064516129032259, 0.8126315789473685, 0.7575150300601203, 0.782051282051282], "model_coef": NaN}