{"accuracy_pre": 1.0, "accuracy_post": 1.0, "recourse_seeking_ixs": [1415, 1388, 1214, 1319, 1650, 1611, 1034, 1658, 1492, 1434, 1858, 1087, 1103, 1931, 1440, 1717, 1100, 1281, 1071, 1223, 1861, 1065, 1871, 1219, 1642, 1529, 1575, 1569, 1369, 1685, 1077, 1814, 1206, 1924, 1816, 1150, 1697, 1821, 1386, 1469, 1587, 1435, 1533, 1563, 1627, 1954, 1356, 1504, 1166, 1619, 1953, 1646, 1254, 1267, 1988, 1607, 1971, 1610, 1667, 1420, 1363, 1179, 1745, 1562, 1923, 1320, 1040, 1274, 1872, 1933, 1067, 1503, 1081, 1985, 1076, 1675, 1312, 1145, 1484, 1668, 1210, 1197, 1331, 1757, 1146, 1938, 1258, 1801, 1468, 1344, 1895, 1055, 1629, 1236, 1168, 1859, 1625, 1028, 1306, 1288], "recourse_recommended_ixs": [1415, 1388, 1214, 1319, 1650, 1611, 1034, 1658, 1492, 1434, 1858, 1087, 1103, 1931, 1440, 1717, 1100, 1281, 1071, 1223, 1861, 1065, 1871, 1219, 1642, 1529, 1575, 1569, 1369, 1685, 1077, 1814, 1206, 1924, 1816, 1150, 1697, 1821, 1386, 1469, 1587, 1435, 1533, 1563, 1627, 1954, 1356, 1504, 1166, 1619, 1953, 1646, 1254, 1267, 1988, 1607, 1971, 1610, 1667, 1420, 1363, 1179, 1745, 1562, 1923, 1320, 1040, 1274, 1872, 1933, 1067, 1503, 1081, 1985, 1076, 1675, 1312, 1145, 1484, 1668, 1210, 1197, 1331, 1757, 1146, 1938, 1258, 1801, 1468, 1344, 1895, 1055, 1629, 1236, 1168, 1859, 1625, 1028, 1306, 1288], "perc_recomm_found": 1.0, "gamma": 0.75, "eta": 0.75, "gamma_obs": 1.0, "gamma_obs_pre": 0.0, "eta_obs": 1.0, "costs": [1.0, 1.0, 1.0], "lbd": 150.0, "thresh": 0.5, "r_type": "individualized", "t_type": "improvement", "eta_obs_individualized": 1.0, "eta_obs_refits_batch0_mean": 1.0, "model_score": 0.74, "model_f1": 0.9990069513406157, "model_refits_batch0_scores": [0.993, 1.0, 0.996, 0.996, 0.994], "model_refits_batch0_f1s": [0.992964824120603, 1.0, 0.9959919839679359, 0.9959919839679359, 0.9939759036144578], "model_coef": NaN}