{"accuracy_pre": 0.8, "accuracy_post": 0.29, "recourse_seeking_ixs": [529, 926, 866, 500, 953, 863, 630, 930, 985, 514, 902, 591, 582, 786, 982, 984, 518, 833, 931, 950, 836, 928, 921, 623, 712, 683, 621, 919, 651, 780, 851, 804, 553, 885, 691, 665, 808, 815, 812, 649, 520, 664, 743, 803, 586, 884, 735, 744, 721, 658, 516, 945, 508, 748, 750, 762, 657, 565, 820, 741, 871, 729, 964, 907, 913, 799, 676, 706, 722, 543, 979, 684, 821, 609, 911, 761, 577, 906, 910, 713, 764, 908, 933, 604, 618, 782, 891, 501, 671, 726, 927, 995, 861, 653, 981, 793, 593, 589, 506, 571], "recourse_recommended_ixs": [529, 926, 866, 500, 953, 863, 630, 930, 985, 514, 902, 591, 582, 786, 982, 984, 518, 833, 931, 950, 836, 928, 921, 623, 712, 683, 621, 919, 651, 780, 851, 804, 553, 885, 691, 665, 808, 815, 812, 649, 520, 664, 743, 803, 586, 884, 735, 744, 721, 658, 516, 945, 508, 748, 750, 762, 657, 565, 820, 741, 871, 729, 964, 907, 913, 799, 676, 706, 722, 543, 979, 684, 821, 609, 911, 761, 577, 906, 910, 713, 764, 908, 933, 604, 618, 782, 891, 501, 671, 726, 927, 995, 861, 653, 981, 793, 593, 589, 506, 571], "perc_recomm_found": 1.0, "gamma": 0.95, "eta": 0.95, "gamma_obs": 0.25999999046325684, "gamma_obs_pre": 0.20000000298023224, "eta_obs": 0.97, "costs": [1.0, 1.0, 1.0], "lbd": 300.0, "thresh": 0.5, "r_type": "individualized", "t_type": "counterfactual", "eta_obs_individualized": NaN, "eta_obs_refits_batch0_mean": 0.6260000467300415, "model_score": 0.792, "model_f1": 0.7944111776447106, "model_refits_batch0_scores": [0.828, 0.828, 0.794, 0.826, 0.834], "model_refits_batch0_f1s": [0.8027522935779817, 0.8063063063063063, 0.7518072289156627, 0.7962529274004684, 0.814317673378076], "model_coef": [[0.17212440209313498, 0.30563951578550236, 0.8015383947950182], [-0.48917069650178224]]}