{"accuracy_pre": 0.98, "accuracy_post": 0.02, "recourse_seeking_ixs": [224, 386, 319, 245, 234, 317, 384, 348, 377, 229, 374, 308, 297, 216, 246, 381, 203, 327, 303, 270, 360, 286, 373, 390, 343, 375, 277, 356, 294, 352, 228, 307, 305, 200, 232, 318, 255, 329, 280, 273, 361, 219, 207, 265, 258, 395, 338, 371, 238, 378], "recourse_recommended_ixs": [224, 386, 319, 245, 234, 317, 384, 348, 377, 229, 374, 308, 297, 216, 246, 381, 203, 327, 303, 270, 360, 286, 373, 390, 343, 375, 277, 356, 294, 352, 228, 307, 305, 200, 232, 318, 255, 329, 280, 273, 361, 219, 207, 265, 258, 395, 338, 371, 238, 378], "perc_recomm_found": 1.0, "gamma": 0.85, "eta": 0.85, "gamma_obs": 0.02, "gamma_obs_pre": 0.02, "eta_obs": 1.0, "costs": [5.0, 5.0, 0.0001, 0.01, 0.1], "lbd": 300.0, "thresh": 0.5, "r_type": "individualized", "t_type": "counterfactual", "eta_obs_individualized": NaN, "eta_obs_refits_batch0_mean": 0.8, "model_score": 0.99, "model_f1": 0.9924242424242424, "model_refits_batch0_scores": [0.985, 0.99, 0.98, 0.99, 0.98], "model_refits_batch0_f1s": [0.9885057471264368, 0.9923664122137404, 0.9847328244274809, 0.9924242424242424, 0.9848484848484849], "model_coef": [[-0.20416728819721927, 0.3789173175978646, 0.013919862508394712, -0.517451313053269, 0.9092118263075646], [-9.368161423491328]]}