{"accuracy_pre": 0.87, "accuracy_post": 0.74, "recourse_seeking_ixs": [588, 721, 515, 965, 958, 851, 611, 968, 901, 881, 727, 666, 564, 783, 833, 904, 637, 619, 606, 692, 994, 596, 506, 766, 575, 948, 534, 593, 705, 584, 775, 794, 830, 834, 712, 718, 516, 643, 807, 781, 768, 758, 753, 974, 848, 787, 870, 616, 656, 757, 574, 983, 865, 869, 755, 878, 885, 804, 778, 671, 874, 812, 840, 702, 535, 784, 760, 577, 657, 914, 827, 992, 614, 786, 554, 713, 744, 736, 925, 846, 715, 903, 563, 603, 602, 583, 669, 897, 876, 526, 601, 877, 899, 977, 649, 664, 953, 731, 871, 857], "recourse_recommended_ixs": [588, 721, 515, 965, 958, 851, 611, 968, 901, 881, 727, 666, 564, 783, 833, 904, 637, 619, 606, 692, 994, 596, 506, 766, 575, 948, 534, 593, 705, 584, 775, 794, 830, 834, 712, 718, 516, 643, 807, 781, 768, 758, 753, 974, 848, 787, 870, 616, 656, 757, 574, 983, 865, 869, 755, 878, 885, 804, 778, 671, 874, 812, 840, 702, 535, 784, 760, 577, 657, 914, 827, 992, 614, 786, 554, 713, 744, 736, 925, 846, 715, 903, 563, 603, 602, 583, 669, 897, 876, 526, 601, 877, 899, 977, 649, 664, 953, 731, 871, 857], "perc_recomm_found": 1.0, "gamma": 0.75, "eta": 0.75, "gamma_obs": 0.7099999785423279, "gamma_obs_pre": 0.12999999523162842, "eta_obs": 0.91, "costs": [1.0, 1.0], "lbd": 300.0, "thresh": 0.5, "r_type": "subpopulation", "t_type": "improvement", "eta_obs_individualized": NaN, "eta_obs_refits_batch0_mean": 0.8420000076293945, "model_score": 0.83, "model_f1": 0.8214285714285714, "model_refits_batch0_scores": [0.824, 0.834, 0.834, 0.808, 0.818], "model_refits_batch0_f1s": [0.817427385892116, 0.8245243128964059, 0.8230277185501067, 0.799163179916318, 0.7945823927765236], "model_coef": NaN}