{"accuracy_pre": 0.86, "accuracy_post": 0.48, "recourse_seeking_ixs": [325, 241, 359, 254, 211, 237, 221, 394, 352, 268, 263, 206, 368, 291, 239, 258, 234, 355, 243, 344, 376, 321, 354, 282, 306, 235, 289, 312, 229, 286, 287, 255, 395, 299, 247, 365, 372, 322, 252, 356, 244, 231, 290, 393, 333, 236, 292, 297, 262, 370], "recourse_recommended_ixs": [325, 241, 359, 254, 211, 237, 221, 394, 352, 268, 263, 206, 368, 291, 239, 258, 234, 355, 243, 344, 376, 321, 354, 282, 306, 235, 289, 312, 229, 286, 287, 255, 395, 299, 247, 365, 372, 322, 252, 356, 244, 231, 290, 393, 333, 236, 292, 297, 262, 370], "perc_recomm_found": 1.0, "gamma": 0.9, "eta": 0.9, "gamma_obs": 0.47999998927116394, "gamma_obs_pre": 0.14000000059604645, "eta_obs": 1.0, "costs": [1.0, 1.0, 1.0], "lbd": 300.0, "thresh": 0.5, "r_type": "individualized", "t_type": "counterfactual", "eta_obs_individualized": NaN, "eta_obs_refits_batch0_mean": 0.35999998450279236, "model_score": 0.89, "model_f1": 0.872093023255814, "model_refits_batch0_scores": [0.895, 0.87, 0.875, 0.89, 0.875], "model_refits_batch0_f1s": [0.8786127167630058, 0.8433734939759038, 0.8520710059171598, 0.872093023255814, 0.869109947643979], "model_coef": [[0.6884258858734702, 0.7121307202135356, 1.2765377843548575], [-0.18065314715685094]]}