{"accuracy_pre": 0.0, "accuracy_post": 0.75, "recourse_seeking_ixs": [1382, 1119, 1010, 1556, 1567, 1231, 1005, 1375, 1851, 1219, 1693, 1452, 1483, 1820, 1809, 1529, 1016, 1738, 1144, 1193, 1114, 1688, 1093, 1089, 1918, 1423, 1248, 1559, 1930, 1554, 1245, 1829, 1474, 1731, 1983, 1979, 1507, 1838, 1685, 1911, 1615, 1692, 1214, 1542, 1127, 1741, 1361, 1146, 1484, 1916, 1662, 1494, 1457, 1637, 1268, 1977, 1803, 1513, 1240, 1482, 1460, 1992, 1714, 1568, 1292, 1582, 1589, 1288, 1978, 1747, 1282, 1743, 1348, 1492, 1109, 1873, 1139, 1098, 1267, 1502, 1768, 1062, 1804, 1937, 1717, 1607, 1879, 1157, 1906, 1238, 1147, 1968, 1928, 1286, 1818, 1051, 1293, 1629, 1781, 1272], "recourse_recommended_ixs": [1382, 1119, 1010, 1556, 1567, 1231, 1005, 1375, 1851, 1219, 1693, 1452, 1483, 1820, 1809, 1529, 1016, 1738, 1144, 1193, 1114, 1688, 1093, 1089, 1918, 1423, 1248, 1559, 1930, 1554, 1245, 1829, 1474, 1731, 1983, 1979, 1507, 1838, 1685, 1911, 1615, 1692, 1214, 1542, 1127, 1741, 1361, 1146, 1484, 1916, 1662, 1494, 1457, 1637, 1268, 1977, 1803, 1513, 1240, 1482, 1460, 1992, 1714, 1568, 1292, 1582, 1589, 1288, 1978, 1747, 1282, 1743, 1348, 1492, 1109, 1873, 1139, 1098, 1267, 1502, 1768, 1062, 1804, 1937, 1717, 1607, 1879, 1157, 1906, 1238, 1147, 1968, 1928, 1286, 1818, 1051, 1293, 1629, 1781, 1272], "perc_recomm_found": 1.0, "gamma": 0.75, "eta": 0.75, "gamma_obs": 1.0, "gamma_obs_pre": 1.0, "eta_obs": 0.75, "costs": [1.0, 1.0], "lbd": 150.0, "thresh": 0.5, "r_type": "subpopulation", "t_type": "improvement", "eta_obs_individualized": NaN, "eta_obs_refits_batch0_mean": 0.7919999957084656, "model_score": 0.242, "model_f1": 0.9967637540453074, "model_refits_batch0_scores": [0.998, 0.998, 0.998, 0.998, 0.998], "model_refits_batch0_f1s": [0.9979879275653923, 0.9979879275653923, 0.9979879275653923, 0.9979879275653923, 0.9979879275653923], "model_coef": NaN}