{"accuracy_pre": 0.88, "accuracy_post": 0.97, "recourse_seeking_ixs": [688, 756, 616, 811, 914, 517, 915, 783, 866, 638, 645, 583, 509, 907, 504, 815, 963, 976, 753, 664, 596, 695, 512, 500, 847, 875, 792, 777, 965, 900, 550, 860, 926, 657, 681, 822, 562, 780, 503, 838, 938, 984, 586, 700, 520, 801, 627, 800, 680, 643, 590, 968, 653, 882, 989, 631, 587, 964, 856, 663, 508, 799, 555, 790, 757, 768, 666, 920, 956, 717, 962, 999, 620, 687, 647, 609, 803, 519, 774, 649, 831, 932, 788, 787, 982, 710, 795, 991, 683, 507, 648, 927, 782, 824, 511, 812, 904, 533, 553, 623], "recourse_recommended_ixs": [688, 756, 616, 811, 914, 517, 915, 783, 866, 638, 645, 583, 509, 907, 504, 815, 963, 976, 753, 664, 596, 695, 512, 500, 847, 875, 792, 777, 965, 900, 550, 860, 926, 657, 681, 822, 562, 780, 503, 838, 938, 984, 586, 700, 520, 801, 627, 800, 680, 643, 590, 968, 653, 882, 989, 631, 587, 964, 856, 663, 508, 799, 555, 790, 757, 768, 666, 920, 956, 717, 962, 999, 620, 687, 647, 609, 803, 519, 774, 649, 831, 932, 788, 787, 982, 710, 795, 991, 683, 507, 648, 927, 782, 824, 511, 812, 904, 533, 553, 623], "perc_recomm_found": 1.0, "gamma": 0.95, "eta": 0.95, "gamma_obs": 0.9700000286102295, "gamma_obs_pre": 0.11999999731779099, "eta_obs": 1.0, "costs": [1.0, 1.0], "lbd": 300.0, "thresh": 0.5, "r_type": "individualized", "t_type": "improvement", "eta_obs_individualized": 1.0, "eta_obs_refits_batch0_mean": 0.9819999933242798, "model_score": 0.718, "model_f1": 0.7605633802816901, "model_refits_batch0_scores": [0.796, 0.788, 0.812, 0.74, 0.776], "model_refits_batch0_f1s": [0.7943548387096774, 0.7845528455284553, 0.8016877637130803, 0.75, 0.7575757575757576], "model_coef": NaN}