{"accuracy_pre": 1.0, "accuracy_post": 0.9, "recourse_seeking_ixs": [1531, 1319, 1179, 1139, 1743, 1346, 1741, 1879, 1333, 1900, 1231, 1415, 1853, 1818, 1239, 1268, 1074, 1945, 1966, 1012, 1479, 1796, 1863, 1331, 1546, 1906, 1398, 1282, 1295, 1894, 1738, 1904, 1235, 1903, 1147, 1049, 1554, 1642, 1214, 1010, 1495, 1154, 1578, 1482, 1011, 1391, 1422, 1089, 1590, 1829, 1288, 1305, 1025, 1470, 1533, 1098, 1306, 1960, 1109, 1539, 1190, 1572, 1072, 1983, 1289, 1926, 1896, 1768, 1361, 1008, 1051, 1911, 1385, 1283, 1278, 1839, 1437, 1106, 1937, 1507, 1513, 1286, 1238, 1688, 1492, 1042, 1296, 1428, 1977, 1204, 1880, 1560, 1693, 1652, 1382, 1606, 1220, 1717, 1607, 1828], "recourse_recommended_ixs": [1531, 1319, 1179, 1139, 1743, 1346, 1741, 1879, 1333, 1900, 1231, 1415, 1853, 1818, 1239, 1268, 1074, 1945, 1966, 1012, 1479, 1796, 1863, 1331, 1546, 1906, 1398, 1282, 1295, 1894, 1738, 1904, 1235, 1903, 1147, 1049, 1554, 1642, 1214, 1010, 1495, 1154, 1578, 1482, 1011, 1391, 1422, 1089, 1590, 1829, 1288, 1305, 1025, 1470, 1533, 1098, 1306, 1960, 1109, 1539, 1190, 1572, 1072, 1983, 1289, 1926, 1896, 1768, 1361, 1008, 1051, 1911, 1385, 1283, 1278, 1839, 1437, 1106, 1937, 1507, 1513, 1286, 1238, 1688, 1492, 1042, 1296, 1428, 1977, 1204, 1880, 1560, 1693, 1652, 1382, 1606, 1220, 1717, 1607, 1828], "perc_recomm_found": 1.0, "gamma": 0.75, "eta": 0.75, "gamma_obs": 0.9700000286102295, "gamma_obs_pre": 0.0, "eta_obs": 0.93, "costs": [1.0, 1.0, 1.0], "lbd": 150.0, "thresh": 0.5, "r_type": "subpopulation", "t_type": "acceptance", "eta_obs_individualized": NaN, "eta_obs_refits_batch0_mean": 0.9140000343322754, "model_score": 0.797, "model_f1": 1.0, "model_refits_batch0_scores": [1.0, 1.0, 0.999, 0.997, 1.0], "model_refits_batch0_f1s": [1.0, 1.0, 0.9989929506545822, 0.9969909729187563, 1.0], "model_coef": NaN}