{"accuracy_pre": 0.9, "accuracy_post": 0.63, "recourse_seeking_ixs": [726, 800, 569, 656, 725, 643, 748, 651, 815, 985, 962, 869, 821, 820, 892, 774, 886, 761, 964, 513, 923, 794, 687, 749, 505, 539, 847, 961, 526, 988, 610, 581, 707, 677, 739, 627, 830, 855, 931, 772, 795, 583, 718, 534, 722, 530, 659, 512, 944, 938, 628, 817, 713, 696, 729, 565, 868, 826, 824, 850, 960, 976, 952, 875, 982, 930, 792, 532, 686, 943, 655, 504, 723, 623, 734, 605, 633, 549, 697, 690, 975, 574, 528, 503, 776, 546, 562, 949, 621, 611, 871, 753, 536, 870, 898, 609, 907, 664, 604, 822], "recourse_recommended_ixs": [726, 800, 569, 656, 725, 643, 748, 651, 815, 985, 962, 869, 821, 820, 892, 774, 886, 761, 964, 513, 923, 794, 687, 749, 505, 539, 847, 961, 526, 988, 610, 581, 707, 677, 739, 627, 830, 855, 931, 772, 795, 583, 718, 534, 722, 530, 659, 512, 944, 938, 628, 817, 713, 696, 729, 565, 868, 826, 824, 850, 960, 976, 952, 875, 982, 930, 792, 532, 686, 943, 655, 504, 723, 623, 734, 605, 633, 549, 697, 690, 975, 574, 528, 503, 776, 546, 562, 949, 621, 611, 871, 753, 536, 870, 898, 609, 907, 664, 604, 822], "perc_recomm_found": 1.0, "gamma": 0.75, "eta": 0.75, "gamma_obs": 0.4300000071525574, "gamma_obs_pre": 0.10000000149011612, "eta_obs": 0.95, "costs": [1.0, 1.0, 1.0], "lbd": 300.0, "thresh": 0.5, "r_type": "subpopulation", "t_type": "acceptance", "eta_obs_individualized": NaN, "eta_obs_refits_batch0_mean": 0.5659999847412109, "model_score": 0.884, "model_f1": 0.8806584362139918, "model_refits_batch0_scores": [0.89, 0.896, 0.876, 0.878, 0.874], "model_refits_batch0_f1s": [0.8842105263157893, 0.8884120171673819, 0.869198312236287, 0.8742268041237113, 0.8711656441717791], "model_coef": NaN}