{"accuracy_pre": 0.99, "accuracy_post": 0.85, "recourse_seeking_ixs": [1322, 1049, 1842, 1629, 1020, 1579, 1904, 1470, 1452, 1568, 1394, 1267, 1204, 1190, 1533, 1768, 1936, 1894, 1036, 1750, 1742, 1289, 1513, 1975, 1507, 1851, 1299, 1560, 1559, 1368, 1193, 1911, 1874, 1157, 1717, 1109, 1829, 1977, 1170, 1276, 1762, 1253, 1385, 1460, 1747, 1731, 1219, 1091, 1607, 1357, 1554, 1316, 1382, 1236, 1695, 1529, 1708, 1293, 1428, 1671, 1239, 1818, 1313, 1147, 1298, 1593, 1495, 1642, 1072, 1528, 1457, 1332, 1889, 1918, 1099, 1305, 1256, 1422, 1304, 1802, 1659, 1165, 1235, 1474, 1093, 1158, 1883, 1283, 1803, 1306, 1983, 1772, 1542, 1714, 1057, 1847, 1494, 1012, 1662, 1486], "recourse_recommended_ixs": [1322, 1049, 1842, 1629, 1020, 1579, 1904, 1470, 1452, 1568, 1394, 1267, 1204, 1190, 1533, 1768, 1936, 1894, 1036, 1750, 1742, 1289, 1513, 1975, 1507, 1851, 1299, 1560, 1559, 1368, 1193, 1911, 1874, 1157, 1717, 1109, 1829, 1977, 1170, 1276, 1762, 1253, 1385, 1460, 1747, 1731, 1219, 1091, 1607, 1357, 1554, 1316, 1382, 1236, 1695, 1529, 1708, 1293, 1428, 1671, 1239, 1818, 1313, 1147, 1298, 1593, 1495, 1642, 1072, 1528, 1457, 1332, 1889, 1918, 1099, 1305, 1256, 1422, 1304, 1802, 1659, 1165, 1235, 1474, 1093, 1158, 1883, 1283, 1803, 1306, 1983, 1772, 1542, 1714, 1057, 1847, 1494, 1012, 1662, 1486], "perc_recomm_found": 1.0, "gamma": 0.75, "eta": 0.75, "gamma_obs": 1.0, "gamma_obs_pre": 0.0, "eta_obs": 0.83, "costs": [1.0, 1.0], "lbd": 150.0, "thresh": 0.5, "r_type": "individualized", "t_type": "improvement", "eta_obs_individualized": 0.29, "eta_obs_refits_batch0_mean": 0.8420000076293945, "model_score": 0.771, "model_f1": 0.9978586723768736, "model_refits_batch0_scores": [0.998, 0.998, 0.998, 0.998, 0.998], "model_refits_batch0_f1s": [0.9979879275653923, 0.9979879275653923, 0.9979879275653923, 0.9979879275653923, 0.9979879275653923], "model_coef": NaN}