{"accuracy_pre": 0.9, "accuracy_post": 0.32, "recourse_seeking_ixs": [291, 426, 307, 277, 379, 358, 335, 286, 253, 354, 345, 382, 360, 448, 436, 408, 376, 333, 444, 301, 415, 352, 482, 455, 435, 356, 284, 273, 366, 498, 327, 407, 361, 410, 266, 434, 295, 459, 365, 338, 470, 483, 347, 395, 370, 386, 385, 271, 290, 369, 351, 256, 401, 419, 474, 467, 458, 390, 384, 453, 328, 424, 294, 468, 469, 373, 425, 463, 315, 377, 330, 433, 313, 409, 342, 346, 392, 430, 454, 466, 308, 464, 269, 258, 270, 479, 446, 461, 340, 442, 404, 414, 281, 341, 462, 368, 280, 272, 406, 254], "recourse_recommended_ixs": [291, 426, 307, 277, 379, 358, 335, 286, 253, 354, 345, 382, 360, 448, 436, 408, 376, 333, 444, 301, 415, 352, 482, 455, 435, 356, 284, 273, 366, 498, 327, 407, 361, 410, 266, 434, 295, 459, 365, 338, 470, 483, 347, 395, 370, 386, 385, 271, 290, 369, 351, 256, 401, 419, 474, 467, 458, 390, 384, 453, 328, 424, 294, 468, 469, 373, 425, 463, 315, 377, 330, 433, 313, 409, 342, 346, 392, 430, 454, 466, 308, 464, 269, 258, 270, 479, 446, 461, 340, 442, 404, 414, 281, 341, 462, 368, 280, 272, 406, 254], "perc_recomm_found": 1.0, "gamma": 0.75, "eta": 0.75, "gamma_obs": 0.3199999928474426, "gamma_obs_pre": 0.10000000149011612, "eta_obs": 1.0, "costs": [1.0, 1.0, 1.0], "lbd": 100.0, "thresh": 0.5, "r_type": "individualized", "t_type": "acceptance", "eta_obs_individualized": NaN, "eta_obs_refits_batch0_mean": 0.5339999794960022, "model_score": 0.824, "model_f1": 0.8370370370370371, "model_refits_batch0_scores": [0.824, 0.816, 0.812, 0.812, 0.812], "model_refits_batch0_f1s": [0.8370370370370371, 0.8308823529411764, 0.8199233716475095, 0.8212927756653993, 0.8171206225680934], "model_coef": [[0.4686956329121448, 0.3009492700343433, 0.7838336038431756], [-0.4018181489572338]]}