{"accuracy_pre": 1.0, "accuracy_post": 0.92, "recourse_seeking_ixs": [1746, 1255, 1202, 1649, 1882, 1683, 1495, 1165, 1659, 1303, 1386, 1288, 1448, 1415, 1993, 1708, 1156, 1313, 1422, 1182, 1842, 1204, 1608, 1980, 1351, 1014, 1089, 1094, 1336, 1623, 1681, 1538, 1933, 1529, 1531, 1704, 1074, 1144, 1015, 1356, 1848, 1093, 1676, 1220, 1976, 1166, 1615, 1459, 1840, 1642, 1903, 1859, 1049, 1337, 1131, 1319, 1820, 1567, 1680, 1626, 1744, 1593, 1460, 1629, 1219, 1059, 1031, 1654, 1079, 1384, 1332, 1434, 1428, 1776, 1145, 1276, 1139, 1884, 1405, 1689, 1030, 1928, 1286, 1956, 1259, 1488, 1905, 1479, 1491, 1036, 1964, 1570, 1245, 1853, 1244, 1731, 1528, 1772, 1590, 1250], "recourse_recommended_ixs": [1746, 1255, 1202, 1649, 1882, 1683, 1495, 1165, 1659, 1303, 1386, 1288, 1448, 1415, 1993, 1708, 1156, 1313, 1422, 1182, 1842, 1204, 1608, 1980, 1351, 1014, 1089, 1094, 1336, 1623, 1681, 1538, 1933, 1529, 1531, 1704, 1074, 1144, 1015, 1356, 1848, 1093, 1676, 1220, 1976, 1166, 1615, 1459, 1840, 1642, 1903, 1859, 1049, 1337, 1131, 1319, 1820, 1567, 1680, 1626, 1744, 1593, 1460, 1629, 1219, 1059, 1031, 1654, 1079, 1384, 1332, 1434, 1428, 1776, 1145, 1276, 1139, 1884, 1405, 1689, 1030, 1928, 1286, 1956, 1259, 1488, 1905, 1479, 1491, 1036, 1964, 1570, 1245, 1853, 1244, 1731, 1528, 1772, 1590, 1250], "perc_recomm_found": 1.0, "gamma": 0.75, "eta": 0.75, "gamma_obs": 1.0, "gamma_obs_pre": 0.0, "eta_obs": 0.92, "costs": [1.0, 1.0, 1.0], "lbd": 150.0, "thresh": 0.5, "r_type": "subpopulation", "t_type": "acceptance", "eta_obs_individualized": NaN, "eta_obs_refits_batch0_mean": 0.8879998922348022, "model_score": 0.979, "model_f1": 0.9989417989417989, "model_refits_batch0_scores": [0.999, 0.995, 0.999, 0.997, 1.0], "model_refits_batch0_f1s": [0.9989929506545822, 0.9949443882709809, 0.9989929506545822, 0.9969727547931382, 1.0], "model_coef": NaN}