{"accuracy_pre": 1.0, "accuracy_post": 0.49, "recourse_seeking_ixs": [1569, 1823, 1886, 1486, 1839, 1150, 1593, 1896, 1332, 1383, 1735, 1454, 1830, 1841, 1101, 1312, 1987, 1871, 1978, 1624, 1274, 1840, 1234, 1013, 1237, 1503, 1505, 1077, 1680, 1366, 1675, 1182, 1119, 1213, 1988, 1873, 1726, 1861, 1391, 1431, 1385, 1940, 1462, 1831, 1263, 1212, 1696, 1504, 1977, 1087, 1941, 1221, 1788, 1535, 1627, 1954, 1629, 1372, 1757, 1585, 1668, 1679, 1067, 1179, 1159, 1103, 1942, 1088, 1529, 1112, 1302, 1567, 1347, 1795, 1801, 1369, 1012, 1016, 1633, 1826, 1938, 1648, 1382, 1537, 1276, 1133, 1565, 1459, 1145, 1293, 1998, 1364, 1603, 1452, 1606, 1519, 1348, 1914, 1224, 1898], "recourse_recommended_ixs": [1569, 1823, 1886, 1486, 1839, 1150, 1593, 1896, 1332, 1383, 1735, 1454, 1830, 1841, 1101, 1312, 1987, 1871, 1978, 1624, 1274, 1840, 1234, 1013, 1237, 1503, 1505, 1077, 1680, 1366, 1675, 1182, 1119, 1213, 1988, 1873, 1726, 1861, 1391, 1431, 1385, 1940, 1462, 1831, 1263, 1212, 1696, 1504, 1977, 1087, 1941, 1221, 1788, 1535, 1627, 1954, 1629, 1372, 1757, 1585, 1668, 1679, 1067, 1179, 1159, 1103, 1942, 1088, 1529, 1112, 1302, 1567, 1347, 1795, 1801, 1369, 1012, 1016, 1633, 1826, 1938, 1648, 1382, 1537, 1276, 1133, 1565, 1459, 1145, 1293, 1998, 1364, 1603, 1452, 1606, 1519, 1348, 1914, 1224, 1898], "perc_recomm_found": 1.0, "gamma": 0.75, "eta": 0.75, "gamma_obs": 0.5199999809265137, "gamma_obs_pre": 0.0, "eta_obs": 0.91, "costs": [1.0, 1.0, 1.0], "lbd": 150.0, "thresh": 0.5, "r_type": "subpopulation", "t_type": "acceptance", "eta_obs_individualized": NaN, "eta_obs_refits_batch0_mean": 0.9140000343322754, "model_score": 0.995, "model_f1": 1.0, "model_refits_batch0_scores": [0.999, 0.996, 0.996, 0.996, 0.996], "model_refits_batch0_f1s": [0.9990009990009989, 0.9959919839679359, 0.9959919839679359, 0.9959919839679359, 0.9959919839679359], "model_coef": NaN}