{"accuracy_pre": 0.08, "accuracy_post": 1.0, "recourse_seeking_ixs": [1743, 1255, 1202, 1645, 1906, 1684, 1495, 1165, 1592, 1303, 1386, 1288, 1448, 1415, 1896, 1706, 1156, 1313, 1422, 1182, 1840, 1204, 1904, 1980, 1351, 1014, 1089, 1094, 1336, 1615, 1680, 1538, 1933, 1529, 1531, 1701, 1074, 1144, 1015, 1356, 1802, 1093, 1734, 1220, 1976, 1166, 1612, 1459, 1839, 1634, 1601, 1858, 1049, 1337, 1131, 1319, 1847, 1731, 1965, 1623, 1863, 1590, 1460, 1627, 1219, 1059, 1031, 1720, 1079, 1384, 1332, 1434, 1428, 1768, 1145, 1276, 1139, 1889, 1405, 1688, 1030, 1928, 1286, 1764, 1259, 1488, 1805, 1479, 1491, 1036, 1890, 1568, 1245, 1851, 1244, 1695, 1528, 1659, 1588, 1250], "recourse_recommended_ixs": [1743, 1255, 1202, 1645, 1906, 1684, 1495, 1165, 1592, 1303, 1386, 1288, 1448, 1415, 1896, 1706, 1156, 1313, 1422, 1182, 1840, 1204, 1904, 1980, 1351, 1014, 1089, 1094, 1336, 1615, 1680, 1538, 1933, 1529, 1531, 1701, 1074, 1144, 1015, 1356, 1802, 1093, 1734, 1220, 1976, 1166, 1612, 1459, 1839, 1634, 1601, 1858, 1049, 1337, 1131, 1319, 1847, 1731, 1965, 1623, 1863, 1590, 1460, 1627, 1219, 1059, 1031, 1720, 1079, 1384, 1332, 1434, 1428, 1768, 1145, 1276, 1139, 1889, 1405, 1688, 1030, 1928, 1286, 1764, 1259, 1488, 1805, 1479, 1491, 1036, 1890, 1568, 1245, 1851, 1244, 1695, 1528, 1659, 1588, 1250], "perc_recomm_found": 1.0, "gamma": 0.95, "eta": 0.95, "gamma_obs": 1.0, "gamma_obs_pre": 0.9200000166893005, "eta_obs": 1.0, "costs": [1.0, 1.0, 1.0], "lbd": 150.0, "thresh": 0.5, "r_type": "individualized", "t_type": "acceptance", "eta_obs_individualized": NaN, "eta_obs_refits_batch0_mean": 0.972000002861023, "model_score": 0.04, "model_f1": 0.9989189189189189, "model_refits_batch0_scores": [0.999, 0.999, 0.997, 0.998, 0.998], "model_refits_batch0_f1s": [0.9989929506545822, 0.9989929506545822, 0.9969727547931382, 0.9979879275653923, 0.9979838709677419], "model_coef": NaN}