{"accuracy_pre": 0.98, "accuracy_post": 0.98, "recourse_seeking_ixs": [1331, 1161, 1282, 1281, 1431, 1898, 1597, 1840, 1831, 1295, 1457, 1977, 1652, 1806, 1986, 1277, 1658, 1366, 1014, 1639, 1819, 1446, 1308, 1532, 1312, 1708, 1861, 1606, 1995, 1568, 1236, 1397, 1650, 1687, 1400, 1118, 1528, 1938, 1484, 1793, 1245, 1985, 1860, 1088, 1879, 1624, 1096, 1598, 1674, 1523, 1146, 1476, 1940, 1346, 1786, 1206, 1373, 1316, 1883, 1149, 1858, 1740, 1203, 1057, 1991, 1679, 1288, 1591, 1814, 1199, 1557, 1427, 1821, 1593, 1195, 1133, 1892, 1635, 1210, 1585, 1835, 1618, 1119, 1216, 1993, 1481, 1859, 1470, 1284, 1231, 1696, 1587, 1128, 1817, 1536, 1485, 1641, 1657, 1784, 1256], "recourse_recommended_ixs": [1331, 1161, 1282, 1281, 1431, 1898, 1597, 1840, 1831, 1295, 1457, 1977, 1652, 1806, 1986, 1277, 1658, 1366, 1014, 1639, 1819, 1446, 1308, 1532, 1312, 1708, 1861, 1606, 1995, 1568, 1236, 1397, 1650, 1687, 1400, 1118, 1528, 1938, 1484, 1793, 1245, 1985, 1860, 1088, 1879, 1624, 1096, 1598, 1674, 1523, 1146, 1476, 1940, 1346, 1786, 1206, 1373, 1316, 1883, 1149, 1858, 1740, 1203, 1057, 1991, 1679, 1288, 1591, 1814, 1199, 1557, 1427, 1821, 1593, 1195, 1133, 1892, 1635, 1210, 1585, 1835, 1618, 1119, 1216, 1993, 1481, 1859, 1470, 1284, 1231, 1696, 1587, 1128, 1817, 1536, 1485, 1641, 1657, 1784, 1256], "perc_recomm_found": 1.0, "gamma": 0.95, "eta": 0.95, "gamma_obs": 1.0, "gamma_obs_pre": 0.019999999552965164, "eta_obs": 0.98, "costs": [1.0, 1.0], "lbd": 150.0, "thresh": 0.5, "r_type": "subpopulation", "t_type": "improvement", "eta_obs_individualized": NaN, "eta_obs_refits_batch0_mean": 0.9800000190734863, "model_score": 0.997, "model_f1": 0.9970149253731343, "model_refits_batch0_scores": [0.998, 0.998, 0.999, 0.998, 0.998], "model_refits_batch0_f1s": [0.99800796812749, 0.99800796812749, 0.9990069513406157, 0.99800796812749, 0.99800796812749], "model_coef": NaN}