{"accuracy_pre": 0.84, "accuracy_post": 0.78, "recourse_seeking_ixs": [318, 390, 494, 256, 411, 263, 372, 250, 384, 465, 371, 296, 362, 491, 252, 347, 464, 343, 381, 461, 261, 345, 266, 254, 395, 462, 438, 336, 440, 446, 398, 456, 369, 399, 290, 360, 341, 344, 430, 470, 429, 442, 380, 299, 294, 437, 392, 459, 413, 486, 480, 354, 436, 277, 444, 414, 349, 457, 422, 306, 385, 497, 450, 402, 269, 320, 307, 421, 285, 283, 474, 297, 433, 396, 363, 316, 332, 348, 484, 268, 428, 333, 358, 397, 425, 481, 487, 302, 276, 324, 452, 368, 458, 435, 370, 287, 366, 460, 301, 356], "recourse_recommended_ixs": [318, 390, 494, 256, 411, 263, 372, 250, 384, 465, 371, 296, 362, 491, 252, 347, 464, 343, 381, 461, 261, 345, 266, 254, 395, 462, 438, 336, 440, 446, 398, 456, 369, 399, 290, 360, 341, 344, 430, 470, 429, 442, 380, 299, 294, 437, 392, 459, 413, 486, 480, 354, 436, 277, 444, 414, 349, 457, 422, 306, 385, 497, 450, 402, 269, 320, 307, 421, 285, 283, 474, 297, 433, 396, 363, 316, 332, 348, 484, 268, 428, 333, 358, 397, 425, 481, 487, 302, 276, 324, 452, 368, 458, 435, 370, 287, 366, 460, 301, 356], "perc_recomm_found": 1.0, "gamma": 0.75, "eta": 0.75, "gamma_obs": 0.7799999713897705, "gamma_obs_pre": 0.1599999964237213, "eta_obs": 0.98, "costs": [1.0, 1.0], "lbd": 100.0, "thresh": 0.5, "r_type": "individualized", "t_type": "improvement", "eta_obs_individualized": 0.76, "eta_obs_refits_batch0_mean": 0.9180000424385071, "model_score": 0.844, "model_f1": 0.8602150537634409, "model_refits_batch0_scores": [0.82, 0.836, 0.82, 0.832, 0.808], "model_refits_batch0_f1s": [0.8314606741573034, 0.859106529209622, 0.8314606741573034, 0.8521126760563381, 0.8195488721804511], "model_coef": [[0.3649762780376191, -0.16135842680610266, 1.1404697713857248], [-0.3137067525883348]]}