{"accuracy_pre": 0.92, "accuracy_post": 0.16, "recourse_seeking_ixs": [782, 567, 670, 822, 625, 756, 592, 742, 571, 907, 784, 694, 718, 840, 590, 575, 889, 710, 578, 965, 613, 594, 580, 645, 901, 973, 972, 568, 748, 911, 986, 910, 979, 554, 827, 828, 714, 619, 890, 574, 807, 706, 534, 633, 836, 961, 858, 799, 803, 854, 870, 952, 918, 768, 723, 712, 520, 615, 998, 893, 511, 982, 995, 522, 648, 988, 897, 990, 583, 915, 732, 846, 814, 950, 987, 747, 842, 681, 593, 985, 891, 576, 946, 559, 662, 587, 744, 899, 556, 773, 930, 693, 671, 676, 922, 866, 628, 586, 642, 736], "recourse_recommended_ixs": [782, 567, 670, 822, 625, 756, 592, 742, 571, 907, 784, 694, 718, 840, 590, 575, 889, 710, 578, 965, 613, 594, 580, 645, 901, 973, 972, 568, 748, 911, 986, 910, 979, 554, 827, 828, 714, 619, 890, 574, 807, 706, 534, 633, 836, 961, 858, 799, 803, 854, 870, 952, 918, 768, 723, 712, 520, 615, 998, 893, 511, 982, 995, 522, 648, 988, 897, 990, 583, 915, 732, 846, 814, 950, 987, 747, 842, 681, 593, 985, 891, 576, 946, 559, 662, 587, 744, 899, 556, 773, 930, 693, 671, 676, 922, 866, 628, 586, 642, 736], "perc_recomm_found": 1.0, "gamma": 0.95, "eta": 0.95, "gamma_obs": 0.12999999523162842, "gamma_obs_pre": 0.07999999821186066, "eta_obs": 0.95, "costs": [1.0, 1.0, 1.0], "lbd": 300.0, "thresh": 0.5, "r_type": "subpopulation", "t_type": "counterfactual", "eta_obs_individualized": NaN, "eta_obs_refits_batch0_mean": 0.46399998664855957, "model_score": 0.806, "model_f1": 0.8209255533199196, "model_refits_batch0_scores": [0.824, 0.822, 0.818, 0.804, 0.816], "model_refits_batch0_f1s": [0.8189300411522634, 0.8179959100204499, 0.8115942028985509, 0.7983539094650206, 0.8], "model_coef": [[-0.15516047170550962, 0.3887020845851001, 0.7972309199062461], [-0.34300633791006724]]}