{"accuracy_pre": 0.87, "accuracy_post": 0.29, "recourse_seeking_ixs": [314, 465, 338, 354, 360, 310, 351, 368, 277, 341, 289, 385, 388, 283, 495, 422, 407, 442, 445, 426, 474, 487, 328, 265, 280, 364, 306, 320, 429, 491, 281, 440, 462, 362, 386, 268, 458, 326, 293, 261, 411, 282, 335, 255, 378, 359, 396, 284, 484, 349, 309, 356, 267, 253, 342, 389, 258, 478, 313, 438, 403, 433, 425, 420, 391, 303, 481, 452, 479, 395, 475, 336, 295, 300, 437, 365, 318, 276, 361, 292, 467, 473, 408, 499, 291, 469, 418, 269, 497, 430, 250, 331, 263, 436, 454, 299, 472, 290, 390, 496], "recourse_recommended_ixs": [314, 465, 338, 354, 360, 310, 351, 368, 277, 341, 289, 385, 388, 283, 495, 422, 407, 442, 445, 426, 474, 487, 328, 265, 280, 364, 306, 320, 429, 491, 281, 440, 462, 362, 386, 268, 458, 326, 293, 261, 411, 282, 335, 255, 378, 359, 396, 284, 484, 349, 309, 356, 267, 253, 342, 389, 258, 478, 313, 438, 403, 433, 425, 420, 391, 303, 481, 452, 479, 395, 475, 336, 295, 300, 437, 365, 318, 276, 361, 292, 467, 473, 408, 499, 291, 469, 418, 269, 497, 430, 250, 331, 263, 436, 454, 299, 472, 290, 390, 496], "perc_recomm_found": 1.0, "gamma": 0.75, "eta": 0.75, "gamma_obs": 0.28999999165534973, "gamma_obs_pre": 0.12999999523162842, "eta_obs": 1.0, "costs": [1.0, 1.0, 1.0], "lbd": 100.0, "thresh": 0.5, "r_type": "individualized", "t_type": "counterfactual", "eta_obs_individualized": NaN, "eta_obs_refits_batch0_mean": 0.5900000333786011, "model_score": 0.816, "model_f1": 0.7909090909090909, "model_refits_batch0_scores": [0.82, 0.824, 0.82, 0.824, 0.808], "model_refits_batch0_f1s": [0.8034934497816594, 0.7924528301886793, 0.7945205479452055, 0.794392523364486, 0.7777777777777778], "model_coef": NaN}