{"accuracy_pre": 0.84, "accuracy_post": 0.22, "recourse_seeking_ixs": [900, 623, 944, 526, 919, 993, 802, 715, 500, 710, 771, 646, 565, 795, 914, 838, 901, 502, 782, 954, 563, 703, 818, 669, 515, 649, 558, 924, 529, 603, 781, 604, 815, 937, 943, 654, 635, 979, 794, 750, 986, 725, 658, 862, 812, 581, 638, 897, 696, 662, 950, 983, 714, 806, 829, 967, 737, 508, 882, 721, 568, 560, 764, 595, 893, 996, 850, 891, 532, 813, 926, 845, 504, 753, 684, 509, 583, 634, 762, 732, 920, 697, 797, 755, 856, 963, 685, 959, 620, 865, 834, 734, 553, 798, 746, 763, 683, 624, 645, 627], "recourse_recommended_ixs": [900, 623, 944, 526, 919, 993, 802, 715, 500, 710, 771, 646, 565, 795, 914, 838, 901, 502, 782, 954, 563, 703, 818, 669, 515, 649, 558, 924, 529, 603, 781, 604, 815, 937, 943, 654, 635, 979, 794, 750, 986, 725, 658, 862, 812, 581, 638, 897, 696, 662, 950, 983, 714, 806, 829, 967, 737, 508, 882, 721, 568, 560, 764, 595, 893, 996, 850, 891, 532, 813, 926, 845, 504, 753, 684, 509, 583, 634, 762, 732, 920, 697, 797, 755, 856, 963, 685, 959, 620, 865, 834, 734, 553, 798, 746, 763, 683, 624, 645, 627], "perc_recomm_found": 1.0, "gamma": 0.95, "eta": 0.95, "gamma_obs": 0.2199999988079071, "gamma_obs_pre": 0.1599999964237213, "eta_obs": 1.0, "costs": [1.0, 1.0, 1.0], "lbd": 300.0, "thresh": 0.5, "r_type": "individualized", "t_type": "acceptance", "eta_obs_individualized": NaN, "eta_obs_refits_batch0_mean": 0.43400001525878906, "model_score": 0.826, "model_f1": 0.8725099601593626, "model_refits_batch0_scores": [0.796, 0.788, 0.812, 0.74, 0.776], "model_refits_batch0_f1s": [0.7943548387096774, 0.7845528455284553, 0.8016877637130803, 0.75, 0.7575757575757576], "model_coef": NaN}