{"accuracy_pre": 0.98, "accuracy_post": 0.02, "recourse_seeking_ixs": [392, 226, 272, 399, 368, 313, 354, 268, 242, 250, 377, 306, 281, 254, 317, 237, 397, 249, 275, 294, 351, 217, 332, 231, 297, 262, 282, 345, 214, 266, 366, 300, 389, 307, 371, 221, 357, 248, 382, 286, 239, 238, 223, 344, 218, 253, 241, 346, 234, 394], "recourse_recommended_ixs": [392, 226, 272, 399, 368, 313, 354, 268, 242, 250, 377, 306, 281, 254, 317, 237, 397, 249, 275, 294, 351, 217, 332, 231, 297, 262, 282, 345, 214, 266, 366, 300, 389, 307, 371, 221, 357, 248, 382, 286, 239, 238, 223, 344, 218, 253, 241, 346, 234, 394], "perc_recomm_found": 1.0, "gamma": 0.75, "eta": 0.75, "gamma_obs": 0.02, "gamma_obs_pre": 0.02, "eta_obs": 1.0, "costs": [5.0, 5.0, 0.0001, 0.01, 0.1], "lbd": 300.0, "thresh": 0.5, "r_type": "individualized", "t_type": "counterfactual", "eta_obs_individualized": NaN, "eta_obs_refits_batch0_mean": 0.9559999999999998, "model_score": 0.99, "model_f1": 0.9923664122137404, "model_refits_batch0_scores": [0.99, 0.995, 0.975, 0.945, 0.99], "model_refits_batch0_f1s": [0.9923664122137404, 0.9961977186311787, 0.9808429118773947, 0.9581749049429659, 0.9923664122137404], "model_coef": [[-0.4757321466379837, 0.6196026974685456, 0.006259128767234332, 0.2523618187508713, 0.9209356525717065], [-13.266759959537207]]}