{"accuracy_pre": 1.0, "accuracy_post": 0.22, "recourse_seeking_ixs": [1610, 1379, 1859, 1574, 1414, 1221, 1814, 1652, 1861, 1257, 1915, 1360, 1560, 1794, 1771, 1469, 1675, 1870, 1362, 1291, 1331, 1621, 1625, 1146, 1369, 1805, 1090, 1070, 1940, 1026, 1658, 1505, 1258, 1361, 1707, 1982, 1914, 1168, 1557, 1415, 1370, 1708, 1680, 1103, 1276, 1593, 1133, 1447, 1766, 1934, 1439, 1034, 1067, 1329, 1827, 1147, 1012, 1725, 1821, 1170, 1949, 1306, 1773, 1533, 1236, 1664, 1443, 1778, 1709, 1234, 1585, 1295, 1745, 1287, 1801, 1435, 1907, 1611, 1723, 1193, 1310, 1205, 1998, 1209, 1320, 1366, 1097, 1102, 1954, 1697, 1950, 1216, 1540, 1203, 1245, 1484, 1757, 1900, 1826, 1971], "recourse_recommended_ixs": [1610, 1379, 1859, 1574, 1414, 1221, 1814, 1652, 1861, 1257, 1915, 1360, 1560, 1794, 1771, 1469, 1675, 1870, 1362, 1291, 1331, 1621, 1625, 1146, 1369, 1805, 1090, 1070, 1940, 1026, 1658, 1505, 1258, 1361, 1707, 1982, 1914, 1168, 1557, 1415, 1370, 1708, 1680, 1103, 1276, 1593, 1133, 1447, 1766, 1934, 1439, 1034, 1067, 1329, 1827, 1147, 1012, 1725, 1821, 1170, 1949, 1306, 1773, 1533, 1236, 1664, 1443, 1778, 1709, 1234, 1585, 1295, 1745, 1287, 1801, 1435, 1907, 1611, 1723, 1193, 1310, 1205, 1998, 1209, 1320, 1366, 1097, 1102, 1954, 1697, 1950, 1216, 1540, 1203, 1245, 1484, 1757, 1900, 1826, 1971], "perc_recomm_found": 1.0, "gamma": 0.95, "eta": 0.95, "gamma_obs": 0.25, "gamma_obs_pre": 0.0, "eta_obs": 0.97, "costs": [1.0, 1.0, 1.0], "lbd": 150.0, "thresh": 0.5, "r_type": "individualized", "t_type": "counterfactual", "eta_obs_individualized": NaN, "eta_obs_refits_batch0_mean": 0.3959999978542328, "model_score": 0.868, "model_f1": 0.9990069513406157, "model_refits_batch0_scores": [0.998, 0.998, 0.998, 0.998, 0.998], "model_refits_batch0_f1s": [0.99800796812749, 0.99800796812749, 0.99800796812749, 0.99800796812749, 0.99800796812749], "model_coef": [[-1.4772435662888521, -1.846554638080656, 3.532578813399066], [-1.7375217910702037]]}