{"accuracy_pre": 0.68, "accuracy_post": 0.9, "recourse_seeking_ixs": [342, 238, 214, 252, 278, 288, 385, 257, 296, 201, 328, 285, 389, 388, 304, 323, 333, 325, 264, 228, 210, 338, 273, 283, 218, 375, 239, 330, 322, 327, 393, 345, 398, 305, 277, 243, 303, 395, 267, 205, 382, 320, 294, 372, 312, 308, 348, 384, 363, 284], "recourse_recommended_ixs": [342, 238, 214, 252, 278, 288, 385, 257, 296, 201, 328, 285, 389, 388, 304, 323, 333, 325, 264, 228, 210, 338, 273, 283, 218, 375, 239, 330, 322, 327, 393, 345, 398, 305, 277, 243, 303, 395, 267, 205, 382, 320, 294, 372, 312, 308, 348, 384, 363, 284], "perc_recomm_found": 1.0, "gamma": 0.9, "eta": 0.9, "gamma_obs": 0.8999999761581421, "gamma_obs_pre": 0.3199999928474426, "eta_obs": 1.0, "costs": [1.0, 1.0], "lbd": 300.0, "thresh": 0.5, "r_type": "individualized", "t_type": "improvement", "eta_obs_individualized": 0.92, "eta_obs_refits_batch0_mean": 0.9959999918937683, "model_score": 0.805, "model_f1": 0.8202764976958525, "model_refits_batch0_scores": [0.81, 0.81, 0.8, 0.795, 0.815], "model_refits_batch0_f1s": [0.8240740740740741, 0.8256880733944955, 0.8148148148148149, 0.807511737089202, 0.832579185520362], "model_coef": [[0.3904322519790784, -0.2577039203328694, 1.1462900901101083], [-0.6682115609993429]]}