{"accuracy_pre": 1.0, "accuracy_post": 0.0, "recourse_seeking_ixs": [262, 267, 276, 329, 209, 234, 357, 247, 398, 232, 370, 325, 368, 382, 252, 365, 263, 221, 248, 362, 245, 261, 321, 217, 279, 295, 328, 381, 241, 260, 302, 385, 326, 380, 297, 351, 249, 289, 342, 319, 399, 304, 315, 335, 272, 388, 390, 274, 338, 355], "recourse_recommended_ixs": [262, 267, 276, 329, 209, 234, 357, 247, 398, 232, 370, 325, 368, 382, 252, 365, 263, 221, 248, 362, 245, 261, 321, 217, 279, 295, 328, 381, 241, 260, 302, 385, 326, 380, 297, 351, 249, 289, 342, 319, 399, 304, 315, 335, 272, 388, 390, 274, 338, 355], "perc_recomm_found": 1.0, "gamma": 0.9, "eta": 0.9, "gamma_obs": 0.0, "gamma_obs_pre": 0.0, "eta_obs": 1.0, "costs": [5.0, 5.0, 0.0001, 0.01, 0.1], "lbd": 300.0, "thresh": 0.5, "r_type": "individualized", "t_type": "counterfactual", "eta_obs_individualized": NaN, "eta_obs_refits_batch0_mean": 0.8560000000000001, "model_score": 0.995, "model_f1": 0.9964664310954063, "model_refits_batch0_scores": [0.99, 0.99, 1.0, 0.99, 0.985], "model_refits_batch0_f1s": [0.9929078014184397, 0.9929078014184397, 1.0, 0.9929078014184397, 0.9893992932862191], "model_coef": [[-0.22838770457895688, 0.5617071882378231, 0.006979002345526681, 0.21053030234592862, 1.0482022451566788], [-13.853632549890277]]}