{"accuracy_pre": 0.81, "accuracy_post": 0.96, "recourse_seeking_ixs": [685, 503, 760, 945, 726, 924, 833, 696, 656, 592, 743, 547, 967, 649, 725, 968, 912, 604, 622, 926, 909, 588, 712, 890, 642, 563, 939, 921, 809, 619, 771, 859, 661, 697, 624, 654, 635, 632, 646, 782, 647, 897, 724, 670, 502, 683, 645, 529, 733, 899, 822, 617, 562, 581, 688, 937, 957, 587, 963, 558, 795, 869, 710, 845, 815, 891, 594, 501, 623, 987, 908, 999, 662, 817, 901, 746, 791, 568, 778, 505, 850, 880, 964, 835, 513, 893, 586, 755, 658, 717, 566, 639, 631, 983, 978, 913, 509, 920, 793, 557], "recourse_recommended_ixs": [685, 503, 760, 945, 726, 924, 833, 696, 656, 592, 743, 547, 967, 649, 725, 968, 912, 604, 622, 926, 909, 588, 712, 890, 642, 563, 939, 921, 809, 619, 771, 859, 661, 697, 624, 654, 635, 632, 646, 782, 647, 897, 724, 670, 502, 683, 645, 529, 733, 899, 822, 617, 562, 581, 688, 937, 957, 587, 963, 558, 795, 869, 710, 845, 815, 891, 594, 501, 623, 987, 908, 999, 662, 817, 901, 746, 791, 568, 778, 505, 850, 880, 964, 835, 513, 893, 586, 755, 658, 717, 566, 639, 631, 983, 978, 913, 509, 920, 793, 557], "perc_recomm_found": 1.0, "gamma": 0.95, "eta": 0.95, "gamma_obs": 0.9599999785423279, "gamma_obs_pre": 0.1899999976158142, "eta_obs": 1.0, "costs": [1.0, 1.0], "lbd": 300.0, "thresh": 0.5, "r_type": "individualized", "t_type": "improvement", "eta_obs_individualized": 0.98, "eta_obs_refits_batch0_mean": 0.9959999918937683, "model_score": 0.816, "model_f1": 0.8542510121457491, "model_refits_batch0_scores": [0.814, 0.808, 0.822, 0.758, 0.796], "model_refits_batch0_f1s": [0.8074534161490684, 0.8064516129032259, 0.8126315789473685, 0.7575150300601203, 0.782051282051282], "model_coef": NaN}