{"accuracy_pre": 0.86, "accuracy_post": 0.79, "recourse_seeking_ixs": [599, 516, 501, 743, 536, 719, 559, 590, 969, 560, 552, 954, 813, 920, 692, 693, 581, 688, 672, 576, 509, 870, 705, 991, 587, 831, 622, 765, 978, 651, 880, 711, 585, 890, 861, 682, 601, 615, 644, 668, 822, 981, 506, 985, 740, 998, 887, 806, 793, 529, 700, 632, 975, 678, 636, 903, 621, 982, 699, 707, 993, 775, 935, 941, 897, 789, 505, 522, 830, 872, 972, 840, 888, 728, 929, 642, 666, 663, 753, 709, 727, 652, 776, 754, 889, 757, 960, 657, 807, 883, 745, 614, 687, 731, 913, 726, 605, 549, 554, 881], "recourse_recommended_ixs": [599, 516, 501, 743, 536, 719, 559, 590, 969, 560, 552, 954, 813, 920, 692, 693, 581, 688, 672, 576, 509, 870, 705, 991, 587, 831, 622, 765, 978, 651, 880, 711, 585, 890, 861, 682, 601, 615, 644, 668, 822, 981, 506, 985, 740, 998, 887, 806, 793, 529, 700, 632, 975, 678, 636, 903, 621, 982, 699, 707, 993, 775, 935, 941, 897, 789, 505, 522, 830, 872, 972, 840, 888, 728, 929, 642, 666, 663, 753, 709, 727, 652, 776, 754, 889, 757, 960, 657, 807, 883, 745, 614, 687, 731, 913, 726, 605, 549, 554, 881], "perc_recomm_found": 1.0, "gamma": 0.75, "eta": 0.75, "gamma_obs": 0.7699999809265137, "gamma_obs_pre": 0.14000000059604645, "eta_obs": 0.8, "costs": [1.0, 1.0], "lbd": 300.0, "thresh": 0.5, "r_type": "subpopulation", "t_type": "improvement", "eta_obs_individualized": NaN, "eta_obs_refits_batch0_mean": 0.7859999537467957, "model_score": 0.78, "model_f1": 0.7923076923076924, "model_refits_batch0_scores": [0.822, 0.82, 0.814, 0.828, 0.83], "model_refits_batch0_f1s": [0.8202020202020203, 0.8170731707317074, 0.8128772635814889, 0.822314049586777, 0.8261758691206543], "model_coef": [[0.4193815735163298, -0.17430836989550566, 0.8740051248645054], [-0.5287631658814632]]}