{"accuracy_pre": 0.91, "accuracy_post": 0.34, "recourse_seeking_ixs": [687, 983, 657, 902, 865, 620, 627, 892, 877, 634, 641, 662, 771, 586, 652, 897, 765, 968, 767, 759, 546, 935, 717, 646, 869, 793, 814, 838, 598, 907, 539, 648, 799, 747, 985, 788, 685, 693, 581, 776, 829, 786, 881, 987, 619, 570, 977, 802, 969, 966, 928, 603, 791, 530, 712, 940, 585, 947, 991, 995, 567, 758, 755, 860, 551, 514, 904, 896, 724, 549, 816, 713, 899, 960, 923, 874, 769, 610, 912, 916, 782, 871, 592, 680, 714, 763, 845, 855, 615, 517, 994, 779, 821, 534, 734, 571, 847, 628, 745, 675], "recourse_recommended_ixs": [687, 983, 657, 902, 865, 620, 627, 892, 877, 634, 641, 662, 771, 586, 652, 897, 765, 968, 767, 759, 546, 935, 717, 646, 869, 793, 814, 838, 598, 907, 539, 648, 799, 747, 985, 788, 685, 693, 581, 776, 829, 786, 881, 987, 619, 570, 977, 802, 969, 966, 928, 603, 791, 530, 712, 940, 585, 947, 991, 995, 567, 758, 755, 860, 551, 514, 904, 896, 724, 549, 816, 713, 899, 960, 923, 874, 769, 610, 912, 916, 782, 871, 592, 680, 714, 763, 845, 855, 615, 517, 994, 779, 821, 534, 734, 571, 847, 628, 745, 675], "perc_recomm_found": 1.0, "gamma": 0.75, "eta": 0.75, "gamma_obs": 0.3100000023841858, "gamma_obs_pre": 0.09000000357627869, "eta_obs": 0.89, "costs": [1.0, 1.0, 1.0], "lbd": 300.0, "thresh": 0.5, "r_type": "subpopulation", "t_type": "counterfactual", "eta_obs_individualized": NaN, "eta_obs_refits_batch0_mean": 0.4099999964237213, "model_score": 0.868, "model_f1": 0.8747591522157996, "model_refits_batch0_scores": [0.854, 0.858, 0.832, 0.844, 0.848], "model_refits_batch0_f1s": [0.8450106157112527, 0.8473118279569892, 0.8242677824267782, 0.8374999999999999, 0.8442622950819672], "model_coef": NaN}