{"accuracy_pre": 0.79, "accuracy_post": 0.48, "recourse_seeking_ixs": [968, 648, 809, 805, 780, 956, 613, 859, 954, 651, 951, 876, 636, 621, 602, 686, 719, 796, 532, 773, 666, 655, 952, 552, 580, 590, 503, 772, 769, 524, 858, 600, 966, 991, 911, 572, 976, 761, 872, 832, 969, 739, 927, 970, 973, 551, 803, 774, 601, 943, 674, 732, 831, 749, 617, 569, 848, 713, 692, 582, 823, 647, 707, 822, 843, 637, 681, 727, 923, 790, 747, 553, 989, 874, 730, 659, 963, 665, 766, 860, 763, 892, 942, 949, 735, 926, 846, 816, 880, 979, 684, 565, 629, 765, 856, 830, 924, 885, 839, 857], "recourse_recommended_ixs": [968, 648, 809, 805, 780, 956, 613, 859, 954, 651, 951, 876, 636, 621, 602, 686, 719, 796, 532, 773, 666, 655, 952, 552, 580, 590, 503, 772, 769, 524, 858, 600, 966, 991, 911, 572, 976, 761, 872, 832, 969, 739, 927, 970, 973, 551, 803, 774, 601, 943, 674, 732, 831, 749, 617, 569, 848, 713, 692, 582, 823, 647, 707, 822, 843, 637, 681, 727, 923, 790, 747, 553, 989, 874, 730, 659, 963, 665, 766, 860, 763, 892, 942, 949, 735, 926, 846, 816, 880, 979, 684, 565, 629, 765, 856, 830, 924, 885, 839, 857], "perc_recomm_found": 1.0, "gamma": 0.75, "eta": 0.75, "gamma_obs": 0.47999998927116394, "gamma_obs_pre": 0.20999999344348907, "eta_obs": 1.0, "costs": [1.0, 1.0, 1.0], "lbd": 300.0, "thresh": 0.5, "r_type": "individualized", "t_type": "acceptance", "eta_obs_individualized": NaN, "eta_obs_refits_batch0_mean": 0.6640000343322754, "model_score": 0.804, "model_f1": 0.8072289156626506, "model_refits_batch0_scores": [0.848, 0.848, 0.854, 0.86, 0.86], "model_refits_batch0_f1s": [0.8560606060606061, 0.8538461538461539, 0.858252427184466, 0.8622047244094487, 0.8653846153846154], "model_coef": [[0.4785356577166362, 0.5453121859304917, 1.0835655347085427], [0.2661836809075705]]}