{"accuracy_pre": 0.9, "accuracy_post": 0.75, "recourse_seeking_ixs": [558, 708, 567, 699, 854, 742, 629, 669, 694, 791, 978, 576, 728, 809, 843, 764, 544, 524, 934, 743, 992, 880, 612, 686, 950, 721, 861, 928, 562, 584, 676, 814, 712, 846, 571, 689, 853, 579, 822, 641, 681, 961, 581, 606, 702, 956, 815, 555, 848, 955, 785, 832, 942, 747, 803, 648, 953, 541, 620, 580, 670, 772, 591, 639, 899, 716, 902, 912, 831, 552, 707, 671, 813, 810, 746, 561, 794, 554, 664, 821, 634, 903, 919, 857, 509, 677, 551, 804, 951, 519, 977, 739, 986, 798, 556, 884, 966, 870, 867, 505], "recourse_recommended_ixs": [558, 708, 567, 699, 854, 742, 629, 669, 694, 791, 978, 576, 728, 809, 843, 764, 544, 524, 934, 743, 992, 880, 612, 686, 950, 721, 861, 928, 562, 584, 676, 814, 712, 846, 571, 689, 853, 579, 822, 641, 681, 961, 581, 606, 702, 956, 815, 555, 848, 955, 785, 832, 942, 747, 803, 648, 953, 541, 620, 580, 670, 772, 591, 639, 899, 716, 902, 912, 831, 552, 707, 671, 813, 810, 746, 561, 794, 554, 664, 821, 634, 903, 919, 857, 509, 677, 551, 804, 951, 519, 977, 739, 986, 798, 556, 884, 966, 870, 867, 505], "perc_recomm_found": 1.0, "gamma": 0.75, "eta": 0.75, "gamma_obs": 0.7599999904632568, "gamma_obs_pre": 0.10000000149011612, "eta_obs": 0.99, "costs": [1.0, 1.0], "lbd": 300.0, "thresh": 0.5, "r_type": "individualized", "t_type": "improvement", "eta_obs_individualized": 0.8, "eta_obs_refits_batch0_mean": 0.9520000219345093, "model_score": 0.808, "model_f1": 0.8126232741617356, "model_refits_batch0_scores": [0.828, 0.828, 0.794, 0.826, 0.834], "model_refits_batch0_f1s": [0.8027522935779817, 0.8063063063063063, 0.7518072289156627, 0.7962529274004684, 0.814317673378076], "model_coef": [[0.17212440209313498, 0.30563951578550236, 0.8015383947950182], [-0.48917069650178224]]}