{"accuracy_pre": 0.88, "accuracy_post": 0.46, "recourse_seeking_ixs": [396, 388, 255, 226, 245, 253, 274, 351, 359, 389, 218, 362, 377, 235, 237, 368, 373, 327, 364, 376, 208, 242, 313, 344, 258, 223, 214, 387, 305, 262, 276, 307, 355, 263, 298, 346, 212, 202, 382, 239, 329, 312, 333, 275, 374, 211, 285, 350, 271, 270], "recourse_recommended_ixs": [396, 388, 255, 226, 245, 253, 274, 351, 359, 389, 218, 362, 377, 235, 237, 368, 373, 327, 364, 376, 208, 242, 313, 344, 258, 223, 214, 387, 305, 262, 276, 307, 355, 263, 298, 346, 212, 202, 382, 239, 329, 312, 333, 275, 374, 211, 285, 350, 271, 270], "perc_recomm_found": 1.0, "gamma": 0.9, "eta": 0.9, "gamma_obs": 0.46000000834465027, "gamma_obs_pre": 0.11999999731779099, "eta_obs": 1.0, "costs": [1.0, 1.0, 1.0], "lbd": 300.0, "thresh": 0.5, "r_type": "subpopulation", "t_type": "acceptance", "eta_obs_individualized": NaN, "eta_obs_refits_batch0_mean": 0.2199999988079071, "model_score": 0.89, "model_f1": 0.8854166666666667, "model_refits_batch0_scores": [0.895, 0.9, 0.885, 0.9, 0.885], "model_refits_batch0_f1s": [0.8911917098445595, 0.8969072164948454, 0.8783068783068784, 0.8936170212765957, 0.877005347593583], "model_coef": [[0.5562951945848923, 0.8524372481559553, 1.2220424615268621], [-0.12647821144284876]]}