{"accuracy_pre": 0.76, "accuracy_post": 0.77, "recourse_seeking_ixs": [496, 250, 411, 492, 320, 302, 289, 433, 339, 336, 349, 395, 260, 257, 445, 340, 268, 280, 375, 448, 379, 354, 284, 355, 412, 286, 399, 316, 390, 317, 436, 272, 409, 491, 481, 428, 274, 341, 364, 367, 273, 291, 499, 430, 383, 465, 420, 287, 261, 342, 466, 351, 255, 415, 451, 372, 393, 464, 352, 252, 476, 457, 371, 468, 498, 396, 322, 460, 275, 434, 458, 429, 308, 301, 408, 425, 363, 282, 427, 348, 480, 387, 483, 484, 357, 450, 463, 300, 423, 391, 388, 447, 438, 365, 314, 332, 297, 410, 350, 487], "recourse_recommended_ixs": [496, 250, 411, 492, 320, 302, 289, 433, 339, 336, 349, 395, 260, 257, 445, 340, 268, 280, 375, 448, 379, 354, 284, 355, 412, 286, 399, 316, 390, 317, 436, 272, 409, 491, 481, 428, 274, 341, 364, 367, 273, 291, 499, 430, 383, 465, 420, 287, 261, 342, 466, 351, 255, 415, 451, 372, 393, 464, 352, 252, 476, 457, 371, 468, 498, 396, 322, 460, 275, 434, 458, 429, 308, 301, 408, 425, 363, 282, 427, 348, 480, 387, 483, 484, 357, 450, 463, 300, 423, 391, 388, 447, 438, 365, 314, 332, 297, 410, 350, 487], "perc_recomm_found": 1.0, "gamma": 0.75, "eta": 0.75, "gamma_obs": 0.7799999713897705, "gamma_obs_pre": 0.23999999463558197, "eta_obs": 0.99, "costs": [1.0, 1.0], "lbd": 100.0, "thresh": 0.5, "r_type": "individualized", "t_type": "improvement", "eta_obs_individualized": 0.79, "eta_obs_refits_batch0_mean": 0.984000027179718, "model_score": 0.816, "model_f1": 0.8174603174603174, "model_refits_batch0_scores": [0.82, 0.8, 0.788, 0.82, 0.82], "model_refits_batch0_f1s": [0.8235294117647058, 0.7983870967741935, 0.7744680851063831, 0.8275862068965518, 0.8221343873517786], "model_coef": [[0.364131442133878, 0.5473275596048564, 0.8624555193504215], [-0.8739401198090159]]}