{"accuracy_pre": 0.86, "accuracy_post": 0.28, "recourse_seeking_ixs": [748, 975, 745, 746, 619, 589, 632, 832, 509, 586, 771, 598, 714, 655, 856, 760, 715, 724, 830, 596, 609, 955, 685, 547, 852, 592, 661, 777, 557, 642, 885, 914, 590, 527, 584, 502, 853, 826, 789, 583, 545, 953, 947, 612, 958, 580, 631, 602, 818, 995, 842, 673, 731, 696, 886, 704, 979, 653, 921, 967, 762, 784, 767, 770, 538, 934, 893, 628, 920, 623, 809, 621, 755, 828, 822, 721, 604, 546, 512, 946, 937, 613, 890, 650, 951, 702, 622, 737, 779, 744, 728, 905, 982, 536, 901, 795, 944, 840, 874, 854], "recourse_recommended_ixs": [748, 975, 745, 746, 619, 589, 632, 832, 509, 586, 771, 598, 714, 655, 856, 760, 715, 724, 830, 596, 609, 955, 685, 547, 852, 592, 661, 777, 557, 642, 885, 914, 590, 527, 584, 502, 853, 826, 789, 583, 545, 953, 947, 612, 958, 580, 631, 602, 818, 995, 842, 673, 731, 696, 886, 704, 979, 653, 921, 967, 762, 784, 767, 770, 538, 934, 893, 628, 920, 623, 809, 621, 755, 828, 822, 721, 604, 546, 512, 946, 937, 613, 890, 650, 951, 702, 622, 737, 779, 744, 728, 905, 982, 536, 901, 795, 944, 840, 874, 854], "perc_recomm_found": 1.0, "gamma": 0.75, "eta": 0.75, "gamma_obs": 0.27000001072883606, "gamma_obs_pre": 0.14000000059604645, "eta_obs": 0.87, "costs": [1.0, 1.0, 1.0], "lbd": 300.0, "thresh": 0.5, "r_type": "subpopulation", "t_type": "acceptance", "eta_obs_individualized": NaN, "eta_obs_refits_batch0_mean": 0.49400001764297485, "model_score": 0.83, "model_f1": 0.8081264108352144, "model_refits_batch0_scores": [0.82, 0.828, 0.806, 0.818, 0.836], "model_refits_batch0_f1s": [0.7906976744186047, 0.8045454545454546, 0.7662650602409637, 0.7858823529411765, 0.8217391304347826], "model_coef": NaN}