r_type,t_type,eta_mean,gamma_mean,perc_recomm_found_mean,eta_obs_mean,eta_obs_individualized_mean,eta_obs_refits_batch0_mean_mean,gamma_obs_mean,intv-cost_mean,eta_std,gamma_std,perc_recomm_found_std,eta_obs_std,eta_obs_individualized_std,eta_obs_refits_batch0_mean_std,gamma_obs_std,intv-cost_std
individualized,acceptance,0.85,0.85,1.0,1.0,,0.7353333433469137,0.47166667381922406,2.1220000000000003,0.0,0.0,0.0,0.0,,0.13202016221780852,0.12741011474277003,0.3724889260098882
individualized,counterfactual,0.85,0.85,1.0,0.9966666666666667,,0.6153333187103271,0.4183333416779836,2.859,0.0,0.0,0.0,0.005773502691896262,,0.3585335906400215,0.12423096956173846,0.2268529259233831
individualized,improvement,0.85,0.85,1.0,0.9983333333333334,1.0,0.9853333433469137,0.8550000190734863,3.916166666666667,0.0,0.0,0.0,0.0028867513459481316,0.0,0.016862229207913578,0.004999995231628418,0.3332837879845547
subpopulation,acceptance,0.85,0.85,1.0,0.9266666666666667,,0.7010000149408976,0.46333332856496173,2.3783333333333334,0.0,0.0,0.0,0.010408329997330672,,0.16133506865921202,0.13512339540682225,0.3160230740520907
subpopulation,improvement,0.85,0.85,1.0,0.9899999999999999,,0.9726666410764059,0.828333338101705,4.008,0.0,0.0,0.0,0.008660254037844395,,0.012096822796815265,0.04041450733958612,0.14289769067413202
