{"accuracy_pre": 1.0, "accuracy_post": 0.88, "recourse_seeking_ixs": [1605, 1468, 1733, 1797, 1093, 1934, 1886, 1786, 1254, 1999, 1598, 1415, 1674, 1616, 1446, 1412, 1781, 1097, 1819, 1379, 1054, 1658, 1537, 1440, 1476, 1576, 1913, 1189, 1911, 1683, 1242, 1787, 1066, 1930, 1696, 1331, 1751, 1914, 1742, 1324, 1076, 1793, 1574, 1561, 1349, 1186, 1179, 1191, 1773, 1287, 1801, 1016, 1174, 1992, 1184, 1572, 1454, 1356, 1460, 1397, 1439, 1778, 1011, 1883, 1987, 1697, 1633, 1162, 1603, 1835, 1852, 1227, 1575, 1486, 1290, 1309, 1821, 1110, 1935, 1452, 1245, 1237, 1437, 1039, 1150, 1159, 1118, 1725, 1277, 1895, 1418, 1824, 1503, 1961, 1410, 1143, 1340, 1484, 1996, 1989], "recourse_recommended_ixs": [1605, 1468, 1733, 1797, 1093, 1934, 1886, 1786, 1254, 1999, 1598, 1415, 1674, 1616, 1446, 1412, 1781, 1097, 1819, 1379, 1054, 1658, 1537, 1440, 1476, 1576, 1913, 1189, 1911, 1683, 1242, 1787, 1066, 1930, 1696, 1331, 1751, 1914, 1742, 1324, 1076, 1793, 1574, 1561, 1349, 1186, 1179, 1191, 1773, 1287, 1801, 1016, 1174, 1992, 1184, 1572, 1454, 1356, 1460, 1397, 1439, 1778, 1011, 1883, 1987, 1697, 1633, 1162, 1603, 1835, 1852, 1227, 1575, 1486, 1290, 1309, 1821, 1110, 1935, 1452, 1245, 1237, 1437, 1039, 1150, 1159, 1118, 1725, 1277, 1895, 1418, 1824, 1503, 1961, 1410, 1143, 1340, 1484, 1996, 1989], "perc_recomm_found": 1.0, "gamma": 0.75, "eta": 0.75, "gamma_obs": 1.0, "gamma_obs_pre": 0.0, "eta_obs": 0.88, "costs": [1.0, 1.0], "lbd": 150.0, "thresh": 0.5, "r_type": "subpopulation", "t_type": "improvement", "eta_obs_individualized": NaN, "eta_obs_refits_batch0_mean": 0.8980000615119934, "model_score": 0.994, "model_f1": 0.9930624380574826, "model_refits_batch0_scores": [0.998, 0.998, 0.998, 0.998, 0.998], "model_refits_batch0_f1s": [0.99800796812749, 0.99800796812749, 0.99800796812749, 0.99800796812749, 0.99800796812749], "model_coef": [[-1.4772435662888521, -1.846554638080656, 3.532578813399066], [-1.7375217910702037]]}