ix,goal_cost,intv_cost
168,1.0,1.1999999936670065
148,1.0,1.7400000467896461
178,1.0,1.18
175,1.0,0.6
182,1.0,3.12
144,1.0,2.019999999552965
192,1.0,1.4000000000000001
114,1.0,2.2500000689178705
127,1.0,1.4299999587237835
122,1.0,1.4
130,1.0,0.8900000154972076
121,1.0,1.0999999791383743
199,1.0,1.1800000000000002
131,1.0,1.3400000035762787
154,1.0,1.1299999803304672
151,1.0,2.38
125,1.0,1.4
146,1.0,3.19
163,1.0,1.18
