{"inv": 0.7368421052631579, "val_m2": 0.2631578947368421, "val_m1": 1.0}