{"accuracy_pre": 1.0, "accuracy_post": 0.21, "recourse_seeking_ixs": [1288, 1520, 1386, 1562, 1012, 1791, 1028, 1485, 1625, 1736, 1369, 1668, 1611, 1408, 1007, 1178, 1310, 1349, 1557, 1101, 1388, 1902, 1983, 1537, 1452, 1147, 1161, 1723, 1639, 1361, 1892, 1585, 1641, 1332, 1900, 1635, 1574, 1805, 1366, 1872, 1901, 1295, 1645, 1991, 1657, 1633, 1935, 1468, 1588, 1414, 1621, 1816, 1741, 1166, 1344, 1276, 1998, 1308, 1293, 1870, 1418, 1195, 1733, 1495, 1860, 1842, 1245, 1896, 1913, 1694, 1472, 1352, 1871, 1977, 1131, 1281, 1162, 1841, 1379, 1287, 1817, 1992, 1111, 1093, 1060, 1677, 1708, 1150, 1807, 1036, 1233, 1886, 1565, 1034, 1942, 1827, 1210, 1221, 1914, 1563], "recourse_recommended_ixs": [1288, 1520, 1386, 1562, 1012, 1791, 1028, 1485, 1625, 1736, 1369, 1668, 1611, 1408, 1007, 1178, 1310, 1349, 1557, 1101, 1388, 1902, 1983, 1537, 1452, 1147, 1161, 1723, 1639, 1361, 1892, 1585, 1641, 1332, 1900, 1635, 1574, 1805, 1366, 1872, 1901, 1295, 1645, 1991, 1657, 1633, 1935, 1468, 1588, 1414, 1621, 1816, 1741, 1166, 1344, 1276, 1998, 1308, 1293, 1870, 1418, 1195, 1733, 1495, 1860, 1842, 1245, 1896, 1913, 1694, 1472, 1352, 1871, 1977, 1131, 1281, 1162, 1841, 1379, 1287, 1817, 1992, 1111, 1093, 1060, 1677, 1708, 1150, 1807, 1036, 1233, 1886, 1565, 1034, 1942, 1827, 1210, 1221, 1914, 1563], "perc_recomm_found": 1.0, "gamma": 0.95, "eta": 0.95, "gamma_obs": 0.2199999988079071, "gamma_obs_pre": 0.0, "eta_obs": 0.99, "costs": [1.0, 1.0, 1.0], "lbd": 150.0, "thresh": 0.5, "r_type": "subpopulation", "t_type": "acceptance", "eta_obs_individualized": NaN, "eta_obs_refits_batch0_mean": 0.5220000147819519, "model_score": 0.89, "model_f1": 0.9990069513406157, "model_refits_batch0_scores": [0.998, 0.998, 1.0, 0.998, 0.998], "model_refits_batch0_f1s": [0.99800796812749, 0.99800796812749, 1.0, 0.99800796812749, 0.99800796812749], "model_coef": NaN}