{"accuracy_pre": 1.0, "accuracy_post": 0.99, "recourse_seeking_ixs": [1717, 1238, 1284, 1374, 1734, 1276, 1156, 1379, 1554, 1642, 1961, 1836, 1462, 1295, 1581, 1336, 1777, 1683, 1490, 1764, 1668, 1094, 1624, 1293, 1904, 1132, 1453, 1338, 1550, 1913, 1375, 1559, 1146, 1447, 1856, 1332, 1354, 1723, 1729, 1759, 1420, 1519, 1896, 1260, 1808, 1189, 1607, 1450, 1918, 1565, 1880, 1528, 1326, 1580, 1207, 1145, 1008, 1405, 1305, 1366, 1507, 1131, 1014, 1744, 1666, 1634, 1306, 1772, 1203, 1533, 1236, 1579, 1170, 1144, 1588, 1108, 1234, 1303, 1804, 1900, 1615, 1695, 1246, 1482, 1659, 1843, 1541, 1593, 1001, 1645, 1109, 1627, 1529, 1268, 1011, 1704, 1978, 1250, 1307, 1440], "recourse_recommended_ixs": [1717, 1238, 1284, 1374, 1734, 1276, 1156, 1379, 1554, 1642, 1961, 1836, 1462, 1295, 1581, 1336, 1777, 1683, 1490, 1764, 1668, 1094, 1624, 1293, 1904, 1132, 1453, 1338, 1550, 1913, 1375, 1559, 1146, 1447, 1856, 1332, 1354, 1723, 1729, 1759, 1420, 1519, 1896, 1260, 1808, 1189, 1607, 1450, 1918, 1565, 1880, 1528, 1326, 1580, 1207, 1145, 1008, 1405, 1305, 1366, 1507, 1131, 1014, 1744, 1666, 1634, 1306, 1772, 1203, 1533, 1236, 1579, 1170, 1144, 1588, 1108, 1234, 1303, 1804, 1900, 1615, 1695, 1246, 1482, 1659, 1843, 1541, 1593, 1001, 1645, 1109, 1627, 1529, 1268, 1011, 1704, 1978, 1250, 1307, 1440], "perc_recomm_found": 1.0, "gamma": 0.95, "eta": 0.95, "gamma_obs": 1.0, "gamma_obs_pre": 0.0, "eta_obs": 0.99, "costs": [1.0, 1.0, 1.0], "lbd": 150.0, "thresh": 0.5, "r_type": "subpopulation", "t_type": "improvement", "eta_obs_individualized": NaN, "eta_obs_refits_batch0_mean": 0.9899999499320984, "model_score": 0.985, "model_f1": 0.9989615784008308, "model_refits_batch0_scores": [1.0, 1.0, 0.999, 0.997, 1.0], "model_refits_batch0_f1s": [1.0, 1.0, 0.9989929506545822, 0.9969909729187563, 1.0], "model_coef": NaN}