{"accuracy_pre": 0.92, "accuracy_post": 0.98, "recourse_seeking_ixs": [340, 333, 365, 361, 388, 349, 272, 350, 390, 202, 212, 391, 357, 338, 236, 345, 346, 351, 328, 358, 386, 271, 397, 356, 303, 264, 322, 344, 273, 208, 207, 329, 209, 223, 217, 354, 221, 337, 339, 392, 250, 234, 226, 218, 210, 316, 251, 220, 214, 227], "recourse_recommended_ixs": [340, 333, 365, 361, 388, 349, 272, 350, 390, 202, 212, 391, 357, 338, 236, 345, 346, 351, 328, 358, 386, 271, 397, 356, 303, 264, 322, 344, 273, 208, 207, 329, 209, 223, 217, 354, 221, 337, 339, 392, 250, 234, 226, 218, 210, 316, 251, 220, 214, 227], "perc_recomm_found": 1.0, "gamma": 0.95, "eta": 0.95, "gamma_obs": 0.9800000190734863, "gamma_obs_pre": 0.07999999821186066, "eta_obs": 1.0, "costs": [1.0, 1.0, 1.0], "lbd": 300.0, "thresh": 0.5, "r_type": "individualized", "t_type": "improvement", "eta_obs_individualized": 1.0, "eta_obs_refits_batch0_mean": 0.972000002861023, "model_score": 0.88, "model_f1": 0.8857142857142858, "model_refits_batch0_scores": [0.9, 0.875, 0.89, 0.875, 0.875], "model_refits_batch0_f1s": [0.903846153846154, 0.8768472906403941, 0.8981481481481481, 0.8792270531400966, 0.8815165876777251], "model_coef": [[0.4649170591786886, 0.9001312728421814, 1.295518963328292], [0.07671517222498235]]}