{"accuracy_pre": 0.74, "accuracy_post": 0.6, "recourse_seeking_ixs": [551, 817, 749, 717, 567, 774, 556, 930, 941, 527, 608, 637, 747, 502, 657, 750, 573, 785, 955, 887, 669, 767, 627, 503, 702, 621, 927, 658, 656, 963, 838, 966, 839, 814, 519, 588, 754, 500, 575, 856, 558, 760, 886, 903, 542, 692, 852, 650, 732, 751, 615, 988, 529, 939, 947, 936, 663, 624, 568, 652, 654, 775, 517, 655, 709, 873, 813, 768, 830, 570, 869, 779, 577, 901, 764, 965, 740, 554, 563, 533, 806, 837, 888, 871, 514, 641, 994, 555, 946, 914, 840, 809, 808, 603, 649, 863, 802, 795, 622, 719], "recourse_recommended_ixs": [817, 749, 717, 567, 774, 556, 930, 941, 527, 608, 637, 747, 502, 657, 750, 573, 785, 955, 887, 669, 767, 627, 503, 702, 621, 927, 658, 656, 963, 838, 966, 839, 814, 519, 588, 754, 500, 575, 856, 558, 760, 903, 542, 692, 852, 732, 751, 615, 988, 529, 939, 947, 936, 663, 624, 568, 652, 654, 775, 517, 655, 709, 873, 813, 768, 830, 570, 869, 779, 577, 901, 764, 965, 740, 554, 563, 533, 806, 837, 888, 871, 514, 641, 994, 555, 946, 914, 840, 809, 808, 603, 649, 863, 802, 795, 622, 719], "perc_recomm_found": 0.97, "gamma": 0.75, "eta": 0.75, "gamma_obs": 0.6494845151901245, "gamma_obs_pre": 0.23711340129375458, "eta_obs": 0.7938144329896907, "costs": [1.0, 1.0], "lbd": 300.0, "thresh": 0.5, "r_type": "individualized", "t_type": "improvement", "eta_obs_individualized": 0.7938144329896907, "eta_obs_refits_batch0_mean": 0.8247421979904175, "model_score": 0.728, "model_f1": 0.7829457364341087, "model_refits_batch0_scores": [0.804, 0.782, 0.782, 0.786, 0.806], "model_refits_batch0_f1s": [0.8016194331983807, 0.7705263157894737, 0.7714884696016772, 0.7737843551797039, 0.7966457023060797], "model_coef": NaN}