{"accuracy_pre": 1.0, "accuracy_post": 1.0, "recourse_seeking_ixs": [1818, 1902, 1150, 1821, 1502, 1171, 1518, 1204, 1652, 1212, 1304, 1890, 1275, 1805, 1630, 1193, 1127, 1280, 1034, 1246, 1975, 1615, 1460, 1506, 1326, 1300, 1954, 1402, 1543, 1194, 1951, 1449, 1231, 1659, 1996, 1928, 1226, 1098, 1580, 1151, 1724, 1119, 1634, 1379, 1059, 1069, 1546, 1542, 1148, 1464, 1145, 1974, 1658, 1973, 1368, 1001, 1528, 1157, 1859, 1007, 1384, 1462, 1003, 1333, 1048, 1977, 1665, 1794, 1881, 1649, 1539, 1687, 1533, 1796, 1330, 1579, 1823, 1685, 1802, 1708, 1132, 1593, 1011, 1688, 1099, 1594, 1840, 1561, 1006, 1091, 1473, 1386, 1894, 1141, 1448, 1014, 1858, 1700, 1094, 1453], "recourse_recommended_ixs": [1818, 1902, 1150, 1821, 1502, 1171, 1518, 1204, 1652, 1212, 1304, 1890, 1275, 1805, 1630, 1193, 1127, 1280, 1034, 1246, 1975, 1615, 1460, 1506, 1326, 1300, 1954, 1402, 1543, 1194, 1951, 1449, 1231, 1659, 1996, 1928, 1226, 1098, 1580, 1151, 1724, 1119, 1634, 1379, 1059, 1069, 1546, 1542, 1148, 1464, 1145, 1974, 1658, 1973, 1368, 1001, 1528, 1157, 1859, 1007, 1384, 1462, 1003, 1333, 1048, 1977, 1665, 1794, 1881, 1649, 1539, 1687, 1533, 1796, 1330, 1579, 1823, 1685, 1802, 1708, 1132, 1593, 1011, 1688, 1099, 1594, 1840, 1561, 1006, 1091, 1473, 1386, 1894, 1141, 1448, 1014, 1858, 1700, 1094, 1453], "perc_recomm_found": 1.0, "gamma": 0.75, "eta": 0.75, "gamma_obs": 1.0, "gamma_obs_pre": 0.0, "eta_obs": 1.0, "costs": [1.0, 1.0], "lbd": 150.0, "thresh": 0.5, "r_type": "subpopulation", "t_type": "improvement", "eta_obs_individualized": NaN, "eta_obs_refits_batch0_mean": 1.0, "model_score": 0.97, "model_f1": 0.9989304812834224, "model_refits_batch0_scores": [0.999, 0.999, 0.997, 0.998, 0.998], "model_refits_batch0_f1s": [0.9989929506545822, 0.9989929506545822, 0.9969727547931382, 0.9979879275653923, 0.9979838709677419], "model_coef": NaN}