{"accuracy_pre": 0.95, "accuracy_post": 0.98, "recourse_seeking_ixs": [707, 603, 643, 553, 943, 551, 616, 713, 662, 838, 953, 837, 914, 645, 824, 514, 729, 565, 627, 708, 710, 690, 769, 833, 650, 923, 783, 822, 927, 782, 641, 507, 932, 970, 900, 590, 666, 745, 803, 847, 993, 795, 831, 984, 862, 596, 904, 605, 774, 517, 767, 628, 945, 964, 587, 519, 562, 687, 883, 668, 500, 980, 671, 681, 999, 647, 665, 866, 790, 692, 756, 753, 545, 806, 699, 768, 683, 604, 618, 938, 903, 688, 817, 638, 926, 649, 976, 757, 573, 915, 537, 586, 567, 792, 791, 815, 801, 511, 961, 550], "recourse_recommended_ixs": [707, 603, 643, 553, 943, 551, 616, 713, 662, 838, 953, 837, 914, 645, 824, 514, 729, 565, 627, 708, 710, 690, 769, 833, 650, 923, 783, 822, 927, 782, 641, 507, 932, 970, 900, 590, 666, 745, 803, 847, 993, 795, 831, 984, 862, 596, 904, 605, 774, 517, 767, 628, 945, 964, 587, 519, 562, 687, 883, 668, 500, 980, 671, 681, 999, 647, 665, 866, 790, 692, 756, 753, 545, 806, 699, 768, 683, 604, 618, 938, 903, 688, 817, 638, 926, 649, 976, 757, 573, 915, 537, 586, 567, 792, 791, 815, 801, 511, 961, 550], "perc_recomm_found": 1.0, "gamma": 0.95, "eta": 0.95, "gamma_obs": 0.9800000190734863, "gamma_obs_pre": 0.03999999910593033, "eta_obs": 1.0, "costs": [1.0, 1.0, 1.0], "lbd": 300.0, "thresh": 0.5, "r_type": "individualized", "t_type": "improvement", "eta_obs_individualized": 1.0, "eta_obs_refits_batch0_mean": 1.0, "model_score": 0.758, "model_f1": 0.8566037735849057, "model_refits_batch0_scores": [0.848, 0.846, 0.848, 0.856, 0.854], "model_refits_batch0_f1s": [0.8597785977859778, 0.8522072936660269, 0.8560606060606061, 0.855421686746988, 0.8560157790927022], "model_coef": NaN}