{"accuracy_pre": 0.0, "accuracy_post": 1.0, "recourse_seeking_ixs": [1234, 1486, 1065, 1418, 1427, 1026, 1744, 1524, 1149, 1682, 1786, 1287, 1623, 1382, 1084, 1555, 1680, 1455, 1321, 1063, 1454, 1336, 1453, 1982, 1029, 1217, 1337, 1223, 1824, 1072, 1483, 1700, 1244, 1735, 1353, 1640, 1813, 1008, 1587, 1080, 1661, 1074, 1707, 1364, 1365, 1646, 1097, 1408, 1838, 1024, 1409, 1036, 1676, 1685, 1188, 1533, 1171, 1290, 1379, 1199, 1804, 1594, 1278, 1006, 1180, 1297, 1263, 1168, 1464, 1286, 1876, 1235, 1901, 1620, 1588, 1776, 1697, 1630, 1493, 1016, 1637, 1863, 1552, 1941, 1094, 1233, 1563, 1381, 1203, 1828, 1971, 1794, 1105, 1536, 1958, 1356, 1859, 1977, 1882, 1921], "recourse_recommended_ixs": [1234, 1486, 1065, 1418, 1427, 1026, 1744, 1524, 1149, 1682, 1786, 1287, 1623, 1382, 1084, 1555, 1680, 1455, 1321, 1063, 1454, 1336, 1453, 1982, 1029, 1217, 1337, 1223, 1824, 1072, 1483, 1700, 1244, 1735, 1353, 1640, 1813, 1008, 1587, 1080, 1661, 1074, 1707, 1364, 1365, 1646, 1097, 1408, 1838, 1024, 1409, 1036, 1676, 1685, 1188, 1533, 1171, 1290, 1379, 1199, 1804, 1594, 1278, 1006, 1180, 1297, 1263, 1168, 1464, 1286, 1876, 1235, 1901, 1620, 1588, 1776, 1697, 1630, 1493, 1016, 1637, 1863, 1552, 1941, 1094, 1233, 1563, 1381, 1203, 1828, 1971, 1794, 1105, 1536, 1958, 1356, 1859, 1977, 1882, 1921], "perc_recomm_found": 1.0, "gamma": 0.95, "eta": 0.95, "gamma_obs": 1.0, "gamma_obs_pre": 1.0, "eta_obs": 1.0, "costs": [1.0, 1.0, 1.0], "lbd": 150.0, "thresh": 0.5, "r_type": "individualized", "t_type": "acceptance", "eta_obs_individualized": NaN, "eta_obs_refits_batch0_mean": 0.7279999852180481, "model_score": 0.22, "model_f1": 1.0, "model_refits_batch0_scores": [0.998, 0.998, 0.998, 0.998, 0.998], "model_refits_batch0_f1s": [0.9979674796747968, 0.9979674796747968, 0.9979674796747968, 0.9979674796747968, 0.9979674796747968], "model_coef": [[-1.659163472684449, -2.073954509754808, 3.5461907791574467], [-1.8217384722569294]]}