{"accuracy_pre": 0.7, "accuracy_post": 0.63, "recourse_seeking_ixs": [252, 264, 355, 333, 433, 277, 498, 449, 425, 367, 464, 451, 423, 354, 465, 303, 369, 495, 295, 292, 350, 466, 399, 375, 342, 347, 289, 306, 278, 486, 438, 266, 483, 326, 357, 328, 422, 359, 331, 428, 336, 256, 288, 477, 332, 392, 261, 268, 450, 346, 365, 255, 427, 372, 319, 462, 437, 435, 457, 356, 497, 296, 426, 402, 300, 491, 447, 452, 397, 269, 263, 330, 493, 494, 408, 382, 456, 329, 338, 385, 388, 324, 272, 406, 455, 490, 340, 415, 299, 389, 281, 390, 316, 489, 416, 458, 285, 279, 374, 258], "recourse_recommended_ixs": [252, 264, 355, 333, 433, 277, 498, 449, 425, 367, 464, 451, 354, 465, 303, 369, 495, 295, 292, 350, 466, 399, 375, 342, 347, 289, 306, 278, 486, 438, 266, 483, 326, 357, 328, 422, 359, 331, 428, 336, 256, 288, 477, 332, 392, 261, 268, 450, 346, 365, 255, 427, 372, 319, 437, 435, 457, 356, 497, 296, 426, 402, 300, 491, 447, 452, 397, 269, 263, 330, 493, 494, 408, 382, 456, 329, 338, 385, 388, 324, 272, 406, 455, 490, 340, 415, 299, 389, 281, 390, 316, 489, 416, 458, 285, 279, 374, 258], "perc_recomm_found": 0.98, "gamma": 0.75, "eta": 0.75, "gamma_obs": 0.7755101919174194, "gamma_obs_pre": 0.2857142984867096, "eta_obs": 0.6224489795918368, "costs": [1.0, 1.0], "lbd": 100.0, "thresh": 0.5, "r_type": "individualized", "t_type": "improvement", "eta_obs_individualized": 0.8163265306122449, "eta_obs_refits_batch0_mean": 0.722449004650116, "model_score": 0.78, "model_f1": 0.751131221719457, "model_refits_batch0_scores": [0.76, 0.756, 0.788, 0.812, 0.752], "model_refits_batch0_f1s": [0.7321428571428571, 0.7381974248927038, 0.7763713080168777, 0.7982832618025751, 0.7256637168141593], "model_coef": NaN}