{"accuracy_pre": 1.0, "accuracy_post": 0.85, "recourse_seeking_ixs": [1107, 1384, 1333, 1735, 1023, 1238, 1248, 1243, 1013, 1838, 1184, 1502, 1105, 1603, 1882, 1091, 1955, 1215, 1491, 1914, 1646, 1564, 1613, 1602, 1344, 1199, 1164, 1409, 1298, 1555, 1805, 1966, 1630, 1975, 1936, 1044, 1036, 1373, 1412, 1594, 1767, 1691, 1551, 1260, 1139, 1537, 1576, 1605, 1356, 1987, 1209, 1782, 1270, 1668, 1081, 1876, 1230, 1720, 1175, 1622, 1570, 1129, 1172, 1165, 1657, 1898, 1249, 1084, 1014, 1593, 1763, 1352, 1472, 1524, 1195, 1857, 1272, 1339, 1516, 1736, 1674, 1523, 1308, 1041, 1353, 1446, 1974, 1518, 1538, 1003, 1233, 1905, 1009, 1552, 1148, 1853, 1234, 1135, 1788, 1037], "recourse_recommended_ixs": [1107, 1384, 1333, 1735, 1023, 1238, 1248, 1243, 1013, 1838, 1184, 1502, 1105, 1603, 1882, 1091, 1955, 1215, 1491, 1914, 1646, 1564, 1613, 1602, 1344, 1199, 1164, 1409, 1298, 1555, 1805, 1966, 1630, 1975, 1936, 1044, 1036, 1373, 1412, 1594, 1767, 1691, 1551, 1260, 1139, 1537, 1576, 1605, 1356, 1987, 1209, 1782, 1270, 1668, 1081, 1876, 1230, 1720, 1175, 1622, 1570, 1129, 1172, 1165, 1657, 1898, 1249, 1084, 1014, 1593, 1763, 1352, 1472, 1524, 1195, 1857, 1272, 1339, 1516, 1736, 1674, 1523, 1308, 1041, 1353, 1446, 1974, 1518, 1538, 1003, 1233, 1905, 1009, 1552, 1148, 1853, 1234, 1135, 1788, 1037], "perc_recomm_found": 1.0, "gamma": 0.75, "eta": 0.75, "gamma_obs": 1.0, "gamma_obs_pre": 0.0, "eta_obs": 0.85, "costs": [1.0, 1.0, 1.0], "lbd": 150.0, "thresh": 0.5, "r_type": "subpopulation", "t_type": "acceptance", "eta_obs_individualized": NaN, "eta_obs_refits_batch0_mean": 0.6439999938011169, "model_score": 0.999, "model_f1": 0.9979423868312758, "model_refits_batch0_scores": [0.998, 0.996, 0.996, 0.994, 0.998], "model_refits_batch0_f1s": [0.9979591836734694, 0.9959100204498978, 0.9959100204498978, 0.9938524590163934, 0.9979591836734694], "model_coef": NaN}