{"accuracy_pre": 0.91, "accuracy_post": 0.41, "recourse_seeking_ixs": [893, 878, 994, 963, 692, 627, 567, 696, 823, 523, 766, 586, 842, 764, 912, 572, 681, 557, 722, 838, 960, 880, 673, 998, 983, 538, 666, 763, 973, 799, 600, 790, 570, 906, 948, 640, 767, 521, 510, 993, 781, 995, 641, 703, 511, 851, 728, 847, 746, 758, 937, 754, 625, 775, 747, 841, 660, 868, 735, 835, 974, 581, 801, 923, 513, 736, 605, 580, 645, 708, 944, 616, 738, 954, 626, 832, 679, 584, 617, 882, 509, 791, 695, 598, 964, 536, 508, 578, 863, 821, 637, 802, 686, 897, 516, 731, 740, 724, 519, 946], "recourse_recommended_ixs": [893, 878, 994, 963, 692, 627, 567, 696, 823, 523, 766, 586, 842, 764, 912, 572, 681, 557, 722, 838, 960, 880, 673, 998, 983, 538, 666, 763, 973, 799, 600, 790, 570, 906, 948, 640, 767, 521, 510, 993, 781, 995, 641, 703, 511, 851, 728, 847, 746, 758, 937, 754, 625, 775, 747, 841, 660, 868, 735, 835, 974, 581, 801, 923, 513, 736, 605, 580, 645, 708, 944, 616, 738, 954, 626, 832, 679, 584, 617, 882, 509, 791, 695, 598, 964, 536, 508, 578, 863, 821, 637, 802, 686, 897, 516, 731, 740, 724, 519, 946], "perc_recomm_found": 1.0, "gamma": 0.75, "eta": 0.75, "gamma_obs": 0.3799999952316284, "gamma_obs_pre": 0.09000000357627869, "eta_obs": 1.0, "costs": [1.0, 1.0, 1.0], "lbd": 300.0, "thresh": 0.5, "r_type": "individualized", "t_type": "counterfactual", "eta_obs_individualized": NaN, "eta_obs_refits_batch0_mean": 0.5379999876022339, "model_score": 0.9, "model_f1": 0.8861788617886179, "model_refits_batch0_scores": [0.862, 0.86, 0.86, 0.846, 0.86], "model_refits_batch0_f1s": [0.8516129032258065, 0.8504273504273505, 0.8458149779735683, 0.8285077951002228, 0.8478260869565217], "model_coef": NaN}