{"accuracy_pre": 0.99, "accuracy_post": 1.0, "recourse_seeking_ixs": [1679, 1386, 1110, 1835, 1983, 1112, 1569, 1438, 1162, 1434, 1006, 1495, 1128, 1659, 1795, 1343, 1231, 1529, 1793, 1404, 1642, 1285, 1824, 1454, 1737, 1176, 1605, 1674, 1087, 1926, 1468, 1202, 1373, 1886, 1306, 1400, 1711, 1067, 1906, 1111, 1460, 1439, 1742, 1146, 1263, 1902, 1329, 1284, 1658, 1901, 1942, 1733, 1075, 1045, 1234, 1077, 1427, 1752, 1565, 1178, 1370, 1563, 1002, 1633, 1989, 1361, 1331, 1766, 1103, 1170, 1209, 1999, 1771, 1383, 1769, 1420, 1105, 1036, 1798, 1224, 1167, 1459, 1347, 1398, 1635, 1072, 1147, 1892, 1934, 1931, 1872, 1811, 1320, 1532, 1470, 1567, 1376, 1976, 1900, 1362], "recourse_recommended_ixs": [1679, 1386, 1110, 1835, 1983, 1112, 1569, 1438, 1162, 1434, 1006, 1495, 1128, 1659, 1795, 1343, 1231, 1529, 1793, 1404, 1642, 1285, 1824, 1454, 1737, 1176, 1605, 1674, 1087, 1926, 1468, 1202, 1373, 1886, 1306, 1400, 1711, 1067, 1906, 1111, 1460, 1439, 1742, 1146, 1263, 1902, 1329, 1284, 1658, 1901, 1942, 1733, 1075, 1045, 1234, 1077, 1427, 1752, 1565, 1178, 1370, 1563, 1002, 1633, 1989, 1361, 1331, 1766, 1103, 1170, 1209, 1999, 1771, 1383, 1769, 1420, 1105, 1036, 1798, 1224, 1167, 1459, 1347, 1398, 1635, 1072, 1147, 1892, 1934, 1931, 1872, 1811, 1320, 1532, 1470, 1567, 1376, 1976, 1900, 1362], "perc_recomm_found": 1.0, "gamma": 0.75, "eta": 0.75, "gamma_obs": 1.0, "gamma_obs_pre": 0.009999999776482582, "eta_obs": 1.0, "costs": [1.0, 1.0], "lbd": 150.0, "thresh": 0.5, "r_type": "individualized", "t_type": "improvement", "eta_obs_individualized": 1.0, "eta_obs_refits_batch0_mean": 0.9600000381469727, "model_score": 0.991, "model_f1": 0.9990167158308751, "model_refits_batch0_scores": [0.997, 0.994, 0.996, 0.994, 0.996], "model_refits_batch0_f1s": [0.9970089730807578, 0.9939999999999999, 0.9960079840319361, 0.9939999999999999, 0.9960079840319361], "model_coef": NaN}