{"accuracy_pre": 0.9, "accuracy_post": 0.98, "recourse_seeking_ixs": [560, 893, 886, 532, 649, 908, 822, 943, 721, 569, 522, 714, 979, 654, 732, 587, 663, 829, 563, 891, 967, 808, 845, 607, 948, 993, 858, 817, 623, 562, 934, 939, 762, 700, 509, 567, 527, 568, 957, 551, 604, 507, 927, 502, 899, 504, 774, 534, 683, 624, 941, 833, 920, 953, 656, 737, 733, 794, 755, 831, 924, 521, 670, 701, 613, 981, 835, 781, 761, 616, 605, 849, 914, 635, 954, 797, 793, 960, 818, 926, 715, 983, 526, 515, 944, 880, 820, 775, 950, 763, 802, 557, 859, 865, 724, 684, 754, 919, 921, 806], "recourse_recommended_ixs": [560, 893, 886, 532, 649, 908, 822, 943, 721, 569, 522, 714, 979, 654, 732, 587, 663, 829, 563, 891, 967, 808, 845, 607, 948, 993, 858, 817, 623, 562, 934, 939, 762, 700, 509, 567, 527, 568, 957, 551, 604, 507, 927, 502, 899, 504, 774, 534, 683, 624, 941, 833, 920, 953, 656, 737, 733, 794, 755, 831, 924, 521, 670, 701, 613, 981, 835, 781, 761, 616, 605, 849, 914, 635, 954, 797, 793, 960, 818, 926, 715, 983, 526, 515, 944, 880, 820, 775, 950, 763, 802, 557, 859, 865, 724, 684, 754, 919, 921, 806], "perc_recomm_found": 1.0, "gamma": 0.95, "eta": 0.95, "gamma_obs": 0.9800000190734863, "gamma_obs_pre": 0.10000000149011612, "eta_obs": 1.0, "costs": [1.0, 1.0, 1.0], "lbd": 300.0, "thresh": 0.5, "r_type": "individualized", "t_type": "improvement", "eta_obs_individualized": 1.0, "eta_obs_refits_batch0_mean": 1.0, "model_score": 0.85, "model_f1": 0.8565965583173996, "model_refits_batch0_scores": [0.848, 0.848, 0.854, 0.86, 0.86], "model_refits_batch0_f1s": [0.8560606060606061, 0.8538461538461539, 0.858252427184466, 0.8622047244094487, 0.8653846153846154], "model_coef": [[0.4785356577166362, 0.5453121859304917, 1.0835655347085427], [0.2661836809075705]]}