{"accuracy_pre": 1.0, "accuracy_post": 0.97, "recourse_seeking_ixs": [1098, 1316, 1239, 1874, 1652, 1942, 1145, 1869, 1762, 1233, 1351, 1630, 1405, 1960, 1506, 1324, 1025, 1270, 1226, 1977, 1582, 1759, 1165, 1240, 1219, 1589, 1825, 1403, 1212, 1691, 1453, 1303, 1873, 1296, 1250, 1089, 1220, 1959, 1127, 1279, 1570, 1993, 1313, 1295, 1554, 1008, 1034, 1375, 1681, 1687, 1983, 1385, 1190, 1981, 1051, 1567, 1194, 1053, 1246, 1512, 1150, 1695, 1284, 1344, 1293, 1531, 1842, 1014, 1338, 1439, 1863, 1560, 1476, 1449, 1992, 1463, 1467, 1951, 1724, 1326, 1890, 1809, 1006, 1559, 1334, 1952, 1484, 1255, 1459, 1954, 1151, 1078, 1382, 1947, 1331, 1161, 1742, 1907, 1733, 1580], "recourse_recommended_ixs": [1098, 1316, 1239, 1874, 1652, 1942, 1145, 1869, 1762, 1233, 1351, 1630, 1405, 1960, 1506, 1324, 1025, 1270, 1226, 1977, 1582, 1759, 1165, 1240, 1219, 1589, 1825, 1403, 1212, 1691, 1453, 1303, 1873, 1296, 1250, 1089, 1220, 1959, 1127, 1279, 1570, 1993, 1313, 1295, 1554, 1008, 1034, 1375, 1681, 1687, 1983, 1385, 1190, 1981, 1051, 1567, 1194, 1053, 1246, 1512, 1150, 1695, 1284, 1344, 1293, 1531, 1842, 1014, 1338, 1439, 1863, 1560, 1476, 1449, 1992, 1463, 1467, 1951, 1724, 1326, 1890, 1809, 1006, 1559, 1334, 1952, 1484, 1255, 1459, 1954, 1151, 1078, 1382, 1947, 1331, 1161, 1742, 1907, 1733, 1580], "perc_recomm_found": 1.0, "gamma": 0.75, "eta": 0.75, "gamma_obs": 1.0, "gamma_obs_pre": 0.0, "eta_obs": 0.97, "costs": [1.0, 1.0, 1.0], "lbd": 150.0, "thresh": 0.5, "r_type": "individualized", "t_type": "improvement", "eta_obs_individualized": 1.0, "eta_obs_refits_batch0_mean": 0.9700000882148743, "model_score": 0.891, "model_f1": 1.0, "model_refits_batch0_scores": [1.0, 1.0, 0.999, 0.997, 1.0], "model_refits_batch0_f1s": [1.0, 1.0, 0.9989929506545822, 0.9969909729187563, 1.0], "model_coef": NaN}