{"accuracy_pre": 1.0, "accuracy_post": 0.0, "recourse_seeking_ixs": [314, 283, 304, 233, 211, 377, 315, 364, 316, 348, 214, 268, 301, 386, 271, 313, 253, 369, 208, 260, 395, 278, 389, 285, 346, 359, 372, 352, 284, 293, 259, 222, 394, 300, 288, 380, 362, 240, 282, 302, 296, 334, 331, 356, 382, 286, 238, 305, 332, 360], "recourse_recommended_ixs": [314, 283, 304, 233, 211, 377, 315, 364, 316, 348, 214, 268, 301, 386, 271, 313, 253, 369, 208, 260, 395, 278, 389, 285, 346, 359, 372, 352, 284, 293, 259, 222, 394, 300, 288, 380, 362, 240, 282, 302, 296, 334, 331, 356, 382, 286, 238, 305, 332, 360], "perc_recomm_found": 1.0, "gamma": 0.95, "eta": 0.95, "gamma_obs": 0.0, "gamma_obs_pre": 0.0, "eta_obs": 1.0, "costs": [5.0, 5.0, 0.0001, 0.01, 0.1], "lbd": 300.0, "thresh": 0.5, "r_type": "subpopulation", "t_type": "acceptance", "eta_obs_individualized": NaN, "eta_obs_refits_batch0_mean": 0.884, "model_score": 0.985, "model_f1": 0.988929889298893, "model_refits_batch0_scores": [0.995, 0.97, 0.995, 0.985, 0.98], "model_refits_batch0_f1s": [0.996282527881041, 0.9779411764705882, 0.996282527881041, 0.988929889298893, 0.9851851851851852], "model_coef": [[-0.5930306028896171, 0.8368561266055082, 0.005333506630559723, 0.023932172008233554, 0.9800294583626994], [-12.066944353712943]]}