{"accuracy_pre": 1.0, "accuracy_post": 0.33, "recourse_seeking_ixs": [1374, 1161, 1420, 1669, 1304, 1212, 1098, 1206, 1741, 1463, 1293, 1119, 1567, 1353, 1466, 1601, 1413, 1935, 1506, 1926, 1818, 1823, 1495, 1772, 1890, 1051, 1992, 1965, 1391, 1398, 1520, 1541, 1014, 1624, 1147, 1853, 1213, 1761, 1001, 1960, 1453, 1792, 1354, 1868, 1114, 1723, 1528, 1216, 1474, 1282, 1111, 1065, 1239, 1127, 1234, 1242, 1572, 1838, 1711, 1362, 1496, 1482, 1606, 1938, 1513, 1235, 1182, 1529, 1229, 1316, 1069, 1758, 1331, 1768, 1776, 1246, 1276, 1245, 1643, 1843, 1250, 1308, 1627, 1808, 1286, 1730, 1967, 1615, 1000, 1288, 1903, 1906, 1759, 1519, 1488, 1803, 1802, 1952, 1306, 1038], "recourse_recommended_ixs": [1374, 1161, 1420, 1669, 1304, 1212, 1098, 1206, 1741, 1463, 1293, 1119, 1567, 1353, 1466, 1601, 1413, 1935, 1506, 1926, 1818, 1823, 1495, 1772, 1890, 1051, 1992, 1965, 1391, 1398, 1520, 1541, 1014, 1624, 1147, 1853, 1213, 1761, 1001, 1960, 1453, 1792, 1354, 1868, 1114, 1723, 1528, 1216, 1474, 1282, 1111, 1065, 1239, 1127, 1234, 1242, 1572, 1838, 1711, 1362, 1496, 1482, 1606, 1938, 1513, 1235, 1182, 1529, 1229, 1316, 1069, 1758, 1331, 1768, 1776, 1246, 1276, 1245, 1643, 1843, 1250, 1308, 1627, 1808, 1286, 1730, 1967, 1615, 1000, 1288, 1903, 1906, 1759, 1519, 1488, 1803, 1802, 1952, 1306, 1038], "perc_recomm_found": 1.0, "gamma": 0.95, "eta": 0.95, "gamma_obs": 0.33000001311302185, "gamma_obs_pre": 0.0, "eta_obs": 1.0, "costs": [1.0, 1.0, 1.0], "lbd": 150.0, "thresh": 0.5, "r_type": "subpopulation", "t_type": "acceptance", "eta_obs_individualized": NaN, "eta_obs_refits_batch0_mean": 0.9860000610351562, "model_score": 0.985, "model_f1": 0.9989615784008308, "model_refits_batch0_scores": [1.0, 1.0, 0.999, 0.997, 1.0], "model_refits_batch0_f1s": [1.0, 1.0, 0.9989929506545822, 0.9969909729187563, 1.0], "model_coef": NaN}