{"accuracy_pre": 1.0, "accuracy_post": 0.8541666666666666, "recourse_seeking_ixs": [113, 152, 166, 126, 127, 167, 136, 162, 144, 112, 180, 185, 114, 138, 175, 116, 158, 140, 163, 117, 184, 118, 178, 131, 150, 125, 181, 190, 160, 196, 192, 110, 183, 174, 103, 151, 119, 171, 194, 146, 161, 105, 153, 134, 132, 141, 101, 111], "recourse_recommended_ixs": [113, 152, 166, 126, 127, 167, 136, 162, 144, 112, 180, 185, 114, 138, 175, 116, 158, 140, 163, 117, 184, 118, 178, 131, 150, 125, 181, 190, 160, 196, 192, 110, 183, 174, 103, 151, 119, 171, 194, 146, 161, 105, 153, 134, 132, 141, 101, 111], "perc_recomm_found": 1.0, "gamma": 0.75, "eta": 0.75, "gamma_obs": 0.8541666865348816, "gamma_obs_pre": 0.0, "eta_obs": 1.0, "costs": [1.0, 1.0, 1.0], "lbd": 50.0, "thresh": 0.5, "r_type": "individualized", "t_type": "acceptance", "eta_obs_individualized": NaN, "eta_obs_refits_batch0_mean": 1.0, "model_score": 1.0, "model_f1": 1.0, "model_refits_batch0_scores": [1.0, 1.0, 1.0, 1.0, 1.0], "model_refits_batch0_f1s": [1.0, 1.0, 1.0, 1.0, 1.0], "model_coef": [[0.22587006803911844, 0.4517401360782369, 2.326834950720048], [-0.9436853063599802]]}