{"accuracy_pre": 0.99, "accuracy_post": 0.99, "recourse_seeking_ixs": [1996, 1231, 1226, 1429, 1652, 1464, 1542, 1902, 1623, 1119, 1974, 1686, 1973, 1680, 1412, 1761, 1034, 1204, 1304, 1588, 1881, 1779, 1127, 1581, 1145, 1506, 1157, 1098, 1537, 1326, 1851, 1463, 1688, 1720, 1212, 1669, 1398, 1307, 1007, 1330, 1386, 1148, 1637, 1538, 1361, 1382, 1572, 1821, 1150, 1059, 1069, 1836, 1728, 1151, 1003, 1945, 1502, 1659, 1391, 1593, 1420, 1001, 1193, 1374, 1507, 1802, 1048, 1428, 1666, 1794, 1368, 1336, 1541, 1384, 1513, 1796, 1558, 1804, 1733, 1561, 1280, 1473, 1645, 1132, 1171, 1594, 1011, 1689, 1099, 1449, 1890, 1275, 1006, 1194, 1091, 1928, 1362, 1729, 1141, 1450], "recourse_recommended_ixs": [1996, 1231, 1226, 1429, 1652, 1464, 1542, 1902, 1623, 1119, 1974, 1686, 1973, 1680, 1412, 1761, 1034, 1204, 1304, 1588, 1881, 1779, 1127, 1581, 1145, 1506, 1157, 1098, 1537, 1326, 1851, 1463, 1688, 1720, 1212, 1669, 1398, 1307, 1007, 1330, 1386, 1148, 1637, 1538, 1361, 1382, 1572, 1821, 1150, 1059, 1069, 1836, 1728, 1151, 1003, 1945, 1502, 1659, 1391, 1593, 1420, 1001, 1193, 1374, 1507, 1802, 1048, 1428, 1666, 1794, 1368, 1336, 1541, 1384, 1513, 1796, 1558, 1804, 1733, 1561, 1280, 1473, 1645, 1132, 1171, 1594, 1011, 1689, 1099, 1449, 1890, 1275, 1006, 1194, 1091, 1928, 1362, 1729, 1141, 1450], "perc_recomm_found": 1.0, "gamma": 0.75, "eta": 0.75, "gamma_obs": 1.0, "gamma_obs_pre": 0.009999999776482582, "eta_obs": 0.99, "costs": [1.0, 1.0], "lbd": 150.0, "thresh": 0.5, "r_type": "subpopulation", "t_type": "improvement", "eta_obs_individualized": NaN, "eta_obs_refits_batch0_mean": 0.9899999499320984, "model_score": 0.971, "model_f1": 0.9989304812834224, "model_refits_batch0_scores": [0.999, 0.999, 0.997, 0.996, 0.998], "model_refits_batch0_f1s": [0.9989929506545822, 0.9989929506545822, 0.9969727547931382, 0.995983935742972, 0.9979838709677419], "model_coef": NaN}