{"accuracy_pre": 0.92, "accuracy_post": 0.42, "recourse_seeking_ixs": [281, 385, 226, 251, 362, 215, 315, 236, 269, 369, 375, 273, 336, 393, 209, 343, 234, 348, 223, 252, 283, 299, 357, 255, 380, 330, 207, 391, 237, 377, 287, 354, 386, 247, 305, 278, 306, 339, 225, 262, 384, 208, 224, 308, 333, 264, 245, 214, 388, 328], "recourse_recommended_ixs": [281, 385, 226, 251, 362, 215, 315, 236, 269, 369, 375, 273, 336, 393, 209, 343, 234, 348, 223, 252, 283, 299, 357, 255, 380, 330, 207, 391, 237, 377, 287, 354, 386, 247, 305, 278, 306, 339, 225, 262, 384, 208, 224, 308, 333, 264, 245, 214, 388, 328], "perc_recomm_found": 1.0, "gamma": 0.75, "eta": 0.75, "gamma_obs": 0.41999998688697815, "gamma_obs_pre": 0.07999999821186066, "eta_obs": 1.0, "costs": [1.0, 1.0, 1.0], "lbd": 300.0, "thresh": 0.5, "r_type": "individualized", "t_type": "acceptance", "eta_obs_individualized": NaN, "eta_obs_refits_batch0_mean": 0.4599999785423279, "model_score": 0.87, "model_f1": 0.8869565217391305, "model_refits_batch0_scores": [0.855, 0.88, 0.865, 0.86, 0.875], "model_refits_batch0_f1s": [0.8786610878661087, 0.8938053097345133, 0.8851063829787235, 0.8813559322033899, 0.8888888888888888], "model_coef": [[0.6153571794458655, 0.7133814931806755, 1.1806959858552413], [0.2238839421595373]]}