{"accuracy_pre": 0.92, "accuracy_post": 0.28, "recourse_seeking_ixs": [208, 383, 276, 223, 267, 299, 298, 370, 255, 397, 244, 262, 350, 355, 325, 202, 388, 297, 214, 280, 293, 238, 322, 234, 306, 264, 204, 283, 296, 224, 229, 352, 364, 245, 281, 339, 389, 305, 242, 348, 382, 303, 393, 385, 365, 272, 295, 226, 372, 261], "recourse_recommended_ixs": [208, 383, 276, 223, 267, 299, 298, 370, 255, 397, 244, 262, 350, 355, 325, 202, 388, 297, 214, 280, 293, 238, 322, 234, 306, 264, 204, 283, 296, 224, 229, 352, 364, 245, 281, 339, 389, 305, 242, 348, 382, 303, 393, 385, 365, 272, 295, 226, 372, 261], "perc_recomm_found": 1.0, "gamma": 0.95, "eta": 0.95, "gamma_obs": 0.2800000011920929, "gamma_obs_pre": 0.07999999821186066, "eta_obs": 1.0, "costs": [1.0, 1.0, 1.0], "lbd": 300.0, "thresh": 0.5, "r_type": "individualized", "t_type": "counterfactual", "eta_obs_individualized": NaN, "eta_obs_refits_batch0_mean": 0.8159999847412109, "model_score": 0.88, "model_f1": 0.8846153846153846, "model_refits_batch0_scores": [0.83, 0.865, 0.87, 0.88, 0.85], "model_refits_batch0_f1s": [0.826530612244898, 0.8695652173913043, 0.8712871287128714, 0.883495145631068, 0.8557692307692307], "model_coef": [[-0.027413339841056893, 0.924730769272787, 1.555533137226968], [0.3547870215765537]]}