{"accuracy_pre": 0.94, "accuracy_post": 0.18, "recourse_seeking_ixs": [340, 281, 223, 354, 391, 343, 248, 362, 313, 208, 363, 366, 230, 256, 301, 348, 383, 245, 260, 381, 312, 321, 346, 325, 382, 270, 358, 213, 243, 361, 367, 328, 296, 341, 306, 386, 335, 236, 233, 271, 338, 285, 211, 246, 241, 278, 320, 364, 240, 210], "recourse_recommended_ixs": [340, 281, 223, 354, 391, 343, 248, 362, 313, 208, 363, 366, 230, 256, 301, 348, 383, 245, 260, 381, 312, 321, 346, 325, 382, 270, 358, 213, 243, 361, 367, 328, 296, 341, 306, 386, 335, 236, 233, 271, 338, 285, 211, 246, 241, 278, 320, 364, 240, 210], "perc_recomm_found": 1.0, "gamma": 0.95, "eta": 0.95, "gamma_obs": 0.18000000715255737, "gamma_obs_pre": 0.05999999865889549, "eta_obs": 1.0, "costs": [1.0, 1.0, 1.0], "lbd": 300.0, "thresh": 0.5, "r_type": "subpopulation", "t_type": "acceptance", "eta_obs_individualized": NaN, "eta_obs_refits_batch0_mean": 0.8479999303817749, "model_score": 0.875, "model_f1": 0.8780487804878048, "model_refits_batch0_scores": [0.855, 0.865, 0.875, 0.86, 0.865], "model_refits_batch0_f1s": [0.862559241706161, 0.8682926829268293, 0.8768472906403941, 0.8640776699029127, 0.8682926829268293], "model_coef": [[0.452635204991619, 0.16060568576669998, 1.0671520552226303], [-0.5292932973234105]]}