{"accuracy_pre": 0.9, "accuracy_post": 0.43, "recourse_seeking_ixs": [663, 702, 862, 895, 734, 651, 685, 939, 719, 816, 897, 602, 745, 504, 568, 898, 790, 638, 584, 586, 542, 798, 595, 547, 884, 998, 522, 877, 502, 575, 639, 953, 564, 979, 959, 718, 559, 940, 593, 915, 553, 765, 795, 803, 626, 906, 635, 835, 813, 736, 565, 505, 876, 779, 992, 827, 578, 905, 609, 962, 997, 705, 527, 842, 811, 563, 853, 825, 845, 572, 608, 744, 717, 778, 546, 669, 929, 644, 712, 771, 966, 994, 850, 687, 523, 855, 548, 899, 894, 976, 903, 528, 549, 890, 767, 703, 665, 822, 987, 727], "recourse_recommended_ixs": [663, 702, 862, 895, 734, 651, 685, 939, 719, 816, 897, 602, 745, 504, 568, 898, 790, 638, 584, 586, 542, 798, 595, 547, 884, 998, 522, 877, 502, 575, 639, 953, 564, 979, 959, 718, 559, 940, 593, 915, 553, 765, 795, 803, 626, 906, 635, 835, 813, 736, 565, 505, 876, 779, 992, 827, 578, 905, 609, 962, 997, 705, 527, 842, 811, 563, 853, 825, 845, 572, 608, 744, 717, 778, 546, 669, 929, 644, 712, 771, 966, 994, 850, 687, 523, 855, 548, 899, 894, 976, 903, 528, 549, 890, 767, 703, 665, 822, 987, 727], "perc_recomm_found": 1.0, "gamma": 0.75, "eta": 0.75, "gamma_obs": 0.17000000178813934, "gamma_obs_pre": 0.10000000149011612, "eta_obs": 1.0, "costs": [1.0, 1.0, 1.0], "lbd": 300.0, "thresh": 0.5, "r_type": "individualized", "t_type": "acceptance", "eta_obs_individualized": NaN, "eta_obs_refits_batch0_mean": 0.34200000762939453, "model_score": 0.854, "model_f1": 0.8270042194092827, "model_refits_batch0_scores": [0.824, 0.834, 0.834, 0.808, 0.818], "model_refits_batch0_f1s": [0.817427385892116, 0.8245243128964059, 0.8230277185501067, 0.799163179916318, 0.7945823927765236], "model_coef": NaN}