{"accuracy_pre": 0.04, "accuracy_post": 0.7, "recourse_seeking_ixs": [1111, 1376, 1305, 1103, 1752, 1073, 1577, 1148, 1782, 1349, 1249, 1727, 1149, 1081, 1422, 1536, 1482, 1145, 1523, 1354, 1027, 1099, 1570, 1070, 1976, 1325, 1516, 1336, 1299, 1105, 1333, 1100, 1925, 1961, 1142, 1829, 1952, 1235, 1613, 1043, 1845, 1011, 1748, 1646, 1680, 1029, 1237, 1129, 1704, 1276, 1605, 1767, 1215, 1330, 1816, 1378, 1283, 1097, 1919, 1271, 1406, 1911, 1555, 1233, 1449, 1306, 1464, 1005, 1351, 1039, 1661, 1430, 1171, 1308, 1744, 1833, 1166, 1122, 1575, 1329, 1682, 1154, 1498, 1483, 1170, 1620, 1966, 1736, 1412, 1008, 1658, 1876, 1897, 1632, 1379, 1841, 1211, 1566, 1380, 1649], "recourse_recommended_ixs": [1376, 1752, 1073, 1577, 1782, 1349, 1249, 1727, 1081, 1536, 1482, 1145, 1354, 1027, 1099, 1570, 1976, 1325, 1336, 1105, 1333, 1100, 1952, 1235, 1043, 1748, 1680, 1029, 1237, 1129, 1704, 1276, 1605, 1767, 1215, 1330, 1816, 1378, 1283, 1097, 1406, 1233, 1306, 1005, 1351, 1039, 1661, 1430, 1171, 1744, 1833, 1166, 1122, 1575, 1329, 1682, 1154, 1498, 1483, 1170, 1620, 1966, 1736, 1658, 1876, 1897, 1379, 1841, 1566, 1380], "perc_recomm_found": 0.7, "gamma": 0.95, "eta": 0.95, "gamma_obs": 1.0, "gamma_obs_pre": 0.9571428298950195, "eta_obs": 1.0, "costs": [1.0, 1.0], "lbd": 150.0, "thresh": 0.5, "r_type": "subpopulation", "t_type": "improvement", "eta_obs_individualized": NaN, "eta_obs_refits_batch0_mean": 1.0, "model_score": 0.014, "model_f1": 1.0, "model_refits_batch0_scores": [0.998, 0.998, 0.995, 0.995, 0.998], "model_refits_batch0_f1s": [0.9979674796747968, 0.9979674796747968, 0.9949031600407746, 0.9949031600407746, 0.9979674796747968], "model_coef": NaN}