{"accuracy_pre": 0.8, "accuracy_post": 0.36, "recourse_seeking_ixs": [326, 379, 390, 208, 349, 206, 286, 292, 276, 395, 282, 324, 331, 293, 385, 351, 389, 363, 394, 209, 200, 290, 231, 398, 257, 255, 353, 360, 377, 388, 373, 393, 317, 254, 241, 386, 323, 234, 239, 249, 352, 384, 263, 270, 253, 340, 374, 330, 337, 297], "recourse_recommended_ixs": [326, 379, 390, 208, 349, 206, 286, 292, 276, 395, 282, 324, 331, 293, 385, 351, 389, 363, 394, 209, 200, 290, 231, 398, 257, 255, 353, 360, 377, 388, 373, 393, 317, 254, 241, 386, 323, 234, 239, 249, 352, 384, 263, 270, 253, 340, 374, 330, 337, 297], "perc_recomm_found": 1.0, "gamma": 0.75, "eta": 0.75, "gamma_obs": 0.36000001430511475, "gamma_obs_pre": 0.20000000298023224, "eta_obs": 1.0, "costs": [1.0, 1.0, 1.0], "lbd": 300.0, "thresh": 0.5, "r_type": "individualized", "t_type": "counterfactual", "eta_obs_individualized": NaN, "eta_obs_refits_batch0_mean": 0.7800000309944153, "model_score": 0.845, "model_f1": 0.8426395939086294, "model_refits_batch0_scores": [0.83, 0.85, 0.845, 0.85, 0.85], "model_refits_batch0_f1s": [0.8210526315789474, 0.8469387755102041, 0.8426395939086294, 0.8453608247422681, 0.8529411764705883], "model_coef": [[0.3649932329484359, 0.048490336368937896, 0.7297688937818009], [-0.3313201747853932]]}