{"accuracy_pre": 0.86, "accuracy_post": 0.94, "recourse_seeking_ixs": [324, 249, 307, 313, 208, 375, 360, 385, 245, 376, 267, 369, 339, 210, 238, 314, 332, 362, 331, 302, 378, 239, 219, 387, 395, 344, 353, 309, 300, 236, 274, 296, 280, 229, 256, 244, 201, 365, 240, 285, 361, 316, 292, 217, 373, 221, 342, 268, 388, 389], "recourse_recommended_ixs": [324, 249, 307, 313, 208, 375, 360, 385, 245, 376, 267, 369, 339, 210, 238, 314, 332, 362, 331, 302, 378, 239, 219, 387, 395, 344, 353, 309, 300, 236, 274, 296, 280, 229, 256, 244, 201, 365, 240, 285, 361, 316, 292, 217, 373, 221, 342, 268, 388, 389], "perc_recomm_found": 1.0, "gamma": 0.9, "eta": 0.9, "gamma_obs": 0.9399999976158142, "gamma_obs_pre": 0.14000000059604645, "eta_obs": 1.0, "costs": [1.0, 1.0], "lbd": 300.0, "thresh": 0.5, "r_type": "individualized", "t_type": "improvement", "eta_obs_individualized": 0.94, "eta_obs_refits_batch0_mean": 0.9919999837875366, "model_score": 0.845, "model_f1": 0.8426395939086295, "model_refits_batch0_scores": [0.835, 0.825, 0.825, 0.84, 0.835], "model_refits_batch0_f1s": [0.8341708542713568, 0.8167539267015707, 0.8205128205128205, 0.836734693877551, 0.8307692307692308], "model_coef": [[-0.6699833114956859, 0.22484049456811017, 1.0717938874424642], [-0.6204087413136883]]}