{"accuracy_pre": 0.82, "accuracy_post": 0.58, "recourse_seeking_ixs": [517, 545, 881, 899, 711, 513, 647, 593, 893, 878, 708, 968, 973, 837, 600, 914, 948, 753, 507, 833, 790, 691, 960, 947, 699, 734, 917, 502, 565, 659, 534, 572, 829, 656, 515, 904, 965, 750, 906, 583, 632, 701, 929, 715, 667, 811, 858, 793, 776, 574, 530, 988, 587, 514, 599, 630, 702, 792, 863, 606, 835, 848, 543, 516, 623, 779, 680, 550, 937, 798, 568, 846, 541, 721, 564, 540, 663, 972, 610, 728, 954, 567, 980, 698, 671, 832, 927, 814, 539, 946, 635, 717, 853, 802, 744, 522, 720, 655, 754, 783], "recourse_recommended_ixs": [517, 545, 881, 899, 711, 513, 647, 593, 893, 878, 708, 968, 973, 837, 600, 914, 948, 753, 507, 833, 790, 691, 960, 947, 699, 734, 917, 502, 565, 659, 534, 572, 829, 656, 515, 904, 965, 750, 906, 583, 632, 701, 929, 715, 667, 811, 858, 793, 776, 574, 530, 988, 587, 514, 599, 630, 702, 792, 863, 606, 835, 848, 543, 516, 623, 779, 680, 550, 937, 798, 568, 846, 541, 721, 564, 540, 663, 972, 610, 728, 954, 567, 980, 698, 671, 832, 927, 814, 539, 946, 635, 717, 853, 802, 744, 522, 720, 655, 754, 783], "perc_recomm_found": 1.0, "gamma": 0.95, "eta": 0.95, "gamma_obs": 0.47999998927116394, "gamma_obs_pre": 0.18000000715255737, "eta_obs": 1.0, "costs": [1.0, 1.0, 1.0], "lbd": 300.0, "thresh": 0.5, "r_type": "subpopulation", "t_type": "counterfactual", "eta_obs_individualized": NaN, "eta_obs_refits_batch0_mean": 0.578000009059906, "model_score": 0.872, "model_f1": 0.8577235772357723, "model_refits_batch0_scores": [0.89, 0.896, 0.876, 0.878, 0.874], "model_refits_batch0_f1s": [0.8842105263157893, 0.8884120171673819, 0.869198312236287, 0.8742268041237113, 0.8711656441717791], "model_coef": NaN}