{"accuracy_pre": 0.86, "accuracy_post": 0.52, "recourse_seeking_ixs": [330, 248, 278, 362, 270, 377, 219, 214, 289, 254, 253, 383, 315, 365, 388, 332, 228, 320, 397, 333, 206, 256, 226, 384, 370, 211, 345, 221, 307, 356, 280, 396, 339, 392, 311, 277, 378, 204, 286, 310, 202, 296, 261, 300, 305, 213, 343, 382, 263, 354], "recourse_recommended_ixs": [330, 248, 278, 362, 270, 377, 219, 214, 289, 254, 253, 383, 315, 365, 388, 332, 228, 320, 397, 333, 206, 256, 226, 384, 370, 211, 345, 221, 307, 356, 280, 396, 339, 392, 311, 277, 378, 204, 286, 310, 202, 296, 261, 300, 305, 213, 343, 382, 263, 354], "perc_recomm_found": 1.0, "gamma": 0.9, "eta": 0.9, "gamma_obs": 0.5199999809265137, "gamma_obs_pre": 0.14000000059604645, "eta_obs": 1.0, "costs": [1.0, 1.0, 1.0], "lbd": 300.0, "thresh": 0.5, "r_type": "individualized", "t_type": "counterfactual", "eta_obs_individualized": NaN, "eta_obs_refits_batch0_mean": 0.15600000321865082, "model_score": 0.89, "model_f1": 0.8854166666666667, "model_refits_batch0_scores": [0.895, 0.9, 0.885, 0.9, 0.885], "model_refits_batch0_f1s": [0.8911917098445595, 0.8969072164948454, 0.8783068783068784, 0.8936170212765957, 0.877005347593583], "model_coef": [[0.5562951945848923, 0.8524372481559553, 1.2220424615268621], [-0.12647821144284876]]}