{"accuracy_pre": 0.86, "accuracy_post": 0.46, "recourse_seeking_ixs": [295, 215, 337, 353, 323, 207, 200, 275, 219, 256, 389, 390, 267, 349, 344, 324, 373, 363, 357, 345, 319, 270, 242, 341, 396, 234, 346, 343, 246, 299, 278, 226, 296, 287, 364, 233, 290, 338, 321, 281, 320, 308, 259, 205, 381, 356, 227, 240, 317, 225], "recourse_recommended_ixs": [295, 215, 337, 353, 323, 207, 200, 275, 219, 256, 389, 390, 267, 349, 344, 324, 373, 363, 357, 345, 319, 270, 242, 341, 396, 234, 346, 343, 246, 299, 278, 226, 296, 287, 364, 233, 290, 338, 321, 281, 320, 308, 259, 205, 381, 356, 227, 240, 317, 225], "perc_recomm_found": 1.0, "gamma": 0.95, "eta": 0.95, "gamma_obs": 0.46000000834465027, "gamma_obs_pre": 0.14000000059604645, "eta_obs": 1.0, "costs": [1.0, 1.0, 1.0], "lbd": 300.0, "thresh": 0.5, "r_type": "subpopulation", "t_type": "acceptance", "eta_obs_individualized": NaN, "eta_obs_refits_batch0_mean": 0.4880000054836273, "model_score": 0.87, "model_f1": 0.8686868686868686, "model_refits_batch0_scores": [0.88, 0.875, 0.885, 0.875, 0.87], "model_refits_batch0_f1s": [0.8811881188118813, 0.8768472906403941, 0.8820512820512821, 0.8743718592964823, 0.8712871287128713], "model_coef": [[0.5973060525956149, 0.5490749690946854, 0.8257387641071899], [0.15002915213603144]]}