{"accuracy_pre": 1.0, "accuracy_post": 1.0, "recourse_seeking_ixs": [1952, 1240, 1996, 1081, 1386, 1917, 1518, 1351, 1073, 1661, 1811, 1592, 1936, 1253, 1909, 1271, 1246, 1486, 1026, 1525, 1559, 1422, 1421, 1605, 1828, 1502, 1730, 1453, 1829, 1037, 1937, 1357, 1733, 1786, 1211, 1563, 1074, 1512, 1792, 1804, 1708, 1129, 1537, 1263, 1980, 1799, 1714, 1154, 1906, 1677, 1221, 1669, 1759, 1148, 1855, 1737, 1524, 1155, 1671, 1994, 1918, 1327, 1455, 1172, 1044, 1582, 1104, 1467, 1113, 1188, 1821, 1137, 1168, 1495, 1586, 1218, 1846, 1063, 1971, 1418, 1882, 1478, 1244, 1431, 1767, 1227, 1025, 1878, 1433, 1068, 1180, 1476, 1284, 1498, 1674, 1838, 1350, 1432, 1802, 1135], "recourse_recommended_ixs": [1952, 1240, 1996, 1081, 1386, 1917, 1518, 1351, 1073, 1661, 1811, 1592, 1936, 1253, 1909, 1271, 1246, 1486, 1026, 1525, 1559, 1422, 1421, 1605, 1828, 1502, 1730, 1453, 1829, 1037, 1937, 1357, 1733, 1786, 1211, 1563, 1074, 1512, 1792, 1804, 1708, 1129, 1537, 1263, 1980, 1799, 1714, 1154, 1906, 1677, 1221, 1669, 1759, 1148, 1855, 1737, 1524, 1155, 1671, 1994, 1918, 1327, 1455, 1172, 1044, 1582, 1104, 1467, 1113, 1188, 1821, 1137, 1168, 1495, 1586, 1218, 1846, 1063, 1971, 1418, 1882, 1478, 1244, 1431, 1767, 1227, 1025, 1878, 1433, 1068, 1180, 1476, 1284, 1498, 1674, 1838, 1350, 1432, 1802, 1135], "perc_recomm_found": 1.0, "gamma": 0.95, "eta": 0.95, "gamma_obs": 1.0, "gamma_obs_pre": 0.0, "eta_obs": 1.0, "costs": [1.0, 1.0, 1.0], "lbd": 150.0, "thresh": 0.5, "r_type": "individualized", "t_type": "improvement", "eta_obs_individualized": 1.0, "eta_obs_refits_batch0_mean": 1.0, "model_score": 0.934, "model_f1": 0.9959100204498978, "model_refits_batch0_scores": [1.0, 0.996, 0.999, 0.996, 0.998], "model_refits_batch0_f1s": [1.0, 0.9959100204498978, 0.9989827060020345, 0.9959100204498978, 0.9979591836734694], "model_coef": NaN}