{"accuracy_pre": 1.0, "accuracy_post": 0.63, "recourse_seeking_ixs": [1385, 1540, 1317, 1039, 1382, 1953, 1437, 1057, 1996, 1342, 1467, 1552, 1070, 1458, 1284, 1110, 1645, 1199, 1823, 1852, 1713, 1161, 1036, 1757, 1820, 1233, 1289, 1819, 1964, 1895, 1503, 1150, 1360, 1938, 1131, 1742, 1415, 1738, 1621, 1162, 1213, 1709, 1736, 1594, 1842, 1740, 1179, 1433, 1344, 1055, 1787, 1571, 1310, 1495, 1352, 1991, 1274, 1373, 1899, 1034, 1313, 1569, 1101, 1177, 1290, 1519, 1063, 1176, 1677, 1883, 1452, 1468, 1873, 1077, 1269, 1347, 1564, 1372, 1575, 1707, 1196, 1308, 1734, 1267, 1363, 1291, 1650, 1839, 1343, 1119, 1481, 1285, 1475, 1716, 1913, 1103, 1410, 1995, 1404, 1606], "recourse_recommended_ixs": [1385, 1540, 1317, 1039, 1382, 1953, 1437, 1057, 1996, 1342, 1467, 1552, 1070, 1458, 1284, 1110, 1645, 1199, 1823, 1852, 1713, 1161, 1036, 1757, 1820, 1233, 1289, 1819, 1964, 1895, 1503, 1150, 1360, 1938, 1131, 1742, 1415, 1738, 1621, 1162, 1213, 1709, 1736, 1594, 1842, 1740, 1179, 1433, 1344, 1055, 1787, 1571, 1310, 1495, 1352, 1991, 1274, 1373, 1899, 1034, 1313, 1569, 1101, 1177, 1290, 1519, 1063, 1176, 1677, 1883, 1452, 1468, 1873, 1077, 1269, 1347, 1564, 1372, 1575, 1707, 1196, 1308, 1734, 1267, 1363, 1291, 1650, 1839, 1343, 1119, 1481, 1285, 1475, 1716, 1913, 1103, 1410, 1995, 1404, 1606], "perc_recomm_found": 1.0, "gamma": 0.75, "eta": 0.75, "gamma_obs": 0.6299999952316284, "gamma_obs_pre": 0.0, "eta_obs": 1.0, "costs": [1.0, 1.0, 1.0], "lbd": 150.0, "thresh": 0.5, "r_type": "individualized", "t_type": "acceptance", "eta_obs_individualized": NaN, "eta_obs_refits_batch0_mean": 0.9959999918937683, "model_score": 0.997, "model_f1": 1.0, "model_refits_batch0_scores": [0.999, 0.996, 0.996, 0.996, 0.996], "model_refits_batch0_f1s": [0.9990009990009989, 0.9959919839679359, 0.9959919839679359, 0.9959919839679359, 0.9959919839679359], "model_coef": NaN}