{"accuracy_pre": 1.0, "accuracy_post": 0.27, "recourse_seeking_ixs": [1704, 1847, 1008, 1880, 1256, 1655, 1579, 1204, 1684, 1693, 1961, 1324, 1391, 1348, 1680, 1402, 1072, 1952, 1369, 1692, 1453, 1170, 1494, 1014, 1316, 1491, 1144, 1549, 1904, 1042, 1248, 1385, 1482, 1889, 1094, 1607, 1492, 1476, 1308, 1334, 1449, 1030, 1983, 1272, 1025, 1557, 1606, 1270, 1255, 1570, 1550, 1424, 1467, 1006, 1127, 1839, 1738, 1001, 1089, 1015, 1379, 1323, 1874, 1157, 1615, 1288, 1171, 1750, 1375, 1099, 1519, 1319, 1863, 1772, 1282, 1900, 1346, 1516, 1823, 1685, 1158, 1879, 1434, 1165, 1398, 1768, 1559, 1890, 1968, 1960, 1734, 1808, 1239, 1762, 1457, 1474, 1362, 1428, 1284, 1206], "recourse_recommended_ixs": [1704, 1847, 1008, 1880, 1256, 1655, 1579, 1204, 1684, 1693, 1961, 1324, 1391, 1348, 1680, 1402, 1072, 1952, 1369, 1692, 1453, 1170, 1494, 1014, 1316, 1491, 1144, 1549, 1904, 1042, 1248, 1385, 1482, 1889, 1094, 1607, 1492, 1476, 1308, 1334, 1449, 1030, 1983, 1272, 1025, 1557, 1606, 1270, 1255, 1570, 1550, 1424, 1467, 1006, 1127, 1839, 1738, 1001, 1089, 1015, 1379, 1323, 1874, 1157, 1615, 1288, 1171, 1750, 1375, 1099, 1519, 1319, 1863, 1772, 1282, 1900, 1346, 1516, 1823, 1685, 1158, 1879, 1434, 1165, 1398, 1768, 1559, 1890, 1968, 1960, 1734, 1808, 1239, 1762, 1457, 1474, 1362, 1428, 1284, 1206], "perc_recomm_found": 1.0, "gamma": 0.75, "eta": 0.75, "gamma_obs": 0.25, "gamma_obs_pre": 0.0, "eta_obs": 0.98, "costs": [1.0, 1.0, 1.0], "lbd": 150.0, "thresh": 0.5, "r_type": "individualized", "t_type": "counterfactual", "eta_obs_individualized": NaN, "eta_obs_refits_batch0_mean": 0.6840000152587891, "model_score": 0.816, "model_f1": 0.9989417989417989, "model_refits_batch0_scores": [0.998, 0.998, 0.998, 0.998, 0.998], "model_refits_batch0_f1s": [0.9979879275653923, 0.9979879275653923, 0.9979879275653923, 0.9979879275653923, 0.9979879275653923], "model_coef": [[-2.3825008588811247, -2.9781260199919783, 3.5658733069994097], [-1.936896338597984]]}