{"accuracy_pre": 0.88, "accuracy_post": 0.3, "recourse_seeking_ixs": [632, 679, 951, 878, 736, 697, 829, 796, 734, 842, 905, 607, 611, 794, 596, 593, 569, 733, 866, 750, 543, 863, 837, 805, 642, 986, 554, 948, 780, 762, 764, 739, 838, 744, 775, 800, 522, 509, 743, 909, 511, 674, 615, 893, 875, 694, 895, 828, 830, 738, 801, 622, 570, 754, 660, 991, 617, 707, 677, 720, 883, 880, 814, 931, 806, 913, 727, 630, 944, 656, 620, 980, 852, 523, 608, 761, 514, 646, 977, 927, 818, 663, 627, 548, 541, 605, 910, 676, 984, 962, 974, 722, 712, 772, 533, 657, 914, 756, 988, 817], "recourse_recommended_ixs": [632, 679, 951, 878, 736, 697, 829, 796, 734, 842, 905, 607, 611, 794, 596, 593, 569, 733, 866, 750, 543, 863, 837, 805, 642, 986, 554, 948, 780, 762, 764, 739, 838, 744, 775, 800, 522, 509, 743, 909, 511, 674, 615, 893, 875, 694, 895, 828, 830, 738, 801, 622, 570, 754, 660, 991, 617, 707, 677, 720, 883, 880, 814, 931, 806, 913, 727, 630, 944, 656, 620, 980, 852, 523, 608, 761, 514, 646, 977, 927, 818, 663, 627, 548, 541, 605, 910, 676, 984, 962, 974, 722, 712, 772, 533, 657, 914, 756, 988, 817], "perc_recomm_found": 1.0, "gamma": 0.95, "eta": 0.95, "gamma_obs": 0.28999999165534973, "gamma_obs_pre": 0.11999999731779099, "eta_obs": 0.97, "costs": [1.0, 1.0, 1.0], "lbd": 300.0, "thresh": 0.5, "r_type": "individualized", "t_type": "counterfactual", "eta_obs_individualized": NaN, "eta_obs_refits_batch0_mean": 0.38199999928474426, "model_score": 0.86, "model_f1": 0.8451882845188285, "model_refits_batch0_scores": [0.848, 0.852, 0.822, 0.838, 0.836], "model_refits_batch0_f1s": [0.8396624472573839, 0.8445378151260504, 0.8086021505376344, 0.8258064516129033, 0.8270042194092827], "model_coef": NaN}