{"accuracy_pre": 0.9, "accuracy_post": 0.52, "recourse_seeking_ixs": [359, 300, 259, 393, 337, 261, 332, 225, 317, 284, 208, 275, 292, 296, 293, 253, 366, 331, 308, 258, 380, 336, 312, 379, 363, 328, 246, 294, 281, 274, 244, 387, 271, 280, 295, 232, 207, 302, 330, 367, 245, 226, 286, 361, 349, 229, 268, 356, 388, 228], "recourse_recommended_ixs": [359, 300, 259, 393, 337, 261, 332, 225, 317, 284, 208, 275, 292, 296, 293, 253, 366, 331, 308, 258, 380, 336, 312, 379, 363, 328, 246, 294, 281, 274, 244, 387, 271, 280, 295, 232, 207, 302, 330, 367, 245, 226, 286, 361, 349, 229, 268, 356, 388, 228], "perc_recomm_found": 1.0, "gamma": 0.75, "eta": 0.75, "gamma_obs": 0.5199999809265137, "gamma_obs_pre": 0.10000000149011612, "eta_obs": 1.0, "costs": [1.0, 1.0, 1.0], "lbd": 300.0, "thresh": 0.5, "r_type": "individualized", "t_type": "counterfactual", "eta_obs_individualized": NaN, "eta_obs_refits_batch0_mean": 0.800000011920929, "model_score": 0.87, "model_f1": 0.8505747126436781, "model_refits_batch0_scores": [0.875, 0.875, 0.87, 0.875, 0.855], "model_refits_batch0_f1s": [0.8538011695906433, 0.8603351955307263, 0.8452380952380953, 0.8538011695906433, 0.8304093567251463], "model_coef": [[0.6189032503937344, 0.8304628547788736, 1.2502856571743606], [-0.2857744472837757]]}