{"accuracy_pre": 0.79, "accuracy_post": 0.48, "recourse_seeking_ixs": [514, 962, 518, 690, 986, 618, 588, 803, 985, 735, 933, 885, 829, 528, 615, 894, 576, 982, 929, 500, 964, 938, 593, 626, 963, 891, 865, 953, 793, 906, 552, 778, 897, 520, 967, 931, 984, 741, 821, 665, 649, 782, 516, 771, 507, 922, 738, 866, 642, 652, 810, 863, 722, 677, 726, 930, 657, 801, 560, 688, 715, 542, 954, 860, 666, 785, 919, 748, 575, 808, 916, 976, 708, 861, 603, 607, 761, 903, 501, 849, 830, 927, 651, 749, 859, 599, 589, 503, 565, 623, 848, 544, 997, 911, 820, 762, 902, 913, 851, 928], "recourse_recommended_ixs": [514, 962, 518, 690, 986, 618, 588, 803, 985, 735, 933, 885, 829, 528, 615, 894, 576, 982, 929, 500, 964, 938, 593, 626, 963, 891, 865, 953, 793, 906, 552, 778, 897, 520, 967, 931, 984, 741, 821, 665, 649, 782, 516, 771, 507, 922, 738, 866, 642, 652, 810, 863, 722, 677, 726, 930, 657, 801, 560, 688, 715, 542, 954, 860, 666, 785, 919, 748, 575, 808, 916, 976, 708, 861, 603, 607, 761, 903, 501, 849, 830, 927, 651, 749, 859, 599, 589, 503, 565, 623, 848, 544, 997, 911, 820, 762, 902, 913, 851, 928], "perc_recomm_found": 1.0, "gamma": 0.75, "eta": 0.75, "gamma_obs": 0.3799999952316284, "gamma_obs_pre": 0.20999999344348907, "eta_obs": 0.96, "costs": [1.0, 1.0, 1.0], "lbd": 300.0, "thresh": 0.5, "r_type": "subpopulation", "t_type": "acceptance", "eta_obs_individualized": NaN, "eta_obs_refits_batch0_mean": 0.3799999952316284, "model_score": 0.832, "model_f1": 0.8282442748091603, "model_refits_batch0_scores": [0.86, 0.85, 0.838, 0.826, 0.826], "model_refits_batch0_f1s": [0.8504273504273505, 0.8351648351648353, 0.8235294117647058, 0.8062360801781737, 0.8027210884353743], "model_coef": NaN}