{"accuracy_pre": 0.75, "accuracy_post": 0.9, "recourse_seeking_ixs": [653, 503, 677, 826, 825, 988, 526, 970, 834, 859, 828, 533, 805, 775, 910, 975, 707, 731, 803, 565, 621, 517, 861, 732, 973, 830, 516, 636, 538, 954, 979, 877, 857, 871, 738, 535, 780, 858, 627, 772, 511, 536, 952, 924, 990, 848, 680, 634, 582, 758, 914, 545, 808, 659, 873, 751, 833, 571, 558, 896, 959, 907, 761, 730, 779, 578, 843, 643, 936, 864, 570, 692, 592, 699, 548, 676, 507, 874, 855, 856, 980, 638, 650, 912, 630, 524, 719, 943, 693, 951, 656, 528, 788, 958, 769, 822, 657, 700, 888, 647], "recourse_recommended_ixs": [503, 826, 825, 988, 526, 970, 834, 859, 828, 533, 775, 910, 975, 731, 565, 732, 973, 516, 636, 954, 979, 877, 857, 871, 738, 780, 858, 627, 772, 511, 536, 952, 990, 848, 680, 634, 582, 914, 545, 808, 659, 873, 751, 833, 571, 558, 896, 959, 907, 761, 730, 779, 843, 936, 864, 570, 592, 699, 676, 507, 874, 855, 856, 980, 638, 650, 912, 630, 524, 719, 943, 693, 951, 656, 528, 788, 958, 769, 822, 657, 700, 888, 647], "perc_recomm_found": 0.83, "gamma": 0.95, "eta": 0.95, "gamma_obs": 0.9759036302566528, "gamma_obs_pre": 0.27710843086242676, "eta_obs": 0.927710843373494, "costs": [1.0, 1.0], "lbd": 300.0, "thresh": 0.5, "r_type": "individualized", "t_type": "improvement", "eta_obs_individualized": 0.9879518072289156, "eta_obs_refits_batch0_mean": 0.8506024479866028, "model_score": 0.756, "model_f1": 0.7816091954022989, "model_refits_batch0_scores": [0.796, 0.788, 0.812, 0.74, 0.776], "model_refits_batch0_f1s": [0.7943548387096774, 0.7845528455284553, 0.8016877637130803, 0.75, 0.7575757575757576], "model_coef": NaN}