{"accuracy_pre": 1.0, "accuracy_post": 0.95, "recourse_seeking_ixs": [1119, 1518, 1425, 1204, 1306, 1065, 1818, 1059, 1537, 1916, 1512, 1543, 1883, 1954, 1257, 1161, 1154, 1952, 1326, 1455, 1708, 1256, 1006, 1652, 1182, 1863, 1959, 1279, 1042, 1336, 1803, 1084, 1602, 1229, 1681, 1303, 1158, 1964, 1519, 1305, 1034, 1447, 1259, 1212, 1375, 1250, 1436, 1805, 1218, 1668, 1700, 1147, 1731, 1691, 1440, 1612, 1108, 1016, 1843, 1550, 1464, 1720, 1723, 1470, 1768, 1103, 1869, 1779, 1701, 1255, 1486, 1671, 1238, 1332, 1007, 1270, 1615, 1658, 1298, 1386, 1792, 1695, 1248, 1918, 1538, 1570, 1894, 1495, 1272, 1742, 1680, 1374, 1974, 1741, 1561, 1235, 1692, 1976, 1307, 1473], "recourse_recommended_ixs": [1119, 1518, 1425, 1204, 1306, 1065, 1818, 1059, 1537, 1916, 1512, 1543, 1883, 1954, 1257, 1161, 1154, 1952, 1326, 1455, 1708, 1256, 1006, 1652, 1182, 1863, 1959, 1279, 1042, 1336, 1803, 1084, 1602, 1229, 1681, 1303, 1158, 1964, 1519, 1305, 1034, 1447, 1259, 1212, 1375, 1250, 1436, 1805, 1218, 1668, 1700, 1147, 1731, 1691, 1440, 1612, 1108, 1016, 1843, 1550, 1464, 1720, 1723, 1470, 1768, 1103, 1869, 1779, 1701, 1255, 1486, 1671, 1238, 1332, 1007, 1270, 1615, 1658, 1298, 1386, 1792, 1695, 1248, 1918, 1538, 1570, 1894, 1495, 1272, 1742, 1680, 1374, 1974, 1741, 1561, 1235, 1692, 1976, 1307, 1473], "perc_recomm_found": 1.0, "gamma": 0.95, "eta": 0.95, "gamma_obs": 1.0, "gamma_obs_pre": 0.0, "eta_obs": 0.95, "costs": [1.0, 1.0, 1.0], "lbd": 150.0, "thresh": 0.5, "r_type": "subpopulation", "t_type": "improvement", "eta_obs_individualized": NaN, "eta_obs_refits_batch0_mean": 0.949999988079071, "model_score": 0.985, "model_f1": 0.9926854754440961, "model_refits_batch0_scores": [0.996, 0.999, 0.996, 0.998, 0.993], "model_refits_batch0_f1s": [0.995967741935484, 0.9989929506545822, 0.9959919839679359, 0.9979919678714859, 0.993006993006993], "model_coef": NaN}