{"accuracy_pre": 0.99, "accuracy_post": 0.59, "recourse_seeking_ixs": [1875, 1210, 1886, 1788, 1004, 1201, 1921, 1879, 1683, 1646, 1884, 1757, 1795, 1564, 1481, 1161, 1223, 1681, 1935, 1870, 1660, 1212, 1616, 1443, 1541, 1740, 1638, 1900, 1924, 1288, 1308, 1888, 1499, 1641, 1560, 1781, 1588, 1816, 1505, 1906, 1807, 1861, 1801, 1736, 1680, 1435, 1498, 1225, 1088, 1476, 1645, 1994, 1464, 1679, 1067, 1595, 1907, 1969, 1016, 1821, 1999, 1263, 1633, 1076, 1568, 1216, 1256, 1502, 1131, 1674, 1793, 1865, 1940, 1835, 1745, 1162, 1276, 1219, 1332, 1224, 1293, 1101, 1342, 1267, 1982, 1964, 1014, 1998, 1486, 1557, 1624, 1132, 1538, 1315, 1991, 1540, 1484, 1462, 1708, 1629], "recourse_recommended_ixs": [1875, 1210, 1886, 1788, 1004, 1201, 1921, 1879, 1683, 1646, 1884, 1757, 1795, 1564, 1481, 1161, 1223, 1681, 1935, 1870, 1660, 1212, 1616, 1443, 1541, 1740, 1638, 1900, 1924, 1288, 1308, 1888, 1499, 1641, 1560, 1781, 1588, 1816, 1505, 1906, 1807, 1861, 1801, 1736, 1680, 1435, 1498, 1225, 1088, 1476, 1645, 1994, 1464, 1679, 1067, 1595, 1907, 1969, 1016, 1821, 1999, 1263, 1633, 1076, 1568, 1216, 1256, 1502, 1131, 1674, 1793, 1865, 1940, 1835, 1745, 1162, 1276, 1219, 1332, 1224, 1293, 1101, 1342, 1267, 1982, 1964, 1014, 1998, 1486, 1557, 1624, 1132, 1538, 1315, 1991, 1540, 1484, 1462, 1708, 1629], "perc_recomm_found": 1.0, "gamma": 0.95, "eta": 0.95, "gamma_obs": 0.5899999737739563, "gamma_obs_pre": 0.009999999776482582, "eta_obs": 1.0, "costs": [1.0, 1.0, 1.0], "lbd": 150.0, "thresh": 0.5, "r_type": "individualized", "t_type": "counterfactual", "eta_obs_individualized": NaN, "eta_obs_refits_batch0_mean": 1.0, "model_score": 0.994, "model_f1": 1.0, "model_refits_batch0_scores": [0.999, 0.996, 0.996, 0.996, 0.996], "model_refits_batch0_f1s": [0.9990009990009989, 0.9959919839679359, 0.9959919839679359, 0.9959919839679359, 0.9959919839679359], "model_coef": NaN}