{"accuracy_pre": 0.9, "accuracy_post": 0.25, "recourse_seeking_ixs": [820, 579, 846, 735, 620, 703, 739, 961, 750, 910, 803, 966, 679, 577, 540, 869, 723, 595, 714, 984, 655, 746, 748, 880, 611, 902, 658, 837, 975, 732, 510, 664, 947, 828, 535, 586, 574, 602, 578, 738, 533, 661, 715, 612, 907, 862, 635, 859, 583, 811, 552, 582, 654, 717, 558, 629, 782, 830, 633, 806, 608, 676, 657, 546, 538, 831, 651, 518, 876, 563, 744, 623, 702, 663, 506, 758, 671, 785, 922, 821, 976, 718, 949, 511, 864, 823, 840, 965, 681, 601, 519, 534, 928, 713, 706, 777, 899, 998, 591, 844], "recourse_recommended_ixs": [820, 579, 846, 735, 620, 703, 739, 961, 750, 910, 803, 966, 679, 577, 540, 869, 723, 595, 714, 984, 655, 746, 748, 880, 611, 902, 658, 837, 975, 732, 510, 664, 947, 828, 535, 586, 574, 602, 578, 738, 533, 661, 715, 612, 907, 862, 635, 859, 583, 811, 552, 582, 654, 717, 558, 629, 782, 830, 633, 806, 608, 676, 657, 546, 538, 831, 651, 518, 876, 563, 744, 623, 702, 663, 506, 758, 671, 785, 922, 821, 976, 718, 949, 511, 864, 823, 840, 965, 681, 601, 519, 534, 928, 713, 706, 777, 899, 998, 591, 844], "perc_recomm_found": 1.0, "gamma": 0.95, "eta": 0.95, "gamma_obs": 0.2199999988079071, "gamma_obs_pre": 0.10000000149011612, "eta_obs": 0.95, "costs": [1.0, 1.0, 1.0], "lbd": 300.0, "thresh": 0.5, "r_type": "subpopulation", "t_type": "counterfactual", "eta_obs_individualized": NaN, "eta_obs_refits_batch0_mean": 0.4039999842643738, "model_score": 0.762, "model_f1": 0.7366255144032922, "model_refits_batch0_scores": [0.796, 0.788, 0.812, 0.74, 0.776], "model_refits_batch0_f1s": [0.7943548387096774, 0.7845528455284553, 0.8016877637130803, 0.75, 0.7575757575757576], "model_coef": NaN}