{"accuracy_pre": 0.81, "accuracy_post": 0.98, "recourse_seeking_ixs": [802, 580, 718, 798, 875, 811, 817, 858, 926, 630, 819, 990, 647, 700, 852, 758, 913, 573, 669, 764, 616, 975, 892, 906, 683, 915, 810, 673, 603, 699, 940, 689, 615, 951, 529, 692, 569, 666, 920, 749, 712, 766, 624, 969, 607, 889, 691, 684, 967, 948, 662, 859, 979, 586, 863, 928, 816, 602, 939, 815, 632, 874, 754, 671, 993, 974, 963, 503, 898, 658, 509, 701, 654, 947, 855, 516, 576, 805, 600, 871, 717, 556, 782, 907, 957, 572, 716, 519, 903, 962, 759, 723, 918, 612, 794, 912, 854, 635, 781, 853], "recourse_recommended_ixs": [802, 580, 718, 798, 875, 811, 817, 858, 926, 630, 819, 990, 647, 700, 852, 758, 913, 573, 669, 764, 616, 975, 892, 906, 683, 915, 810, 673, 603, 699, 940, 689, 615, 951, 529, 692, 569, 666, 920, 749, 712, 766, 624, 969, 607, 889, 691, 684, 967, 948, 662, 859, 979, 586, 863, 928, 816, 602, 939, 815, 632, 874, 754, 671, 993, 974, 963, 503, 898, 658, 509, 701, 654, 947, 855, 516, 576, 805, 600, 871, 717, 556, 782, 907, 957, 572, 716, 519, 903, 962, 759, 723, 918, 612, 794, 912, 854, 635, 781, 853], "perc_recomm_found": 1.0, "gamma": 0.95, "eta": 0.95, "gamma_obs": 0.9800000190734863, "gamma_obs_pre": 0.1899999976158142, "eta_obs": 1.0, "costs": [1.0, 1.0], "lbd": 300.0, "thresh": 0.5, "r_type": "individualized", "t_type": "improvement", "eta_obs_individualized": 0.98, "eta_obs_refits_batch0_mean": 1.0, "model_score": 0.818, "model_f1": 0.8906560636182901, "model_refits_batch0_scores": [0.824, 0.822, 0.818, 0.804, 0.816], "model_refits_batch0_f1s": [0.8189300411522634, 0.8179959100204499, 0.8115942028985509, 0.7983539094650206, 0.8], "model_coef": [[-0.15516047170550962, 0.3887020845851001, 0.7972309199062461], [-0.34300633791006724]]}