{"accuracy_pre": 0.81, "accuracy_post": 0.78, "recourse_seeking_ixs": [494, 402, 451, 393, 473, 342, 401, 340, 482, 349, 446, 304, 269, 286, 299, 394, 327, 480, 252, 462, 333, 498, 258, 428, 356, 318, 354, 423, 328, 436, 476, 453, 492, 438, 463, 435, 427, 298, 380, 376, 277, 488, 317, 316, 479, 330, 261, 323, 469, 384, 387, 460, 440, 386, 411, 407, 257, 483, 396, 297, 398, 326, 465, 263, 293, 360, 296, 343, 364, 276, 279, 466, 385, 267, 331, 251, 273, 324, 282, 400, 470, 408, 250, 312, 344, 308, 416, 486, 421, 374, 295, 395, 434, 472, 341, 338, 437, 303, 255, 404], "recourse_recommended_ixs": [494, 402, 451, 393, 473, 342, 401, 340, 482, 349, 446, 304, 269, 286, 299, 394, 327, 480, 252, 462, 333, 498, 258, 428, 356, 318, 354, 423, 328, 436, 476, 453, 492, 438, 463, 435, 427, 298, 380, 376, 277, 488, 317, 316, 479, 330, 261, 323, 469, 384, 387, 460, 440, 386, 411, 407, 257, 483, 396, 297, 398, 326, 465, 263, 293, 360, 296, 343, 364, 276, 279, 466, 385, 267, 331, 251, 273, 324, 282, 400, 470, 408, 250, 312, 344, 308, 416, 486, 421, 374, 295, 395, 434, 472, 341, 338, 437, 303, 255, 404], "perc_recomm_found": 1.0, "gamma": 0.75, "eta": 0.75, "gamma_obs": 0.7599999904632568, "gamma_obs_pre": 0.1899999976158142, "eta_obs": 0.98, "costs": [1.0, 1.0], "lbd": 100.0, "thresh": 0.5, "r_type": "individualized", "t_type": "improvement", "eta_obs_individualized": 0.84, "eta_obs_refits_batch0_mean": 0.9700000882148743, "model_score": 0.836, "model_f1": 0.8392156862745097, "model_refits_batch0_scores": [0.852, 0.836, 0.824, 0.812, 0.816], "model_refits_batch0_f1s": [0.8571428571428571, 0.8340080971659919, 0.8294573643410852, 0.8171206225680934, 0.8145161290322581], "model_coef": [[0.18955870160447288, 0.23833094446363892, 0.843726963256624], [-0.586406678566156]]}