{"accuracy_pre": 0.86, "accuracy_post": 0.75, "recourse_seeking_ixs": [688, 804, 725, 826, 715, 604, 800, 690, 568, 611, 844, 658, 729, 623, 722, 796, 685, 567, 583, 983, 943, 640, 508, 975, 858, 686, 757, 778, 711, 780, 877, 779, 848, 982, 599, 642, 737, 638, 565, 763, 597, 852, 869, 692, 563, 744, 664, 987, 619, 820, 792, 985, 870, 768, 783, 651, 560, 961, 512, 628, 957, 871, 624, 973, 609, 977, 531, 696, 752, 825, 944, 526, 590, 665, 629, 794, 668, 942, 828, 928, 949, 998, 919, 549, 972, 659, 699, 691, 637, 899, 656, 941, 534, 837, 964, 874, 697, 514, 695, 946], "recourse_recommended_ixs": [688, 804, 725, 826, 715, 604, 800, 690, 568, 611, 844, 658, 729, 623, 722, 796, 685, 567, 583, 983, 943, 640, 508, 975, 858, 686, 757, 778, 711, 780, 877, 779, 848, 982, 599, 642, 737, 638, 565, 763, 597, 852, 869, 692, 563, 744, 664, 987, 619, 820, 792, 985, 870, 768, 783, 651, 560, 961, 512, 628, 957, 871, 624, 973, 609, 977, 531, 696, 752, 825, 944, 526, 590, 665, 629, 794, 668, 942, 828, 928, 949, 998, 919, 549, 972, 659, 699, 691, 637, 899, 656, 941, 534, 837, 964, 874, 697, 514, 695, 946], "perc_recomm_found": 1.0, "gamma": 0.75, "eta": 0.75, "gamma_obs": 0.7099999785423279, "gamma_obs_pre": 0.14000000059604645, "eta_obs": 0.96, "costs": [1.0, 1.0], "lbd": 300.0, "thresh": 0.5, "r_type": "subpopulation", "t_type": "improvement", "eta_obs_individualized": NaN, "eta_obs_refits_batch0_mean": 0.8840000033378601, "model_score": 0.794, "model_f1": 0.865546218487395, "model_refits_batch0_scores": [0.794, 0.79, 0.778, 0.774, 0.806], "model_refits_batch0_f1s": [0.7935871743486975, 0.7789473684210526, 0.7633262260127932, 0.7670103092783506, 0.7931769722814498], "model_coef": NaN}