{"accuracy_pre": 0.9, "accuracy_post": 0.36, "recourse_seeking_ixs": [320, 359, 316, 343, 291, 382, 385, 329, 246, 255, 249, 283, 325, 229, 319, 362, 256, 380, 318, 305, 290, 215, 341, 207, 366, 344, 268, 377, 228, 295, 219, 278, 211, 363, 304, 272, 303, 337, 231, 312, 375, 326, 252, 266, 220, 388, 281, 279, 338, 280], "recourse_recommended_ixs": [320, 359, 316, 343, 291, 382, 385, 329, 246, 255, 249, 283, 325, 229, 319, 362, 256, 380, 318, 305, 290, 215, 341, 207, 366, 344, 268, 377, 228, 295, 219, 278, 211, 363, 304, 272, 303, 337, 231, 312, 375, 326, 252, 266, 220, 388, 281, 279, 338, 280], "perc_recomm_found": 1.0, "gamma": 0.85, "eta": 0.85, "gamma_obs": 0.36000001430511475, "gamma_obs_pre": 0.10000000149011612, "eta_obs": 1.0, "costs": [1.0, 1.0, 1.0], "lbd": 300.0, "thresh": 0.5, "r_type": "subpopulation", "t_type": "acceptance", "eta_obs_individualized": NaN, "eta_obs_refits_batch0_mean": 0.2240000069141388, "model_score": 0.88, "model_f1": 0.8787878787878788, "model_refits_batch0_scores": [0.86, 0.89, 0.86, 0.87, 0.89], "model_refits_batch0_f1s": [0.8541666666666666, 0.8900000000000001, 0.8526315789473685, 0.865979381443299, 0.8910891089108911], "model_coef": [[0.48356916298123404, 0.673915414008556, 1.2418191204873157], [0.13055598237106933]]}