{"accuracy_pre": 0.9, "accuracy_post": 0.48, "recourse_seeking_ixs": [261, 294, 238, 242, 302, 278, 362, 376, 322, 372, 382, 260, 394, 347, 349, 360, 251, 378, 201, 305, 320, 280, 319, 327, 283, 329, 380, 279, 361, 397, 358, 264, 252, 209, 357, 277, 215, 389, 339, 345, 222, 364, 235, 274, 326, 308, 368, 391, 299, 207], "recourse_recommended_ixs": [261, 294, 238, 242, 302, 278, 362, 376, 322, 372, 382, 260, 394, 347, 349, 360, 251, 378, 201, 305, 320, 280, 319, 327, 283, 329, 380, 279, 361, 397, 358, 264, 252, 209, 357, 277, 215, 389, 339, 345, 222, 364, 235, 274, 326, 308, 368, 391, 299, 207], "perc_recomm_found": 1.0, "gamma": 0.9, "eta": 0.9, "gamma_obs": 0.47999998927116394, "gamma_obs_pre": 0.10000000149011612, "eta_obs": 1.0, "costs": [1.0, 1.0, 1.0], "lbd": 300.0, "thresh": 0.5, "r_type": "individualized", "t_type": "acceptance", "eta_obs_individualized": NaN, "eta_obs_refits_batch0_mean": 0.6520000100135803, "model_score": 0.9, "model_f1": 0.9, "model_refits_batch0_scores": [0.88, 0.86, 0.885, 0.89, 0.865], "model_refits_batch0_f1s": [0.88, 0.8627450980392157, 0.8888888888888888, 0.8910891089108911, 0.8682926829268293], "model_coef": [[0.5409262445636082, 0.955481782507, 0.9332635226719466], [-0.04808206059469919]]}