{"accuracy_pre": 0.82, "accuracy_post": 0.49, "recourse_seeking_ixs": [623, 657, 663, 517, 701, 545, 959, 600, 910, 778, 841, 513, 783, 895, 697, 565, 659, 947, 953, 904, 507, 754, 795, 881, 790, 838, 599, 680, 726, 583, 882, 502, 913, 750, 534, 858, 741, 832, 515, 781, 816, 957, 586, 746, 710, 979, 973, 572, 934, 632, 829, 717, 917, 797, 590, 574, 530, 943, 597, 514, 667, 874, 856, 948, 625, 984, 705, 516, 543, 633, 668, 699, 550, 825, 698, 568, 850, 541, 708, 564, 540, 671, 855, 978, 610, 652, 716, 720, 964, 567, 989, 846, 885, 691, 869, 986, 787, 539, 972, 641], "recourse_recommended_ixs": [623, 657, 663, 517, 701, 545, 959, 600, 910, 778, 841, 513, 783, 895, 697, 565, 659, 947, 953, 904, 507, 754, 795, 881, 790, 838, 599, 680, 726, 583, 882, 502, 913, 750, 534, 858, 741, 832, 515, 781, 816, 957, 586, 746, 710, 979, 973, 572, 934, 632, 829, 717, 917, 797, 590, 574, 530, 943, 597, 514, 667, 874, 856, 948, 625, 984, 705, 516, 543, 633, 668, 699, 550, 825, 698, 568, 850, 541, 708, 564, 540, 671, 855, 978, 610, 652, 716, 720, 964, 567, 989, 846, 885, 691, 869, 986, 787, 539, 972, 641], "perc_recomm_found": 1.0, "gamma": 0.95, "eta": 0.95, "gamma_obs": 0.5099999904632568, "gamma_obs_pre": 0.18000000715255737, "eta_obs": 0.96, "costs": [1.0, 1.0, 1.0], "lbd": 300.0, "thresh": 0.5, "r_type": "subpopulation", "t_type": "counterfactual", "eta_obs_individualized": NaN, "eta_obs_refits_batch0_mean": 0.5760000348091125, "model_score": 0.868, "model_f1": 0.8661087866108786, "model_refits_batch0_scores": [0.884, 0.892, 0.87, 0.878, 0.874], "model_refits_batch0_f1s": [0.8786610878661086, 0.8805309734513276, 0.8608137044967881, 0.871578947368421, 0.8695652173913043], "model_coef": NaN}