{"accuracy_pre": 0.83, "accuracy_post": 0.35, "recourse_seeking_ixs": [522, 548, 740, 784, 682, 635, 908, 823, 925, 517, 991, 886, 808, 500, 714, 733, 889, 625, 800, 629, 607, 639, 640, 592, 973, 945, 876, 725, 668, 967, 562, 911, 655, 545, 734, 600, 598, 716, 694, 728, 899, 561, 608, 997, 709, 706, 568, 736, 536, 959, 618, 653, 956, 662, 518, 983, 679, 775, 524, 677, 765, 591, 704, 859, 906, 673, 961, 681, 732, 701, 573, 511, 692, 738, 897, 688, 980, 807, 780, 953, 892, 657, 609, 727, 942, 902, 712, 515, 616, 788, 575, 944, 821, 966, 724, 867, 817, 881, 586, 941], "recourse_recommended_ixs": [522, 548, 740, 784, 682, 635, 908, 823, 925, 517, 991, 886, 808, 500, 714, 733, 889, 625, 800, 629, 607, 639, 640, 592, 973, 945, 876, 725, 668, 967, 562, 911, 655, 545, 734, 600, 598, 716, 694, 728, 899, 561, 608, 997, 709, 706, 568, 736, 536, 959, 618, 653, 956, 662, 518, 983, 679, 775, 524, 677, 765, 591, 704, 859, 906, 673, 961, 681, 732, 701, 573, 511, 692, 738, 897, 688, 980, 807, 780, 953, 892, 657, 609, 727, 942, 902, 712, 515, 616, 788, 575, 944, 821, 966, 724, 867, 817, 881, 586, 941], "perc_recomm_found": 1.0, "gamma": 0.95, "eta": 0.95, "gamma_obs": 0.3499999940395355, "gamma_obs_pre": 0.17000000178813934, "eta_obs": 1.0, "costs": [1.0, 1.0, 1.0], "lbd": 300.0, "thresh": 0.5, "r_type": "individualized", "t_type": "counterfactual", "eta_obs_individualized": NaN, "eta_obs_refits_batch0_mean": 0.3840000033378601, "model_score": 0.804, "model_f1": 0.7651006711409396, "model_refits_batch0_scores": [0.818, 0.816, 0.806, 0.824, 0.83], "model_refits_batch0_f1s": [0.7838479809976248, 0.7819905213270142, 0.762836185819071, 0.7914691943127962, 0.8081264108352144], "model_coef": NaN}