{"accuracy_pre": 1.0, "accuracy_post": 0.97, "recourse_seeking_ixs": [1460, 1466, 1918, 1127, 1863, 1422, 1106, 1959, 1796, 1011, 1439, 1829, 1651, 1016, 1560, 1272, 1542, 1098, 1267, 1048, 1734, 1847, 1952, 1171, 1580, 1179, 1331, 1278, 1326, 1219, 1562, 1502, 1947, 1457, 1906, 1593, 1282, 1903, 1858, 1357, 1911, 1093, 1492, 1818, 1324, 1671, 1351, 1268, 1394, 1375, 1494, 1470, 1743, 1305, 1809, 1484, 1704, 1211, 1114, 1894, 1685, 1010, 1057, 1316, 1781, 1238, 1981, 1533, 1627, 1578, 1559, 1687, 1253, 1319, 1759, 1005, 1206, 1295, 1415, 1739, 1557, 1361, 1964, 1313, 1286, 1145, 1976, 1668, 1452, 1146, 1174, 1403, 1738, 1549, 1141, 1049, 1368, 1443, 1190, 1961], "recourse_recommended_ixs": [1460, 1466, 1918, 1127, 1863, 1422, 1106, 1959, 1796, 1011, 1439, 1829, 1651, 1016, 1560, 1272, 1542, 1098, 1267, 1048, 1734, 1847, 1952, 1171, 1580, 1179, 1331, 1278, 1326, 1219, 1562, 1502, 1947, 1457, 1906, 1593, 1282, 1903, 1858, 1357, 1911, 1093, 1492, 1818, 1324, 1671, 1351, 1268, 1394, 1375, 1494, 1470, 1743, 1305, 1809, 1484, 1704, 1211, 1114, 1894, 1685, 1010, 1057, 1316, 1781, 1238, 1981, 1533, 1627, 1578, 1559, 1687, 1253, 1319, 1759, 1005, 1206, 1295, 1415, 1739, 1557, 1361, 1964, 1313, 1286, 1145, 1976, 1668, 1452, 1146, 1174, 1403, 1738, 1549, 1141, 1049, 1368, 1443, 1190, 1961], "perc_recomm_found": 1.0, "gamma": 0.95, "eta": 0.95, "gamma_obs": 0.9900000095367432, "gamma_obs_pre": 0.0, "eta_obs": 0.98, "costs": [1.0, 1.0, 1.0], "lbd": 150.0, "thresh": 0.5, "r_type": "individualized", "t_type": "counterfactual", "eta_obs_individualized": NaN, "eta_obs_refits_batch0_mean": 0.6299999952316284, "model_score": 0.754, "model_f1": 0.9967982924226253, "model_refits_batch0_scores": [0.998, 0.998, 0.998, 0.998, 0.998], "model_refits_batch0_f1s": [0.9979879275653923, 0.9979879275653923, 0.9979879275653923, 0.9979879275653923, 0.9979879275653923], "model_coef": NaN}