{"accuracy_pre": 0.82, "accuracy_post": 0.22, "recourse_seeking_ixs": [572, 747, 602, 617, 979, 958, 774, 588, 954, 870, 761, 856, 524, 931, 735, 768, 972, 606, 859, 674, 657, 969, 665, 553, 968, 959, 643, 956, 742, 924, 949, 580, 813, 857, 745, 885, 670, 583, 805, 861, 603, 880, 731, 695, 928, 746, 623, 844, 825, 619, 792, 822, 556, 942, 973, 860, 952, 741, 765, 984, 552, 989, 900, 655, 749, 910, 951, 676, 790, 852, 830, 895, 985, 565, 637, 698, 785, 936, 877, 760, 783, 927, 846, 987, 947, 700, 656, 966, 671, 548, 811, 839, 752, 775, 523, 530, 988, 874, 780, 538], "recourse_recommended_ixs": [572, 747, 602, 617, 979, 958, 774, 588, 954, 870, 761, 856, 524, 931, 735, 768, 972, 606, 859, 674, 657, 969, 665, 553, 968, 959, 643, 956, 742, 924, 949, 580, 813, 857, 745, 885, 670, 583, 805, 861, 603, 880, 731, 695, 928, 746, 623, 844, 825, 619, 792, 822, 556, 942, 973, 860, 952, 741, 765, 984, 552, 989, 900, 655, 749, 910, 951, 676, 790, 852, 830, 895, 985, 565, 637, 698, 785, 936, 877, 760, 783, 927, 846, 987, 947, 700, 656, 966, 671, 548, 811, 839, 752, 775, 523, 530, 988, 874, 780, 538], "perc_recomm_found": 1.0, "gamma": 0.95, "eta": 0.95, "gamma_obs": 0.2199999988079071, "gamma_obs_pre": 0.18000000715255737, "eta_obs": 1.0, "costs": [1.0, 1.0, 1.0], "lbd": 300.0, "thresh": 0.5, "r_type": "individualized", "t_type": "acceptance", "eta_obs_individualized": NaN, "eta_obs_refits_batch0_mean": 0.5859999656677246, "model_score": 0.764, "model_f1": 0.8007736943907156, "model_refits_batch0_scores": [0.806, 0.824, 0.796, 0.794, 0.808], "model_refits_batch0_f1s": [0.8166351606805293, 0.8370370370370369, 0.80078125, 0.8074766355140186, 0.8146718146718146], "model_coef": NaN}