{"accuracy_pre": 0.98, "accuracy_post": 1.0, "recourse_seeking_ixs": [1099, 1666, 1220, 1714, 1708, 1190, 1051, 1954, 1239, 1436, 1520, 1602, 1649, 1005, 1093, 1488, 1002, 1568, 1206, 1074, 1098, 1911, 1369, 1533, 1581, 1804, 1623, 1559, 1626, 1447, 1000, 1928, 1308, 1896, 1415, 1283, 1802, 1299, 1194, 1685, 1606, 1020, 1958, 1226, 1688, 1333, 1424, 1245, 1537, 1873, 1859, 1671, 1428, 1579, 1203, 1048, 1491, 1578, 1966, 1293, 1250, 1238, 1820, 1326, 1313, 1659, 1405, 1781, 1255, 1933, 1214, 1845, 1284, 1542, 1030, 1647, 1111, 1296, 1981, 1305, 1278, 1476, 1379, 1482, 1851, 1357, 1959, 1629, 1332, 1495, 1127, 1717, 1301, 1739, 1272, 1720, 1590, 1216, 1298, 1519], "recourse_recommended_ixs": [1099, 1666, 1220, 1714, 1708, 1190, 1051, 1954, 1239, 1436, 1520, 1602, 1649, 1005, 1093, 1488, 1002, 1568, 1206, 1074, 1098, 1911, 1369, 1533, 1581, 1804, 1623, 1559, 1626, 1447, 1000, 1928, 1308, 1896, 1415, 1283, 1802, 1299, 1194, 1685, 1606, 1020, 1958, 1226, 1688, 1333, 1424, 1245, 1537, 1873, 1859, 1671, 1428, 1579, 1203, 1048, 1491, 1578, 1966, 1293, 1250, 1238, 1820, 1326, 1313, 1659, 1405, 1781, 1255, 1933, 1214, 1845, 1284, 1542, 1030, 1647, 1111, 1296, 1981, 1305, 1278, 1476, 1379, 1482, 1851, 1357, 1959, 1629, 1332, 1495, 1127, 1717, 1301, 1739, 1272, 1720, 1590, 1216, 1298, 1519], "perc_recomm_found": 1.0, "gamma": 0.95, "eta": 0.95, "gamma_obs": 1.0, "gamma_obs_pre": 0.0, "eta_obs": 1.0, "costs": [1.0, 1.0], "lbd": 150.0, "thresh": 0.5, "r_type": "individualized", "t_type": "improvement", "eta_obs_individualized": 1.0, "eta_obs_refits_batch0_mean": 1.0, "model_score": 0.833, "model_f1": 0.9989417989417989, "model_refits_batch0_scores": [0.998, 0.998, 0.998, 0.998, 0.998], "model_refits_batch0_f1s": [0.9979879275653923, 0.9979879275653923, 0.9979879275653923, 0.9979879275653923, 0.9979879275653923], "model_coef": NaN}