{"accuracy_pre": 0.79, "accuracy_post": 0.21, "recourse_seeking_ixs": [998, 830, 646, 794, 783, 640, 581, 813, 944, 937, 687, 918, 660, 848, 817, 919, 609, 726, 969, 681, 920, 765, 820, 674, 577, 928, 566, 715, 621, 711, 730, 512, 874, 623, 754, 505, 537, 744, 522, 844, 987, 962, 707, 801, 645, 852, 979, 756, 642, 960, 708, 531, 924, 528, 638, 510, 964, 857, 784, 815, 938, 747, 616, 713, 695, 562, 800, 772, 959, 983, 931, 678, 529, 743, 861, 864, 504, 894, 619, 737, 601, 627, 546, 792, 688, 949, 569, 523, 503, 702, 539, 553, 957, 617, 610, 768, 854, 532, 869, 870], "recourse_recommended_ixs": [998, 830, 646, 794, 783, 640, 581, 813, 944, 937, 687, 918, 660, 848, 817, 919, 609, 726, 969, 681, 920, 765, 820, 674, 577, 928, 566, 715, 621, 711, 730, 512, 874, 623, 754, 505, 537, 744, 522, 844, 987, 962, 707, 801, 645, 852, 979, 756, 642, 960, 708, 531, 924, 528, 638, 510, 964, 857, 784, 815, 938, 747, 616, 713, 695, 562, 800, 772, 959, 983, 931, 678, 529, 743, 861, 864, 504, 894, 619, 737, 601, 627, 546, 792, 688, 949, 569, 523, 503, 702, 539, 553, 957, 617, 610, 768, 854, 532, 869, 870], "perc_recomm_found": 1.0, "gamma": 0.95, "eta": 0.95, "gamma_obs": 0.20000000298023224, "gamma_obs_pre": 0.20999999344348907, "eta_obs": 0.97, "costs": [1.0, 1.0, 1.0], "lbd": 300.0, "thresh": 0.5, "r_type": "subpopulation", "t_type": "counterfactual", "eta_obs_individualized": NaN, "eta_obs_refits_batch0_mean": 0.2679999768733978, "model_score": 0.792, "model_f1": 0.7928286852589641, "model_refits_batch0_scores": [0.794, 0.79, 0.778, 0.774, 0.806], "model_refits_batch0_f1s": [0.7935871743486975, 0.7789473684210526, 0.7633262260127932, 0.7670103092783506, 0.7931769722814498], "model_coef": NaN}