{"accuracy_pre": 0.87, "accuracy_post": 0.48, "recourse_seeking_ixs": [865, 973, 862, 871, 943, 967, 840, 918, 549, 934, 842, 923, 529, 972, 822, 760, 959, 927, 707, 575, 602, 761, 582, 946, 653, 706, 791, 859, 592, 777, 693, 985, 601, 728, 658, 961, 852, 853, 888, 932, 626, 534, 701, 619, 705, 525, 501, 699, 788, 836, 754, 621, 752, 687, 674, 637, 778, 514, 804, 676, 857, 633, 685, 542, 800, 794, 977, 833, 899, 505, 721, 519, 560, 537, 772, 541, 528, 876, 683, 734, 807, 846, 767, 838, 774, 839, 538, 998, 516, 716, 673, 587, 890, 569, 737, 580, 504, 941, 552, 950], "recourse_recommended_ixs": [865, 973, 862, 871, 943, 967, 840, 918, 549, 934, 842, 923, 529, 972, 822, 760, 959, 927, 707, 575, 602, 761, 582, 946, 653, 706, 791, 859, 592, 777, 693, 985, 601, 728, 658, 961, 852, 853, 888, 932, 626, 534, 701, 619, 705, 525, 501, 699, 788, 836, 754, 621, 752, 687, 674, 637, 778, 514, 804, 676, 857, 633, 685, 542, 800, 794, 977, 833, 899, 505, 721, 519, 560, 537, 772, 541, 528, 876, 683, 734, 807, 846, 767, 838, 774, 839, 538, 998, 516, 716, 673, 587, 890, 569, 737, 580, 504, 941, 552, 950], "perc_recomm_found": 1.0, "gamma": 0.95, "eta": 0.95, "gamma_obs": 0.5, "gamma_obs_pre": 0.12999999523162842, "eta_obs": 0.98, "costs": [1.0, 1.0, 1.0], "lbd": 300.0, "thresh": 0.5, "r_type": "individualized", "t_type": "counterfactual", "eta_obs_individualized": NaN, "eta_obs_refits_batch0_mean": 0.5540000200271606, "model_score": 0.88, "model_f1": 0.8772635814889337, "model_refits_batch0_scores": [0.884, 0.892, 0.87, 0.878, 0.874], "model_refits_batch0_f1s": [0.8786610878661086, 0.8805309734513276, 0.8608137044967881, 0.871578947368421, 0.8695652173913043], "model_coef": NaN}