{"accuracy_pre": 0.99, "accuracy_post": 0.99, "recourse_seeking_ixs": [1082, 1830, 1290, 1806, 1735, 1011, 1143, 1723, 1223, 1789, 1816, 1388, 1184, 1277, 1189, 1519, 1638, 1824, 1116, 1435, 1039, 1738, 1462, 1563, 1431, 1401, 1591, 1953, 1270, 1100, 1498, 1030, 1929, 1233, 1941, 1443, 1517, 1557, 1617, 1302, 1938, 1901, 1267, 1667, 1995, 1616, 1950, 1794, 1385, 1923, 1434, 1327, 1645, 1099, 1635, 1798, 1660, 1725, 1753, 1624, 1414, 1716, 1991, 1313, 1931, 1819, 1234, 1913, 1258, 1898, 1618, 1352, 1075, 1648, 1675, 1594, 1657, 1933, 1315, 1198, 1552, 1203, 1002, 1212, 1625, 1090, 1499, 1900, 1070, 1162, 1067, 1168, 1836, 1387, 1986, 1665, 1413, 1766, 1458, 1940], "recourse_recommended_ixs": [1082, 1830, 1290, 1806, 1735, 1011, 1143, 1723, 1223, 1789, 1816, 1388, 1184, 1277, 1189, 1519, 1638, 1824, 1116, 1435, 1039, 1738, 1462, 1563, 1431, 1401, 1591, 1953, 1270, 1100, 1498, 1030, 1929, 1233, 1941, 1443, 1517, 1557, 1617, 1302, 1938, 1901, 1267, 1667, 1995, 1616, 1950, 1794, 1385, 1923, 1434, 1327, 1645, 1099, 1635, 1798, 1660, 1725, 1753, 1624, 1414, 1716, 1991, 1313, 1931, 1819, 1234, 1913, 1258, 1898, 1618, 1352, 1075, 1648, 1675, 1594, 1657, 1933, 1315, 1198, 1552, 1203, 1002, 1212, 1625, 1090, 1499, 1900, 1070, 1162, 1067, 1168, 1836, 1387, 1986, 1665, 1413, 1766, 1458, 1940], "perc_recomm_found": 1.0, "gamma": 0.75, "eta": 0.75, "gamma_obs": 0.9900000095367432, "gamma_obs_pre": 0.009999999776482582, "eta_obs": 1.0, "costs": [1.0, 1.0, 1.0], "lbd": 150.0, "thresh": 0.5, "r_type": "individualized", "t_type": "counterfactual", "eta_obs_individualized": NaN, "eta_obs_refits_batch0_mean": 0.9700000882148743, "model_score": 0.991, "model_f1": 0.9990167158308751, "model_refits_batch0_scores": [0.997, 0.994, 0.996, 0.994, 0.996], "model_refits_batch0_f1s": [0.9970089730807578, 0.9939999999999999, 0.9960079840319361, 0.9939999999999999, 0.9960079840319361], "model_coef": NaN}