{"accuracy_pre": 1.0, "accuracy_post": 1.0, "recourse_seeking_ixs": [1999, 1495, 1895, 1184, 1177, 1886, 1276, 1046, 1928, 1234, 1942, 1826, 1388, 1457, 1793, 1913, 1446, 1023, 1469, 1976, 1987, 1605, 1010, 1404, 1683, 1274, 1387, 1168, 1915, 1186, 1373, 1594, 1347, 1753, 1914, 1786, 1065, 1319, 1679, 1090, 1616, 1807, 1922, 1462, 1284, 1906, 1645, 1745, 1990, 1075, 1440, 1929, 1575, 1360, 1864, 1349, 1891, 1331, 1093, 1541, 1014, 1902, 1414, 1413, 1865, 1529, 1182, 1452, 1778, 1481, 1458, 1685, 1931, 1179, 1841, 1383, 1842, 1356, 1911, 1159, 1523, 1657, 1576, 1941, 1659, 1631, 1821, 1103, 1306, 1237, 1227, 1288, 1716, 1036, 1147, 1149, 1112, 1757, 1836, 1539], "recourse_recommended_ixs": [1999, 1495, 1895, 1184, 1177, 1886, 1276, 1046, 1928, 1234, 1942, 1826, 1388, 1457, 1793, 1913, 1446, 1023, 1469, 1976, 1987, 1605, 1010, 1404, 1683, 1274, 1387, 1168, 1915, 1186, 1373, 1594, 1347, 1753, 1914, 1786, 1065, 1319, 1679, 1090, 1616, 1807, 1922, 1462, 1284, 1906, 1645, 1745, 1990, 1075, 1440, 1929, 1575, 1360, 1864, 1349, 1891, 1331, 1093, 1541, 1014, 1902, 1414, 1413, 1865, 1529, 1182, 1452, 1778, 1481, 1458, 1685, 1931, 1179, 1841, 1383, 1842, 1356, 1911, 1159, 1523, 1657, 1576, 1941, 1659, 1631, 1821, 1103, 1306, 1237, 1227, 1288, 1716, 1036, 1147, 1149, 1112, 1757, 1836, 1539], "perc_recomm_found": 1.0, "gamma": 0.75, "eta": 0.75, "gamma_obs": 0.9900000095367432, "gamma_obs_pre": 0.0, "eta_obs": 0.99, "costs": [1.0, 1.0, 1.0], "lbd": 150.0, "thresh": 0.5, "r_type": "individualized", "t_type": "counterfactual", "eta_obs_individualized": NaN, "eta_obs_refits_batch0_mean": 0.6859999895095825, "model_score": 0.994, "model_f1": 0.999004975124378, "model_refits_batch0_scores": [0.993, 0.998, 0.993, 0.993, 0.994], "model_refits_batch0_f1s": [0.992964824120603, 0.99800796812749, 0.992964824120603, 0.992964824120603, 0.9939759036144578], "model_coef": [[2.1377692770335646, 2.6722115933152057, 5.023757780492131], [-0.08763295293312978]]}