{"accuracy_pre": 0.95, "accuracy_post": 0.68, "recourse_seeking_ixs": [668, 585, 586, 635, 721, 714, 767, 946, 681, 509, 628, 920, 983, 886, 709, 583, 782, 744, 604, 832, 840, 594, 856, 915, 977, 546, 770, 615, 722, 852, 547, 934, 592, 587, 526, 579, 502, 653, 954, 890, 578, 538, 735, 707, 766, 610, 570, 630, 596, 649, 999, 755, 982, 953, 690, 827, 776, 858, 745, 948, 975, 854, 786, 761, 659, 536, 807, 775, 622, 927, 621, 689, 619, 830, 828, 939, 739, 602, 540, 512, 851, 952, 611, 896, 647, 888, 696, 620, 843, 823, 743, 724, 916, 985, 527, 947, 759, 937, 815, 874], "recourse_recommended_ixs": [668, 585, 586, 635, 721, 714, 767, 946, 681, 509, 628, 920, 983, 886, 709, 583, 782, 744, 604, 832, 840, 594, 856, 915, 977, 546, 770, 615, 722, 852, 547, 934, 592, 587, 526, 579, 502, 653, 954, 890, 578, 538, 735, 707, 766, 610, 570, 630, 596, 649, 999, 755, 982, 953, 690, 827, 776, 858, 745, 948, 975, 854, 786, 761, 659, 536, 807, 775, 622, 927, 621, 689, 619, 830, 828, 939, 739, 602, 540, 512, 851, 952, 611, 896, 647, 888, 696, 620, 843, 823, 743, 724, 916, 985, 527, 947, 759, 937, 815, 874], "perc_recomm_found": 1.0, "gamma": 0.75, "eta": 0.75, "gamma_obs": 0.6899999976158142, "gamma_obs_pre": 0.05000000074505806, "eta_obs": 0.85, "costs": [1.0, 1.0, 1.0], "lbd": 300.0, "thresh": 0.5, "r_type": "subpopulation", "t_type": "improvement", "eta_obs_individualized": NaN, "eta_obs_refits_batch0_mean": 0.8220000267028809, "model_score": 0.866, "model_f1": 0.8583509513742071, "model_refits_batch0_scores": [0.848, 0.852, 0.822, 0.838, 0.836], "model_refits_batch0_f1s": [0.8396624472573839, 0.8445378151260504, 0.8086021505376344, 0.8258064516129033, 0.8270042194092827], "model_coef": NaN}