{"accuracy_pre": 0.87, "accuracy_post": 0.77, "recourse_seeking_ixs": [371, 458, 417, 498, 317, 276, 415, 280, 455, 349, 364, 262, 493, 265, 323, 311, 444, 294, 437, 252, 416, 427, 394, 375, 497, 369, 465, 307, 407, 312, 260, 251, 413, 456, 282, 420, 463, 278, 274, 490, 418, 457, 368, 333, 452, 479, 324, 292, 381, 250, 286, 347, 284, 255, 421, 350, 296, 400, 365, 439, 385, 266, 380, 328, 267, 356, 264, 326, 257, 359, 491, 293, 393, 310, 332, 419, 431, 422, 387, 406, 309, 275, 363, 344, 448, 478, 342, 401, 442, 357, 318, 451, 438, 354, 339, 379, 489, 475, 402, 459], "recourse_recommended_ixs": [371, 458, 417, 498, 317, 276, 415, 280, 455, 349, 364, 262, 493, 265, 323, 311, 444, 294, 437, 252, 416, 427, 394, 375, 497, 369, 465, 307, 407, 312, 260, 251, 413, 456, 282, 420, 463, 278, 274, 490, 418, 457, 368, 333, 452, 479, 324, 292, 381, 250, 286, 347, 284, 255, 421, 350, 296, 400, 365, 439, 385, 266, 380, 328, 267, 356, 264, 326, 257, 359, 491, 293, 393, 310, 332, 419, 431, 422, 387, 406, 309, 275, 363, 344, 448, 478, 342, 401, 442, 357, 318, 451, 438, 354, 339, 379, 489, 475, 402, 459], "perc_recomm_found": 1.0, "gamma": 0.75, "eta": 0.75, "gamma_obs": 0.7200000286102295, "gamma_obs_pre": 0.12999999523162842, "eta_obs": 0.91, "costs": [1.0, 1.0], "lbd": 100.0, "thresh": 0.5, "r_type": "subpopulation", "t_type": "improvement", "eta_obs_individualized": NaN, "eta_obs_refits_batch0_mean": 0.8939999341964722, "model_score": 0.844, "model_f1": 0.8381742738589212, "model_refits_batch0_scores": [0.84, 0.836, 0.844, 0.84, 0.84], "model_refits_batch0_f1s": [0.8333333333333333, 0.8284518828451883, 0.8421052631578947, 0.83739837398374, 0.8319327731092436], "model_coef": [[0.16517475789967603, 0.037795822460080584, 0.8576814818481175], [-0.4045634207429885]]}