{"accuracy_pre": 1.0, "accuracy_post": 0.92, "recourse_seeking_ixs": [1697, 1317, 1992, 1030, 1177, 1985, 1745, 1486, 1288, 1529, 1565, 1902, 1898, 1077, 1707, 1677, 1517, 1373, 1257, 1310, 1216, 1886, 1899, 1645, 1014, 1331, 1459, 1831, 1070, 1655, 1060, 1989, 1503, 1884, 1824, 1258, 1814, 1219, 1150, 1081, 1401, 1933, 1327, 1971, 1443, 1189, 1277, 1040, 1567, 1896, 1659, 1687, 1587, 1998, 1231, 1931, 1206, 1026, 1214, 1316, 1084, 1859, 1668, 1201, 1468, 1674, 1911, 1988, 1289, 1591, 1012, 1657, 1561, 1797, 1611, 1934, 1569, 1178, 1625, 1133, 1457, 1439, 1210, 1437, 1458, 1923, 1505, 1306, 1198, 1435, 1962, 1646, 1093, 1778, 1649, 1629, 1858, 1344, 1146, 1071], "recourse_recommended_ixs": [1697, 1317, 1992, 1030, 1177, 1985, 1745, 1486, 1288, 1529, 1565, 1902, 1898, 1077, 1707, 1677, 1517, 1373, 1257, 1310, 1216, 1886, 1899, 1645, 1014, 1331, 1459, 1831, 1070, 1655, 1060, 1989, 1503, 1884, 1824, 1258, 1814, 1219, 1150, 1081, 1401, 1933, 1327, 1971, 1443, 1189, 1277, 1040, 1567, 1896, 1659, 1687, 1587, 1998, 1231, 1931, 1206, 1026, 1214, 1316, 1084, 1859, 1668, 1201, 1468, 1674, 1911, 1988, 1289, 1591, 1012, 1657, 1561, 1797, 1611, 1934, 1569, 1178, 1625, 1133, 1457, 1439, 1210, 1437, 1458, 1923, 1505, 1306, 1198, 1435, 1962, 1646, 1093, 1778, 1649, 1629, 1858, 1344, 1146, 1071], "perc_recomm_found": 1.0, "gamma": 0.75, "eta": 0.75, "gamma_obs": 1.0, "gamma_obs_pre": 0.0, "eta_obs": 0.92, "costs": [1.0, 1.0, 1.0], "lbd": 150.0, "thresh": 0.5, "r_type": "subpopulation", "t_type": "acceptance", "eta_obs_individualized": NaN, "eta_obs_refits_batch0_mean": 0.4659999907016754, "model_score": 0.822, "model_f1": 0.999004975124378, "model_refits_batch0_scores": [0.981, 0.998, 0.993, 0.989, 0.994], "model_refits_batch0_f1s": [0.9806714140386571, 0.99800796812749, 0.992964824120603, 0.9889001009081735, 0.9939759036144578], "model_coef": NaN}