{"accuracy_pre": 0.77, "accuracy_post": 0.59, "recourse_seeking_ixs": [863, 684, 993, 722, 833, 639, 671, 871, 804, 538, 864, 957, 679, 780, 968, 523, 725, 921, 505, 577, 895, 609, 549, 598, 987, 701, 582, 670, 521, 644, 998, 685, 700, 860, 907, 787, 742, 581, 784, 870, 709, 766, 747, 924, 754, 638, 708, 790, 769, 958, 616, 901, 669, 922, 937, 557, 843, 875, 568, 608, 512, 529, 677, 752, 999, 985, 913, 543, 823, 876, 816, 580, 745, 879, 970, 866, 645, 899, 898, 819, 623, 652, 635, 905, 502, 915, 803, 882, 785, 774, 600, 667, 654, 720, 625, 588, 517, 525, 836, 753], "recourse_recommended_ixs": [863, 684, 993, 722, 833, 639, 671, 871, 804, 538, 864, 957, 679, 780, 968, 523, 725, 921, 505, 577, 895, 609, 549, 598, 987, 701, 582, 670, 521, 644, 998, 685, 700, 860, 907, 787, 742, 581, 784, 870, 709, 766, 747, 924, 754, 638, 708, 790, 769, 958, 616, 901, 669, 922, 937, 557, 843, 875, 568, 608, 512, 529, 677, 752, 999, 985, 913, 543, 823, 876, 816, 580, 745, 879, 970, 866, 645, 899, 898, 819, 623, 652, 635, 905, 502, 915, 803, 882, 785, 774, 600, 667, 654, 720, 625, 588, 517, 525, 836, 753], "perc_recomm_found": 1.0, "gamma": 0.75, "eta": 0.75, "gamma_obs": 0.44999998807907104, "gamma_obs_pre": 0.23000000417232513, "eta_obs": 0.86, "costs": [1.0, 1.0, 1.0], "lbd": 300.0, "thresh": 0.5, "r_type": "individualized", "t_type": "counterfactual", "eta_obs_individualized": NaN, "eta_obs_refits_batch0_mean": 0.4519999921321869, "model_score": 0.664, "model_f1": 0.7078891257995736, "model_refits_batch0_scores": [0.804, 0.782, 0.782, 0.786, 0.806], "model_refits_batch0_f1s": [0.8016194331983807, 0.7705263157894737, 0.7714884696016772, 0.7737843551797039, 0.7966457023060797], "model_coef": NaN}