{"accuracy_pre": 1.0, "accuracy_post": 1.0, "recourse_seeking_ixs": [1295, 1830, 1470, 1923, 1646, 1198, 1565, 1234, 1288, 1884, 1538, 1699, 1199, 1263, 1231, 1626, 1662, 1361, 1306, 1725, 1282, 1203, 1342, 1193, 1320, 1071, 1648, 1517, 1941, 1427, 1859, 1391, 1564, 1485, 1900, 1906, 1170, 1111, 1820, 1557, 1585, 1990, 1823, 1935, 1737, 1572, 1081, 1372, 1132, 1778, 1871, 1519, 1955, 1627, 1245, 1835, 1641, 1751, 1806, 1440, 1752, 1036, 1771, 1855, 1102, 1591, 1652, 1735, 1230, 1219, 1707, 1128, 1642, 1766, 1319, 1574, 1665, 1928, 1886, 1860, 1819, 1841, 1535, 1168, 1209, 1685, 1595, 1953, 1130, 1033, 1989, 1216, 1435, 1861, 1352, 1697, 1475, 1028, 1397, 1961], "recourse_recommended_ixs": [1295, 1830, 1470, 1923, 1646, 1198, 1565, 1234, 1288, 1884, 1538, 1699, 1199, 1263, 1231, 1626, 1662, 1361, 1306, 1725, 1282, 1203, 1342, 1193, 1320, 1071, 1648, 1517, 1941, 1427, 1859, 1391, 1564, 1485, 1900, 1906, 1170, 1111, 1820, 1557, 1585, 1990, 1823, 1935, 1737, 1572, 1081, 1372, 1132, 1778, 1871, 1519, 1955, 1627, 1245, 1835, 1641, 1751, 1806, 1440, 1752, 1036, 1771, 1855, 1102, 1591, 1652, 1735, 1230, 1219, 1707, 1128, 1642, 1766, 1319, 1574, 1665, 1928, 1886, 1860, 1819, 1841, 1535, 1168, 1209, 1685, 1595, 1953, 1130, 1033, 1989, 1216, 1435, 1861, 1352, 1697, 1475, 1028, 1397, 1961], "perc_recomm_found": 1.0, "gamma": 0.95, "eta": 0.95, "gamma_obs": 1.0, "gamma_obs_pre": 0.0, "eta_obs": 1.0, "costs": [1.0, 1.0], "lbd": 150.0, "thresh": 0.5, "r_type": "subpopulation", "t_type": "improvement", "eta_obs_individualized": NaN, "eta_obs_refits_batch0_mean": 1.0, "model_score": 0.992, "model_f1": 0.9990167158308751, "model_refits_batch0_scores": [0.998, 0.998, 1.0, 0.994, 0.996], "model_refits_batch0_f1s": [0.99800796812749, 0.99800796812749, 1.0, 0.9939999999999999, 0.9960079840319361], "model_coef": NaN}