{"accuracy_pre": 1.0, "accuracy_post": 0.4, "recourse_seeking_ixs": [1253, 1041, 1980, 1029, 1676, 1030, 1013, 1531, 1700, 1504, 1401, 1185, 1855, 1454, 1824, 1248, 1909, 1727, 1918, 1542, 1367, 1963, 1176, 1470, 1831, 1862, 1588, 1357, 1947, 1482, 1408, 1432, 1337, 1567, 1779, 1372, 1592, 1082, 1268, 1027, 1299, 1009, 1602, 1450, 1740, 1043, 1595, 1046, 1622, 1804, 1830, 1308, 1614, 1426, 1636, 1457, 1139, 1566, 1311, 1788, 1857, 1453, 1917, 1846, 1882, 1686, 1865, 1276, 1661, 1782, 1685, 1536, 1039, 1737, 1637, 1275, 1668, 1122, 1006, 1171, 1635, 1110, 1447, 1219, 1365, 1379, 1148, 1620, 1142, 1844, 1339, 1872, 1333, 1832, 1491, 1752, 1769, 1230, 1111, 1285], "recourse_recommended_ixs": [1253, 1041, 1980, 1029, 1676, 1030, 1013, 1531, 1700, 1504, 1401, 1185, 1855, 1454, 1824, 1248, 1909, 1727, 1918, 1542, 1367, 1963, 1176, 1470, 1831, 1862, 1588, 1357, 1947, 1482, 1408, 1432, 1337, 1567, 1779, 1372, 1592, 1082, 1268, 1027, 1299, 1009, 1602, 1450, 1740, 1043, 1595, 1046, 1622, 1804, 1830, 1308, 1614, 1426, 1636, 1457, 1139, 1566, 1311, 1788, 1857, 1453, 1917, 1846, 1882, 1686, 1865, 1276, 1661, 1782, 1685, 1536, 1039, 1737, 1637, 1275, 1668, 1122, 1006, 1171, 1635, 1110, 1447, 1219, 1365, 1379, 1148, 1620, 1142, 1844, 1339, 1872, 1333, 1832, 1491, 1752, 1769, 1230, 1111, 1285], "perc_recomm_found": 1.0, "gamma": 0.75, "eta": 0.75, "gamma_obs": 0.4000000059604645, "gamma_obs_pre": 0.0, "eta_obs": 1.0, "costs": [1.0, 1.0, 1.0], "lbd": 150.0, "thresh": 0.5, "r_type": "individualized", "t_type": "acceptance", "eta_obs_individualized": NaN, "eta_obs_refits_batch0_mean": 0.9800000190734863, "model_score": 0.996, "model_f1": 1.0, "model_refits_batch0_scores": [1.0, 1.0, 0.997, 0.997, 1.0], "model_refits_batch0_f1s": [1.0, 1.0, 0.9969356486210419, 0.9969356486210419, 1.0], "model_coef": NaN}