{"accuracy_pre": 1.0, "accuracy_post": 1.0, "recourse_seeking_ixs": [1219, 1628, 1582, 1099, 1486, 1704, 1333, 1218, 1231, 1020, 1733, 1036, 1456, 1973, 1845, 1326, 1714, 1030, 1685, 1654, 1734, 1601, 1230, 1542, 1520, 1821, 1115, 1194, 1592, 1539, 1427, 1003, 1594, 1746, 1384, 1385, 1666, 1450, 1623, 1507, 1157, 1359, 1171, 1273, 1902, 1286, 1590, 1201, 1686, 1931, 1561, 1229, 1305, 1688, 1323, 1966, 1500, 1747, 1008, 1567, 1956, 1602, 1720, 1072, 1550, 1098, 1279, 1374, 1034, 1579, 1044, 1459, 1223, 1848, 1330, 1777, 1506, 1345, 1276, 1331, 1724, 1804, 1049, 1711, 1516, 1313, 1934, 1259, 1344, 1938, 1936, 1809, 1879, 1119, 1836, 1961, 1246, 1033, 1776, 1996], "recourse_recommended_ixs": [1219, 1628, 1582, 1099, 1486, 1704, 1333, 1218, 1231, 1020, 1733, 1036, 1456, 1973, 1845, 1326, 1714, 1030, 1685, 1654, 1734, 1601, 1230, 1542, 1520, 1821, 1115, 1194, 1592, 1539, 1427, 1003, 1594, 1746, 1384, 1385, 1666, 1450, 1623, 1507, 1157, 1359, 1171, 1273, 1902, 1286, 1590, 1201, 1686, 1931, 1561, 1229, 1305, 1688, 1323, 1966, 1500, 1747, 1008, 1567, 1956, 1602, 1720, 1072, 1550, 1098, 1279, 1374, 1034, 1579, 1044, 1459, 1223, 1848, 1330, 1777, 1506, 1345, 1276, 1331, 1724, 1804, 1049, 1711, 1516, 1313, 1934, 1259, 1344, 1938, 1936, 1809, 1879, 1119, 1836, 1961, 1246, 1033, 1776, 1996], "perc_recomm_found": 1.0, "gamma": 0.75, "eta": 0.75, "gamma_obs": 1.0, "gamma_obs_pre": 0.0, "eta_obs": 1.0, "costs": [1.0, 1.0, 1.0], "lbd": 150.0, "thresh": 0.5, "r_type": "individualized", "t_type": "acceptance", "eta_obs_individualized": NaN, "eta_obs_refits_batch0_mean": 0.9160000085830688, "model_score": 0.986, "model_f1": 0.9937369519832986, "model_refits_batch0_scores": [0.999, 0.995, 0.999, 0.997, 1.0], "model_refits_batch0_f1s": [0.9989929506545822, 0.9949443882709809, 0.9989929506545822, 0.9969727547931382, 1.0], "model_coef": NaN}