{"accuracy_pre": 0.9, "accuracy_post": 0.74, "recourse_seeking_ixs": [214, 291, 241, 308, 266, 322, 372, 310, 200, 252, 268, 246, 283, 238, 329, 261, 399, 235, 293, 380, 314, 313, 211, 273, 303, 392, 352, 342, 267, 349, 233, 351, 239, 227, 358, 263, 397, 255, 393, 257, 368, 203, 232, 307, 391, 321, 394, 258, 370, 265], "recourse_recommended_ixs": [214, 291, 241, 308, 266, 322, 372, 310, 200, 252, 268, 246, 283, 238, 329, 261, 399, 235, 293, 380, 314, 313, 211, 273, 303, 392, 352, 342, 267, 349, 233, 351, 239, 227, 358, 263, 397, 255, 393, 257, 368, 203, 232, 307, 391, 321, 394, 258, 370, 265], "perc_recomm_found": 1.0, "gamma": 0.75, "eta": 0.75, "gamma_obs": 0.7599999904632568, "gamma_obs_pre": 0.10000000149011612, "eta_obs": 0.98, "costs": [1.0, 1.0, 1.0], "lbd": 300.0, "thresh": 0.5, "r_type": "subpopulation", "t_type": "improvement", "eta_obs_individualized": NaN, "eta_obs_refits_batch0_mean": 0.8240000009536743, "model_score": 0.89, "model_f1": 0.888888888888889, "model_refits_batch0_scores": [0.91, 0.88, 0.885, 0.895, 0.905], "model_refits_batch0_f1s": [0.9081632653061225, 0.8811881188118811, 0.8878048780487805, 0.8911917098445595, 0.9045226130653267], "model_coef": [[1.0725123715533602, 0.2180381731278218, 1.6860843883037773], [0.3237274772452617]]}