{"accuracy_pre": 0.98, "accuracy_post": 0.08, "recourse_seeking_ixs": [1621, 1033, 1930, 1690, 1593, 1454, 1831, 1224, 1133, 1996, 1045, 1285, 1464, 1924, 1014, 1230, 1950, 1989, 1793, 1009, 1953, 1662, 1303, 1842, 1961, 1168, 1475, 1143, 1010, 1034, 1203, 1962, 1977, 1645, 1668, 1090, 1013, 1568, 1216, 1306, 1891, 1677, 1202, 1742, 1811, 1733, 1968, 1823, 1263, 1532, 1895, 1683, 1385, 1459, 1274, 1954, 1664, 1387, 1063, 1036, 1212, 1708, 1111, 1770, 1746, 1100, 1054, 1499, 1184, 1439, 1146, 1861, 1607, 1242, 1915, 1316, 1468, 1667, 1369, 1145, 1983, 1293, 1400, 1083, 1492, 1923, 1992, 1575, 1751, 1940, 1376, 1119, 1741, 1814, 1651, 1906, 1687, 1821, 1289, 1611], "recourse_recommended_ixs": [1621, 1033, 1930, 1690, 1593, 1454, 1831, 1224, 1133, 1996, 1045, 1285, 1464, 1924, 1014, 1230, 1950, 1989, 1793, 1009, 1953, 1662, 1303, 1842, 1961, 1168, 1475, 1143, 1010, 1034, 1203, 1962, 1977, 1645, 1668, 1090, 1013, 1568, 1216, 1306, 1891, 1677, 1202, 1742, 1811, 1733, 1968, 1823, 1263, 1532, 1895, 1683, 1385, 1459, 1274, 1954, 1664, 1387, 1063, 1036, 1212, 1708, 1111, 1770, 1746, 1100, 1054, 1499, 1184, 1439, 1146, 1861, 1607, 1242, 1915, 1316, 1468, 1667, 1369, 1145, 1983, 1293, 1400, 1083, 1492, 1923, 1992, 1575, 1751, 1940, 1376, 1119, 1741, 1814, 1651, 1906, 1687, 1821, 1289, 1611], "perc_recomm_found": 1.0, "gamma": 0.75, "eta": 0.75, "gamma_obs": 0.07000000029802322, "gamma_obs_pre": 0.019999999552965164, "eta_obs": 0.99, "costs": [1.0, 1.0, 1.0], "lbd": 150.0, "thresh": 0.5, "r_type": "individualized", "t_type": "counterfactual", "eta_obs_individualized": NaN, "eta_obs_refits_batch0_mean": 0.46400004625320435, "model_score": 0.993, "model_f1": 0.9930624380574826, "model_refits_batch0_scores": [0.998, 0.998, 0.998, 0.998, 0.998], "model_refits_batch0_f1s": [0.99800796812749, 0.99800796812749, 0.99800796812749, 0.99800796812749, 0.99800796812749], "model_coef": [[-1.4772435662888521, -1.846554638080656, 3.532578813399066], [-1.7375217910702037]]}