{"accuracy_pre": 0.92, "accuracy_post": 0.64, "recourse_seeking_ixs": [253, 207, 323, 252, 285, 303, 247, 367, 296, 327, 284, 264, 330, 254, 384, 307, 302, 340, 230, 382, 343, 373, 314, 364, 334, 266, 353, 310, 349, 265, 397, 370, 218, 322, 311, 376, 274, 268, 393, 374, 320, 220, 396, 298, 263, 350, 258, 225, 351, 379], "recourse_recommended_ixs": [253, 207, 323, 252, 285, 303, 247, 367, 296, 327, 284, 264, 330, 254, 384, 307, 302, 340, 230, 382, 343, 373, 314, 364, 334, 266, 353, 310, 349, 265, 397, 370, 218, 322, 311, 376, 274, 268, 393, 374, 320, 220, 396, 298, 263, 350, 258, 225, 351, 379], "perc_recomm_found": 1.0, "gamma": 0.75, "eta": 0.75, "gamma_obs": 0.6600000262260437, "gamma_obs_pre": 0.07999999821186066, "eta_obs": 0.98, "costs": [1.0, 1.0], "lbd": 300.0, "thresh": 0.5, "r_type": "individualized", "t_type": "improvement", "eta_obs_individualized": 0.78, "eta_obs_refits_batch0_mean": 0.9800000190734863, "model_score": 0.85, "model_f1": 0.8571428571428571, "model_refits_batch0_scores": [0.85, 0.815, 0.8, 0.845, 0.86], "model_refits_batch0_f1s": [0.8571428571428571, 0.8294930875576036, 0.8148148148148148, 0.8502415458937198, 0.8653846153846154], "model_coef": [[0.05864341800356626, 0.4888691119353773, 0.6425110721738136], [-0.10469144681029367]]}