{"accuracy_pre": 0.88, "accuracy_post": 0.36, "recourse_seeking_ixs": [619, 751, 649, 968, 778, 817, 646, 995, 966, 642, 601, 753, 549, 850, 925, 828, 802, 761, 808, 626, 939, 793, 667, 854, 541, 897, 583, 705, 632, 615, 698, 552, 685, 704, 814, 973, 956, 967, 662, 763, 628, 723, 770, 625, 784, 992, 832, 692, 874, 811, 544, 506, 702, 791, 756, 556, 734, 834, 760, 930, 547, 569, 617, 943, 988, 741, 542, 865, 885, 889, 946, 548, 592, 844, 965, 516, 500, 869, 587, 560, 652, 503, 969, 588, 821, 902, 536, 769, 729, 563, 847, 948, 903, 799, 937, 689, 644, 859, 603, 694], "recourse_recommended_ixs": [619, 751, 649, 968, 778, 817, 646, 995, 966, 642, 601, 753, 549, 850, 925, 828, 802, 761, 808, 626, 939, 793, 667, 854, 541, 897, 583, 705, 632, 615, 698, 552, 685, 704, 814, 973, 956, 967, 662, 763, 628, 723, 770, 625, 784, 992, 832, 692, 874, 811, 544, 506, 702, 791, 756, 556, 734, 834, 760, 930, 547, 569, 617, 943, 988, 741, 542, 865, 885, 889, 946, 548, 592, 844, 965, 516, 500, 869, 587, 560, 652, 503, 969, 588, 821, 902, 536, 769, 729, 563, 847, 948, 903, 799, 937, 689, 644, 859, 603, 694], "perc_recomm_found": 1.0, "gamma": 0.95, "eta": 0.95, "gamma_obs": 0.3700000047683716, "gamma_obs_pre": 0.11999999731779099, "eta_obs": 0.97, "costs": [1.0, 1.0, 1.0], "lbd": 300.0, "thresh": 0.5, "r_type": "subpopulation", "t_type": "acceptance", "eta_obs_individualized": NaN, "eta_obs_refits_batch0_mean": 0.6139999628067017, "model_score": 0.73, "model_f1": 0.7269230769230769, "model_refits_batch0_scores": [0.828, 0.828, 0.794, 0.826, 0.834], "model_refits_batch0_f1s": [0.8027522935779817, 0.8063063063063063, 0.7518072289156627, 0.7962529274004684, 0.814317673378076], "model_coef": [[0.17212440209313498, 0.30563951578550236, 0.8015383947950182], [-0.48917069650178224]]}