{"accuracy_pre": 1.0, "accuracy_post": 0.98, "recourse_seeking_ixs": [1662, 1883, 1533, 1374, 1839, 1658, 1154, 1415, 1845, 1353, 1413, 1692, 1868, 1332, 1882, 1292, 1777, 1724, 1539, 1440, 1918, 1093, 1455, 1293, 1904, 1131, 1606, 1524, 1334, 1913, 1346, 1425, 1145, 1680, 1809, 1452, 1900, 1764, 1578, 1759, 1589, 1283, 1560, 1869, 1427, 1182, 1607, 1518, 1235, 1206, 1880, 1528, 1326, 1580, 1966, 1144, 1008, 1284, 1248, 1581, 1687, 1128, 1014, 1896, 1666, 1729, 1306, 1731, 1804, 1373, 1236, 1394, 1166, 1141, 1483, 1106, 1681, 1275, 1734, 1302, 1529, 1992, 1305, 1245, 1781, 1717, 1337, 1501, 1001, 1592, 1108, 1643, 1202, 1796, 1268, 1011, 1331, 1259, 1791, 1983], "recourse_recommended_ixs": [1662, 1883, 1533, 1374, 1839, 1658, 1154, 1415, 1845, 1353, 1413, 1692, 1868, 1332, 1882, 1292, 1777, 1724, 1539, 1440, 1918, 1093, 1455, 1293, 1904, 1131, 1606, 1524, 1334, 1913, 1346, 1425, 1145, 1680, 1809, 1452, 1900, 1764, 1578, 1759, 1589, 1283, 1560, 1869, 1427, 1182, 1607, 1518, 1235, 1206, 1880, 1528, 1326, 1580, 1966, 1144, 1008, 1284, 1248, 1581, 1687, 1128, 1014, 1896, 1666, 1729, 1306, 1731, 1804, 1373, 1236, 1394, 1166, 1141, 1483, 1106, 1681, 1275, 1734, 1302, 1529, 1992, 1305, 1245, 1781, 1717, 1337, 1501, 1001, 1592, 1108, 1643, 1202, 1796, 1268, 1011, 1331, 1259, 1791, 1983], "perc_recomm_found": 1.0, "gamma": 0.95, "eta": 0.95, "gamma_obs": 0.9800000190734863, "gamma_obs_pre": 0.0, "eta_obs": 1.0, "costs": [1.0, 1.0, 1.0], "lbd": 150.0, "thresh": 0.5, "r_type": "individualized", "t_type": "acceptance", "eta_obs_individualized": NaN, "eta_obs_refits_batch0_mean": 0.9800000190734863, "model_score": 0.971, "model_f1": 0.9989304812834224, "model_refits_batch0_scores": [0.999, 0.999, 0.997, 0.996, 0.998], "model_refits_batch0_f1s": [0.9989929506545822, 0.9989929506545822, 0.9969727547931382, 0.995983935742972, 0.9979838709677419], "model_coef": NaN}