{"accuracy_pre": 0.84, "accuracy_post": 0.54, "recourse_seeking_ixs": [251, 376, 275, 289, 392, 343, 263, 377, 354, 352, 325, 362, 284, 241, 204, 223, 335, 380, 336, 399, 235, 332, 286, 312, 291, 218, 398, 318, 277, 224, 256, 253, 373, 234, 307, 273, 391, 247, 282, 317, 341, 313, 208, 290, 255, 387, 397, 274, 211, 209], "recourse_recommended_ixs": [251, 376, 275, 289, 392, 343, 263, 377, 354, 352, 325, 362, 284, 241, 204, 223, 335, 380, 336, 399, 235, 332, 286, 312, 291, 218, 398, 318, 277, 224, 256, 253, 373, 234, 307, 273, 391, 247, 282, 317, 341, 313, 208, 290, 255, 387, 397, 274, 211, 209], "perc_recomm_found": 1.0, "gamma": 0.95, "eta": 0.95, "gamma_obs": 0.5400000214576721, "gamma_obs_pre": 0.1599999964237213, "eta_obs": 1.0, "costs": [1.0, 1.0, 1.0], "lbd": 300.0, "thresh": 0.5, "r_type": "individualized", "t_type": "counterfactual", "eta_obs_individualized": NaN, "eta_obs_refits_batch0_mean": 0.2639999985694885, "model_score": 0.845, "model_f1": 0.8516746411483254, "model_refits_batch0_scores": [0.85, 0.85, 0.84, 0.855, 0.855], "model_refits_batch0_f1s": [0.8543689320388349, 0.8529411764705882, 0.8476190476190476, 0.863849765258216, 0.8599033816425121], "model_coef": [[0.9870510950269237, 0.9001554042683111, 1.2525626248485802], [0.0609816155517503]]}