{"accuracy_pre": 0.9, "accuracy_post": 0.88, "recourse_seeking_ixs": [381, 333, 349, 348, 299, 395, 359, 248, 289, 372, 238, 219, 285, 220, 212, 355, 341, 373, 354, 352, 320, 231, 258, 393, 356, 236, 330, 314, 214, 211, 228, 234, 206, 310, 384, 375, 205, 326, 254, 301, 242, 286, 260, 247, 374, 321, 263, 255, 340, 227], "recourse_recommended_ixs": [381, 333, 349, 348, 299, 395, 359, 248, 289, 372, 238, 219, 285, 220, 212, 355, 341, 373, 354, 352, 320, 231, 258, 393, 356, 236, 330, 314, 214, 211, 228, 234, 206, 310, 384, 375, 205, 326, 254, 301, 242, 286, 260, 247, 374, 321, 263, 255, 340, 227], "perc_recomm_found": 1.0, "gamma": 0.9, "eta": 0.9, "gamma_obs": 0.8799999952316284, "gamma_obs_pre": 0.10000000149011612, "eta_obs": 1.0, "costs": [1.0, 1.0, 1.0], "lbd": 300.0, "thresh": 0.5, "r_type": "individualized", "t_type": "improvement", "eta_obs_individualized": 1.0, "eta_obs_refits_batch0_mean": 0.9640000462532043, "model_score": 0.89, "model_f1": 0.872093023255814, "model_refits_batch0_scores": [0.895, 0.87, 0.875, 0.89, 0.875], "model_refits_batch0_f1s": [0.8786127167630058, 0.8433734939759038, 0.8520710059171598, 0.872093023255814, 0.869109947643979], "model_coef": [[0.6884258858734702, 0.7121307202135356, 1.2765377843548575], [-0.18065314715685094]]}