{"accuracy_pre": 0.85, "accuracy_post": 0.89, "recourse_seeking_ixs": [857, 975, 771, 747, 741, 961, 794, 692, 866, 911, 843, 890, 685, 809, 622, 954, 797, 787, 777, 769, 925, 807, 784, 891, 756, 918, 998, 576, 541, 964, 893, 529, 897, 922, 710, 842, 611, 894, 587, 572, 625, 567, 963, 752, 555, 957, 840, 628, 554, 959, 580, 924, 530, 568, 900, 952, 987, 936, 619, 845, 848, 653, 556, 712, 744, 948, 958, 792, 566, 539, 814, 982, 748, 729, 586, 895, 935, 907, 695, 825, 595, 773, 623, 594, 662, 582, 870, 901, 791, 589, 505, 860, 760, 534, 996, 896, 820, 674, 836, 714], "recourse_recommended_ixs": [857, 975, 771, 747, 741, 961, 794, 692, 866, 911, 843, 890, 685, 809, 622, 954, 797, 787, 777, 769, 925, 807, 784, 891, 756, 918, 998, 576, 541, 964, 893, 529, 897, 922, 710, 842, 611, 894, 587, 572, 625, 567, 963, 752, 555, 957, 840, 628, 554, 959, 580, 924, 530, 568, 900, 952, 987, 936, 619, 845, 848, 653, 556, 712, 744, 948, 958, 792, 566, 539, 814, 982, 748, 729, 586, 895, 935, 907, 695, 825, 595, 773, 623, 594, 662, 582, 870, 901, 791, 589, 505, 860, 760, 534, 996, 896, 820, 674, 836, 714], "perc_recomm_found": 1.0, "gamma": 0.95, "eta": 0.95, "gamma_obs": 0.9200000166893005, "gamma_obs_pre": 0.15000000596046448, "eta_obs": 0.95, "costs": [1.0, 1.0], "lbd": 300.0, "thresh": 0.5, "r_type": "subpopulation", "t_type": "improvement", "eta_obs_individualized": NaN, "eta_obs_refits_batch0_mean": 0.8840000033378601, "model_score": 0.812, "model_f1": 0.8, "model_refits_batch0_scores": [0.796, 0.788, 0.812, 0.74, 0.776], "model_refits_batch0_f1s": [0.7943548387096774, 0.7845528455284553, 0.8016877637130803, 0.75, 0.7575757575757576], "model_coef": NaN}