{"accuracy_pre": 0.62, "accuracy_post": 0.96, "recourse_seeking_ixs": [348, 324, 282, 332, 257, 223, 269, 258, 299, 243, 286, 287, 200, 222, 347, 330, 292, 259, 373, 380, 266, 291, 239, 302, 369, 391, 209, 343, 350, 245, 344, 331, 229, 231, 357, 378, 220, 356, 264, 215, 386, 338, 236, 359, 385, 374, 271, 298, 284, 288], "recourse_recommended_ixs": [348, 324, 282, 332, 257, 223, 269, 258, 299, 243, 286, 287, 200, 222, 347, 330, 259, 373, 380, 266, 291, 239, 302, 369, 391, 209, 343, 245, 344, 331, 231, 357, 378, 220, 356, 264, 215, 386, 338, 236, 359, 385, 374, 271, 298, 284, 288], "perc_recomm_found": 0.94, "gamma": 0.95, "eta": 0.95, "gamma_obs": 0.978723406791687, "gamma_obs_pre": 0.38297873735427856, "eta_obs": 1.0, "costs": [1.0, 1.0], "lbd": 300.0, "thresh": 0.5, "r_type": "individualized", "t_type": "improvement", "eta_obs_individualized": 0.9787234042553191, "eta_obs_refits_batch0_mean": 0.9872339963912964, "model_score": 0.77, "model_f1": 0.7499999999999999, "model_refits_batch0_scores": [0.765, 0.74, 0.765, 0.77, 0.775], "model_refits_batch0_f1s": [0.748663101604278, 0.711111111111111, 0.748663101604278, 0.7578947368421053, 0.7567567567567568], "model_coef": [[0.39349247911335705, -0.4072471111983574, 1.0604153387299742], [-0.7898469069598224]]}