{"accuracy_pre": 1.0, "accuracy_post": 0.09, "recourse_seeking_ixs": [1157, 1133, 1996, 1220, 1257, 1974, 1034, 1460, 1662, 1614, 1114, 1552, 1956, 1397, 1229, 1286, 1607, 1483, 1758, 1883, 1109, 1968, 1889, 1448, 1409, 1108, 1665, 1562, 1194, 1292, 1926, 1668, 1171, 1099, 1131, 1300, 1015, 1485, 1344, 1165, 1005, 1093, 1731, 1894, 1522, 1391, 1903, 1337, 1845, 1014, 1002, 1693, 1864, 1578, 1868, 1450, 1954, 1628, 1904, 1070, 1779, 1934, 1554, 1747, 1592, 1606, 1000, 1084, 1303, 1323, 1230, 1020, 1100, 1057, 1111, 1601, 1132, 1089, 1146, 1371, 1700, 1847, 1528, 1044, 1309, 1304, 1359, 1981, 1634, 1642, 1439, 1998, 1501, 1730, 1424, 1608, 1882, 1542, 1322, 1568], "recourse_recommended_ixs": [1157, 1133, 1996, 1220, 1257, 1974, 1034, 1460, 1662, 1614, 1114, 1552, 1956, 1397, 1229, 1286, 1607, 1483, 1758, 1883, 1109, 1968, 1889, 1448, 1409, 1108, 1665, 1562, 1194, 1292, 1926, 1668, 1171, 1099, 1131, 1300, 1015, 1485, 1344, 1165, 1005, 1093, 1731, 1894, 1522, 1391, 1903, 1337, 1845, 1014, 1002, 1693, 1864, 1578, 1868, 1450, 1954, 1628, 1904, 1070, 1779, 1934, 1554, 1747, 1592, 1606, 1000, 1084, 1303, 1323, 1230, 1020, 1100, 1057, 1111, 1601, 1132, 1089, 1146, 1371, 1700, 1847, 1528, 1044, 1309, 1304, 1359, 1981, 1634, 1642, 1439, 1998, 1501, 1730, 1424, 1608, 1882, 1542, 1322, 1568], "perc_recomm_found": 1.0, "gamma": 0.75, "eta": 0.75, "gamma_obs": 0.10000000149011612, "gamma_obs_pre": 0.0, "eta_obs": 0.99, "costs": [1.0, 1.0, 1.0], "lbd": 150.0, "thresh": 0.5, "r_type": "subpopulation", "t_type": "acceptance", "eta_obs_individualized": NaN, "eta_obs_refits_batch0_mean": 0.699999988079071, "model_score": 0.969, "model_f1": 0.9678756476683938, "model_refits_batch0_scores": [0.998, 0.998, 0.998, 0.998, 0.998], "model_refits_batch0_f1s": [0.9979879275653923, 0.9979879275653923, 0.9979879275653923, 0.9979879275653923, 0.9979879275653923], "model_coef": [[-2.3825008588811247, -2.9781260199919783, 3.5658733069994097], [-1.936896338597984]]}