{"accuracy_pre": 0.84, "accuracy_post": 0.4, "recourse_seeking_ixs": [578, 746, 603, 621, 973, 880, 779, 595, 952, 861, 761, 852, 524, 926, 732, 765, 969, 607, 823, 672, 655, 968, 661, 558, 966, 958, 641, 905, 741, 864, 950, 583, 811, 855, 742, 956, 666, 584, 804, 860, 606, 877, 727, 694, 846, 745, 627, 991, 995, 623, 795, 821, 565, 928, 970, 859, 951, 739, 763, 979, 553, 989, 896, 652, 747, 830, 943, 673, 793, 845, 912, 892, 984, 569, 637, 698, 788, 927, 876, 760, 787, 923, 843, 985, 942, 699, 653, 965, 670, 551, 810, 895, 749, 780, 519, 528, 988, 871, 783, 537], "recourse_recommended_ixs": [578, 746, 603, 621, 973, 880, 779, 595, 952, 861, 761, 852, 524, 926, 732, 765, 969, 607, 823, 672, 655, 968, 661, 558, 966, 958, 641, 905, 741, 864, 950, 583, 811, 855, 742, 956, 666, 584, 804, 860, 606, 877, 727, 694, 846, 745, 627, 991, 995, 623, 795, 821, 565, 928, 970, 859, 951, 739, 763, 979, 553, 989, 896, 652, 747, 830, 943, 673, 793, 845, 912, 892, 984, 569, 637, 698, 788, 927, 876, 760, 787, 923, 843, 985, 942, 699, 653, 965, 670, 551, 810, 895, 749, 780, 519, 528, 988, 871, 783, 537], "perc_recomm_found": 1.0, "gamma": 0.75, "eta": 0.75, "gamma_obs": 0.3799999952316284, "gamma_obs_pre": 0.1599999964237213, "eta_obs": 0.9, "costs": [1.0, 1.0, 1.0], "lbd": 300.0, "thresh": 0.5, "r_type": "subpopulation", "t_type": "acceptance", "eta_obs_individualized": NaN, "eta_obs_refits_batch0_mean": 0.4259999692440033, "model_score": 0.806, "model_f1": 0.8148148148148148, "model_refits_batch0_scores": [0.848, 0.846, 0.848, 0.856, 0.854], "model_refits_batch0_f1s": [0.8597785977859778, 0.8522072936660269, 0.8560606060606061, 0.855421686746988, 0.8560157790927022], "model_coef": NaN}