{"accuracy_pre": 0.99, "accuracy_post": 1.0, "recourse_seeking_ixs": [1053, 1992, 1214, 1533, 1099, 1627, 1278, 1093, 1572, 1074, 1874, 1304, 1005, 1818, 1002, 1821, 1890, 1839, 1231, 1332, 1483, 1937, 1373, 1952, 1651, 1759, 1301, 1580, 1700, 1693, 1000, 1823, 1405, 1098, 1720, 1930, 1491, 1190, 1020, 1803, 1299, 1961, 1240, 1385, 1531, 1206, 1255, 1568, 1194, 1049, 1758, 1966, 1286, 1671, 1319, 1203, 1622, 1282, 1958, 1642, 1911, 1652, 1492, 1847, 1750, 1259, 1307, 1313, 1460, 1305, 1030, 1549, 1111, 1479, 1981, 1222, 1334, 1724, 1459, 1288, 1889, 1296, 1741, 1244, 1248, 1495, 1127, 1934, 1434, 1947, 1680, 1733, 1655, 1216, 1579, 1637, 1146, 1936, 1926, 1151], "recourse_recommended_ixs": [1053, 1992, 1214, 1533, 1099, 1627, 1278, 1093, 1572, 1074, 1874, 1304, 1005, 1818, 1002, 1821, 1890, 1839, 1231, 1332, 1483, 1937, 1373, 1952, 1651, 1759, 1301, 1580, 1700, 1693, 1000, 1823, 1405, 1098, 1720, 1930, 1491, 1190, 1020, 1803, 1299, 1961, 1240, 1385, 1531, 1206, 1255, 1568, 1194, 1049, 1758, 1966, 1286, 1671, 1319, 1203, 1622, 1282, 1958, 1642, 1911, 1652, 1492, 1847, 1750, 1259, 1307, 1313, 1460, 1305, 1030, 1549, 1111, 1479, 1981, 1222, 1334, 1724, 1459, 1288, 1889, 1296, 1741, 1244, 1248, 1495, 1127, 1934, 1434, 1947, 1680, 1733, 1655, 1216, 1579, 1637, 1146, 1936, 1926, 1151], "perc_recomm_found": 1.0, "gamma": 0.75, "eta": 0.75, "gamma_obs": 1.0, "gamma_obs_pre": 0.009999999776482582, "eta_obs": 1.0, "costs": [1.0, 1.0], "lbd": 150.0, "thresh": 0.5, "r_type": "subpopulation", "t_type": "improvement", "eta_obs_individualized": NaN, "eta_obs_refits_batch0_mean": 1.0, "model_score": 0.833, "model_f1": 0.9989417989417989, "model_refits_batch0_scores": [0.999, 0.999, 0.997, 0.996, 0.998], "model_refits_batch0_f1s": [0.9989929506545822, 0.9989929506545822, 0.9969727547931382, 0.995983935742972, 0.9979838709677419], "model_coef": NaN}