{"accuracy_pre": 0.81, "accuracy_post": 0.21, "recourse_seeking_ixs": [319, 344, 475, 375, 461, 497, 467, 437, 386, 259, 273, 330, 252, 479, 436, 430, 433, 285, 279, 308, 458, 448, 450, 307, 456, 332, 378, 399, 398, 282, 413, 346, 440, 425, 310, 354, 495, 392, 318, 397, 278, 304, 457, 371, 451, 334, 473, 258, 484, 364, 266, 349, 488, 261, 385, 445, 314, 421, 356, 343, 366, 481, 362, 426, 316, 324, 299, 486, 429, 490, 329, 487, 442, 381, 264, 460, 288, 463, 325, 470, 489, 331, 363, 359, 269, 373, 376, 474, 305, 407, 406, 340, 382, 418, 355, 499, 281, 452, 327, 313], "recourse_recommended_ixs": [319, 344, 475, 375, 461, 497, 467, 437, 386, 259, 273, 330, 252, 479, 436, 430, 433, 285, 279, 308, 458, 448, 450, 307, 456, 332, 378, 399, 398, 282, 413, 346, 440, 425, 310, 354, 495, 392, 318, 397, 278, 304, 457, 371, 451, 334, 473, 258, 484, 364, 266, 349, 488, 261, 385, 445, 314, 421, 356, 343, 366, 481, 362, 426, 316, 324, 299, 486, 429, 490, 329, 487, 442, 381, 264, 460, 288, 463, 325, 470, 489, 331, 363, 359, 269, 373, 376, 474, 305, 407, 406, 340, 382, 418, 355, 499, 281, 452, 327, 313], "perc_recomm_found": 1.0, "gamma": 0.75, "eta": 0.75, "gamma_obs": 0.20999999344348907, "gamma_obs_pre": 0.1899999976158142, "eta_obs": 1.0, "costs": [1.0, 1.0, 1.0], "lbd": 100.0, "thresh": 0.5, "r_type": "individualized", "t_type": "counterfactual", "eta_obs_individualized": NaN, "eta_obs_refits_batch0_mean": 0.5540000200271606, "model_score": 0.816, "model_f1": 0.8217054263565892, "model_refits_batch0_scores": [0.828, 0.856, 0.82, 0.84, 0.836], "model_refits_batch0_f1s": [0.8365019011406843, 0.8615384615384616, 0.8301886792452831, 0.8425196850393701, 0.8416988416988418], "model_coef": NaN}