{"accuracy_pre": 0.23, "accuracy_post": 0.79, "recourse_seeking_ixs": [1321, 1897, 1073, 1678, 1614, 1911, 1180, 1426, 1350, 1703, 1931, 1366, 1891, 1580, 1467, 1084, 1877, 1016, 1790, 1299, 1311, 1515, 1031, 1482, 1327, 1728, 1627, 1206, 1217, 1157, 1484, 1199, 1493, 1038, 1958, 1724, 1272, 1943, 1176, 1223, 1229, 1981, 1582, 1369, 1930, 1111, 1433, 1810, 1605, 1485, 1323, 1881, 1828, 1161, 1150, 1552, 1796, 1152, 1418, 1468, 1357, 1270, 1344, 1662, 1477, 1298, 1275, 1406, 1059, 1402, 1643, 1079, 1142, 1108, 1292, 1106, 1399, 1737, 1640, 1947, 1155, 1225, 1555, 1429, 1685, 1367, 1800, 1115, 1105, 1427, 1672, 1425, 1227, 1850, 1719, 1127, 1892, 1817, 1006, 1179], "recourse_recommended_ixs": [1321, 1897, 1073, 1678, 1614, 1911, 1180, 1426, 1350, 1703, 1931, 1366, 1891, 1580, 1467, 1084, 1877, 1016, 1790, 1299, 1311, 1515, 1031, 1482, 1327, 1728, 1627, 1206, 1217, 1157, 1484, 1199, 1493, 1038, 1958, 1724, 1272, 1943, 1176, 1223, 1229, 1981, 1582, 1369, 1930, 1111, 1433, 1810, 1605, 1485, 1323, 1881, 1828, 1161, 1150, 1552, 1796, 1152, 1418, 1468, 1357, 1270, 1344, 1662, 1477, 1298, 1275, 1406, 1059, 1402, 1643, 1079, 1142, 1108, 1292, 1106, 1399, 1737, 1640, 1947, 1155, 1225, 1555, 1429, 1685, 1367, 1800, 1115, 1105, 1427, 1672, 1425, 1227, 1850, 1719, 1127, 1892, 1817, 1006, 1179], "perc_recomm_found": 1.0, "gamma": 0.75, "eta": 0.75, "gamma_obs": 1.0, "gamma_obs_pre": 0.7699999809265137, "eta_obs": 0.79, "costs": [1.0, 1.0], "lbd": 150.0, "thresh": 0.5, "r_type": "subpopulation", "t_type": "improvement", "eta_obs_individualized": NaN, "eta_obs_refits_batch0_mean": 0.5519999861717224, "model_score": 0.224, "model_f1": 0.9880715705765408, "model_refits_batch0_scores": [0.998, 0.998, 0.998, 0.998, 0.998], "model_refits_batch0_f1s": [0.9979674796747968, 0.9979674796747968, 0.9979674796747968, 0.9979674796747968, 0.9979674796747968], "model_coef": [[-1.659163472684449, -2.073954509754808, 3.5461907791574467], [-1.8217384722569294]]}