{"accuracy_pre": 0.99, "accuracy_post": 1.0, "recourse_seeking_ixs": [1585, 1386, 1111, 1923, 1978, 1116, 1741, 1435, 1166, 1431, 1007, 1572, 1130, 1661, 1797, 1344, 1233, 1541, 1642, 1401, 1639, 1287, 1681, 1447, 1618, 1177, 1607, 1819, 1088, 1460, 1464, 1203, 1941, 1888, 1308, 1399, 1629, 1070, 1907, 1112, 1884, 1626, 1597, 1147, 1267, 1906, 1331, 1285, 1372, 1902, 1744, 1533, 1076, 1046, 1236, 1081, 1421, 1753, 1567, 1179, 1660, 1883, 1002, 1439, 1990, 1481, 1332, 1638, 1105, 1174, 1210, 1778, 1603, 1764, 1725, 1414, 1110, 1039, 1801, 1225, 1168, 1457, 1930, 1645, 1933, 1075, 1149, 1895, 1935, 1346, 1387, 1814, 1324, 1484, 1434, 1568, 1376, 1899, 1806, 1362], "recourse_recommended_ixs": [1585, 1386, 1111, 1923, 1978, 1116, 1741, 1435, 1166, 1431, 1007, 1572, 1130, 1661, 1797, 1344, 1233, 1541, 1642, 1401, 1639, 1287, 1681, 1447, 1618, 1177, 1607, 1819, 1088, 1460, 1464, 1203, 1941, 1888, 1308, 1399, 1629, 1070, 1907, 1112, 1884, 1626, 1597, 1147, 1267, 1906, 1331, 1285, 1372, 1902, 1744, 1533, 1076, 1046, 1236, 1081, 1421, 1753, 1567, 1179, 1660, 1883, 1002, 1439, 1990, 1481, 1332, 1638, 1105, 1174, 1210, 1778, 1603, 1764, 1725, 1414, 1110, 1039, 1801, 1225, 1168, 1457, 1930, 1645, 1933, 1075, 1149, 1895, 1935, 1346, 1387, 1814, 1324, 1484, 1434, 1568, 1376, 1899, 1806, 1362], "perc_recomm_found": 1.0, "gamma": 0.95, "eta": 0.95, "gamma_obs": 1.0, "gamma_obs_pre": 0.009999999776482582, "eta_obs": 1.0, "costs": [1.0, 1.0], "lbd": 150.0, "thresh": 0.5, "r_type": "subpopulation", "t_type": "improvement", "eta_obs_individualized": NaN, "eta_obs_refits_batch0_mean": 1.0, "model_score": 0.992, "model_f1": 0.9990167158308751, "model_refits_batch0_scores": [0.998, 0.998, 1.0, 0.994, 0.996], "model_refits_batch0_f1s": [0.99800796812749, 0.99800796812749, 1.0, 0.9939999999999999, 0.9960079840319361], "model_coef": NaN}