{"accuracy_pre": 0.84, "accuracy_post": 0.58, "recourse_seeking_ixs": [301, 353, 294, 218, 316, 327, 384, 326, 286, 271, 269, 277, 376, 238, 398, 338, 222, 303, 319, 258, 260, 365, 236, 239, 265, 381, 336, 370, 203, 232, 306, 300, 339, 209, 252, 323, 242, 273, 373, 352, 392, 266, 235, 307, 390, 220, 383, 367, 340, 259], "recourse_recommended_ixs": [301, 353, 294, 218, 316, 327, 384, 326, 286, 271, 269, 277, 376, 238, 398, 338, 222, 303, 319, 258, 260, 365, 236, 239, 265, 381, 336, 370, 203, 232, 306, 300, 339, 209, 252, 323, 242, 273, 373, 352, 392, 266, 235, 307, 390, 220, 383, 367, 340, 259], "perc_recomm_found": 1.0, "gamma": 0.95, "eta": 0.95, "gamma_obs": 0.5799999833106995, "gamma_obs_pre": 0.1599999964237213, "eta_obs": 1.0, "costs": [1.0, 1.0, 1.0], "lbd": 300.0, "thresh": 0.5, "r_type": "subpopulation", "t_type": "acceptance", "eta_obs_individualized": NaN, "eta_obs_refits_batch0_mean": 0.4519999921321869, "model_score": 0.9, "model_f1": 0.9107142857142857, "model_refits_batch0_scores": [0.875, 0.86, 0.885, 0.87, 0.9], "model_refits_batch0_f1s": [0.8898678414096916, 0.8738738738738739, 0.8959276018099547, 0.8773584905660378, 0.9107142857142857], "model_coef": [[0.9468990349781393, 0.6638949227824809, 0.886323830293156], [0.07225976937942394]]}