{"accuracy_pre": 1.0, "accuracy_post": 0.96, "recourse_seeking_ixs": [1770, 1952, 1223, 1861, 1978, 1606, 1717, 1690, 1638, 1552, 1210, 1635, 1811, 1146, 1443, 1791, 1320, 1105, 1475, 1557, 1045, 1744, 1131, 1994, 1101, 1030, 1650, 1587, 1212, 1071, 1737, 1258, 1118, 1386, 1486, 1986, 1029, 1072, 1788, 1567, 1319, 1282, 1201, 1621, 1652, 1084, 1964, 1990, 1701, 1014, 1331, 1388, 1537, 1348, 1793, 1962, 1930, 1824, 1697, 1291, 1585, 1907, 1290, 1191, 1046, 1841, 1182, 1852, 1369, 1179, 1529, 1616, 1594, 1067, 1195, 1412, 1976, 1177, 1162, 1036, 1253, 1915, 1469, 1814, 1624, 1561, 1499, 1610, 1242, 1349, 1674, 1805, 1025, 1257, 1884, 1076, 1070, 1588, 1081, 1277], "recourse_recommended_ixs": [1770, 1952, 1223, 1861, 1978, 1606, 1717, 1690, 1638, 1552, 1210, 1635, 1811, 1146, 1443, 1791, 1320, 1105, 1475, 1557, 1045, 1744, 1131, 1994, 1101, 1030, 1650, 1587, 1212, 1071, 1737, 1258, 1118, 1386, 1486, 1986, 1029, 1072, 1788, 1567, 1319, 1282, 1201, 1621, 1652, 1084, 1964, 1990, 1701, 1014, 1331, 1388, 1537, 1348, 1793, 1962, 1930, 1824, 1697, 1291, 1585, 1907, 1290, 1191, 1046, 1841, 1182, 1852, 1369, 1179, 1529, 1616, 1594, 1067, 1195, 1412, 1976, 1177, 1162, 1036, 1253, 1915, 1469, 1814, 1624, 1561, 1499, 1610, 1242, 1349, 1674, 1805, 1025, 1257, 1884, 1076, 1070, 1588, 1081, 1277], "perc_recomm_found": 1.0, "gamma": 0.75, "eta": 0.75, "gamma_obs": 1.0, "gamma_obs_pre": 0.0, "eta_obs": 0.96, "costs": [1.0, 1.0, 1.0], "lbd": 150.0, "thresh": 0.5, "r_type": "individualized", "t_type": "improvement", "eta_obs_individualized": 1.0, "eta_obs_refits_batch0_mean": 0.9599999189376831, "model_score": 0.995, "model_f1": 1.0, "model_refits_batch0_scores": [0.999, 0.996, 0.996, 0.996, 0.996], "model_refits_batch0_f1s": [0.9990009990009989, 0.9959919839679359, 0.9959919839679359, 0.9959919839679359, 0.9959919839679359], "model_coef": NaN}