r_type,t_type,eta_mean,gamma_mean,perc_recomm_found_mean,eta_obs_mean,eta_obs_individualized_mean,eta_obs_refits_batch0_mean_mean,gamma_obs_mean,intv-cost_mean,eta_std,gamma_std,perc_recomm_found_std,eta_obs_std,eta_obs_individualized_std,eta_obs_refits_batch0_mean_std,gamma_obs_std,intv-cost_std
individualized,acceptance,0.75,0.75,1.0,1.0,,0.5750000476837158,0.39000000059604645,2.3389999999999995,0.0,0.0,0.0,0.0,,0.02121318320510914,0.056568551767230475,0.10182337649086325
individualized,counterfactual,0.75,0.75,1.0,0.98,,0.5280000269412994,0.35999999940395355,2.6390000000000002,0.0,0.0,0.0,0.014142135623730963,,0.03676954284363162,0.056568551767230475,0.22203152929257564
individualized,improvement,0.75,0.75,1.0,0.975,1.0,0.9449999928474426,0.7599999904632568,3.7849999999999993,0.0,0.0,0.0,0.03535533905932741,0.0,0.018384792495240065,0.08485281711413359,0.09050966799187785
subpopulation,acceptance,0.75,0.75,1.0,0.94,,0.5630000233650208,0.3999999910593033,2.5055000000000005,0.0,0.0,0.0,0.0,,0.04101217105528374,0.0707106739039699,0.20152543263816583
subpopulation,counterfactual,0.75,0.75,1.0,0.98,,0.5280000269412994,0.35999999940395355,2.6390000000000002,0.0,0.0,0.0,0.014142135623730963,,0.03676954284363162,0.056568551767230475,0.22203152929257564
subpopulation,improvement,0.75,0.75,1.0,0.9650000000000001,,0.9330000281333923,0.7700000107288361,3.8975,0.0,0.0,0.0,0.04949747468305829,,0.004242670358500637,0.07071065283054564,0.020506096654410447
