r_type,t_type,x1_mean,x2_mean,x3_mean,causes_mean,non-causes_mean,x1_std,x2_std,x3_std,causes_std,non-causes_std
individualized,acceptance,0.358,0.4574999999999999,1.5045000000000002,2.3200000000000003,0.0,0.3464823227814083,0.3429467888754754,0.09404520189781067,0.09758073580374381,0.0
individualized,counterfactual,0.2700757575757575,0.42779797979797973,1.916419191919192,2.614292929292929,0.0,0.3605173210140503,0.3278118467609877,0.1874975768982632,0.22020305115132616,0.0
individualized,improvement,0.97,0.985,1.8260000000000005,3.7810000000000006,0.0,0.12303657992645914,0.1301076477383247,0.08909545442950444,0.09616652224137023,0.0
subpopulation,acceptance,0.3424242424242424,0.5237373737373738,1.6343434343434344,2.5005050505050503,0.0,0.3899801035634899,0.3435539007583126,0.17427682283789658,0.22070302564307387,0.0
subpopulation,counterfactual,0.2700757575757575,0.42779797979797973,1.916419191919192,2.614292929292929,0.0,0.3605173210140503,0.3278118467609877,0.1874975768982632,0.22020305115132616,0.0
subpopulation,improvement,1.0365,1.064,1.7950000000000002,3.8955,0.0,0.06010407640085643,0.1032375900532358,0.02262741699796954,0.02050609665441013,0.0
