{"accuracy_pre": 0.91, "accuracy_post": 0.98, "recourse_seeking_ixs": [892, 568, 934, 889, 876, 754, 852, 827, 859, 548, 736, 503, 780, 800, 704, 778, 562, 911, 966, 838, 662, 701, 976, 810, 973, 622, 615, 900, 575, 847, 962, 867, 832, 709, 913, 679, 970, 523, 546, 646, 842, 717, 592, 997, 846, 694, 718, 877, 750, 811, 623, 991, 500, 807, 902, 912, 897, 636, 727, 681, 685, 880, 591, 865, 677, 930, 552, 725, 699, 692, 573, 564, 957, 732, 633, 956, 714, 639, 508, 586, 649, 788, 616, 697, 739, 830, 942, 960, 629, 515, 668, 925, 825, 740, 857, 600, 565, 504, 784, 730], "recourse_recommended_ixs": [892, 568, 934, 889, 876, 754, 852, 827, 859, 548, 736, 503, 780, 800, 704, 778, 562, 911, 966, 838, 662, 701, 976, 810, 973, 622, 615, 900, 575, 847, 962, 867, 832, 709, 913, 679, 970, 523, 546, 646, 842, 717, 592, 997, 846, 694, 718, 877, 750, 811, 623, 991, 500, 807, 902, 912, 897, 636, 727, 681, 685, 880, 591, 865, 677, 930, 552, 725, 699, 692, 573, 564, 957, 732, 633, 956, 714, 639, 508, 586, 649, 788, 616, 697, 739, 830, 942, 960, 629, 515, 668, 925, 825, 740, 857, 600, 565, 504, 784, 730], "perc_recomm_found": 1.0, "gamma": 0.95, "eta": 0.95, "gamma_obs": 0.9800000190734863, "gamma_obs_pre": 0.09000000357627869, "eta_obs": 1.0, "costs": [1.0, 1.0], "lbd": 300.0, "thresh": 0.5, "r_type": "individualized", "t_type": "improvement", "eta_obs_individualized": 1.0, "eta_obs_refits_batch0_mean": 1.0, "model_score": 0.784, "model_f1": 0.8076109936575052, "model_refits_batch0_scores": [0.82, 0.828, 0.806, 0.818, 0.836], "model_refits_batch0_f1s": [0.7906976744186047, 0.8045454545454546, 0.7662650602409637, 0.7858823529411765, 0.8217391304347826], "model_coef": NaN}