{"accuracy_pre": 0.6363636363636364, "accuracy_post": 0.36363636363636365, "recourse_seeking_ixs": [103, 125, 131, 199, 148, 156, 172, 102, 138, 157, 121], "recourse_recommended_ixs": [103, 125, 131, 199, 148, 156, 172, 102, 138, 157, 121], "perc_recomm_found": 1.0, "gamma": 0.75, "eta": 0.75, "gamma_obs": 0.3636363744735718, "gamma_obs_pre": 0.3636363744735718, "eta_obs": 1.0, "costs": [1.0, 1.0, 1.0], "lbd": 50.0, "thresh": 0.5, "r_type": "individualized", "t_type": "acceptance", "eta_obs_individualized": NaN, "eta_obs_refits_batch0_mean": 0.800000011920929, "model_score": 0.83, "model_f1": 0.8875, "model_refits_batch0_scores": [0.76, 0.74, 0.72, 0.77, 0.78], "model_refits_batch0_f1s": [0.7777777777777777, 0.7719298245614036, 0.75, 0.7722772277227722, 0.7708333333333333], "model_coef": [[0.40369860139718966, 0.10964738981360939, 1.098398996722711], [-0.311438634657002]]}