{"inv": 0.7272727272727273, "val_m2": 0.2727272727272727, "val_m1": 1.0}