r_type,t_type,eta_mean,gamma_mean,perc_recomm_found_mean,eta_obs_mean,eta_obs_individualized_mean,eta_obs_refits_batch0_mean_mean,gamma_obs_mean,intv-cost_mean,eta_std,gamma_std,perc_recomm_found_std,eta_obs_std,eta_obs_individualized_std,eta_obs_refits_batch0_mean_std,gamma_obs_std,intv-cost_std
individualized,acceptance,0.9499999999999998,0.9499999999999998,1.0,1.0,,0.9913333058357239,0.4766666690508525,1.0573333333333335,1.3597399555105182e-16,1.3597399555105182e-16,0.0,0.0,,0.0011547200848256286,0.01527525075570764,0.12208740038731804
individualized,counterfactual,0.9499999999999998,0.9499999999999998,1.0,1.0,,0.9913333058357239,0.4766666690508525,1.0573333333333335,1.3597399555105182e-16,1.3597399555105182e-16,0.0,0.0,,0.0011547200848256286,0.01527525075570764,0.12208740038731804
individualized,improvement,0.9499999999999998,0.9499999999999998,1.0,0.9166666666666666,1.0,0.9166666467984518,1.0,5.006666666666667,1.3597399555105182e-16,1.3597399555105182e-16,0.0,0.01527525231651948,0.0,0.01527526376251993,0.0,0.33245952134558165
subpopulation,acceptance,0.9499999999999998,0.9499999999999998,1.0,1.0,,0.9913333058357239,0.4766666690508525,1.0573333333333335,1.3597399555105182e-16,1.3597399555105182e-16,0.0,0.0,,0.0011547200848256286,0.01527525075570764,0.12208740038731804
subpopulation,improvement,0.9499999999999998,0.9499999999999998,1.0,0.94,,0.9399999777475992,1.0,3.4946666666666673,1.3597399555105182e-16,1.3597399555105182e-16,0.0,0.009999999999999953,,0.009999990463316047,0.0,0.2552671802902469
