{"accuracy_pre": 0.98, "accuracy_post": 1.0, "recourse_seeking_ixs": [1567, 1286, 1494, 1028, 1875, 1283, 1927, 1246, 1068, 1069, 1072, 1195, 1211, 1427, 1127, 1155, 1399, 1180, 1321, 1468, 1464, 1580, 1779, 1111, 1094, 1923, 1235, 1147, 1083, 1170, 1335, 1472, 1272, 1278, 1794, 1297, 1533, 1515, 1225, 1202, 1724, 1248, 1764, 1937, 1118, 1563, 1174, 1524, 1841, 1276, 1373, 1480, 1161, 1657, 1536, 1168, 1379, 1685, 1785, 1996, 1287, 1512, 1791, 1219, 1353, 1429, 1422, 1635, 1492, 1073, 1337, 1311, 1620, 1430, 1273, 1683, 1483, 1080, 1873, 1408, 1674, 1682, 1381, 1482, 1063, 1963, 1038, 1426, 1091, 1081, 1308, 1309, 1672, 1603, 1039, 1630, 1615, 1453, 1547, 1014], "recourse_recommended_ixs": [1567, 1286, 1494, 1028, 1875, 1283, 1927, 1246, 1068, 1069, 1072, 1195, 1211, 1427, 1127, 1155, 1399, 1180, 1321, 1468, 1464, 1580, 1779, 1111, 1094, 1923, 1235, 1147, 1083, 1170, 1335, 1472, 1272, 1278, 1794, 1297, 1533, 1515, 1225, 1202, 1724, 1248, 1764, 1937, 1118, 1563, 1174, 1524, 1841, 1276, 1373, 1480, 1161, 1657, 1536, 1168, 1379, 1685, 1785, 1996, 1287, 1512, 1791, 1219, 1353, 1429, 1422, 1635, 1492, 1073, 1337, 1311, 1620, 1430, 1273, 1683, 1483, 1080, 1873, 1408, 1674, 1682, 1381, 1482, 1063, 1963, 1038, 1426, 1091, 1081, 1308, 1309, 1672, 1603, 1039, 1630, 1615, 1453, 1547, 1014], "perc_recomm_found": 1.0, "gamma": 0.75, "eta": 0.75, "gamma_obs": 1.0, "gamma_obs_pre": 0.019999999552965164, "eta_obs": 1.0, "costs": [1.0, 1.0, 1.0], "lbd": 150.0, "thresh": 0.5, "r_type": "individualized", "t_type": "counterfactual", "eta_obs_individualized": NaN, "eta_obs_refits_batch0_mean": 0.8979999423027039, "model_score": 0.813, "model_f1": 0.997907949790795, "model_refits_batch0_scores": [0.998, 0.998, 0.995, 0.995, 0.998], "model_refits_batch0_f1s": [0.9979674796747968, 0.9979674796747968, 0.9949031600407746, 0.9949031600407746, 0.9979674796747968], "model_coef": NaN}