{"accuracy_pre": 0.86, "accuracy_post": 0.95, "recourse_seeking_ixs": [995, 642, 605, 515, 830, 936, 941, 942, 858, 659, 931, 750, 701, 725, 894, 820, 679, 649, 840, 616, 537, 623, 783, 923, 683, 570, 713, 771, 975, 930, 663, 993, 533, 864, 576, 948, 928, 549, 994, 695, 590, 812, 763, 606, 687, 646, 696, 862, 837, 697, 849, 617, 562, 949, 868, 638, 870, 726, 960, 739, 964, 794, 583, 505, 822, 952, 804, 988, 772, 734, 664, 789, 633, 581, 850, 568, 757, 854, 917, 926, 575, 821, 920, 685, 974, 661, 801, 918, 599, 875, 534, 565, 924, 730, 815, 761, 878, 711, 532, 731], "recourse_recommended_ixs": [995, 642, 605, 515, 830, 936, 941, 942, 858, 659, 931, 750, 701, 725, 894, 820, 679, 649, 840, 616, 537, 623, 783, 923, 683, 570, 713, 771, 975, 930, 663, 993, 533, 864, 576, 948, 928, 549, 994, 695, 590, 812, 763, 606, 687, 646, 696, 862, 837, 697, 849, 617, 562, 949, 868, 638, 870, 726, 960, 739, 964, 794, 583, 505, 822, 952, 804, 988, 772, 734, 664, 789, 633, 581, 850, 568, 757, 854, 917, 926, 575, 821, 920, 685, 974, 661, 801, 918, 599, 875, 534, 565, 924, 730, 815, 761, 878, 711, 532, 731], "perc_recomm_found": 1.0, "gamma": 0.95, "eta": 0.95, "gamma_obs": 0.949999988079071, "gamma_obs_pre": 0.14000000059604645, "eta_obs": 1.0, "costs": [1.0, 1.0], "lbd": 300.0, "thresh": 0.5, "r_type": "subpopulation", "t_type": "improvement", "eta_obs_individualized": NaN, "eta_obs_refits_batch0_mean": 1.0, "model_score": 0.836, "model_f1": 0.8717948717948718, "model_refits_batch0_scores": [0.822, 0.82, 0.814, 0.828, 0.83], "model_refits_batch0_f1s": [0.8202020202020203, 0.8170731707317074, 0.8128772635814889, 0.822314049586777, 0.8261758691206543], "model_coef": [[0.4193815735163298, -0.17430836989550566, 0.8740051248645054], [-0.5287631658814632]]}