{"accuracy_pre": 0.94, "accuracy_post": 0.34, "recourse_seeking_ixs": [249, 366, 222, 263, 283, 233, 280, 397, 236, 385, 394, 343, 285, 331, 292, 206, 216, 378, 347, 389, 244, 335, 360, 324, 239, 201, 254, 354, 226, 255, 275, 214, 223, 353, 356, 290, 298, 247, 388, 358, 374, 228, 319, 383, 200, 268, 330, 344, 316, 393], "recourse_recommended_ixs": [249, 366, 222, 263, 283, 233, 280, 397, 236, 385, 394, 343, 285, 331, 292, 206, 216, 378, 347, 389, 244, 335, 360, 324, 239, 201, 254, 354, 226, 255, 275, 214, 223, 353, 356, 290, 298, 247, 388, 358, 374, 228, 319, 383, 200, 268, 330, 344, 316, 393], "perc_recomm_found": 1.0, "gamma": 0.9, "eta": 0.9, "gamma_obs": 0.3400000035762787, "gamma_obs_pre": 0.05999999865889549, "eta_obs": 1.0, "costs": [1.0, 1.0, 1.0], "lbd": 300.0, "thresh": 0.5, "r_type": "subpopulation", "t_type": "acceptance", "eta_obs_individualized": NaN, "eta_obs_refits_batch0_mean": 0.7480000257492065, "model_score": 0.885, "model_f1": 0.8756756756756756, "model_refits_batch0_scores": [0.885, 0.87, 0.86, 0.88, 0.885], "model_refits_batch0_f1s": [0.8783068783068784, 0.8631578947368421, 0.8541666666666666, 0.868131868131868, 0.8670520231213872], "model_coef": [[0.6796551433556134, 0.492274725512934, 1.2768015985176502], [0.0601864319770839]]}