{"accuracy_pre": 0.8, "accuracy_post": 0.26, "recourse_seeking_ixs": [473, 385, 343, 277, 342, 469, 453, 493, 323, 345, 486, 403, 462, 258, 497, 299, 327, 434, 492, 451, 340, 289, 328, 318, 393, 298, 354, 423, 269, 464, 466, 435, 252, 267, 386, 330, 360, 494, 286, 382, 479, 489, 282, 414, 404, 310, 428, 394, 303, 261, 401, 427, 338, 436, 440, 418, 317, 308, 331, 416, 421, 458, 396, 384, 408, 257, 339, 341, 483, 356, 444, 369, 304, 470, 460, 291, 395, 498, 417, 420, 263, 344, 446, 484, 412, 476, 262, 336, 349, 368, 376, 276, 465, 488, 270, 333, 463, 265, 480, 312], "recourse_recommended_ixs": [473, 385, 343, 277, 342, 469, 453, 493, 323, 345, 486, 403, 462, 258, 497, 299, 327, 434, 492, 451, 340, 289, 328, 318, 393, 298, 354, 423, 269, 464, 466, 435, 252, 267, 386, 330, 360, 494, 286, 382, 479, 489, 282, 414, 404, 310, 428, 394, 303, 261, 401, 427, 338, 436, 440, 418, 317, 308, 331, 416, 421, 458, 396, 384, 408, 257, 339, 341, 483, 356, 444, 369, 304, 470, 460, 291, 395, 498, 417, 420, 263, 344, 446, 484, 412, 476, 262, 336, 349, 368, 376, 276, 465, 488, 270, 333, 463, 265, 480, 312], "perc_recomm_found": 1.0, "gamma": 0.75, "eta": 0.75, "gamma_obs": 0.25999999046325684, "gamma_obs_pre": 0.20000000298023224, "eta_obs": 1.0, "costs": [1.0, 1.0, 1.0], "lbd": 100.0, "thresh": 0.5, "r_type": "subpopulation", "t_type": "acceptance", "eta_obs_individualized": NaN, "eta_obs_refits_batch0_mean": 0.5580000281333923, "model_score": 0.836, "model_f1": 0.8392156862745097, "model_refits_batch0_scores": [0.852, 0.836, 0.824, 0.812, 0.816], "model_refits_batch0_f1s": [0.8571428571428571, 0.8340080971659919, 0.8294573643410852, 0.8171206225680934, 0.8145161290322581], "model_coef": [[0.18955870160447288, 0.23833094446363892, 0.843726963256624], [-0.586406678566156]]}