{"accuracy_pre": 1.0, "accuracy_post": 1.0, "recourse_seeking_ixs": [1127, 1109, 1285, 1217, 1170, 1321, 1139, 1286, 1320, 1185, 1028, 1247, 1859, 1043, 1333, 1657, 1840, 1523, 1149, 1344, 1865, 1242, 1291, 1661, 1117, 1673, 1749, 1406, 1176, 1976, 1164, 1707, 1830, 1430, 1717, 1168, 1278, 1330, 1509, 1688, 1559, 1643, 1221, 1882, 1249, 1586, 1238, 1171, 1966, 1952, 1074, 1340, 1911, 1229, 1978, 1742, 1675, 1353, 1880, 1518, 1211, 1525, 1542, 1538, 1732, 1541, 1890, 1113, 1199, 1917, 1594, 1272, 1864, 1410, 1704, 1161, 1080, 1133, 1162, 1697, 1482, 1799, 1962, 1455, 1110, 1029, 1015, 1788, 1225, 1914, 1516, 1936, 1740, 1582, 1844, 1805, 1103, 1764, 1237, 1357], "recourse_recommended_ixs": [1127, 1109, 1285, 1217, 1170, 1321, 1139, 1286, 1320, 1185, 1028, 1247, 1859, 1043, 1333, 1657, 1840, 1523, 1149, 1344, 1865, 1242, 1291, 1661, 1117, 1673, 1749, 1406, 1176, 1976, 1164, 1707, 1830, 1430, 1717, 1168, 1278, 1330, 1509, 1688, 1559, 1643, 1221, 1882, 1249, 1586, 1238, 1171, 1966, 1952, 1074, 1340, 1911, 1229, 1978, 1742, 1675, 1353, 1880, 1518, 1211, 1525, 1542, 1538, 1732, 1541, 1890, 1113, 1199, 1917, 1594, 1272, 1864, 1410, 1704, 1161, 1080, 1133, 1162, 1697, 1482, 1799, 1962, 1455, 1110, 1029, 1015, 1788, 1225, 1914, 1516, 1936, 1740, 1582, 1844, 1805, 1103, 1764, 1237, 1357], "perc_recomm_found": 1.0, "gamma": 0.75, "eta": 0.75, "gamma_obs": 1.0, "gamma_obs_pre": 0.0, "eta_obs": 1.0, "costs": [1.0, 1.0], "lbd": 150.0, "thresh": 0.5, "r_type": "individualized", "t_type": "improvement", "eta_obs_individualized": 1.0, "eta_obs_refits_batch0_mean": 0.9899999499320984, "model_score": 0.984, "model_f1": 0.997907949790795, "model_refits_batch0_scores": [0.998, 0.998, 0.995, 0.995, 0.998], "model_refits_batch0_f1s": [0.9979674796747968, 0.9979674796747968, 0.9949031600407746, 0.9949031600407746, 0.9979674796747968], "model_coef": NaN}