{"accuracy_pre": 0.99, "accuracy_post": 1.0, "recourse_seeking_ixs": [1603, 1464, 1731, 1795, 1093, 1934, 1884, 1784, 1253, 1999, 1597, 1413, 1668, 1611, 1440, 1408, 1778, 1096, 1817, 1376, 1054, 1657, 1536, 1438, 1472, 1575, 1911, 1186, 1907, 1681, 1238, 1786, 1066, 1930, 1694, 1329, 1748, 1913, 1741, 1320, 1076, 1791, 1572, 1560, 1348, 1184, 1178, 1189, 1771, 1285, 1798, 1016, 1170, 1992, 1182, 1571, 1447, 1352, 1458, 1391, 1437, 1773, 1011, 1879, 1987, 1696, 1632, 1161, 1598, 1831, 1842, 1225, 1574, 1484, 1289, 1308, 1820, 1105, 1935, 1446, 1242, 1236, 1434, 1039, 1149, 1150, 1116, 1723, 1276, 1892, 1414, 1823, 1498, 1961, 1404, 1133, 1332, 1476, 1996, 1989], "recourse_recommended_ixs": [1603, 1464, 1731, 1795, 1093, 1934, 1884, 1784, 1253, 1999, 1597, 1413, 1668, 1611, 1440, 1408, 1778, 1096, 1817, 1376, 1054, 1657, 1536, 1438, 1472, 1575, 1911, 1186, 1907, 1681, 1238, 1786, 1066, 1930, 1694, 1329, 1748, 1913, 1741, 1320, 1076, 1791, 1572, 1560, 1348, 1184, 1178, 1189, 1771, 1285, 1798, 1016, 1170, 1992, 1182, 1571, 1447, 1352, 1458, 1391, 1437, 1773, 1011, 1879, 1987, 1696, 1632, 1161, 1598, 1831, 1842, 1225, 1574, 1484, 1289, 1308, 1820, 1105, 1935, 1446, 1242, 1236, 1434, 1039, 1149, 1150, 1116, 1723, 1276, 1892, 1414, 1823, 1498, 1961, 1404, 1133, 1332, 1476, 1996, 1989], "perc_recomm_found": 1.0, "gamma": 0.95, "eta": 0.95, "gamma_obs": 1.0, "gamma_obs_pre": 0.009999999776482582, "eta_obs": 1.0, "costs": [1.0, 1.0], "lbd": 150.0, "thresh": 0.5, "r_type": "subpopulation", "t_type": "improvement", "eta_obs_individualized": NaN, "eta_obs_refits_batch0_mean": 1.0, "model_score": 0.992, "model_f1": 0.9990167158308751, "model_refits_batch0_scores": [0.998, 0.998, 1.0, 0.994, 0.996], "model_refits_batch0_f1s": [0.99800796812749, 0.99800796812749, 1.0, 0.9939999999999999, 0.9960079840319361], "model_coef": NaN}