{"accuracy_pre": 0.99, "accuracy_post": 0.62, "recourse_seeking_ixs": [1559, 1520, 1344, 1558, 1759, 1668, 1818, 1219, 1868, 1821, 1405, 1476, 1513, 1245, 1500, 1409, 1692, 1562, 1637, 1507, 1119, 1353, 1781, 1244, 1306, 1307, 1459, 1900, 1864, 1792, 1144, 1151, 1803, 1579, 1809, 1014, 1382, 1098, 1666, 1966, 1267, 1572, 1808, 1847, 1282, 1154, 1474, 1607, 1589, 1354, 1330, 1554, 1429, 1193, 1529, 1479, 1203, 1592, 1960, 1723, 1626, 1214, 1452, 1630, 1001, 1590, 1126, 1415, 1288, 1280, 1011, 1764, 1779, 1840, 1913, 1372, 1070, 1449, 1978, 1231, 1246, 1007, 1189, 1969, 1550, 1427, 1148, 1916, 1804, 1072, 1292, 1002, 1302, 1359, 1993, 1145, 1902, 1464, 1539, 1331], "recourse_recommended_ixs": [1559, 1520, 1344, 1558, 1759, 1668, 1818, 1219, 1868, 1821, 1405, 1476, 1513, 1245, 1500, 1409, 1692, 1562, 1637, 1507, 1119, 1353, 1781, 1244, 1306, 1307, 1459, 1900, 1864, 1792, 1144, 1151, 1803, 1579, 1809, 1014, 1382, 1098, 1666, 1966, 1267, 1572, 1808, 1847, 1282, 1154, 1474, 1607, 1589, 1354, 1330, 1554, 1429, 1193, 1529, 1479, 1203, 1592, 1960, 1723, 1626, 1214, 1452, 1630, 1001, 1590, 1126, 1415, 1288, 1280, 1011, 1764, 1779, 1840, 1913, 1372, 1070, 1449, 1978, 1231, 1246, 1007, 1189, 1969, 1550, 1427, 1148, 1916, 1804, 1072, 1292, 1002, 1302, 1359, 1993, 1145, 1902, 1464, 1539, 1331], "perc_recomm_found": 1.0, "gamma": 0.95, "eta": 0.95, "gamma_obs": 0.6200000047683716, "gamma_obs_pre": 0.009999999776482582, "eta_obs": 1.0, "costs": [1.0, 1.0, 1.0], "lbd": 150.0, "thresh": 0.5, "r_type": "individualized", "t_type": "acceptance", "eta_obs_individualized": NaN, "eta_obs_refits_batch0_mean": 0.7059999704360962, "model_score": 0.933, "model_f1": 0.9957356076759062, "model_refits_batch0_scores": [0.998, 0.998, 0.998, 0.998, 0.998], "model_refits_batch0_f1s": [0.9979879275653923, 0.9979879275653923, 0.9979879275653923, 0.9979879275653923, 0.9979879275653923], "model_coef": NaN}