r_type,t_type,x1_mean,x2_mean,x3_mean,causes_mean,non-causes_mean,x1_std,x2_std,x3_std,causes_std,non-causes_std
individualized,acceptance,0.367,0.9963333333333333,2.563,3.9263333333333335,0.0,0.05599999999999998,0.19517257320979636,0.5165181506975334,0.7265840167064874,0.0
individualized,counterfactual,0.3316666666666667,1.0146666666666668,2.9603333333333333,4.306666666666667,0.0,0.05012318159627673,0.12192757413043748,0.4538571728345087,0.624607343323254,0.0
individualized,improvement,1.0076666666666667,1.7443333333333335,2.639333333333333,5.391333333333333,0.0,0.08979049689879956,0.25643972651157887,0.41287568750573483,0.7196508412649383,0.0
subpopulation,acceptance,0.39433333333333337,0.972,2.646333333333333,4.012666666666667,0.0,0.018147543451754913,0.07789094941005657,0.6156113492564392,0.6622811588240552,0.0
subpopulation,improvement,0.9713333333333334,1.534,2.356333333333333,4.861666666666667,0.0,0.13548554658462036,0.31016769657719023,0.5082099303765459,0.9158145736628865,0.0
