{"accuracy_pre": 0.78, "accuracy_post": 0.34, "recourse_seeking_ixs": [395, 339, 313, 266, 262, 379, 216, 338, 349, 222, 251, 345, 254, 351, 299, 201, 231, 288, 228, 347, 282, 324, 305, 264, 362, 330, 239, 363, 200, 357, 335, 287, 353, 369, 210, 273, 268, 267, 240, 206, 373, 331, 242, 380, 229, 360, 209, 376, 215, 361], "recourse_recommended_ixs": [395, 339, 313, 266, 262, 379, 216, 338, 349, 222, 251, 345, 254, 351, 299, 201, 231, 288, 228, 347, 282, 324, 305, 264, 362, 330, 239, 363, 200, 357, 335, 287, 353, 369, 210, 273, 268, 267, 240, 206, 373, 331, 242, 380, 229, 360, 209, 376, 215, 361], "perc_recomm_found": 1.0, "gamma": 0.95, "eta": 0.95, "gamma_obs": 0.3400000035762787, "gamma_obs_pre": 0.2199999988079071, "eta_obs": 1.0, "costs": [1.0, 1.0, 1.0], "lbd": 300.0, "thresh": 0.5, "r_type": "individualized", "t_type": "acceptance", "eta_obs_individualized": NaN, "eta_obs_refits_batch0_mean": 0.8999999761581421, "model_score": 0.77, "model_f1": 0.7499999999999999, "model_refits_batch0_scores": [0.765, 0.74, 0.765, 0.77, 0.775], "model_refits_batch0_f1s": [0.748663101604278, 0.711111111111111, 0.748663101604278, 0.7578947368421053, 0.7567567567567568], "model_coef": [[0.39349247911335705, -0.4072471111983574, 1.0604153387299742], [-0.7898469069598224]]}