{"accuracy_pre": 1.0, "accuracy_post": 1.0, "recourse_seeking_ixs": [291, 200, 280, 321, 374, 239, 377, 353, 356, 389, 382, 305, 284, 207, 258, 320, 246, 365, 255, 220, 298, 278, 219, 281, 223, 366, 204, 398, 397, 251, 335, 236, 302, 309, 233, 355, 267, 346, 271, 259, 349, 210, 341, 318, 265, 208, 372, 306, 363, 272], "recourse_recommended_ixs": [291, 200, 280, 321, 374, 239, 377, 353, 356, 389, 382, 305, 284, 207, 258, 320, 246, 365, 255, 220, 298, 278, 219, 281, 223, 366, 204, 398, 397, 251, 335, 236, 302, 309, 233, 355, 267, 346, 271, 259, 349, 210, 341, 318, 265, 208, 372, 306, 363, 272], "perc_recomm_found": 1.0, "gamma": 0.75, "eta": 0.75, "gamma_obs": 0.94, "gamma_obs_pre": 0.0, "eta_obs": 0.94, "costs": [5.0, 5.0], "lbd": 300.0, "thresh": 0.5, "r_type": "individualized", "t_type": "improvement", "eta_obs_individualized": 0.94, "eta_obs_refits_batch0_mean": 0.9119999999999999, "model_score": 0.995, "model_f1": 0.9959514170040485, "model_refits_batch0_scores": [0.995, 0.99, 0.995, 0.995, 0.995], "model_refits_batch0_f1s": [0.9959514170040485, 0.9919354838709677, 0.9959183673469388, 0.9959514170040485, 0.9959183673469388], "model_coef": [[-0.1823646610617549, 0.3170783049143476, 0.008584020201269948, 0.11466742343688358, 0.8282192833152329], [-12.101244662758136]]}