r_type,t_type,x1_mean,x2_mean,x3_mean,causes_mean,non-causes_mean,x1_std,x2_std,x3_std,causes_std,non-causes_std
individualized,acceptance,0.39071890398473325,0.4122058584371804,0.7672441309507074,1.570168893372621,0.0,0.17538649965679318,0.17054862794856457,0.11176308781651974,0.1147209123932341,0.0
individualized,counterfactual,0.36655011655011654,0.4152410391540826,0.9640121955339348,1.745803351238134,0.0,0.23653428361490342,0.2635393937186423,0.1330383982357998,0.10734235198791411,0.0
individualized,improvement,1.2147315256252116,1.1837047669679246,,2.398436292593136,0.0,0.15472881363331956,0.11276452593111735,,0.05533541919146826,0.0
subpopulation,acceptance,0.3877484043766077,0.4459550955910793,0.9017453297780867,1.7354488297457735,0.0,0.23792320042670054,0.25696405018959795,0.0772541071764059,0.04855052643224847,0.0
subpopulation,counterfactual,0.36655011655011654,0.4152410391540826,0.9640121955339348,1.745803351238134,0.0,0.23653428361490342,0.2635393937186423,0.1330383982357998,0.10734235198791411,0.0
subpopulation,improvement,1.3012059188374978,1.1778890660995924,,2.4790949849370905,0.0,0.18933584679140286,0.12604739377816487,,0.07456840877619914,0.0
