{"accuracy_pre": 0.94, "accuracy_post": 0.52, "recourse_seeking_ixs": [335, 296, 332, 262, 317, 251, 217, 390, 247, 264, 306, 310, 275, 323, 266, 316, 374, 283, 360, 242, 336, 328, 311, 290, 209, 373, 202, 272, 334, 319, 380, 257, 305, 356, 201, 256, 379, 346, 222, 397, 255, 219, 210, 212, 331, 230, 308, 349, 299, 338], "recourse_recommended_ixs": [335, 296, 332, 262, 317, 251, 217, 390, 247, 264, 306, 310, 275, 323, 266, 316, 374, 283, 360, 242, 336, 328, 311, 290, 209, 373, 202, 272, 334, 319, 380, 257, 305, 356, 201, 256, 379, 346, 222, 397, 255, 219, 210, 212, 331, 230, 308, 349, 299, 338], "perc_recomm_found": 1.0, "gamma": 0.85, "eta": 0.85, "gamma_obs": 0.5199999809265137, "gamma_obs_pre": 0.05999999865889549, "eta_obs": 1.0, "costs": [1.0, 1.0, 1.0], "lbd": 300.0, "thresh": 0.5, "r_type": "individualized", "t_type": "counterfactual", "eta_obs_individualized": NaN, "eta_obs_refits_batch0_mean": 0.5479999780654907, "model_score": 0.905, "model_f1": 0.9147982062780269, "model_refits_batch0_scores": [0.905, 0.905, 0.89, 0.895, 0.92], "model_refits_batch0_f1s": [0.9140271493212668, 0.9155555555555556, 0.9035087719298246, 0.9082969432314411, 0.926605504587156], "model_coef": [[0.766491475368308, 0.5308515591991532, 1.0255327745123586], [-0.05792578086129333]]}