{"accuracy_pre": 0.82, "accuracy_post": 0.96, "recourse_seeking_ixs": [888, 575, 565, 603, 541, 738, 804, 961, 982, 553, 600, 793, 946, 604, 729, 537, 852, 529, 613, 673, 908, 797, 794, 962, 707, 809, 670, 559, 520, 760, 570, 653, 871, 527, 761, 579, 841, 660, 605, 623, 706, 778, 815, 702, 588, 832, 975, 654, 546, 835, 567, 580, 956, 906, 636, 635, 566, 808, 977, 622, 933, 627, 662, 712, 967, 769, 953, 998, 853, 918, 845, 754, 828, 695, 643, 770, 786, 747, 846, 939, 556, 773, 838, 666, 971, 597, 930, 874, 903, 663, 847, 552, 825, 531, 727, 787, 878, 860, 865, 972], "recourse_recommended_ixs": [888, 575, 565, 603, 541, 738, 804, 961, 982, 553, 600, 793, 946, 604, 729, 537, 852, 529, 613, 673, 908, 797, 794, 962, 707, 809, 670, 559, 520, 760, 570, 653, 871, 527, 761, 579, 841, 660, 605, 623, 706, 778, 815, 702, 588, 832, 975, 654, 546, 835, 567, 580, 956, 906, 636, 635, 566, 808, 977, 622, 933, 627, 662, 712, 967, 769, 953, 998, 853, 918, 845, 754, 828, 695, 643, 770, 786, 747, 846, 939, 556, 773, 838, 666, 971, 597, 930, 874, 903, 663, 847, 552, 825, 531, 727, 787, 878, 860, 865, 972], "perc_recomm_found": 1.0, "gamma": 0.95, "eta": 0.95, "gamma_obs": 0.9599999785423279, "gamma_obs_pre": 0.18000000715255737, "eta_obs": 1.0, "costs": [1.0, 1.0], "lbd": 300.0, "thresh": 0.5, "r_type": "individualized", "t_type": "improvement", "eta_obs_individualized": 0.98, "eta_obs_refits_batch0_mean": 1.0, "model_score": 0.78, "model_f1": 0.7941176470588235, "model_refits_batch0_scores": [0.794, 0.788, 0.784, 0.8, 0.806], "model_refits_batch0_f1s": [0.7632183908045977, 0.7644444444444445, 0.742857142857143, 0.7641509433962264, 0.7820224719101123], "model_coef": NaN}