{"accuracy_pre": 0.03, "accuracy_post": 0.98, "recourse_seeking_ixs": [1111, 1876, 1748, 1103, 1490, 1073, 1276, 1148, 1661, 1154, 1752, 1215, 1149, 1081, 1273, 1575, 1339, 1145, 1686, 1376, 1027, 1099, 1747, 1070, 1166, 1792, 1515, 1412, 1885, 1105, 1330, 1100, 1349, 1199, 1142, 1966, 1901, 1292, 1736, 1043, 1844, 1011, 1249, 1495, 1680, 1029, 1235, 1129, 1384, 1171, 1283, 1482, 1305, 1329, 1769, 1580, 1595, 1097, 1353, 1436, 1271, 1976, 1623, 1430, 1697, 1925, 1223, 1005, 1359, 1039, 1499, 1336, 1170, 1682, 1828, 1306, 1767, 1122, 1898, 1683, 1449, 1802, 1646, 1237, 1740, 1717, 1233, 1409, 1008, 1816, 1688, 1897, 1333, 1378, 1299, 1523, 1681, 1757, 1542, 1779], "recourse_recommended_ixs": [1111, 1876, 1748, 1103, 1490, 1073, 1276, 1148, 1661, 1154, 1752, 1215, 1149, 1081, 1273, 1575, 1339, 1145, 1686, 1376, 1027, 1099, 1747, 1070, 1166, 1792, 1515, 1412, 1885, 1105, 1330, 1100, 1349, 1199, 1142, 1966, 1901, 1292, 1736, 1043, 1844, 1011, 1249, 1495, 1680, 1029, 1235, 1129, 1384, 1171, 1283, 1482, 1305, 1329, 1769, 1580, 1595, 1097, 1353, 1436, 1271, 1976, 1623, 1430, 1697, 1925, 1223, 1005, 1359, 1039, 1499, 1336, 1170, 1682, 1828, 1306, 1767, 1122, 1898, 1683, 1449, 1802, 1646, 1237, 1740, 1717, 1233, 1409, 1008, 1816, 1688, 1897, 1333, 1378, 1299, 1523, 1681, 1757, 1542, 1779], "perc_recomm_found": 1.0, "gamma": 0.75, "eta": 0.75, "gamma_obs": 1.0, "gamma_obs_pre": 0.9700000286102295, "eta_obs": 0.98, "costs": [1.0, 1.0], "lbd": 150.0, "thresh": 0.5, "r_type": "individualized", "t_type": "improvement", "eta_obs_individualized": 0.53, "eta_obs_refits_batch0_mean": 0.965999960899353, "model_score": 0.012, "model_f1": 1.0, "model_refits_batch0_scores": [0.998, 0.998, 0.995, 0.995, 0.998], "model_refits_batch0_f1s": [0.9979674796747968, 0.9979674796747968, 0.9949031600407746, 0.9949031600407746, 0.9979674796747968], "model_coef": NaN}