{"accuracy_pre": 0.88, "accuracy_post": 0.36, "recourse_seeking_ixs": [662, 661, 657, 930, 746, 521, 668, 984, 995, 942, 900, 786, 888, 809, 956, 666, 636, 553, 626, 596, 761, 828, 585, 773, 777, 953, 575, 823, 678, 653, 990, 546, 972, 698, 640, 957, 895, 664, 794, 966, 656, 852, 906, 954, 970, 747, 539, 931, 853, 527, 643, 663, 660, 581, 824, 667, 570, 600, 819, 951, 535, 793, 848, 579, 811, 675, 684, 730, 588, 715, 933, 665, 939, 996, 935, 810, 863, 703, 917, 830, 632, 991, 649, 725, 754, 975, 869, 549, 871, 563, 946, 864, 635, 560, 693, 541, 901, 985, 802, 856], "recourse_recommended_ixs": [662, 661, 657, 930, 746, 521, 668, 984, 995, 942, 900, 786, 888, 809, 956, 666, 636, 553, 626, 596, 761, 828, 585, 773, 777, 953, 575, 823, 678, 653, 990, 546, 972, 698, 640, 957, 895, 664, 794, 966, 656, 852, 906, 954, 970, 747, 539, 931, 853, 527, 643, 663, 660, 581, 824, 667, 570, 600, 819, 951, 535, 793, 848, 579, 811, 675, 684, 730, 588, 715, 933, 665, 939, 996, 935, 810, 863, 703, 917, 830, 632, 991, 649, 725, 754, 975, 869, 549, 871, 563, 946, 864, 635, 560, 693, 541, 901, 985, 802, 856], "perc_recomm_found": 1.0, "gamma": 0.95, "eta": 0.95, "gamma_obs": 0.36000001430511475, "gamma_obs_pre": 0.11999999731779099, "eta_obs": 1.0, "costs": [1.0, 1.0, 1.0], "lbd": 300.0, "thresh": 0.5, "r_type": "individualized", "t_type": "acceptance", "eta_obs_individualized": NaN, "eta_obs_refits_batch0_mean": 0.6660000085830688, "model_score": 0.89, "model_f1": 0.8810020876826722, "model_refits_batch0_scores": [0.868, 0.852, 0.858, 0.858, 0.848], "model_refits_batch0_f1s": [0.858974358974359, 0.8412017167381973, 0.8459869848156182, 0.8432671081677705, 0.8325991189427313], "model_coef": NaN}