{"accuracy_pre": 0.94, "accuracy_post": 0.95, "recourse_seeking_ixs": [980, 504, 782, 515, 666, 657, 686, 748, 596, 904, 848, 648, 627, 508, 785, 840, 500, 795, 712, 509, 799, 562, 707, 774, 586, 968, 769, 573, 634, 813, 690, 616, 645, 512, 590, 815, 623, 668, 803, 545, 814, 911, 757, 963, 907, 692, 560, 982, 503, 991, 930, 875, 903, 575, 717, 519, 966, 605, 831, 976, 970, 631, 583, 787, 647, 984, 582, 713, 653, 695, 993, 553, 792, 777, 890, 965, 664, 945, 729, 767, 943, 811, 999, 700, 600, 683, 638, 595, 756, 914, 517, 801, 643, 862, 928, 812, 759, 817, 688, 696], "recourse_recommended_ixs": [980, 504, 782, 515, 666, 657, 686, 748, 596, 904, 848, 648, 627, 508, 785, 840, 500, 795, 712, 509, 799, 562, 707, 774, 586, 968, 769, 573, 634, 813, 690, 616, 645, 512, 590, 815, 623, 668, 803, 545, 814, 911, 757, 963, 907, 692, 560, 982, 503, 991, 930, 875, 903, 575, 717, 519, 966, 605, 831, 976, 970, 631, 583, 787, 647, 984, 582, 713, 653, 695, 993, 553, 792, 777, 890, 965, 664, 945, 729, 767, 943, 811, 999, 700, 600, 683, 638, 595, 756, 914, 517, 801, 643, 862, 928, 812, 759, 817, 688, 696], "perc_recomm_found": 1.0, "gamma": 0.95, "eta": 0.95, "gamma_obs": 0.949999988079071, "gamma_obs_pre": 0.05999999865889549, "eta_obs": 1.0, "costs": [1.0, 1.0], "lbd": 300.0, "thresh": 0.5, "r_type": "individualized", "t_type": "improvement", "eta_obs_individualized": 1.0, "eta_obs_refits_batch0_mean": 1.0, "model_score": 0.742, "model_f1": 0.780793319415449, "model_refits_batch0_scores": [0.824, 0.834, 0.834, 0.808, 0.818], "model_refits_batch0_f1s": [0.817427385892116, 0.8245243128964059, 0.8230277185501067, 0.799163179916318, 0.7945823927765236], "model_coef": NaN}