{"accuracy_pre": 0.96, "accuracy_post": 0.04, "recourse_seeking_ixs": [389, 221, 301, 246, 314, 320, 365, 241, 211, 377, 239, 274, 288, 252, 226, 380, 371, 346, 310, 292, 210, 338, 225, 265, 387, 290, 216, 289, 217, 297, 308, 396, 375, 327, 303, 202, 309, 277, 369, 245, 268, 293, 376, 295, 294, 373, 257, 284, 270, 203], "recourse_recommended_ixs": [389, 221, 301, 246, 314, 320, 365, 241, 211, 377, 239, 274, 288, 252, 226, 380, 371, 346, 310, 292, 210, 338, 225, 265, 387, 290, 216, 289, 217, 297, 308, 396, 375, 327, 303, 202, 309, 277, 369, 245, 268, 293, 376, 295, 294, 373, 257, 284, 270, 203], "perc_recomm_found": 1.0, "gamma": 0.95, "eta": 0.95, "gamma_obs": 0.04, "gamma_obs_pre": 0.04, "eta_obs": 1.0, "costs": [5.0, 5.0, 0.0001, 0.01, 0.1], "lbd": 300.0, "thresh": 0.5, "r_type": "individualized", "t_type": "counterfactual", "eta_obs_individualized": NaN, "eta_obs_refits_batch0_mean": 1.0, "model_score": 0.99, "model_f1": 0.9921259842519685, "model_refits_batch0_scores": [0.99, 0.99, 0.99, 0.99, 0.99], "model_refits_batch0_f1s": [0.9921259842519685, 0.9921259842519685, 0.9921259842519685, 0.9921259842519685, 0.9921259842519685], "model_coef": [[2.740735951651545e-05, 8.134746608430129e-05, 0.027732301482997965, 0.00011201442873607471, 0.00022894876872786633], [-15.310997798137167]]}