{"accuracy_pre": 0.76, "accuracy_post": 0.77, "recourse_seeking_ixs": [352, 327, 389, 463, 427, 425, 475, 262, 487, 392, 432, 423, 407, 459, 260, 298, 358, 350, 318, 415, 347, 465, 294, 315, 497, 320, 436, 277, 339, 374, 387, 402, 396, 305, 472, 356, 326, 461, 296, 433, 467, 471, 370, 276, 383, 363, 493, 301, 323, 330, 482, 344, 316, 267, 328, 450, 343, 390, 491, 335, 309, 280, 492, 418, 253, 456, 369, 282, 300, 414, 337, 490, 263, 378, 434, 485, 281, 345, 368, 447, 479, 313, 275, 261, 430, 385, 431, 287, 290, 366, 362, 412, 449, 271, 278, 284, 453, 397, 448, 474], "recourse_recommended_ixs": [352, 327, 389, 463, 427, 425, 475, 262, 487, 392, 432, 423, 407, 459, 260, 298, 358, 350, 318, 415, 347, 465, 294, 315, 497, 320, 436, 277, 339, 374, 387, 402, 396, 305, 472, 356, 326, 461, 296, 433, 467, 471, 370, 276, 383, 363, 493, 301, 323, 330, 482, 344, 316, 267, 328, 450, 343, 390, 491, 335, 309, 280, 492, 418, 253, 456, 369, 282, 300, 414, 337, 490, 263, 378, 434, 485, 281, 345, 368, 447, 479, 313, 275, 261, 430, 385, 431, 287, 290, 366, 362, 412, 449, 271, 278, 284, 453, 397, 448, 474], "perc_recomm_found": 1.0, "gamma": 0.75, "eta": 0.75, "gamma_obs": 0.7799999713897705, "gamma_obs_pre": 0.23999999463558197, "eta_obs": 0.78, "costs": [1.0, 1.0], "lbd": 100.0, "thresh": 0.5, "r_type": "subpopulation", "t_type": "improvement", "eta_obs_individualized": NaN, "eta_obs_refits_batch0_mean": 0.8119999766349792, "model_score": 0.76, "model_f1": 0.7540983606557378, "model_refits_batch0_scores": [0.736, 0.732, 0.792, 0.748, 0.748], "model_refits_batch0_f1s": [0.7272727272727272, 0.7148936170212765, 0.7903225806451613, 0.7469879518072289, 0.7469879518072289], "model_coef": NaN}