{"accuracy_pre": 0.79, "accuracy_post": 0.38, "recourse_seeking_ixs": [533, 563, 861, 814, 870, 800, 649, 862, 732, 928, 936, 941, 501, 822, 933, 664, 983, 691, 566, 715, 528, 771, 974, 607, 779, 878, 544, 690, 850, 860, 515, 572, 549, 500, 601, 830, 825, 938, 748, 547, 692, 918, 780, 844, 982, 711, 852, 821, 729, 919, 645, 623, 637, 993, 551, 722, 917, 514, 865, 696, 651, 661, 854, 877, 813, 943, 668, 828, 775, 609, 796, 726, 797, 577, 679, 656, 695, 565, 757, 562, 820, 898, 937, 569, 606, 681, 574, 948, 605, 849, 761, 504, 619, 737, 819, 532, 840, 589, 629, 523], "recourse_recommended_ixs": [533, 563, 861, 814, 870, 800, 649, 862, 732, 928, 936, 941, 501, 822, 933, 664, 983, 691, 566, 715, 528, 771, 974, 607, 779, 878, 544, 690, 850, 860, 515, 572, 549, 500, 601, 830, 825, 938, 748, 547, 692, 918, 780, 844, 982, 711, 852, 821, 729, 919, 645, 623, 637, 993, 551, 722, 917, 514, 865, 696, 651, 661, 854, 877, 813, 943, 668, 828, 775, 609, 796, 726, 797, 577, 679, 656, 695, 565, 757, 562, 820, 898, 937, 569, 606, 681, 574, 948, 605, 849, 761, 504, 619, 737, 819, 532, 840, 589, 629, 523], "perc_recomm_found": 1.0, "gamma": 0.95, "eta": 0.95, "gamma_obs": 0.30000001192092896, "gamma_obs_pre": 0.20999999344348907, "eta_obs": 1.0, "costs": [1.0, 1.0, 1.0], "lbd": 300.0, "thresh": 0.5, "r_type": "subpopulation", "t_type": "acceptance", "eta_obs_individualized": NaN, "eta_obs_refits_batch0_mean": 0.33799999952316284, "model_score": 0.784, "model_f1": 0.8498942917547567, "model_refits_batch0_scores": [0.804, 0.782, 0.782, 0.786, 0.806], "model_refits_batch0_f1s": [0.8016194331983807, 0.7705263157894737, 0.7714884696016772, 0.7737843551797039, 0.7966457023060797], "model_coef": NaN}