{"accuracy_pre": 0.9, "accuracy_post": 0.48, "recourse_seeking_ixs": [311, 308, 290, 360, 365, 382, 317, 336, 342, 209, 248, 356, 323, 377, 256, 251, 254, 328, 351, 300, 371, 263, 255, 335, 202, 246, 212, 374, 210, 393, 383, 331, 275, 293, 250, 221, 287, 346, 272, 203, 201, 305, 380, 230, 362, 229, 376, 299, 338, 304], "recourse_recommended_ixs": [311, 308, 290, 360, 365, 382, 317, 336, 342, 209, 248, 356, 323, 377, 256, 251, 254, 328, 351, 300, 371, 263, 255, 335, 202, 246, 212, 374, 210, 393, 383, 331, 275, 293, 250, 221, 287, 346, 272, 203, 201, 305, 380, 230, 362, 229, 376, 299, 338, 304], "perc_recomm_found": 1.0, "gamma": 0.85, "eta": 0.85, "gamma_obs": 0.47999998927116394, "gamma_obs_pre": 0.10000000149011612, "eta_obs": 1.0, "costs": [1.0, 1.0, 1.0], "lbd": 300.0, "thresh": 0.5, "r_type": "subpopulation", "t_type": "acceptance", "eta_obs_individualized": NaN, "eta_obs_refits_batch0_mean": 0.5920000076293945, "model_score": 0.905, "model_f1": 0.9147982062780269, "model_refits_batch0_scores": [0.905, 0.905, 0.89, 0.895, 0.92], "model_refits_batch0_f1s": [0.9140271493212668, 0.9155555555555556, 0.9035087719298246, 0.9082969432314411, 0.926605504587156], "model_coef": [[0.766491475368308, 0.5308515591991532, 1.0255327745123586], [-0.05792578086129333]]}