{"accuracy_pre": 1.0, "accuracy_post": 0.0, "recourse_seeking_ixs": [213, 304, 234, 390, 326, 315, 203, 389, 366, 294, 292, 205, 222, 254, 337, 325, 248, 336, 342, 388, 396, 245, 341, 272, 393, 271, 385, 327, 264, 299, 216, 317, 323, 219, 340, 283, 256, 239, 394, 350, 225, 306, 353, 354, 316, 369, 200, 293, 332, 246], "recourse_recommended_ixs": [213, 304, 234, 390, 326, 315, 203, 389, 366, 294, 292, 205, 222, 254, 337, 325, 248, 336, 342, 388, 396, 245, 341, 272, 393, 271, 385, 327, 264, 299, 216, 317, 323, 219, 340, 283, 256, 239, 394, 350, 225, 306, 353, 354, 316, 369, 200, 293, 332, 246], "perc_recomm_found": 1.0, "gamma": 0.9, "eta": 0.9, "gamma_obs": 0.0, "gamma_obs_pre": 0.0, "eta_obs": 1.0, "costs": [5.0, 5.0, 0.0001, 0.01, 0.1], "lbd": 300.0, "thresh": 0.5, "r_type": "individualized", "t_type": "acceptance", "eta_obs_individualized": NaN, "eta_obs_refits_batch0_mean": 0.96, "model_score": 1.0, "model_f1": 1.0, "model_refits_batch0_scores": [0.99, 0.985, 0.995, 0.99, 0.995], "model_refits_batch0_f1s": [0.9922480620155039, 0.9883268482490272, 0.9961389961389961, 0.9923076923076923, 0.9961389961389961], "model_coef": [[-0.6741585866818789, 1.1691084567973464, 0.008229735672963746, -0.1565836406360455, 0.5217323163254624], [-7.458784042199183]]}