{"accuracy_pre": 0.79, "accuracy_post": 0.37, "recourse_seeking_ixs": [542, 878, 800, 994, 698, 528, 624, 751, 663, 893, 711, 677, 523, 765, 964, 666, 540, 650, 790, 988, 599, 915, 535, 839, 668, 563, 763, 961, 746, 609, 926, 991, 692, 777, 561, 971, 738, 662, 631, 548, 851, 938, 965, 702, 574, 992, 982, 782, 595, 620, 760, 827, 954, 897, 785, 919, 615, 656, 757, 634, 794, 591, 551, 531, 884, 588, 719, 503, 521, 735, 500, 932, 695, 914, 849, 778, 554, 690, 855, 687, 537, 903, 568, 742, 900, 812, 943, 552, 862, 594, 820, 799, 610, 555, 559, 717, 810, 987, 576, 566], "recourse_recommended_ixs": [542, 878, 800, 994, 698, 528, 624, 751, 663, 893, 711, 677, 523, 765, 964, 666, 540, 650, 790, 988, 599, 915, 535, 839, 668, 563, 763, 961, 746, 609, 926, 991, 692, 777, 561, 971, 738, 662, 631, 548, 851, 938, 965, 702, 574, 992, 982, 782, 595, 620, 760, 827, 954, 897, 785, 919, 615, 656, 757, 634, 794, 591, 551, 531, 884, 588, 719, 503, 521, 735, 500, 932, 695, 914, 849, 778, 554, 690, 855, 687, 537, 903, 568, 742, 900, 812, 943, 552, 862, 594, 820, 799, 610, 555, 559, 717, 810, 987, 576, 566], "perc_recomm_found": 1.0, "gamma": 0.95, "eta": 0.95, "gamma_obs": 0.33000001311302185, "gamma_obs_pre": 0.20999999344348907, "eta_obs": 0.88, "costs": [1.0, 1.0, 1.0], "lbd": 300.0, "thresh": 0.5, "r_type": "individualized", "t_type": "counterfactual", "eta_obs_individualized": NaN, "eta_obs_refits_batch0_mean": 0.3659999966621399, "model_score": 0.826, "model_f1": 0.8627450980392157, "model_refits_batch0_scores": [0.804, 0.782, 0.782, 0.786, 0.806], "model_refits_batch0_f1s": [0.8016194331983807, 0.7705263157894737, 0.7714884696016772, 0.7737843551797039, 0.7966457023060797], "model_coef": NaN}