{"accuracy_pre": 1.0, "accuracy_post": 0.94, "recourse_seeking_ixs": [1611, 1665, 1223, 1985, 1811, 1814, 1794, 1690, 1638, 1723, 1210, 1778, 1282, 1146, 1588, 1270, 1291, 1105, 1610, 1557, 1045, 1504, 1131, 1994, 1101, 1030, 1789, 1258, 1212, 1071, 1388, 1993, 1118, 1961, 1475, 1320, 1029, 1072, 1257, 1646, 1308, 1277, 1201, 1840, 1788, 1084, 1895, 1469, 1541, 1014, 1324, 1227, 1287, 1805, 1651, 1533, 1290, 1383, 1697, 1978, 1585, 1319, 1567, 1191, 1046, 1922, 1182, 1884, 1529, 1179, 1519, 1699, 1906, 1067, 1195, 1992, 1952, 1177, 1162, 1036, 1242, 1348, 1771, 1412, 1769, 1569, 1886, 1267, 1971, 1675, 1539, 1532, 1025, 1253, 1618, 1076, 1070, 1426, 1081, 1964], "recourse_recommended_ixs": [1611, 1665, 1223, 1985, 1811, 1814, 1794, 1690, 1638, 1723, 1210, 1778, 1282, 1146, 1588, 1270, 1291, 1105, 1610, 1557, 1045, 1504, 1131, 1994, 1101, 1030, 1789, 1258, 1212, 1071, 1388, 1993, 1118, 1961, 1475, 1320, 1029, 1072, 1257, 1646, 1308, 1277, 1201, 1840, 1788, 1084, 1895, 1469, 1541, 1014, 1324, 1227, 1287, 1805, 1651, 1533, 1290, 1383, 1697, 1978, 1585, 1319, 1567, 1191, 1046, 1922, 1182, 1884, 1529, 1179, 1519, 1699, 1906, 1067, 1195, 1992, 1952, 1177, 1162, 1036, 1242, 1348, 1771, 1412, 1769, 1569, 1886, 1267, 1971, 1675, 1539, 1532, 1025, 1253, 1618, 1076, 1070, 1426, 1081, 1964], "perc_recomm_found": 1.0, "gamma": 0.75, "eta": 0.75, "gamma_obs": 0.9399999976158142, "gamma_obs_pre": 0.0, "eta_obs": 1.0, "costs": [1.0, 1.0, 1.0], "lbd": 150.0, "thresh": 0.5, "r_type": "individualized", "t_type": "acceptance", "eta_obs_individualized": NaN, "eta_obs_refits_batch0_mean": 0.9620000123977661, "model_score": 0.992, "model_f1": 0.9990167158308751, "model_refits_batch0_scores": [0.998, 0.998, 1.0, 0.994, 0.996], "model_refits_batch0_f1s": [0.99800796812749, 0.99800796812749, 1.0, 0.9939999999999999, 0.9960079840319361], "model_coef": NaN}