{"accuracy_pre": 0.82, "accuracy_post": 0.69, "recourse_seeking_ixs": [903, 533, 985, 794, 976, 701, 747, 712, 788, 986, 676, 862, 979, 868, 660, 757, 722, 724, 761, 769, 653, 865, 764, 967, 671, 780, 518, 888, 790, 815, 604, 993, 962, 785, 500, 786, 833, 741, 812, 540, 545, 713, 931, 842, 793, 519, 684, 527, 866, 629, 691, 686, 744, 719, 589, 733, 859, 652, 759, 711, 520, 961, 560, 529, 947, 823, 721, 950, 933, 720, 539, 861, 849, 863, 873, 553, 681, 830, 808, 848, 514, 939, 991, 781, 714, 922, 820, 706, 688, 602, 685, 813, 687, 952, 510, 923, 542, 593, 577, 926], "recourse_recommended_ixs": [903, 533, 985, 794, 976, 701, 747, 712, 788, 986, 676, 862, 979, 868, 660, 757, 722, 724, 761, 769, 653, 865, 764, 967, 671, 780, 518, 888, 790, 815, 604, 993, 962, 785, 500, 786, 833, 741, 812, 540, 545, 713, 931, 842, 793, 519, 684, 527, 866, 629, 691, 686, 744, 719, 589, 733, 859, 652, 759, 711, 520, 961, 560, 529, 947, 823, 721, 950, 933, 720, 539, 861, 849, 863, 873, 553, 681, 830, 808, 848, 514, 939, 991, 781, 714, 922, 820, 706, 688, 602, 685, 813, 687, 952, 510, 923, 542, 593, 577, 926], "perc_recomm_found": 1.0, "gamma": 0.75, "eta": 0.75, "gamma_obs": 0.7099999785423279, "gamma_obs_pre": 0.18000000715255737, "eta_obs": 0.98, "costs": [1.0, 1.0], "lbd": 300.0, "thresh": 0.5, "r_type": "individualized", "t_type": "improvement", "eta_obs_individualized": 0.86, "eta_obs_refits_batch0_mean": 0.9440000653266907, "model_score": 0.792, "model_f1": 0.7944111776447106, "model_refits_batch0_scores": [0.828, 0.828, 0.794, 0.826, 0.834], "model_refits_batch0_f1s": [0.8027522935779817, 0.8063063063063063, 0.7518072289156627, 0.7962529274004684, 0.814317673378076], "model_coef": [[0.17212440209313498, 0.30563951578550236, 0.8015383947950182], [-0.48917069650178224]]}