{"accuracy_pre": 0.82, "accuracy_post": 0.24, "recourse_seeking_ixs": [622, 976, 528, 944, 607, 953, 736, 961, 518, 799, 879, 807, 552, 704, 519, 861, 678, 688, 994, 882, 832, 823, 712, 811, 730, 959, 683, 883, 943, 725, 867, 611, 646, 788, 830, 804, 591, 780, 654, 828, 886, 605, 913, 653, 684, 506, 524, 731, 690, 908, 877, 875, 579, 895, 802, 800, 815, 508, 573, 766, 570, 681, 999, 966, 850, 626, 698, 565, 774, 709, 765, 809, 889, 532, 521, 812, 750, 581, 746, 723, 899, 904, 637, 960, 786, 672, 651, 662, 513, 848, 775, 562, 887, 598, 892, 865, 844, 587, 942, 980], "recourse_recommended_ixs": [622, 976, 528, 944, 607, 953, 736, 961, 518, 799, 879, 807, 552, 704, 519, 861, 678, 688, 994, 882, 832, 823, 712, 811, 730, 959, 683, 883, 943, 725, 867, 611, 646, 788, 830, 804, 591, 780, 654, 828, 886, 605, 913, 653, 684, 506, 524, 731, 690, 908, 877, 875, 579, 895, 802, 800, 815, 508, 573, 766, 570, 681, 999, 966, 850, 626, 698, 565, 774, 709, 765, 809, 889, 532, 521, 812, 750, 581, 746, 723, 899, 904, 637, 960, 786, 672, 651, 662, 513, 848, 775, 562, 887, 598, 892, 865, 844, 587, 942, 980], "perc_recomm_found": 1.0, "gamma": 0.75, "eta": 0.75, "gamma_obs": 0.23999999463558197, "gamma_obs_pre": 0.18000000715255737, "eta_obs": 1.0, "costs": [1.0, 1.0, 1.0], "lbd": 300.0, "thresh": 0.5, "r_type": "individualized", "t_type": "counterfactual", "eta_obs_individualized": NaN, "eta_obs_refits_batch0_mean": 0.6239999532699585, "model_score": 0.828, "model_f1": 0.8054298642533936, "model_refits_batch0_scores": [0.828, 0.828, 0.794, 0.826, 0.834], "model_refits_batch0_f1s": [0.8027522935779817, 0.8063063063063063, 0.7518072289156627, 0.7962529274004684, 0.814317673378076], "model_coef": [[0.17212440209313498, 0.30563951578550236, 0.8015383947950182], [-0.48917069650178224]]}