{"accuracy_pre": 0.66, "accuracy_post": 0.9, "recourse_seeking_ixs": [258, 323, 263, 303, 388, 328, 395, 312, 248, 346, 399, 382, 372, 369, 316, 277, 325, 375, 320, 366, 294, 257, 278, 244, 329, 310, 259, 292, 384, 347, 218, 322, 324, 201, 385, 360, 239, 342, 327, 330, 238, 393, 318, 205, 381, 305, 229, 380, 252, 284], "recourse_recommended_ixs": [258, 323, 263, 303, 388, 328, 395, 312, 248, 346, 399, 382, 372, 369, 316, 277, 325, 375, 320, 366, 294, 257, 278, 244, 329, 310, 259, 292, 384, 347, 218, 322, 324, 201, 385, 360, 239, 342, 327, 330, 238, 393, 318, 205, 381, 305, 229, 380, 252, 284], "perc_recomm_found": 1.0, "gamma": 0.9, "eta": 0.9, "gamma_obs": 0.8999999761581421, "gamma_obs_pre": 0.3400000035762787, "eta_obs": 1.0, "costs": [1.0, 1.0], "lbd": 300.0, "thresh": 0.5, "r_type": "subpopulation", "t_type": "improvement", "eta_obs_individualized": NaN, "eta_obs_refits_batch0_mean": 0.9880000352859497, "model_score": 0.805, "model_f1": 0.8202764976958525, "model_refits_batch0_scores": [0.81, 0.81, 0.8, 0.795, 0.815], "model_refits_batch0_f1s": [0.8240740740740741, 0.8256880733944955, 0.8148148148148149, 0.807511737089202, 0.832579185520362], "model_coef": [[0.3904322519790784, -0.2577039203328694, 1.1462900901101083], [-0.6682115609993429]]}