{"accuracy_pre": 1.0, "accuracy_post": 0.78, "recourse_seeking_ixs": [1938, 1658, 1814, 1861, 1988, 1420, 1103, 1034, 1955, 1329, 1773, 1281, 1470, 1633, 1087, 1223, 1071, 1206, 1495, 1065, 1440, 1940, 1741, 1707, 1437, 1435, 1680, 1077, 1924, 1364, 1100, 1568, 1610, 1150, 1687, 1219, 1267, 1576, 1427, 1523, 1214, 1902, 1697, 1320, 1619, 1166, 1574, 1953, 1645, 1505, 1469, 1860, 1791, 1532, 1452, 1254, 1923, 1648, 1179, 1562, 1611, 1388, 1886, 1040, 1274, 1362, 1717, 1067, 1485, 1081, 1745, 1076, 1674, 1312, 1145, 1971, 1667, 1210, 1197, 1344, 1742, 1146, 1370, 1258, 1831, 1657, 1349, 1400, 1055, 1627, 1236, 1168, 1858, 1621, 1028, 1306, 1288, 1840, 1369, 1646], "recourse_recommended_ixs": [1938, 1658, 1814, 1861, 1988, 1420, 1103, 1034, 1955, 1329, 1773, 1281, 1470, 1633, 1087, 1223, 1071, 1206, 1495, 1065, 1440, 1940, 1741, 1707, 1437, 1435, 1680, 1077, 1924, 1364, 1100, 1568, 1610, 1150, 1687, 1219, 1267, 1576, 1427, 1523, 1214, 1902, 1697, 1320, 1619, 1166, 1574, 1953, 1645, 1505, 1469, 1860, 1791, 1532, 1452, 1254, 1923, 1648, 1179, 1562, 1611, 1388, 1886, 1040, 1274, 1362, 1717, 1067, 1485, 1081, 1745, 1076, 1674, 1312, 1145, 1971, 1667, 1210, 1197, 1344, 1742, 1146, 1370, 1258, 1831, 1657, 1349, 1400, 1055, 1627, 1236, 1168, 1858, 1621, 1028, 1306, 1288, 1840, 1369, 1646], "perc_recomm_found": 1.0, "gamma": 0.75, "eta": 0.75, "gamma_obs": 1.0, "gamma_obs_pre": 0.0, "eta_obs": 0.78, "costs": [1.0, 1.0, 1.0], "lbd": 150.0, "thresh": 0.5, "r_type": "subpopulation", "t_type": "acceptance", "eta_obs_individualized": NaN, "eta_obs_refits_batch0_mean": 0.7839999794960022, "model_score": 0.737, "model_f1": 1.0, "model_refits_batch0_scores": [0.999, 0.996, 0.996, 0.996, 0.996], "model_refits_batch0_f1s": [0.9990009990009989, 0.9959919839679359, 0.9959919839679359, 0.9959919839679359, 0.9959919839679359], "model_coef": NaN}