{"accuracy_pre": 0.87, "accuracy_post": 0.38, "recourse_seeking_ixs": [466, 465, 352, 294, 264, 446, 398, 316, 342, 334, 280, 277, 407, 405, 451, 469, 279, 497, 386, 460, 444, 411, 310, 424, 254, 382, 481, 317, 467, 361, 283, 261, 404, 292, 360, 318, 350, 365, 401, 391, 464, 383, 394, 300, 299, 273, 468, 322, 393, 399, 442, 420, 449, 435, 440, 439, 494, 487, 301, 358, 403, 378, 470, 385, 457, 332, 484, 291, 305, 274, 450, 270, 415, 458, 257, 349, 309, 493, 266, 357, 364, 303, 388, 406, 369, 268, 326, 354, 251, 351, 298, 498, 475, 338, 328, 390, 490, 445, 488, 431], "recourse_recommended_ixs": [466, 465, 352, 294, 264, 446, 398, 316, 342, 334, 280, 277, 407, 405, 451, 469, 279, 497, 386, 460, 444, 411, 310, 424, 254, 382, 481, 317, 467, 361, 283, 261, 404, 292, 360, 318, 350, 365, 401, 391, 464, 383, 394, 300, 299, 273, 468, 322, 393, 399, 442, 420, 449, 435, 440, 439, 494, 487, 301, 358, 403, 378, 470, 385, 457, 332, 484, 291, 305, 274, 450, 270, 415, 458, 257, 349, 309, 493, 266, 357, 364, 303, 388, 406, 369, 268, 326, 354, 251, 351, 298, 498, 475, 338, 328, 390, 490, 445, 488, 431], "perc_recomm_found": 1.0, "gamma": 0.75, "eta": 0.75, "gamma_obs": 0.2800000011920929, "gamma_obs_pre": 0.12999999523162842, "eta_obs": 0.99, "costs": [1.0, 1.0, 1.0], "lbd": 100.0, "thresh": 0.5, "r_type": "subpopulation", "t_type": "acceptance", "eta_obs_individualized": NaN, "eta_obs_refits_batch0_mean": 0.5839999914169312, "model_score": 0.836, "model_f1": 0.8312757201646092, "model_refits_batch0_scores": [0.832, 0.836, 0.832, 0.812, 0.828], "model_refits_batch0_f1s": [0.8306451612903225, 0.8312757201646092, 0.8264462809917354, 0.8171206225680934, 0.8273092369477911], "model_coef": NaN}