r_type,t_type,x1_mean,x2_mean,x3_mean,causes_mean,non-causes_mean,x1_std,x2_std,x3_std,causes_std,non-causes_std
individualized,acceptance,0.21862626262626264,0.39952525252525256,2.2746127946127945,0.6181515151515152,2.2746127946127945,0.11794141178835855,0.22256509521944318,0.19610331560199637,0.14444840462184463,0.19610331560199637
individualized,counterfactual,0.12693939393939394,0.29149494949494953,2.648912457912458,0.41843434343434344,2.648912457912458,0.14036158539873858,0.26460039926017503,0.1960055986649948,0.16482080965700355,0.1960055986649948
individualized,improvement,1.2866666666666666,1.099,,2.385666666666667,0.0,0.08185556385080557,0.14208448191129086,,0.18252762348020984,0.0
subpopulation,acceptance,0.17830639730639733,0.3305690235690236,2.4015387205387206,0.5088754208754209,2.4015387205387206,0.12066319997883813,0.282441524942905,0.03980133341422321,0.20610995777928673,0.03980133341422321
subpopulation,counterfactual,0.12693939393939394,0.29149494949494953,2.648912457912458,0.41843434343434344,2.648912457912458,0.14036158539873858,0.26460039926017503,0.1960055986649948,0.16482080965700355,0.1960055986649948
subpopulation,improvement,1.2753400673400674,0.9916026936026937,,2.266942760942761,0.0,0.11178484686169408,0.09801318619569069,,0.17495029519416344,0.0
