{"accuracy_pre": 0.99, "accuracy_post": 1.0, "recourse_seeking_ixs": [1729, 1302, 1005, 1051, 1467, 1273, 1776, 1923, 1557, 1608, 1593, 1214, 1272, 1717, 1808, 1843, 1147, 1533, 1042, 1466, 1245, 1683, 1739, 1992, 1647, 1300, 1965, 1296, 1938, 1809, 1959, 1590, 1230, 1259, 1100, 1623, 1093, 1626, 1144, 1630, 1731, 1127, 1896, 1062, 1851, 1146, 1856, 1492, 1628, 1474, 1519, 1768, 1203, 1330, 1848, 1777, 1905, 1542, 1781, 1972, 1427, 1695, 1665, 1820, 1158, 1742, 1501, 1491, 1011, 1470, 1758, 1256, 1391, 1567, 1216, 1150, 1579, 1283, 1853, 1502, 1362, 1879, 1201, 1268, 1506, 1449, 1968, 1868, 1354, 1057, 1708, 1945, 1488, 1420, 1829, 1348, 1212, 1637, 1823, 1202], "recourse_recommended_ixs": [1729, 1302, 1005, 1051, 1467, 1273, 1776, 1923, 1557, 1608, 1593, 1214, 1272, 1717, 1808, 1843, 1147, 1533, 1042, 1466, 1245, 1683, 1739, 1992, 1647, 1300, 1965, 1296, 1938, 1809, 1959, 1590, 1230, 1259, 1100, 1623, 1093, 1626, 1144, 1630, 1731, 1127, 1896, 1062, 1851, 1146, 1856, 1492, 1628, 1474, 1519, 1768, 1203, 1330, 1848, 1777, 1905, 1542, 1781, 1972, 1427, 1695, 1665, 1820, 1158, 1742, 1501, 1491, 1011, 1470, 1758, 1256, 1391, 1567, 1216, 1150, 1579, 1283, 1853, 1502, 1362, 1879, 1201, 1268, 1506, 1449, 1968, 1868, 1354, 1057, 1708, 1945, 1488, 1420, 1829, 1348, 1212, 1637, 1823, 1202], "perc_recomm_found": 1.0, "gamma": 0.75, "eta": 0.75, "gamma_obs": 1.0, "gamma_obs_pre": 0.009999999776482582, "eta_obs": 1.0, "costs": [1.0, 1.0], "lbd": 150.0, "thresh": 0.5, "r_type": "subpopulation", "t_type": "improvement", "eta_obs_individualized": NaN, "eta_obs_refits_batch0_mean": 1.0, "model_score": 0.933, "model_f1": 0.9957356076759062, "model_refits_batch0_scores": [0.998, 0.998, 0.998, 0.998, 0.998], "model_refits_batch0_f1s": [0.9979879275653923, 0.9979879275653923, 0.9979879275653923, 0.9979879275653923, 0.9979879275653923], "model_coef": NaN}