{"accuracy_pre": 0.96, "accuracy_post": 0.29, "recourse_seeking_ixs": [710, 595, 638, 553, 956, 551, 604, 738, 657, 873, 964, 869, 928, 641, 847, 511, 747, 565, 616, 712, 717, 692, 780, 866, 647, 932, 791, 840, 980, 790, 634, 503, 945, 972, 923, 587, 664, 756, 822, 885, 993, 803, 862, 988, 904, 590, 927, 600, 782, 512, 769, 623, 963, 915, 586, 514, 562, 687, 919, 666, 500, 984, 671, 681, 999, 643, 662, 970, 799, 700, 759, 757, 529, 824, 707, 777, 683, 596, 605, 953, 926, 690, 838, 627, 934, 645, 982, 767, 572, 930, 520, 583, 567, 801, 800, 837, 815, 507, 943, 545], "recourse_recommended_ixs": [710, 595, 638, 553, 956, 551, 604, 738, 657, 873, 964, 869, 928, 641, 847, 511, 747, 565, 616, 712, 717, 692, 780, 866, 647, 932, 791, 840, 980, 790, 634, 503, 945, 972, 923, 587, 664, 756, 822, 885, 993, 803, 862, 988, 904, 590, 927, 600, 782, 512, 769, 623, 963, 915, 586, 514, 562, 687, 919, 666, 500, 984, 671, 681, 999, 643, 662, 970, 799, 700, 759, 757, 529, 824, 707, 777, 683, 596, 605, 953, 926, 690, 838, 627, 934, 645, 982, 767, 572, 930, 520, 583, 567, 801, 800, 837, 815, 507, 943, 545], "perc_recomm_found": 1.0, "gamma": 0.75, "eta": 0.75, "gamma_obs": 0.27000001072883606, "gamma_obs_pre": 0.03999999910593033, "eta_obs": 0.98, "costs": [1.0, 1.0, 1.0], "lbd": 300.0, "thresh": 0.5, "r_type": "subpopulation", "t_type": "acceptance", "eta_obs_individualized": NaN, "eta_obs_refits_batch0_mean": 0.5900000333786011, "model_score": 0.762, "model_f1": 0.8349146110056926, "model_refits_batch0_scores": [0.806, 0.824, 0.796, 0.794, 0.808], "model_refits_batch0_f1s": [0.8166351606805293, 0.8370370370370369, 0.80078125, 0.8074766355140186, 0.8146718146718146], "model_coef": NaN}