{"accuracy_pre": 0.98, "accuracy_post": 0.42, "recourse_seeking_ixs": [573, 784, 756, 509, 861, 890, 978, 552, 502, 571, 786, 599, 694, 753, 524, 686, 812, 955, 854, 905, 926, 674, 738, 938, 521, 640, 993, 743, 635, 551, 925, 660, 606, 755, 676, 584, 670, 553, 841, 508, 709, 847, 839, 834, 796, 936, 918, 795, 969, 604, 716, 655, 877, 646, 776, 803, 862, 732, 886, 940, 644, 801, 544, 531, 664, 809, 713, 797, 922, 747, 826, 511, 620, 958, 642, 992, 990, 564, 858, 680, 998, 868, 557, 729, 853, 814, 505, 802, 626, 609, 849, 546, 589, 879, 647, 715, 989, 754, 561, 857], "recourse_recommended_ixs": [573, 784, 756, 509, 861, 890, 978, 552, 502, 571, 786, 599, 694, 753, 524, 686, 812, 955, 854, 905, 926, 674, 738, 938, 521, 640, 993, 743, 635, 551, 925, 660, 606, 755, 676, 584, 670, 553, 841, 508, 709, 847, 839, 834, 796, 936, 918, 795, 969, 604, 716, 655, 877, 646, 776, 803, 862, 732, 886, 940, 644, 801, 544, 531, 664, 809, 713, 797, 922, 747, 826, 511, 620, 958, 642, 992, 990, 564, 858, 680, 998, 868, 557, 729, 853, 814, 505, 802, 626, 609, 849, 546, 589, 879, 647, 715, 989, 754, 561, 857], "perc_recomm_found": 1.0, "gamma": 0.75, "eta": 0.75, "gamma_obs": 0.38999998569488525, "gamma_obs_pre": 0.019999999552965164, "eta_obs": 0.91, "costs": [1.0, 1.0, 1.0], "lbd": 300.0, "thresh": 0.5, "r_type": "subpopulation", "t_type": "acceptance", "eta_obs_individualized": NaN, "eta_obs_refits_batch0_mean": 0.656000018119812, "model_score": 0.802, "model_f1": 0.8708333333333332, "model_refits_batch0_scores": [0.886, 0.89, 0.88, 0.874, 0.872], "model_refits_batch0_f1s": [0.8784648187633263, 0.8861283643892339, 0.8728813559322034, 0.8684759916492694, 0.8688524590163934], "model_coef": [[0.594492694325962, 0.33108333829437153, 1.4018161030511183], [-0.1258241311860166]]}