{"accuracy_pre": 0.86, "accuracy_post": 0.17, "recourse_seeking_ixs": [264, 456, 486, 444, 342, 313, 255, 344, 296, 274, 437, 292, 371, 398, 275, 427, 394, 431, 280, 267, 451, 277, 416, 257, 326, 460, 457, 463, 420, 286, 299, 278, 350, 265, 417, 363, 318, 438, 387, 256, 355, 325, 396, 285, 413, 406, 367, 312, 282, 331, 291, 365, 402, 366, 401, 261, 369, 359, 307, 385, 491, 324, 490, 489, 317, 421, 407, 310, 356, 311, 293, 450, 276, 333, 364, 281, 481, 357, 498, 439, 361, 268, 260, 266, 448, 422, 458, 254, 478, 381, 309, 452, 262, 379, 455, 465, 294, 330, 400, 354], "recourse_recommended_ixs": [264, 456, 486, 444, 342, 313, 255, 344, 296, 274, 437, 292, 371, 398, 275, 427, 394, 431, 280, 267, 451, 277, 416, 257, 326, 460, 457, 463, 420, 286, 299, 278, 350, 265, 417, 363, 318, 438, 387, 256, 355, 325, 396, 285, 413, 406, 367, 312, 282, 331, 291, 365, 402, 366, 401, 261, 369, 359, 307, 385, 491, 324, 490, 489, 317, 421, 407, 310, 356, 311, 293, 450, 276, 333, 364, 281, 481, 357, 498, 439, 361, 268, 260, 266, 448, 422, 458, 254, 478, 381, 309, 452, 262, 379, 455, 465, 294, 330, 400, 354], "perc_recomm_found": 1.0, "gamma": 0.75, "eta": 0.75, "gamma_obs": 0.17000000178813934, "gamma_obs_pre": 0.14000000059604645, "eta_obs": 1.0, "costs": [1.0, 1.0, 1.0], "lbd": 100.0, "thresh": 0.5, "r_type": "individualized", "t_type": "counterfactual", "eta_obs_individualized": NaN, "eta_obs_refits_batch0_mean": 0.7279999852180481, "model_score": 0.844, "model_f1": 0.8381742738589212, "model_refits_batch0_scores": [0.84, 0.836, 0.844, 0.84, 0.84], "model_refits_batch0_f1s": [0.8333333333333333, 0.8284518828451883, 0.8421052631578947, 0.83739837398374, 0.8319327731092436], "model_coef": [[0.16517475789967603, 0.037795822460080584, 0.8576814818481175], [-0.4045634207429885]]}