{"accuracy_pre": 0.92, "accuracy_post": 0.92, "recourse_seeking_ixs": [296, 380, 320, 242, 287, 246, 385, 256, 268, 216, 273, 383, 308, 269, 299, 350, 236, 346, 319, 312, 255, 368, 252, 200, 373, 355, 230, 322, 286, 206, 328, 337, 397, 394, 234, 356, 292, 317, 281, 363, 372, 278, 275, 239, 315, 381, 270, 325, 307, 396], "recourse_recommended_ixs": [296, 380, 320, 242, 287, 246, 385, 256, 268, 216, 273, 383, 308, 269, 299, 350, 236, 346, 319, 312, 255, 368, 252, 200, 373, 355, 230, 322, 286, 206, 328, 337, 397, 394, 234, 356, 292, 317, 281, 363, 372, 278, 275, 239, 315, 381, 270, 325, 307, 396], "perc_recomm_found": 1.0, "gamma": 0.95, "eta": 0.95, "gamma_obs": 0.9200000166893005, "gamma_obs_pre": 0.07999999821186066, "eta_obs": 1.0, "costs": [1.0, 1.0, 1.0], "lbd": 300.0, "thresh": 0.5, "r_type": "subpopulation", "t_type": "improvement", "eta_obs_individualized": NaN, "eta_obs_refits_batch0_mean": 0.9800000190734863, "model_score": 0.87, "model_f1": 0.8686868686868686, "model_refits_batch0_scores": [0.88, 0.875, 0.885, 0.875, 0.87], "model_refits_batch0_f1s": [0.8811881188118813, 0.8768472906403941, 0.8820512820512821, 0.8743718592964823, 0.8712871287128713], "model_coef": [[0.5973060525956149, 0.5490749690946854, 0.8257387641071899], [0.15002915213603144]]}