{"accuracy_pre": 0.99, "accuracy_post": 1.0, "recourse_seeking_ixs": [1923, 1696, 1565, 1503, 1973, 1617, 1100, 1900, 1858, 1655, 1757, 1773, 1344, 1537, 1935, 1639, 1961, 1197, 1859, 1924, 1077, 1366, 1414, 1457, 1797, 1386, 1214, 1911, 1606, 1971, 1519, 1819, 1431, 1864, 1438, 1464, 1683, 1575, 1955, 1435, 1740, 1253, 1680, 1952, 1645, 1708, 1742, 1097, 1560, 1652, 1942, 1028, 1276, 1569, 1607, 1093, 1872, 1443, 1994, 1133, 1291, 1769, 1379, 1561, 1675, 1026, 1709, 1926, 1495, 1331, 1201, 1938, 1427, 1523, 1044, 1189, 1646, 1070, 1836, 1102, 1746, 1539, 1831, 1383, 1658, 1588, 1178, 1131, 1258, 1532, 1567, 1166, 1388, 1661, 1717, 1033, 1821, 1625, 1633, 1146], "recourse_recommended_ixs": [1923, 1696, 1565, 1503, 1973, 1617, 1100, 1900, 1858, 1655, 1757, 1773, 1344, 1537, 1935, 1639, 1961, 1197, 1859, 1924, 1077, 1366, 1414, 1457, 1797, 1386, 1214, 1911, 1606, 1971, 1519, 1819, 1431, 1864, 1438, 1464, 1683, 1575, 1955, 1435, 1740, 1253, 1680, 1952, 1645, 1708, 1742, 1097, 1560, 1652, 1942, 1028, 1276, 1569, 1607, 1093, 1872, 1443, 1994, 1133, 1291, 1769, 1379, 1561, 1675, 1026, 1709, 1926, 1495, 1331, 1201, 1938, 1427, 1523, 1044, 1189, 1646, 1070, 1836, 1102, 1746, 1539, 1831, 1383, 1658, 1588, 1178, 1131, 1258, 1532, 1567, 1166, 1388, 1661, 1717, 1033, 1821, 1625, 1633, 1146], "perc_recomm_found": 1.0, "gamma": 0.95, "eta": 0.95, "gamma_obs": 1.0, "gamma_obs_pre": 0.009999999776482582, "eta_obs": 1.0, "costs": [1.0, 1.0], "lbd": 150.0, "thresh": 0.5, "r_type": "individualized", "t_type": "improvement", "eta_obs_individualized": 0.74, "eta_obs_refits_batch0_mean": 1.0, "model_score": 0.812, "model_f1": 0.9980276134122288, "model_refits_batch0_scores": [0.998, 0.998, 0.999, 0.998, 0.998], "model_refits_batch0_f1s": [0.99800796812749, 0.99800796812749, 0.9990069513406157, 0.99800796812749, 0.99800796812749], "model_coef": NaN}