{"accuracy_pre": 0.85, "accuracy_post": 0.78, "recourse_seeking_ixs": [738, 544, 835, 618, 661, 682, 577, 772, 705, 822, 713, 794, 951, 736, 779, 924, 691, 657, 840, 523, 706, 857, 882, 832, 936, 694, 925, 818, 670, 695, 560, 578, 796, 756, 668, 732, 915, 727, 701, 600, 675, 763, 530, 842, 628, 921, 998, 780, 987, 501, 646, 540, 846, 771, 538, 502, 745, 826, 856, 687, 841, 823, 906, 585, 899, 961, 526, 522, 567, 950, 537, 717, 504, 610, 693, 992, 770, 910, 810, 824, 845, 707, 858, 520, 614, 662, 626, 541, 795, 665, 942, 637, 719, 667, 922, 742, 877, 804, 898, 647], "recourse_recommended_ixs": [738, 544, 835, 618, 661, 682, 577, 772, 705, 822, 713, 794, 951, 736, 779, 924, 691, 657, 840, 523, 706, 857, 882, 832, 936, 694, 925, 818, 670, 695, 560, 578, 796, 756, 668, 732, 915, 727, 701, 600, 675, 763, 530, 842, 628, 921, 998, 780, 987, 501, 646, 540, 846, 771, 538, 502, 745, 826, 856, 687, 841, 823, 906, 585, 899, 961, 526, 522, 567, 950, 537, 717, 504, 610, 693, 992, 770, 910, 810, 824, 845, 707, 858, 520, 614, 662, 626, 541, 795, 665, 942, 637, 719, 667, 922, 742, 877, 804, 898, 647], "perc_recomm_found": 1.0, "gamma": 0.75, "eta": 0.75, "gamma_obs": 0.7400000095367432, "gamma_obs_pre": 0.15000000596046448, "eta_obs": 0.88, "costs": [1.0, 1.0], "lbd": 300.0, "thresh": 0.5, "r_type": "subpopulation", "t_type": "improvement", "eta_obs_individualized": NaN, "eta_obs_refits_batch0_mean": 0.8640000224113464, "model_score": 0.826, "model_f1": 0.8358208955223881, "model_refits_batch0_scores": [0.818, 0.816, 0.806, 0.824, 0.83], "model_refits_batch0_f1s": [0.7838479809976248, 0.7819905213270142, 0.762836185819071, 0.7914691943127962, 0.8081264108352144], "model_coef": NaN}