{"accuracy_pre": 0.96, "accuracy_post": 0.04, "recourse_seeking_ixs": [320, 211, 277, 240, 297, 365, 217, 301, 292, 295, 308, 243, 247, 397, 373, 246, 349, 281, 289, 245, 375, 288, 346, 201, 210, 309, 241, 369, 268, 371, 274, 290, 225, 224, 203, 338, 358, 258, 221, 376, 303, 238, 207, 231, 216, 314, 380, 226, 356, 319], "recourse_recommended_ixs": [320, 211, 277, 240, 297, 365, 217, 301, 292, 295, 308, 243, 247, 397, 373, 246, 349, 281, 289, 245, 375, 288, 346, 201, 210, 309, 241, 369, 268, 371, 274, 290, 225, 224, 203, 338, 358, 258, 221, 376, 303, 238, 207, 231, 216, 314, 380, 226, 356, 319], "perc_recomm_found": 1.0, "gamma": 0.95, "eta": 0.95, "gamma_obs": 0.04, "gamma_obs_pre": 0.04, "eta_obs": 1.0, "costs": [5.0, 5.0, 0.0001, 0.01, 0.1], "lbd": 300.0, "thresh": 0.5, "r_type": "individualized", "t_type": "acceptance", "eta_obs_individualized": NaN, "eta_obs_refits_batch0_mean": 1.0, "model_score": 0.99, "model_f1": 0.9921259842519685, "model_refits_batch0_scores": [0.99, 0.99, 0.99, 0.99, 0.99], "model_refits_batch0_f1s": [0.9921259842519685, 0.9921259842519685, 0.9921259842519685, 0.9921259842519685, 0.9921259842519685], "model_coef": [[2.740735951651545e-05, 8.134746608430129e-05, 0.027732301482997965, 0.00011201442873607471, 0.00022894876872786633], [-15.310997798137167]]}