{"accuracy_pre": 0.79, "accuracy_post": 0.79, "recourse_seeking_ixs": [904, 594, 729, 801, 880, 873, 829, 864, 817, 649, 832, 991, 657, 716, 898, 766, 852, 580, 685, 775, 629, 979, 994, 919, 692, 916, 813, 689, 614, 712, 943, 700, 628, 946, 533, 704, 576, 683, 921, 759, 723, 781, 635, 796, 620, 800, 702, 694, 968, 816, 675, 865, 871, 602, 868, 930, 928, 613, 812, 951, 650, 940, 761, 687, 920, 975, 967, 508, 888, 664, 512, 717, 661, 794, 860, 517, 584, 811, 612, 875, 725, 569, 854, 908, 912, 577, 724, 521, 805, 963, 771, 732, 895, 623, 970, 913, 980, 654, 788, 915], "recourse_recommended_ixs": [904, 594, 729, 801, 880, 873, 829, 864, 817, 649, 832, 991, 657, 716, 898, 766, 852, 580, 685, 775, 629, 979, 994, 919, 692, 916, 813, 689, 614, 712, 943, 700, 628, 946, 533, 704, 576, 683, 921, 759, 723, 781, 635, 796, 620, 800, 702, 694, 968, 816, 675, 865, 871, 602, 930, 928, 613, 812, 951, 650, 940, 761, 687, 920, 975, 967, 508, 888, 664, 512, 717, 661, 794, 860, 517, 584, 811, 612, 875, 725, 569, 854, 908, 912, 577, 724, 521, 805, 963, 771, 732, 895, 623, 970, 913, 980, 654, 788, 915], "perc_recomm_found": 0.99, "gamma": 0.75, "eta": 0.75, "gamma_obs": 0.7979797720909119, "gamma_obs_pre": 0.20202019810676575, "eta_obs": 0.9797979797979798, "costs": [1.0, 1.0], "lbd": 300.0, "thresh": 0.5, "r_type": "individualized", "t_type": "improvement", "eta_obs_individualized": 0.797979797979798, "eta_obs_refits_batch0_mean": 0.9070707559585571, "model_score": 0.812, "model_f1": 0.8752475247524752, "model_refits_batch0_scores": [0.796, 0.788, 0.812, 0.74, 0.776], "model_refits_batch0_f1s": [0.7943548387096774, 0.7845528455284553, 0.8016877637130803, 0.75, 0.7575757575757576], "model_coef": NaN}