{"accuracy_pre": 0.0, "accuracy_post": 0.99, "recourse_seeking_ixs": [1287, 1622, 1814, 1011, 1379, 1286, 1744, 1821, 1059, 1855, 1878, 1159, 1222, 1446, 1636, 1635, 1490, 1515, 1493, 1536, 1396, 1566, 1730, 1552, 1909, 1828, 1290, 1257, 1144, 1297, 1492, 1168, 1336, 1149, 1031, 1961, 1299, 1595, 1080, 1484, 1863, 1846, 1859, 1623, 1630, 1110, 1763, 1675, 1039, 1242, 1005, 1593, 1918, 1927, 1946, 1925, 1862, 1373, 1335, 1865, 1733, 1070, 1683, 1365, 1025, 1185, 1958, 1981, 1449, 1356, 1043, 1931, 1298, 1263, 1029, 1966, 1209, 1412, 1024, 1882, 1455, 1276, 1041, 1830, 1325, 1588, 1353, 1135, 1977, 1072, 1129, 1528, 1202, 1008, 1697, 1761, 1401, 1802, 1422, 1567], "recourse_recommended_ixs": [1287, 1622, 1814, 1011, 1379, 1286, 1744, 1821, 1059, 1855, 1878, 1159, 1222, 1446, 1636, 1635, 1490, 1515, 1493, 1536, 1396, 1566, 1730, 1552, 1909, 1828, 1290, 1257, 1144, 1297, 1492, 1168, 1336, 1149, 1031, 1961, 1299, 1595, 1080, 1484, 1863, 1846, 1859, 1623, 1630, 1110, 1763, 1675, 1039, 1242, 1005, 1593, 1918, 1927, 1946, 1925, 1862, 1373, 1335, 1865, 1733, 1070, 1683, 1365, 1025, 1185, 1958, 1981, 1449, 1356, 1043, 1931, 1298, 1263, 1029, 1966, 1209, 1412, 1024, 1882, 1455, 1276, 1041, 1830, 1325, 1588, 1353, 1135, 1977, 1072, 1129, 1528, 1202, 1008, 1697, 1761, 1401, 1802, 1422, 1567], "perc_recomm_found": 1.0, "gamma": 0.95, "eta": 0.95, "gamma_obs": 1.0, "gamma_obs_pre": 1.0, "eta_obs": 0.99, "costs": [1.0, 1.0], "lbd": 150.0, "thresh": 0.5, "r_type": "individualized", "t_type": "improvement", "eta_obs_individualized": 0.92, "eta_obs_refits_batch0_mean": 0.9919999837875366, "model_score": 0.266, "model_f1": 1.0, "model_refits_batch0_scores": [0.998, 0.998, 0.998, 0.998, 0.998], "model_refits_batch0_f1s": [0.9979674796747968, 0.9979674796747968, 0.9979674796747968, 0.9979674796747968, 0.9979674796747968], "model_coef": NaN}