{"accuracy_pre": 0.82, "accuracy_post": 0.8, "recourse_seeking_ixs": [744, 981, 854, 992, 570, 919, 574, 702, 629, 855, 953, 861, 811, 965, 966, 550, 523, 968, 748, 712, 683, 564, 724, 739, 755, 587, 686, 764, 721, 756, 862, 597, 849, 580, 645, 588, 713, 634, 809, 592, 872, 689, 709, 817, 558, 899, 983, 925, 815, 823, 727, 653, 762, 544, 641, 591, 667, 612, 651, 961, 922, 950, 699, 891, 951, 555, 717, 914, 814, 813, 751, 567, 940, 556, 674, 822, 648, 952, 927, 869, 507, 701, 554, 810, 955, 517, 980, 878, 808, 562, 889, 758, 848, 820, 505, 934, 573, 945, 956, 831], "recourse_recommended_ixs": [744, 981, 854, 992, 570, 919, 574, 702, 629, 855, 953, 861, 811, 965, 966, 550, 523, 968, 748, 712, 683, 564, 724, 739, 755, 587, 686, 764, 721, 756, 862, 597, 849, 580, 645, 588, 713, 634, 809, 592, 872, 689, 709, 817, 558, 899, 983, 925, 815, 823, 727, 653, 762, 544, 641, 591, 667, 612, 651, 961, 922, 950, 699, 891, 951, 555, 717, 914, 814, 813, 751, 567, 940, 556, 674, 822, 648, 952, 927, 869, 507, 701, 554, 810, 955, 517, 980, 878, 808, 562, 889, 758, 848, 820, 505, 934, 573, 945, 956, 831], "perc_recomm_found": 1.0, "gamma": 0.75, "eta": 0.75, "gamma_obs": 0.800000011920929, "gamma_obs_pre": 0.18000000715255737, "eta_obs": 0.93, "costs": [1.0, 1.0], "lbd": 300.0, "thresh": 0.5, "r_type": "subpopulation", "t_type": "improvement", "eta_obs_individualized": NaN, "eta_obs_refits_batch0_mean": 0.8539999723434448, "model_score": 0.776, "model_f1": 0.7788649706457924, "model_refits_batch0_scores": [0.794, 0.788, 0.784, 0.8, 0.806], "model_refits_batch0_f1s": [0.7632183908045977, 0.7644444444444445, 0.742857142857143, 0.7641509433962264, 0.7820224719101123], "model_coef": NaN}