{"accuracy_pre": 1.0, "accuracy_post": 0.84, "recourse_seeking_ixs": [1574, 1888, 1891, 1495, 1996, 1159, 1597, 1998, 1340, 1385, 1655, 1458, 1835, 1852, 1102, 1313, 1987, 1873, 1664, 1626, 1276, 1842, 1236, 1014, 1238, 1517, 1520, 1081, 1627, 1369, 1679, 1184, 1128, 1214, 1753, 1687, 1733, 1865, 1397, 1434, 1386, 1990, 1467, 1708, 1267, 1213, 1786, 1519, 1977, 1088, 1942, 1223, 1989, 1538, 1621, 1955, 1632, 1373, 1821, 1591, 1675, 1681, 1070, 1182, 1161, 1105, 1949, 1090, 1535, 1116, 1303, 1571, 1348, 1798, 1824, 1370, 1013, 1023, 1638, 1830, 1939, 1879, 1383, 1540, 1277, 1143, 1569, 1462, 1146, 1295, 1651, 1366, 1607, 1457, 1611, 1528, 1349, 1814, 1225, 1900], "recourse_recommended_ixs": [1574, 1888, 1891, 1495, 1996, 1159, 1597, 1998, 1340, 1385, 1655, 1458, 1835, 1852, 1102, 1313, 1987, 1873, 1664, 1626, 1276, 1842, 1236, 1014, 1238, 1517, 1520, 1081, 1627, 1369, 1679, 1184, 1128, 1214, 1753, 1687, 1733, 1865, 1397, 1434, 1386, 1990, 1467, 1708, 1267, 1213, 1786, 1519, 1977, 1088, 1942, 1223, 1989, 1538, 1621, 1955, 1632, 1373, 1821, 1591, 1675, 1681, 1070, 1182, 1161, 1105, 1949, 1090, 1535, 1116, 1303, 1571, 1348, 1798, 1824, 1370, 1013, 1023, 1638, 1830, 1939, 1879, 1383, 1540, 1277, 1143, 1569, 1462, 1146, 1295, 1651, 1366, 1607, 1457, 1611, 1528, 1349, 1814, 1225, 1900], "perc_recomm_found": 1.0, "gamma": 0.75, "eta": 0.75, "gamma_obs": 1.0, "gamma_obs_pre": 0.0, "eta_obs": 0.84, "costs": [1.0, 1.0, 1.0], "lbd": 150.0, "thresh": 0.5, "r_type": "subpopulation", "t_type": "acceptance", "eta_obs_individualized": NaN, "eta_obs_refits_batch0_mean": 0.43199998140335083, "model_score": 0.998, "model_f1": 0.999004975124378, "model_refits_batch0_scores": [0.981, 0.998, 0.993, 0.989, 0.994], "model_refits_batch0_f1s": [0.9806714140386571, 0.99800796812749, 0.992964824120603, 0.9889001009081735, 0.9939759036144578], "model_coef": NaN}