{"accuracy_pre": 0.78, "accuracy_post": 0.51, "recourse_seeking_ixs": [662, 772, 588, 840, 657, 732, 603, 520, 615, 892, 592, 975, 625, 791, 814, 544, 778, 886, 763, 660, 811, 739, 651, 636, 690, 966, 929, 619, 965, 646, 780, 960, 862, 916, 922, 598, 700, 989, 863, 801, 640, 970, 829, 675, 535, 905, 624, 996, 756, 637, 843, 850, 928, 585, 565, 641, 874, 931, 980, 988, 859, 570, 638, 992, 630, 758, 514, 687, 586, 998, 771, 767, 550, 987, 506, 899, 904, 742, 548, 897, 719, 691, 923, 947, 745, 942, 776, 786, 604, 912, 747, 749, 685, 793, 696, 865, 597, 654, 782, 869], "recourse_recommended_ixs": [662, 772, 588, 840, 657, 732, 603, 520, 615, 892, 592, 975, 625, 791, 814, 544, 778, 886, 763, 660, 811, 739, 651, 636, 690, 966, 929, 619, 965, 646, 780, 960, 862, 916, 922, 598, 700, 989, 863, 801, 640, 970, 829, 675, 535, 905, 624, 996, 756, 637, 843, 850, 928, 585, 565, 641, 874, 931, 980, 988, 859, 570, 638, 992, 630, 758, 514, 687, 586, 998, 771, 767, 550, 987, 506, 899, 904, 742, 548, 897, 719, 691, 923, 947, 745, 942, 776, 786, 604, 912, 747, 749, 685, 793, 696, 865, 597, 654, 782, 869], "perc_recomm_found": 1.0, "gamma": 0.95, "eta": 0.95, "gamma_obs": 0.36000001430511475, "gamma_obs_pre": 0.2199999988079071, "eta_obs": 1.0, "costs": [1.0, 1.0, 1.0], "lbd": 300.0, "thresh": 0.5, "r_type": "individualized", "t_type": "acceptance", "eta_obs_individualized": NaN, "eta_obs_refits_batch0_mean": 0.4000000059604645, "model_score": 0.82, "model_f1": 0.8401486988847583, "model_refits_batch0_scores": [0.83, 0.822, 0.816, 0.824, 0.822], "model_refits_batch0_f1s": [0.8268839103869655, 0.8118393234672305, 0.7973568281938326, 0.8095238095238094, 0.8086021505376344], "model_coef": NaN}