{"accuracy_pre": 0.97, "accuracy_post": 0.35, "recourse_seeking_ixs": [1996, 1776, 1158, 1954, 1993, 1256, 1779, 1958, 1490, 1486, 1863, 1165, 1278, 1189, 1623, 1353, 1348, 1391, 1581, 1398, 1031, 1305, 1687, 1127, 1476, 1042, 1126, 1089, 1199, 1453, 1302, 1968, 1762, 1288, 1570, 1851, 1890, 1373, 1720, 1424, 1693, 1282, 1250, 1002, 1369, 1847, 1665, 1928, 1615, 1333, 1203, 1371, 1226, 1567, 1738, 1049, 1559, 1111, 1025, 1357, 1434, 1161, 1579, 1385, 1942, 1194, 1960, 1966, 1739, 1772, 1276, 1539, 1758, 1211, 1704, 1655, 1562, 1382, 1284, 1057, 1204, 1642, 1141, 1998, 1637, 1519, 1139, 1750, 1220, 1516, 1742, 1629, 1612, 1379, 1053, 1550, 1218, 1268, 1074, 1084], "recourse_recommended_ixs": [1996, 1776, 1158, 1954, 1993, 1256, 1779, 1958, 1490, 1486, 1863, 1165, 1278, 1189, 1623, 1353, 1348, 1391, 1581, 1398, 1031, 1305, 1687, 1127, 1476, 1042, 1126, 1089, 1199, 1453, 1302, 1968, 1762, 1288, 1570, 1851, 1890, 1373, 1720, 1424, 1693, 1282, 1250, 1002, 1369, 1847, 1665, 1928, 1615, 1333, 1203, 1371, 1226, 1567, 1738, 1049, 1559, 1111, 1025, 1357, 1434, 1161, 1579, 1385, 1942, 1194, 1960, 1966, 1739, 1772, 1276, 1539, 1758, 1211, 1704, 1655, 1562, 1382, 1284, 1057, 1204, 1642, 1141, 1998, 1637, 1519, 1139, 1750, 1220, 1516, 1742, 1629, 1612, 1379, 1053, 1550, 1218, 1268, 1074, 1084], "perc_recomm_found": 1.0, "gamma": 0.75, "eta": 0.75, "gamma_obs": 0.3499999940395355, "gamma_obs_pre": 0.0, "eta_obs": 1.0, "costs": [1.0, 1.0, 1.0], "lbd": 150.0, "thresh": 0.5, "r_type": "individualized", "t_type": "counterfactual", "eta_obs_individualized": NaN, "eta_obs_refits_batch0_mean": 1.0, "model_score": 0.849, "model_f1": 0.9989440337909187, "model_refits_batch0_scores": [0.998, 0.998, 0.998, 0.998, 0.998], "model_refits_batch0_f1s": [0.9979879275653923, 0.9979879275653923, 0.9979879275653923, 0.9979879275653923, 0.9979879275653923], "model_coef": NaN}