{"accuracy_pre": 0.99, "accuracy_post": 1.0, "recourse_seeking_ixs": [1147, 1306, 1158, 1332, 1246, 1546, 1202, 1256, 1708, 1821, 1612, 1062, 1362, 1281, 1324, 1439, 1008, 1459, 1199, 1977, 1649, 1368, 1479, 1482, 1346, 1588, 1580, 1983, 1042, 1945, 1848, 1014, 1992, 1245, 1520, 1239, 1981, 1528, 1106, 1589, 1873, 1928, 1902, 1659, 1006, 1562, 1637, 1402, 1405, 1731, 1288, 1025, 1859, 1089, 1516, 1578, 1960, 1993, 1733, 1133, 1779, 1301, 1309, 1348, 1030, 1906, 1539, 1776, 1969, 1627, 1688, 1556, 1518, 1434, 1114, 1842, 1494, 1001, 1074, 1015, 1361, 1255, 1270, 1161, 1452, 1353, 1276, 1093, 1768, 1746, 1558, 1171, 1809, 1606, 1491, 1313, 1759, 1593, 1554, 1828], "recourse_recommended_ixs": [1147, 1306, 1158, 1332, 1246, 1546, 1202, 1256, 1708, 1821, 1612, 1062, 1362, 1281, 1324, 1439, 1008, 1459, 1199, 1977, 1649, 1368, 1479, 1482, 1346, 1588, 1580, 1983, 1042, 1945, 1848, 1014, 1992, 1245, 1520, 1239, 1981, 1528, 1106, 1589, 1873, 1928, 1902, 1659, 1006, 1562, 1637, 1402, 1405, 1731, 1288, 1025, 1859, 1089, 1516, 1578, 1960, 1993, 1733, 1133, 1779, 1301, 1309, 1348, 1030, 1906, 1539, 1776, 1969, 1627, 1688, 1556, 1518, 1434, 1114, 1842, 1494, 1001, 1074, 1015, 1361, 1255, 1270, 1161, 1452, 1353, 1276, 1093, 1768, 1746, 1558, 1171, 1809, 1606, 1491, 1313, 1759, 1593, 1554, 1828], "perc_recomm_found": 1.0, "gamma": 0.75, "eta": 0.75, "gamma_obs": 1.0, "gamma_obs_pre": 0.009999999776482582, "eta_obs": 1.0, "costs": [1.0, 1.0, 1.0], "lbd": 150.0, "thresh": 0.5, "r_type": "individualized", "t_type": "acceptance", "eta_obs_individualized": NaN, "eta_obs_refits_batch0_mean": 0.9880000352859497, "model_score": 0.833, "model_f1": 0.9989417989417989, "model_refits_batch0_scores": [0.999, 0.999, 0.997, 0.996, 0.998], "model_refits_batch0_f1s": [0.9989929506545822, 0.9989929506545822, 0.9969727547931382, 0.995983935742972, 0.9979838709677419], "model_coef": NaN}