{"accuracy_pre": 0.83, "accuracy_post": 0.88, "recourse_seeking_ixs": [605, 560, 596, 672, 826, 728, 920, 709, 968, 500, 516, 582, 831, 942, 711, 549, 688, 822, 534, 559, 896, 687, 706, 585, 509, 708, 700, 693, 678, 736, 578, 588, 597, 763, 993, 982, 954, 583, 909, 756, 631, 737, 617, 674, 975, 645, 985, 506, 661, 662, 998, 977, 792, 870, 529, 695, 981, 901, 625, 676, 639, 949, 616, 757, 944, 699, 769, 897, 776, 501, 522, 740, 817, 990, 880, 731, 859, 921, 638, 658, 671, 657, 858, 972, 957, 650, 623, 750, 889, 753, 778, 651, 871, 719, 739, 602, 673, 730, 938, 876], "recourse_recommended_ixs": [605, 560, 596, 672, 826, 728, 920, 709, 968, 500, 516, 582, 831, 942, 711, 549, 688, 822, 534, 559, 896, 687, 706, 585, 509, 708, 700, 693, 678, 736, 578, 588, 597, 993, 982, 954, 583, 909, 756, 631, 737, 617, 674, 975, 645, 985, 506, 661, 662, 998, 977, 792, 870, 529, 695, 981, 901, 625, 676, 639, 949, 616, 757, 944, 699, 769, 897, 776, 501, 522, 740, 817, 880, 731, 859, 921, 638, 658, 671, 657, 858, 972, 957, 650, 623, 750, 889, 753, 778, 651, 871, 719, 739, 602, 673, 730, 938, 876], "perc_recomm_found": 0.98, "gamma": 0.95, "eta": 0.95, "gamma_obs": 0.9387755393981934, "gamma_obs_pre": 0.16326530277729034, "eta_obs": 0.9489795918367347, "costs": [1.0, 1.0], "lbd": 300.0, "thresh": 0.5, "r_type": "individualized", "t_type": "improvement", "eta_obs_individualized": 1.0, "eta_obs_refits_batch0_mean": 0.9755102396011353, "model_score": 0.77, "model_f1": 0.7686274509803922, "model_refits_batch0_scores": [0.794, 0.79, 0.778, 0.774, 0.806], "model_refits_batch0_f1s": [0.7935871743486975, 0.7789473684210526, 0.7633262260127932, 0.7670103092783506, 0.7931769722814498], "model_coef": NaN}