{"accuracy_pre": 0.82, "accuracy_post": 0.9, "recourse_seeking_ixs": [314, 268, 389, 339, 322, 305, 335, 324, 225, 202, 244, 372, 292, 320, 265, 261, 363, 309, 345, 397, 396, 379, 250, 278, 319, 230, 251, 206, 298, 284, 274, 330, 333, 360, 395, 231, 249, 383, 368, 277, 282, 302, 341, 367, 376, 398, 349, 245, 238, 378], "recourse_recommended_ixs": [314, 268, 389, 339, 322, 305, 335, 324, 225, 202, 244, 372, 292, 320, 265, 261, 363, 309, 345, 397, 396, 379, 250, 278, 319, 230, 251, 206, 298, 284, 274, 330, 333, 360, 395, 231, 249, 383, 368, 277, 282, 302, 341, 367, 376, 398, 349, 245, 238, 378], "perc_recomm_found": 1.0, "gamma": 0.85, "eta": 0.85, "gamma_obs": 0.8999999761581421, "gamma_obs_pre": 0.18000000715255737, "eta_obs": 1.0, "costs": [1.0, 1.0], "lbd": 300.0, "thresh": 0.5, "r_type": "individualized", "t_type": "improvement", "eta_obs_individualized": 0.86, "eta_obs_refits_batch0_mean": 0.9919999837875366, "model_score": 0.79, "model_f1": 0.7717391304347826, "model_refits_batch0_scores": [0.82, 0.8, 0.805, 0.795, 0.8], "model_refits_batch0_f1s": [0.8085106382978724, 0.7849462365591398, 0.7891891891891892, 0.7807486631016043, 0.7802197802197802], "model_coef": [[0.07430400854333898, 0.06858416639091759, 0.7180310845496433], [-0.31773661439232614]]}