{"accuracy_pre": 0.73, "accuracy_post": 0.71, "recourse_seeking_ixs": [412, 487, 310, 426, 401, 253, 335, 375, 422, 408, 269, 274, 444, 307, 388, 450, 385, 459, 495, 391, 322, 463, 370, 471, 424, 357, 280, 488, 314, 275, 395, 299, 432, 288, 447, 268, 379, 250, 400, 421, 301, 281, 411, 328, 383, 339, 425, 393, 443, 416, 353, 354, 466, 423, 261, 496, 458, 300, 255, 366, 279, 302, 305, 312, 325, 481, 344, 294, 266, 259, 445, 452, 398, 477, 319, 439, 308, 429, 456, 336, 407, 420, 430, 284, 304, 368, 381, 290, 340, 465, 315, 473, 331, 386, 372, 303, 392, 396, 334, 362], "recourse_recommended_ixs": [412, 487, 310, 426, 401, 253, 335, 375, 422, 408, 269, 274, 444, 307, 388, 450, 385, 459, 495, 391, 322, 463, 370, 471, 424, 357, 280, 488, 314, 275, 395, 299, 432, 288, 447, 268, 379, 250, 400, 421, 301, 281, 411, 328, 383, 339, 425, 393, 443, 416, 353, 466, 423, 261, 496, 458, 300, 255, 366, 279, 302, 305, 312, 325, 481, 344, 294, 266, 259, 445, 452, 398, 477, 319, 439, 308, 429, 456, 336, 407, 420, 430, 284, 304, 368, 381, 290, 340, 465, 315, 473, 331, 386, 372, 303, 392, 396, 334, 362], "perc_recomm_found": 0.99, "gamma": 0.75, "eta": 0.75, "gamma_obs": 0.7272727489471436, "gamma_obs_pre": 0.2626262605190277, "eta_obs": 0.6767676767676768, "costs": [1.0, 1.0], "lbd": 100.0, "thresh": 0.5, "r_type": "subpopulation", "t_type": "improvement", "eta_obs_individualized": NaN, "eta_obs_refits_batch0_mean": 0.6646465063095093, "model_score": 0.756, "model_f1": 0.7336244541484717, "model_refits_batch0_scores": [0.716, 0.768, 0.756, 0.768, 0.748], "model_refits_batch0_f1s": [0.6899563318777292, 0.752136752136752, 0.7162790697674419, 0.743362831858407, 0.7296137339055794], "model_coef": NaN}