{"accuracy_pre": 0.86, "accuracy_post": 0.3, "recourse_seeking_ixs": [260, 280, 361, 366, 314, 284, 394, 389, 326, 295, 232, 233, 223, 205, 279, 383, 222, 258, 342, 278, 231, 322, 301, 335, 219, 334, 331, 300, 239, 307, 202, 399, 220, 256, 268, 354, 388, 336, 226, 387, 374, 380, 353, 265, 212, 347, 250, 344, 305, 201], "recourse_recommended_ixs": [260, 280, 361, 366, 314, 284, 394, 389, 326, 295, 232, 233, 223, 205, 279, 383, 222, 258, 342, 278, 231, 322, 301, 335, 219, 334, 331, 300, 239, 307, 202, 399, 220, 256, 268, 354, 388, 336, 226, 387, 374, 380, 353, 265, 212, 347, 250, 344, 305, 201], "perc_recomm_found": 1.0, "gamma": 0.85, "eta": 0.85, "gamma_obs": 0.2800000011920929, "gamma_obs_pre": 0.14000000059604645, "eta_obs": 0.98, "costs": [1.0, 1.0, 1.0], "lbd": 300.0, "thresh": 0.5, "r_type": "individualized", "t_type": "counterfactual", "eta_obs_individualized": NaN, "eta_obs_refits_batch0_mean": 0.6239999532699585, "model_score": 0.825, "model_f1": 0.8148148148148148, "model_refits_batch0_scores": [0.795, 0.815, 0.795, 0.8, 0.81], "model_refits_batch0_f1s": [0.783068783068783, 0.7999999999999999, 0.7759562841530055, 0.7894736842105263, 0.8020833333333333], "model_coef": [[0.10514188070268363, 0.3847880394311509, 0.9609003458222566], [-0.5412936835563932]]}