{"accuracy_pre": 0.93, "accuracy_post": 0.16, "recourse_seeking_ixs": [596, 877, 737, 757, 945, 677, 739, 832, 681, 883, 798, 724, 986, 939, 631, 622, 820, 611, 867, 570, 700, 852, 824, 546, 963, 913, 593, 801, 640, 554, 972, 776, 761, 808, 829, 614, 992, 616, 529, 511, 693, 907, 844, 516, 980, 743, 818, 721, 773, 674, 914, 825, 740, 733, 736, 571, 758, 787, 661, 695, 618, 802, 904, 885, 863, 806, 931, 799, 750, 731, 629, 941, 657, 620, 954, 961, 530, 612, 735, 518, 646, 709, 923, 821, 665, 746, 625, 549, 543, 608, 909, 676, 847, 868, 975, 977, 718, 769, 541, 660], "recourse_recommended_ixs": [596, 877, 737, 757, 945, 677, 739, 832, 681, 883, 798, 724, 986, 939, 631, 622, 820, 611, 867, 570, 700, 852, 824, 546, 963, 913, 593, 801, 640, 554, 972, 776, 761, 808, 829, 614, 992, 616, 529, 511, 693, 907, 844, 516, 980, 743, 818, 721, 773, 674, 914, 825, 740, 733, 736, 571, 758, 787, 661, 695, 618, 802, 904, 885, 863, 806, 931, 799, 750, 731, 629, 941, 657, 620, 954, 961, 530, 612, 735, 518, 646, 709, 923, 821, 665, 746, 625, 549, 543, 608, 909, 676, 847, 868, 975, 977, 718, 769, 541, 660], "perc_recomm_found": 1.0, "gamma": 0.95, "eta": 0.95, "gamma_obs": 0.14000000059604645, "gamma_obs_pre": 0.07000000029802322, "eta_obs": 0.98, "costs": [1.0, 1.0, 1.0], "lbd": 300.0, "thresh": 0.5, "r_type": "individualized", "t_type": "counterfactual", "eta_obs_individualized": NaN, "eta_obs_refits_batch0_mean": 0.6779999732971191, "model_score": 0.826, "model_f1": 0.8187633262260128, "model_refits_batch0_scores": [0.828, 0.828, 0.794, 0.826, 0.834], "model_refits_batch0_f1s": [0.8027522935779817, 0.8063063063063063, 0.7518072289156627, 0.7962529274004684, 0.814317673378076], "model_coef": [[0.17212440209313498, 0.30563951578550236, 0.8015383947950182], [-0.48917069650178224]]}