{"accuracy_pre": 0.94, "accuracy_post": 0.44, "recourse_seeking_ixs": [889, 846, 907, 605, 529, 669, 904, 677, 637, 873, 952, 647, 842, 780, 683, 961, 559, 841, 676, 517, 719, 795, 741, 596, 946, 701, 550, 687, 989, 501, 802, 737, 718, 740, 786, 616, 816, 987, 986, 724, 738, 950, 747, 898, 670, 540, 824, 845, 998, 899, 856, 878, 730, 892, 728, 964, 560, 911, 823, 826, 764, 536, 672, 757, 735, 798, 910, 822, 727, 684, 833, 618, 717, 557, 567, 763, 835, 869, 745, 608, 705, 563, 770, 504, 585, 695, 890, 990, 591, 924, 707, 804, 571, 756, 606, 522, 913, 840, 791, 844], "recourse_recommended_ixs": [889, 846, 907, 605, 529, 669, 904, 677, 637, 873, 952, 647, 842, 780, 683, 961, 559, 841, 676, 517, 719, 795, 741, 596, 946, 701, 550, 687, 989, 501, 802, 737, 718, 740, 786, 616, 816, 987, 986, 724, 738, 950, 747, 898, 670, 540, 824, 845, 998, 899, 856, 878, 730, 892, 728, 964, 560, 911, 823, 826, 764, 536, 672, 757, 735, 798, 910, 822, 727, 684, 833, 618, 717, 557, 567, 763, 835, 869, 745, 608, 705, 563, 770, 504, 585, 695, 890, 990, 591, 924, 707, 804, 571, 756, 606, 522, 913, 840, 791, 844], "perc_recomm_found": 1.0, "gamma": 0.75, "eta": 0.75, "gamma_obs": 0.44999998807907104, "gamma_obs_pre": 0.05999999865889549, "eta_obs": 1.0, "costs": [1.0, 1.0, 1.0], "lbd": 300.0, "thresh": 0.5, "r_type": "subpopulation", "t_type": "counterfactual", "eta_obs_individualized": NaN, "eta_obs_refits_batch0_mean": 0.6239999532699585, "model_score": 0.846, "model_f1": 0.8792079207920793, "model_refits_batch0_scores": [0.862, 0.86, 0.86, 0.846, 0.86], "model_refits_batch0_f1s": [0.8516129032258065, 0.8504273504273505, 0.8458149779735683, 0.8285077951002228, 0.8478260869565217], "model_coef": NaN}