{"accuracy_pre": 0.86, "accuracy_post": 0.46, "recourse_seeking_ixs": [547, 815, 567, 986, 614, 558, 945, 594, 515, 699, 688, 750, 753, 729, 734, 838, 725, 635, 634, 526, 577, 934, 993, 817, 678, 659, 693, 557, 636, 782, 813, 645, 764, 963, 829, 958, 560, 781, 794, 587, 869, 999, 507, 565, 522, 566, 798, 541, 675, 506, 649, 502, 886, 504, 856, 820, 751, 712, 613, 527, 737, 832, 732, 937, 739, 924, 793, 771, 837, 513, 822, 595, 882, 833, 988, 901, 603, 588, 841, 909, 619, 964, 795, 926, 908, 762, 715, 733, 921, 890, 755, 521, 920, 834, 509, 941, 778, 893, 775, 954], "recourse_recommended_ixs": [547, 815, 567, 986, 614, 558, 945, 594, 515, 699, 688, 750, 753, 729, 734, 838, 725, 635, 634, 526, 577, 934, 993, 817, 678, 659, 693, 557, 636, 782, 813, 645, 764, 963, 829, 958, 560, 781, 794, 587, 869, 999, 507, 565, 522, 566, 798, 541, 675, 506, 649, 502, 886, 504, 856, 820, 751, 712, 613, 527, 737, 832, 732, 937, 739, 924, 793, 771, 837, 513, 822, 595, 882, 833, 988, 901, 603, 588, 841, 909, 619, 964, 795, 926, 908, 762, 715, 733, 921, 890, 755, 521, 920, 834, 509, 941, 778, 893, 775, 954], "perc_recomm_found": 1.0, "gamma": 0.75, "eta": 0.75, "gamma_obs": 0.20999999344348907, "gamma_obs_pre": 0.14000000059604645, "eta_obs": 1.0, "costs": [1.0, 1.0, 1.0], "lbd": 300.0, "thresh": 0.5, "r_type": "subpopulation", "t_type": "counterfactual", "eta_obs_individualized": NaN, "eta_obs_refits_batch0_mean": 0.23799999058246613, "model_score": 0.824, "model_f1": 0.8166666666666667, "model_refits_batch0_scores": [0.824, 0.834, 0.834, 0.808, 0.818], "model_refits_batch0_f1s": [0.817427385892116, 0.8245243128964059, 0.8230277185501067, 0.799163179916318, 0.7945823927765236], "model_coef": NaN}