{"accuracy_pre": 0.98, "accuracy_post": 0.94, "recourse_seeking_ixs": [343, 228, 329, 234, 305, 338, 273, 390, 291, 317, 348, 331, 307, 374, 375, 373, 352, 377, 222, 286, 238, 241, 303, 201, 246, 360, 270, 361, 309, 207, 294, 371, 386, 203, 275, 327, 319, 293, 297, 253, 224, 255, 212, 229, 265, 381, 219, 245, 395, 258], "recourse_recommended_ixs": [343, 228, 329, 234, 305, 338, 273, 390, 291, 317, 348, 331, 307, 374, 375, 373, 352, 377, 222, 286, 238, 241, 303, 201, 246, 360, 270, 361, 309, 207, 294, 371, 386, 275, 327, 319, 293, 297, 253, 224, 255, 212, 229, 265, 381, 219, 245, 395, 258], "perc_recomm_found": 0.98, "gamma": 0.85, "eta": 0.85, "gamma_obs": 0.9183673469387755, "gamma_obs_pre": 0.0, "eta_obs": 0.8775510204081632, "costs": [5.0, 5.0], "lbd": 300.0, "thresh": 0.5, "r_type": "subpopulation", "t_type": "improvement", "eta_obs_individualized": NaN, "eta_obs_refits_batch0_mean": 0.8408163265306122, "model_score": 0.99, "model_f1": 0.9924242424242424, "model_refits_batch0_scores": [0.985, 0.99, 0.98, 0.99, 0.98], "model_refits_batch0_f1s": [0.9885057471264368, 0.9923664122137404, 0.9847328244274809, 0.9924242424242424, 0.9848484848484849], "model_coef": [[-0.20416728819721927, 0.3789173175978646, 0.013919862508394712, -0.517451313053269, 0.9092118263075646], [-9.368161423491328]]}