{"accuracy_pre": 0.73, "accuracy_post": 0.4, "recourse_seeking_ixs": [279, 430, 334, 371, 445, 479, 302, 444, 335, 344, 363, 255, 325, 278, 284, 288, 319, 301, 460, 397, 367, 285, 259, 432, 324, 305, 340, 268, 426, 425, 459, 386, 250, 401, 316, 408, 476, 458, 362, 395, 273, 353, 275, 439, 422, 300, 339, 338, 391, 253, 379, 423, 421, 378, 381, 495, 354, 314, 441, 287, 304, 317, 290, 281, 466, 345, 442, 258, 372, 310, 385, 447, 400, 336, 424, 303, 388, 323, 492, 488, 392, 452, 296, 280, 368, 322, 348, 331, 481, 329, 328, 375, 470, 456, 472, 383, 477, 366, 293, 261], "recourse_recommended_ixs": [279, 430, 334, 371, 445, 479, 302, 444, 335, 344, 363, 255, 325, 278, 284, 288, 319, 301, 460, 397, 367, 285, 259, 432, 324, 305, 340, 268, 426, 425, 459, 386, 250, 401, 316, 408, 476, 458, 362, 395, 273, 353, 275, 439, 422, 300, 339, 338, 391, 253, 379, 423, 421, 378, 381, 495, 354, 314, 441, 287, 304, 317, 290, 281, 466, 345, 442, 258, 372, 310, 385, 447, 400, 336, 424, 303, 388, 323, 492, 488, 392, 452, 296, 280, 368, 322, 348, 331, 481, 329, 328, 375, 470, 456, 472, 383, 477, 366, 293, 261], "perc_recomm_found": 1.0, "gamma": 0.75, "eta": 0.75, "gamma_obs": 0.3400000035762787, "gamma_obs_pre": 0.27000001072883606, "eta_obs": 0.99, "costs": [1.0, 1.0, 1.0], "lbd": 100.0, "thresh": 0.5, "r_type": "individualized", "t_type": "counterfactual", "eta_obs_individualized": NaN, "eta_obs_refits_batch0_mean": 0.4519999921321869, "model_score": 0.756, "model_f1": 0.7336244541484717, "model_refits_batch0_scores": [0.716, 0.768, 0.756, 0.768, 0.748], "model_refits_batch0_f1s": [0.6899563318777292, 0.752136752136752, 0.7162790697674419, 0.743362831858407, 0.7296137339055794], "model_coef": NaN}