{"accuracy_pre": 0.83, "accuracy_post": 0.35, "recourse_seeking_ixs": [557, 568, 984, 906, 674, 709, 502, 632, 552, 979, 993, 655, 567, 626, 601, 812, 873, 586, 738, 806, 842, 870, 649, 789, 936, 876, 551, 756, 510, 959, 659, 658, 703, 814, 779, 675, 809, 944, 590, 726, 921, 751, 525, 537, 966, 991, 916, 768, 905, 680, 716, 699, 720, 522, 804, 938, 712, 761, 623, 546, 925, 885, 686, 785, 868, 571, 564, 509, 541, 642, 647, 753, 923, 599, 747, 940, 835, 797, 750, 528, 950, 824, 942, 875, 652, 853, 682, 817, 776, 765, 531, 752, 759, 513, 607, 969, 630, 978, 990, 745], "recourse_recommended_ixs": [557, 568, 984, 906, 674, 709, 502, 632, 552, 979, 993, 655, 567, 626, 601, 812, 873, 586, 738, 806, 842, 870, 649, 789, 936, 876, 551, 756, 510, 959, 659, 658, 703, 814, 779, 675, 809, 944, 590, 726, 921, 751, 525, 537, 966, 991, 916, 768, 905, 680, 716, 699, 720, 522, 804, 938, 712, 761, 623, 546, 925, 885, 686, 785, 868, 571, 564, 509, 541, 642, 647, 753, 923, 599, 747, 940, 835, 797, 750, 528, 950, 824, 942, 875, 652, 853, 682, 817, 776, 765, 531, 752, 759, 513, 607, 969, 630, 978, 990, 745], "perc_recomm_found": 1.0, "gamma": 0.95, "eta": 0.95, "gamma_obs": 0.3499999940395355, "gamma_obs_pre": 0.17000000178813934, "eta_obs": 1.0, "costs": [1.0, 1.0, 1.0], "lbd": 300.0, "thresh": 0.5, "r_type": "individualized", "t_type": "acceptance", "eta_obs_individualized": NaN, "eta_obs_refits_batch0_mean": 0.36400002241134644, "model_score": 0.754, "model_f1": 0.7655310621242484, "model_refits_batch0_scores": [0.794, 0.79, 0.778, 0.774, 0.806], "model_refits_batch0_f1s": [0.7935871743486975, 0.7789473684210526, 0.7633262260127932, 0.7670103092783506, 0.7931769722814498], "model_coef": NaN}