{"accuracy_pre": 0.98, "accuracy_post": 0.98, "recourse_seeking_ixs": [289, 210, 346, 389, 268, 217, 396, 279, 245, 290, 375, 278, 202, 265, 201, 218, 373, 292, 380, 247, 240, 327, 314, 277, 226, 238, 207, 397, 293, 246, 288, 241, 270, 284, 338, 243, 371, 258, 239, 225, 358, 328, 211, 281, 319, 216, 377, 309, 387, 320], "recourse_recommended_ixs": [289, 210, 346, 389, 268, 217, 396, 279, 245, 290, 375, 278, 202, 265, 201, 218, 373, 292, 380, 247, 240, 327, 314, 277, 226, 238, 207, 397, 293, 246, 288, 241, 270, 284, 338, 243, 371, 258, 239, 225, 358, 328, 211, 281, 319, 377, 309, 387, 320], "perc_recomm_found": 0.98, "gamma": 0.95, "eta": 0.95, "gamma_obs": 0.9795918367346939, "gamma_obs_pre": 0.0, "eta_obs": 0.9795918367346939, "costs": [5.0, 5.0], "lbd": 300.0, "thresh": 0.5, "r_type": "subpopulation", "t_type": "improvement", "eta_obs_individualized": NaN, "eta_obs_refits_batch0_mean": 0.9387755102040817, "model_score": 0.99, "model_f1": 0.9921259842519685, "model_refits_batch0_scores": [0.99, 0.99, 0.99, 0.99, 0.99], "model_refits_batch0_f1s": [0.9921259842519685, 0.9921259842519685, 0.9921259842519685, 0.9921259842519685, 0.9921259842519685], "model_coef": [[2.740735951651545e-05, 8.134746608430129e-05, 0.027732301482997965, 0.00011201442873607471, 0.00022894876872786633], [-15.310997798137167]]}