{"accuracy_pre": 0.86, "accuracy_post": 0.21, "recourse_seeking_ixs": [825, 956, 963, 715, 746, 998, 605, 653, 831, 910, 846, 785, 571, 971, 701, 583, 609, 543, 757, 540, 926, 821, 702, 874, 721, 782, 803, 577, 681, 834, 816, 665, 795, 732, 976, 945, 714, 738, 698, 574, 864, 919, 546, 657, 510, 578, 922, 629, 812, 650, 620, 602, 538, 579, 563, 595, 689, 572, 758, 533, 975, 748, 741, 608, 790, 984, 859, 649, 654, 829, 612, 733, 718, 880, 664, 651, 542, 539, 995, 647, 518, 875, 552, 764, 611, 687, 723, 655, 506, 735, 954, 791, 663, 806, 873, 828, 928, 978, 706, 955], "recourse_recommended_ixs": [825, 956, 963, 715, 746, 998, 605, 653, 831, 910, 846, 785, 571, 971, 701, 583, 609, 543, 757, 540, 926, 821, 702, 874, 721, 782, 803, 577, 681, 834, 816, 665, 795, 732, 976, 945, 714, 738, 698, 574, 864, 919, 546, 657, 510, 578, 922, 629, 812, 650, 620, 602, 538, 579, 563, 595, 689, 572, 758, 533, 975, 748, 741, 608, 790, 984, 859, 649, 654, 829, 612, 733, 718, 880, 664, 651, 542, 539, 995, 647, 518, 875, 552, 764, 611, 687, 723, 655, 506, 735, 954, 791, 663, 806, 873, 828, 928, 978, 706, 955], "perc_recomm_found": 1.0, "gamma": 0.75, "eta": 0.75, "gamma_obs": 0.1899999976158142, "gamma_obs_pre": 0.14000000059604645, "eta_obs": 0.98, "costs": [1.0, 1.0, 1.0], "lbd": 300.0, "thresh": 0.5, "r_type": "subpopulation", "t_type": "counterfactual", "eta_obs_individualized": NaN, "eta_obs_refits_batch0_mean": 0.4779999852180481, "model_score": 0.782, "model_f1": 0.7835051546391754, "model_refits_batch0_scores": [0.824, 0.822, 0.818, 0.804, 0.816], "model_refits_batch0_f1s": [0.8189300411522634, 0.8179959100204499, 0.8115942028985509, 0.7983539094650206, 0.8], "model_coef": [[-0.15516047170550962, 0.3887020845851001, 0.7972309199062461], [-0.34300633791006724]]}