{"accuracy_pre": 0.9, "accuracy_post": 0.44, "recourse_seeking_ixs": [297, 333, 340, 380, 341, 352, 394, 287, 373, 330, 208, 207, 290, 292, 326, 312, 226, 288, 237, 349, 338, 286, 386, 332, 321, 282, 370, 273, 239, 301, 388, 227, 377, 228, 219, 299, 381, 308, 374, 322, 204, 366, 263, 224, 313, 218, 393, 247, 220, 344], "recourse_recommended_ixs": [297, 333, 340, 380, 341, 352, 394, 287, 373, 330, 208, 207, 290, 292, 326, 312, 226, 288, 237, 349, 338, 286, 386, 332, 321, 282, 370, 273, 239, 301, 388, 227, 377, 228, 219, 299, 381, 308, 374, 322, 204, 366, 263, 224, 313, 218, 393, 247, 220, 344], "perc_recomm_found": 1.0, "gamma": 0.9, "eta": 0.9, "gamma_obs": 0.4399999976158142, "gamma_obs_pre": 0.10000000149011612, "eta_obs": 1.0, "costs": [1.0, 1.0, 1.0], "lbd": 300.0, "thresh": 0.5, "r_type": "individualized", "t_type": "acceptance", "eta_obs_individualized": NaN, "eta_obs_refits_batch0_mean": 0.40799999237060547, "model_score": 0.89, "model_f1": 0.872093023255814, "model_refits_batch0_scores": [0.895, 0.87, 0.875, 0.89, 0.875], "model_refits_batch0_f1s": [0.8786127167630058, 0.8433734939759038, 0.8520710059171598, 0.872093023255814, 0.869109947643979], "model_coef": [[0.6884258858734702, 0.7121307202135356, 1.2765377843548575], [-0.18065314715685094]]}