{"accuracy_pre": 0.78, "accuracy_post": 0.76, "recourse_seeking_ixs": [335, 334, 263, 321, 453, 395, 413, 396, 447, 389, 328, 366, 275, 377, 257, 414, 398, 381, 324, 463, 460, 258, 499, 442, 422, 348, 483, 443, 475, 264, 378, 266, 434, 412, 390, 333, 302, 372, 352, 472, 276, 307, 450, 479, 329, 382, 339, 459, 384, 332, 330, 359, 430, 408, 385, 407, 471, 401, 426, 353, 445, 451, 478, 325, 281, 356, 347, 305, 391, 364, 343, 480, 300, 344, 482, 253, 415, 336, 419, 357, 427, 444, 441, 429, 365, 462, 358, 250, 375, 289, 428, 487, 476, 327, 296, 349, 298, 262, 392, 283], "recourse_recommended_ixs": [335, 334, 263, 321, 453, 395, 413, 396, 447, 389, 328, 366, 275, 377, 257, 414, 398, 381, 324, 463, 460, 258, 499, 442, 422, 348, 483, 443, 475, 264, 378, 266, 434, 412, 390, 333, 302, 372, 352, 472, 276, 307, 450, 479, 329, 382, 339, 459, 384, 332, 330, 359, 430, 408, 385, 407, 471, 401, 426, 353, 445, 451, 478, 325, 281, 356, 347, 305, 391, 364, 343, 480, 300, 344, 482, 253, 415, 336, 419, 357, 427, 444, 441, 429, 365, 462, 358, 250, 375, 289, 428, 487, 476, 327, 296, 349, 298, 262, 392, 283], "perc_recomm_found": 1.0, "gamma": 0.75, "eta": 0.75, "gamma_obs": 0.7099999785423279, "gamma_obs_pre": 0.2199999988079071, "eta_obs": 0.83, "costs": [1.0, 1.0], "lbd": 100.0, "thresh": 0.5, "r_type": "subpopulation", "t_type": "improvement", "eta_obs_individualized": NaN, "eta_obs_refits_batch0_mean": 0.8180000185966492, "model_score": 0.78, "model_f1": 0.751131221719457, "model_refits_batch0_scores": [0.776, 0.788, 0.776, 0.78, 0.788], "model_refits_batch0_f1s": [0.7454545454545455, 0.7601809954751132, 0.743119266055046, 0.7393364928909952, 0.7579908675799087], "model_coef": NaN}