{"accuracy_pre": 0.99, "accuracy_post": 0.99, "recourse_seeking_ixs": [1484, 1287, 1494, 1028, 1878, 1284, 1927, 1247, 1068, 1069, 1072, 1195, 1211, 1429, 1127, 1155, 1401, 1180, 1325, 1714, 1464, 1614, 1846, 1111, 1094, 1923, 1235, 1147, 1083, 1170, 1336, 1472, 1273, 1283, 1799, 1298, 1496, 1515, 1225, 1202, 1730, 1257, 1776, 1829, 1118, 1563, 1174, 1700, 1779, 1278, 1378, 1552, 1161, 1661, 1536, 1168, 1381, 1686, 1501, 1996, 1288, 1966, 1792, 1219, 1356, 1430, 1423, 1636, 1906, 1073, 1339, 1319, 1821, 1431, 1275, 1685, 1483, 1080, 1467, 1409, 1675, 1683, 1382, 1482, 1063, 1696, 1038, 1427, 1091, 1081, 1309, 1311, 1674, 1622, 1039, 1980, 1620, 1453, 1547, 1014], "recourse_recommended_ixs": [1484, 1287, 1494, 1028, 1878, 1284, 1927, 1247, 1068, 1069, 1072, 1195, 1211, 1429, 1127, 1155, 1401, 1180, 1325, 1714, 1464, 1614, 1846, 1111, 1094, 1923, 1235, 1147, 1083, 1170, 1336, 1472, 1273, 1283, 1799, 1298, 1496, 1515, 1225, 1202, 1730, 1257, 1776, 1829, 1118, 1563, 1174, 1700, 1779, 1278, 1378, 1552, 1161, 1661, 1536, 1168, 1381, 1686, 1501, 1996, 1288, 1966, 1792, 1219, 1356, 1430, 1423, 1636, 1906, 1073, 1339, 1319, 1821, 1431, 1275, 1685, 1483, 1080, 1467, 1409, 1675, 1683, 1382, 1482, 1063, 1696, 1038, 1427, 1091, 1081, 1309, 1311, 1674, 1622, 1039, 1980, 1620, 1453, 1547, 1014], "perc_recomm_found": 1.0, "gamma": 0.75, "eta": 0.75, "gamma_obs": 0.9900000095367432, "gamma_obs_pre": 0.009999999776482582, "eta_obs": 1.0, "costs": [1.0, 1.0, 1.0], "lbd": 150.0, "thresh": 0.5, "r_type": "individualized", "t_type": "acceptance", "eta_obs_individualized": NaN, "eta_obs_refits_batch0_mean": 0.9299999475479126, "model_score": 0.816, "model_f1": 0.99375, "model_refits_batch0_scores": [0.998, 0.998, 0.998, 0.998, 0.998], "model_refits_batch0_f1s": [0.9979674796747968, 0.9979674796747968, 0.9979674796747968, 0.9979674796747968, 0.9979674796747968], "model_coef": NaN}