{"accuracy_pre": 0.04, "accuracy_post": 0.97, "recourse_seeking_ixs": [1238, 1494, 1278, 1309, 1786, 1479, 1272, 1511, 1450, 1409, 1974, 1364, 1327, 1292, 1432, 1436, 1525, 1553, 1832, 1350, 1587, 1270, 1221, 1954, 1157, 1594, 1938, 1676, 1736, 1376, 1013, 1408, 1985, 1630, 1049, 1636, 1463, 1863, 1215, 1542, 1059, 1454, 1373, 1880, 1073, 1531, 1602, 1861, 1763, 1657, 1369, 1865, 1246, 1905, 1995, 1103, 1559, 1159, 1846, 1649, 1958, 1685, 1554, 1635, 1841, 1714, 1625, 1290, 1014, 1978, 1477, 1263, 1008, 1790, 1499, 1906, 1509, 1352, 1593, 1855, 1862, 1683, 1498, 1083, 1735, 1022, 1406, 1901, 1749, 1501, 1027, 1148, 1833, 1840, 1399, 1118, 1821, 1099, 1347, 1097], "recourse_recommended_ixs": [1238, 1494, 1278, 1309, 1786, 1479, 1272, 1511, 1450, 1409, 1974, 1364, 1327, 1292, 1432, 1436, 1525, 1553, 1832, 1350, 1587, 1270, 1221, 1954, 1157, 1594, 1938, 1676, 1736, 1376, 1013, 1408, 1985, 1630, 1049, 1636, 1463, 1863, 1215, 1542, 1059, 1454, 1373, 1880, 1073, 1531, 1602, 1861, 1763, 1657, 1369, 1865, 1246, 1905, 1995, 1103, 1559, 1159, 1846, 1649, 1958, 1685, 1554, 1635, 1841, 1714, 1625, 1290, 1014, 1978, 1477, 1263, 1008, 1790, 1499, 1906, 1509, 1352, 1593, 1855, 1862, 1683, 1498, 1083, 1735, 1022, 1406, 1901, 1749, 1501, 1027, 1148, 1833, 1840, 1399, 1118, 1821, 1099, 1347, 1097], "perc_recomm_found": 1.0, "gamma": 0.75, "eta": 0.75, "gamma_obs": 1.0, "gamma_obs_pre": 0.9599999785423279, "eta_obs": 0.97, "costs": [1.0, 1.0, 1.0], "lbd": 150.0, "thresh": 0.5, "r_type": "subpopulation", "t_type": "acceptance", "eta_obs_individualized": NaN, "eta_obs_refits_batch0_mean": 0.9160000085830688, "model_score": 0.014, "model_f1": 1.0, "model_refits_batch0_scores": [0.998, 0.998, 0.995, 0.995, 0.998], "model_refits_batch0_f1s": [0.9979674796747968, 0.9979674796747968, 0.9949031600407746, 0.9949031600407746, 0.9979674796747968], "model_coef": NaN}