{"accuracy_pre": 0.9, "accuracy_post": 0.98, "recourse_seeking_ixs": [340, 269, 301, 360, 273, 240, 230, 235, 232, 316, 260, 259, 277, 336, 399, 242, 376, 339, 250, 239, 268, 323, 352, 306, 265, 209, 387, 214, 386, 207, 398, 315, 297, 338, 222, 345, 353, 397, 327, 255, 390, 218, 203, 219, 392, 204, 322, 258, 370, 319], "recourse_recommended_ixs": [340, 269, 301, 360, 273, 240, 230, 235, 232, 316, 260, 259, 277, 336, 399, 242, 376, 339, 250, 239, 268, 323, 352, 306, 265, 209, 387, 214, 386, 207, 398, 315, 297, 338, 222, 345, 353, 397, 327, 255, 390, 218, 203, 219, 392, 204, 322, 258, 370, 319], "perc_recomm_found": 1.0, "gamma": 0.95, "eta": 0.95, "gamma_obs": 0.9800000190734863, "gamma_obs_pre": 0.10000000149011612, "eta_obs": 1.0, "costs": [1.0, 1.0, 1.0], "lbd": 300.0, "thresh": 0.5, "r_type": "subpopulation", "t_type": "improvement", "eta_obs_individualized": NaN, "eta_obs_refits_batch0_mean": 0.6920000314712524, "model_score": 0.9, "model_f1": 0.9107142857142857, "model_refits_batch0_scores": [0.875, 0.86, 0.885, 0.87, 0.9], "model_refits_batch0_f1s": [0.8898678414096916, 0.8738738738738739, 0.8959276018099547, 0.8773584905660378, 0.9107142857142857], "model_coef": [[0.9468990349781393, 0.6638949227824809, 0.886323830293156], [0.07225976937942394]]}