{"accuracy_pre": 0.9090909090909091, "accuracy_post": 0.7727272727272727, "recourse_seeking_ixs": [124, 159, 150, 131, 144, 186, 103, 173, 157, 140, 167, 158, 128, 174, 177, 187, 151, 189, 132, 130, 171, 135], "recourse_recommended_ixs": [124, 159, 150, 131, 144, 186, 103, 173, 157, 140, 167, 158, 128, 174, 177, 187, 151, 189, 132, 130, 171, 135], "perc_recomm_found": 1.0, "gamma": 0.75, "eta": 0.75, "gamma_obs": 0.7272727489471436, "gamma_obs_pre": 0.09090909361839294, "eta_obs": 0.9545454545454546, "costs": [1.0, 1.0], "lbd": 50.0, "thresh": 0.5, "r_type": "individualized", "t_type": "improvement", "eta_obs_individualized": 0.7272727272727273, "eta_obs_refits_batch0_mean": 0.9545454978942871, "model_score": 0.85, "model_f1": 0.8732394366197183, "model_refits_batch0_scores": [0.76, 0.74, 0.72, 0.77, 0.78], "model_refits_batch0_f1s": [0.7777777777777777, 0.7719298245614036, 0.75, 0.7722772277227722, 0.7708333333333333], "model_coef": [[0.40369860139718966, 0.10964738981360939, 1.098398996722711], [-0.311438634657002]]}