{"accuracy_pre": 0.9, "accuracy_post": 0.28, "recourse_seeking_ixs": [385, 325, 364, 242, 245, 399, 238, 370, 389, 382, 233, 293, 301, 361, 235, 295, 299, 329, 322, 331, 264, 211, 287, 395, 355, 272, 202, 267, 252, 388, 277, 384, 229, 234, 255, 265, 352, 288, 336, 276, 311, 207, 270, 296, 350, 365, 282, 318, 375, 360], "recourse_recommended_ixs": [385, 325, 364, 242, 245, 399, 238, 370, 389, 382, 233, 293, 301, 361, 235, 295, 299, 329, 322, 331, 264, 211, 287, 395, 355, 272, 202, 267, 252, 388, 277, 384, 229, 234, 255, 265, 352, 288, 336, 276, 311, 207, 270, 296, 350, 365, 282, 318, 375, 360], "perc_recomm_found": 1.0, "gamma": 0.95, "eta": 0.95, "gamma_obs": 0.2800000011920929, "gamma_obs_pre": 0.10000000149011612, "eta_obs": 1.0, "costs": [1.0, 1.0, 1.0], "lbd": 300.0, "thresh": 0.5, "r_type": "individualized", "t_type": "acceptance", "eta_obs_individualized": NaN, "eta_obs_refits_batch0_mean": 0.7879999876022339, "model_score": 0.88, "model_f1": 0.8846153846153846, "model_refits_batch0_scores": [0.83, 0.865, 0.87, 0.88, 0.85], "model_refits_batch0_f1s": [0.826530612244898, 0.8695652173913043, 0.8712871287128714, 0.883495145631068, 0.8557692307692307], "model_coef": [[-0.027413339841056893, 0.924730769272787, 1.555533137226968], [0.3547870215765537]]}