{"accuracy_pre": 0.95, "accuracy_post": 0.5, "recourse_seeking_ixs": [956, 997, 704, 899, 861, 803, 683, 750, 694, 860, 565, 562, 966, 521, 810, 697, 983, 754, 672, 673, 579, 859, 846, 551, 925, 552, 602, 608, 961, 908, 889, 945, 766, 930, 784, 517, 780, 991, 944, 619, 808, 941, 621, 886, 758, 653, 973, 887, 519, 626, 701, 607, 728, 727, 622, 940, 716, 500, 881, 900, 631, 546, 778, 522, 592, 681, 882, 503, 844, 523, 962, 510, 845, 598, 967, 814, 569, 852, 876, 806, 736, 609, 643, 508, 706, 827, 699, 752, 779, 657, 765, 730, 635, 749, 640, 832, 999, 957, 775, 768], "recourse_recommended_ixs": [956, 997, 704, 899, 861, 803, 683, 750, 694, 860, 565, 562, 966, 521, 810, 697, 983, 754, 672, 673, 579, 859, 846, 551, 925, 552, 602, 608, 961, 908, 889, 945, 766, 930, 784, 517, 780, 991, 944, 619, 808, 941, 621, 886, 758, 653, 973, 887, 519, 626, 701, 607, 728, 727, 622, 940, 716, 500, 881, 900, 631, 546, 778, 522, 592, 681, 882, 503, 844, 523, 962, 510, 845, 598, 967, 814, 569, 852, 876, 806, 736, 609, 643, 508, 706, 827, 699, 752, 779, 657, 765, 730, 635, 749, 640, 832, 999, 957, 775, 768], "perc_recomm_found": 1.0, "gamma": 0.95, "eta": 0.95, "gamma_obs": 0.5, "gamma_obs_pre": 0.05000000074505806, "eta_obs": 1.0, "costs": [1.0, 1.0, 1.0], "lbd": 300.0, "thresh": 0.5, "r_type": "subpopulation", "t_type": "counterfactual", "eta_obs_individualized": NaN, "eta_obs_refits_batch0_mean": 0.5220000147819519, "model_score": 0.816, "model_f1": 0.8688524590163935, "model_refits_batch0_scores": [0.866, 0.864, 0.86, 0.856, 0.852], "model_refits_batch0_f1s": [0.8552915766738661, 0.8547008547008548, 0.8430493273542601, 0.8378378378378378, 0.8348214285714286], "model_coef": [[0.687721670390012, 1.0293311246961712, 0.9718462232035527], [-0.013664388085315504]]}