{"accuracy_pre": 0.79, "accuracy_post": 0.86, "recourse_seeking_ixs": [843, 533, 985, 930, 945, 698, 748, 711, 786, 899, 671, 861, 978, 866, 657, 933, 721, 793, 762, 771, 651, 735, 769, 868, 665, 701, 518, 885, 788, 815, 602, 764, 838, 782, 500, 741, 738, 743, 729, 540, 545, 712, 802, 715, 859, 519, 681, 527, 967, 623, 688, 684, 950, 716, 586, 954, 897, 650, 781, 708, 520, 983, 560, 529, 818, 823, 720, 981, 931, 719, 539, 812, 848, 706, 871, 553, 679, 849, 993, 803, 514, 763, 991, 851, 961, 964, 820, 862, 686, 919, 600, 683, 750, 685, 785, 510, 986, 542, 591, 577], "recourse_recommended_ixs": [843, 533, 945, 698, 786, 899, 671, 978, 933, 793, 762, 771, 651, 735, 769, 885, 815, 764, 838, 500, 741, 738, 743, 729, 540, 545, 712, 802, 527, 967, 623, 684, 950, 716, 586, 954, 781, 708, 520, 983, 560, 818, 539, 812, 848, 706, 871, 553, 849, 993, 514, 763, 851, 964, 919, 750, 685, 785, 510, 986, 542, 577], "perc_recomm_found": 0.62, "gamma": 0.95, "eta": 0.95, "gamma_obs": 0.9193548560142517, "gamma_obs_pre": 0.19354838132858276, "eta_obs": 1.0, "costs": [1.0, 1.0], "lbd": 300.0, "thresh": 0.5, "r_type": "individualized", "t_type": "improvement", "eta_obs_individualized": 1.0, "eta_obs_refits_batch0_mean": 1.0, "model_score": 0.794, "model_f1": 0.7911275415896488, "model_refits_batch0_scores": [0.82, 0.828, 0.806, 0.818, 0.836], "model_refits_batch0_f1s": [0.7906976744186047, 0.8045454545454546, 0.7662650602409637, 0.7858823529411765, 0.8217391304347826], "model_coef": NaN}