{"accuracy_pre": 0.9, "accuracy_post": 0.48, "recourse_seeking_ixs": [386, 281, 388, 236, 361, 239, 323, 375, 251, 332, 203, 362, 220, 319, 345, 321, 380, 205, 247, 347, 295, 336, 385, 384, 283, 266, 395, 354, 279, 257, 227, 326, 372, 258, 311, 264, 286, 314, 200, 232, 256, 208, 201, 304, 348, 206, 382, 215, 316, 285], "recourse_recommended_ixs": [386, 281, 388, 236, 361, 239, 323, 375, 251, 332, 203, 362, 220, 319, 345, 321, 380, 205, 247, 347, 295, 336, 385, 384, 283, 266, 395, 354, 279, 257, 227, 326, 372, 258, 311, 264, 286, 314, 200, 232, 256, 208, 201, 304, 348, 206, 382, 215, 316, 285], "perc_recomm_found": 1.0, "gamma": 0.85, "eta": 0.85, "gamma_obs": 0.47999998927116394, "gamma_obs_pre": 0.10000000149011612, "eta_obs": 1.0, "costs": [1.0, 1.0, 1.0], "lbd": 300.0, "thresh": 0.5, "r_type": "subpopulation", "t_type": "acceptance", "eta_obs_individualized": NaN, "eta_obs_refits_batch0_mean": 0.6599999666213989, "model_score": 0.845, "model_f1": 0.8502415458937198, "model_refits_batch0_scores": [0.855, 0.835, 0.855, 0.855, 0.835], "model_refits_batch0_f1s": [0.863849765258216, 0.8493150684931506, 0.863849765258216, 0.8625592417061612, 0.8465116279069766], "model_coef": [[0.47113413225600875, 1.0530472107018238, 1.0158754436583957], [0.10224988979482941]]}