{"accuracy_pre": 1.0, "accuracy_post": 1.0, "recourse_seeking_ixs": [1103, 1662, 1291, 1674, 1717, 1395, 1552, 1810, 1805, 1580, 1237, 1691, 1157, 1354, 1981, 1836, 1396, 1531, 1974, 1195, 1954, 1276, 1752, 1285, 1905, 1345, 1493, 1605, 1829, 1995, 1510, 1013, 1351, 1821, 1961, 1049, 1476, 1681, 1863, 1432, 1545, 1059, 1816, 1958, 1878, 1073, 1498, 1308, 1528, 1449, 1509, 1632, 1159, 1273, 1360, 1559, 1222, 1260, 1478, 1683, 1799, 1757, 1966, 1918, 1658, 1271, 1408, 1227, 1985, 1014, 1978, 1594, 1865, 1008, 1714, 1501, 1720, 1587, 1381, 1209, 1855, 1862, 1464, 1211, 1083, 1288, 1697, 1022, 1268, 1853, 1499, 1349, 1027, 1148, 1603, 1220, 1402, 1118, 1433, 1099], "recourse_recommended_ixs": [1103, 1662, 1291, 1674, 1717, 1395, 1552, 1810, 1805, 1580, 1237, 1691, 1157, 1354, 1981, 1836, 1396, 1531, 1974, 1195, 1954, 1276, 1752, 1285, 1905, 1345, 1493, 1605, 1829, 1995, 1510, 1013, 1351, 1821, 1961, 1049, 1476, 1681, 1863, 1432, 1545, 1059, 1816, 1958, 1878, 1073, 1498, 1308, 1528, 1449, 1509, 1632, 1159, 1273, 1360, 1559, 1222, 1260, 1478, 1683, 1799, 1757, 1966, 1918, 1658, 1271, 1408, 1227, 1985, 1014, 1978, 1594, 1865, 1008, 1714, 1501, 1720, 1587, 1381, 1209, 1855, 1862, 1464, 1211, 1083, 1288, 1697, 1022, 1268, 1853, 1499, 1349, 1027, 1148, 1603, 1220, 1402, 1118, 1433, 1099], "perc_recomm_found": 1.0, "gamma": 0.95, "eta": 0.95, "gamma_obs": 1.0, "gamma_obs_pre": 0.0, "eta_obs": 1.0, "costs": [1.0, 1.0, 1.0], "lbd": 150.0, "thresh": 0.5, "r_type": "individualized", "t_type": "acceptance", "eta_obs_individualized": NaN, "eta_obs_refits_batch0_mean": 0.8199999928474426, "model_score": 0.994, "model_f1": 0.9979253112033196, "model_refits_batch0_scores": [0.998, 0.996, 0.996, 0.994, 0.998], "model_refits_batch0_f1s": [0.9979591836734694, 0.9959100204498978, 0.9959100204498978, 0.9938524590163934, 0.9979591836734694], "model_coef": NaN}