{"accuracy_pre": 0.73, "accuracy_post": 0.32, "recourse_seeking_ixs": [904, 647, 954, 806, 774, 752, 613, 868, 856, 650, 951, 880, 634, 619, 601, 688, 949, 831, 533, 772, 666, 655, 813, 552, 579, 590, 503, 770, 769, 524, 753, 596, 861, 872, 783, 571, 980, 893, 895, 751, 730, 738, 659, 975, 979, 551, 992, 775, 600, 959, 973, 732, 742, 767, 616, 778, 912, 726, 700, 580, 805, 643, 809, 693, 855, 636, 972, 881, 923, 970, 927, 553, 990, 676, 731, 870, 833, 915, 668, 825, 773, 936, 877, 735, 798, 858, 899, 888, 984, 692, 558, 628, 745, 863, 796, 924, 952, 741, 864, 582], "recourse_recommended_ixs": [904, 647, 954, 806, 774, 752, 613, 868, 856, 650, 951, 880, 634, 619, 601, 688, 949, 831, 533, 772, 666, 655, 813, 552, 579, 590, 503, 770, 769, 524, 753, 596, 861, 872, 783, 571, 980, 893, 895, 751, 730, 738, 659, 975, 979, 551, 992, 775, 600, 959, 973, 732, 742, 767, 616, 778, 912, 726, 700, 580, 805, 643, 809, 693, 855, 636, 972, 881, 923, 970, 927, 553, 990, 676, 731, 870, 833, 915, 668, 825, 773, 936, 877, 735, 798, 858, 899, 888, 984, 692, 558, 628, 745, 863, 796, 924, 952, 741, 864, 582], "perc_recomm_found": 1.0, "gamma": 0.95, "eta": 0.95, "gamma_obs": 0.25, "gamma_obs_pre": 0.27000001072883606, "eta_obs": 0.93, "costs": [1.0, 1.0, 1.0], "lbd": 300.0, "thresh": 0.5, "r_type": "subpopulation", "t_type": "counterfactual", "eta_obs_individualized": NaN, "eta_obs_refits_batch0_mean": 0.3579999804496765, "model_score": 0.756, "model_f1": 0.7816091954022989, "model_refits_batch0_scores": [0.796, 0.788, 0.812, 0.74, 0.776], "model_refits_batch0_f1s": [0.7943548387096774, 0.7845528455284553, 0.8016877637130803, 0.75, 0.7575757575757576], "model_coef": NaN}