{"accuracy_pre": 0.83, "accuracy_post": 0.26, "recourse_seeking_ixs": [565, 588, 525, 971, 782, 800, 968, 569, 580, 707, 924, 973, 769, 666, 926, 933, 631, 680, 730, 684, 840, 896, 825, 946, 658, 917, 845, 760, 866, 607, 552, 512, 810, 756, 597, 647, 979, 622, 646, 839, 880, 728, 963, 992, 596, 752, 851, 899, 776, 608, 785, 890, 788, 748, 528, 797, 628, 690, 844, 801, 522, 501, 904, 772, 834, 778, 614, 701, 687, 863, 626, 699, 541, 676, 850, 783, 683, 688, 509, 852, 744, 998, 516, 559, 677, 536, 643, 538, 523, 980, 675, 943, 916, 808, 835, 893, 975, 777, 537, 887], "recourse_recommended_ixs": [565, 588, 525, 971, 782, 800, 968, 569, 580, 707, 924, 973, 769, 666, 926, 933, 631, 680, 730, 684, 840, 896, 825, 946, 658, 917, 845, 760, 866, 607, 552, 512, 810, 756, 597, 647, 979, 622, 646, 839, 880, 728, 963, 992, 596, 752, 851, 899, 776, 608, 785, 890, 788, 748, 528, 797, 628, 690, 844, 801, 522, 501, 904, 772, 834, 778, 614, 701, 687, 863, 626, 699, 541, 676, 850, 783, 683, 688, 509, 852, 744, 998, 516, 559, 677, 536, 643, 538, 523, 980, 675, 943, 916, 808, 835, 893, 975, 777, 537, 887], "perc_recomm_found": 1.0, "gamma": 0.95, "eta": 0.95, "gamma_obs": 0.2199999988079071, "gamma_obs_pre": 0.17000000178813934, "eta_obs": 0.96, "costs": [1.0, 1.0, 1.0], "lbd": 300.0, "thresh": 0.5, "r_type": "subpopulation", "t_type": "counterfactual", "eta_obs_individualized": NaN, "eta_obs_refits_batch0_mean": 0.2900000214576721, "model_score": 0.782, "model_f1": 0.82, "model_refits_batch0_scores": [0.794, 0.79, 0.778, 0.774, 0.806], "model_refits_batch0_f1s": [0.7935871743486975, 0.7789473684210526, 0.7633262260127932, 0.7670103092783506, 0.7931769722814498], "model_coef": NaN}