{"accuracy_pre": 0.85, "accuracy_post": 0.31, "recourse_seeking_ixs": [293, 475, 314, 389, 301, 478, 496, 343, 260, 356, 458, 370, 438, 295, 277, 322, 429, 263, 261, 364, 433, 313, 289, 398, 336, 275, 391, 388, 283, 251, 268, 281, 280, 351, 440, 385, 446, 371, 396, 327, 462, 255, 331, 499, 452, 472, 465, 444, 360, 333, 335, 479, 474, 368, 454, 276, 405, 329, 256, 299, 363, 312, 303, 430, 456, 361, 341, 390, 442, 269, 497, 265, 395, 320, 386, 411, 306, 338, 365, 401, 345, 253, 491, 342, 359, 445, 310, 318, 471, 332, 328, 339, 362, 492, 420, 375, 378, 437, 290, 422], "recourse_recommended_ixs": [293, 475, 314, 389, 301, 478, 496, 343, 260, 356, 458, 370, 438, 295, 277, 322, 429, 263, 261, 364, 433, 313, 289, 398, 336, 275, 391, 388, 283, 251, 268, 281, 280, 351, 440, 385, 446, 371, 396, 327, 462, 255, 331, 499, 452, 472, 465, 444, 360, 333, 335, 479, 474, 368, 454, 276, 405, 329, 256, 299, 363, 312, 303, 430, 456, 361, 341, 390, 442, 269, 497, 265, 395, 320, 386, 411, 306, 338, 365, 401, 345, 253, 491, 342, 359, 445, 310, 318, 471, 332, 328, 339, 362, 492, 420, 375, 378, 437, 290, 422], "perc_recomm_found": 1.0, "gamma": 0.75, "eta": 0.75, "gamma_obs": 0.3100000023841858, "gamma_obs_pre": 0.15000000596046448, "eta_obs": 1.0, "costs": [1.0, 1.0, 1.0], "lbd": 100.0, "thresh": 0.5, "r_type": "subpopulation", "t_type": "acceptance", "eta_obs_individualized": NaN, "eta_obs_refits_batch0_mean": 0.593999981880188, "model_score": 0.816, "model_f1": 0.7909090909090909, "model_refits_batch0_scores": [0.82, 0.824, 0.82, 0.824, 0.808], "model_refits_batch0_f1s": [0.8034934497816594, 0.7924528301886793, 0.7945205479452055, 0.794392523364486, 0.7777777777777778], "model_coef": NaN}