{"accuracy_pre": 0.83, "accuracy_post": 0.77, "recourse_seeking_ixs": [984, 838, 964, 759, 501, 937, 647, 852, 618, 909, 565, 592, 769, 693, 580, 717, 810, 936, 778, 784, 902, 847, 584, 914, 980, 845, 991, 950, 552, 978, 641, 706, 866, 653, 637, 736, 673, 734, 554, 594, 625, 712, 646, 782, 924, 898, 791, 628, 975, 932, 965, 590, 638, 926, 864, 973, 551, 956, 658, 893, 631, 752, 904, 839, 523, 844, 934, 624, 559, 887, 608, 517, 948, 780, 877, 992, 884, 600, 753, 748, 941, 800, 834, 740, 968, 601, 676, 537, 556, 760, 899, 998, 597, 541, 925, 633, 516, 699, 607, 666], "recourse_recommended_ixs": [984, 838, 964, 759, 501, 937, 647, 852, 618, 909, 565, 592, 769, 693, 580, 717, 810, 936, 778, 784, 902, 847, 584, 914, 980, 845, 991, 950, 978, 641, 706, 866, 653, 637, 736, 673, 734, 554, 594, 625, 712, 646, 782, 924, 898, 791, 628, 975, 932, 965, 590, 638, 926, 864, 973, 551, 956, 658, 893, 631, 752, 904, 839, 523, 844, 934, 624, 559, 887, 608, 517, 948, 780, 877, 992, 884, 600, 753, 748, 941, 800, 834, 740, 968, 601, 676, 537, 556, 760, 899, 998, 597, 541, 925, 633, 516, 699, 607, 666], "perc_recomm_found": 0.99, "gamma": 0.75, "eta": 0.75, "gamma_obs": 0.7171717286109924, "gamma_obs_pre": 0.16161616146564484, "eta_obs": 0.8181818181818182, "costs": [1.0, 1.0], "lbd": 300.0, "thresh": 0.5, "r_type": "subpopulation", "t_type": "improvement", "eta_obs_individualized": NaN, "eta_obs_refits_batch0_mean": 0.7777777910232544, "model_score": 0.782, "model_f1": 0.82, "model_refits_batch0_scores": [0.794, 0.79, 0.778, 0.774, 0.806], "model_refits_batch0_f1s": [0.7935871743486975, 0.7789473684210526, 0.7633262260127932, 0.7670103092783506, 0.7931769722814498], "model_coef": NaN}