{"accuracy_pre": 0.88, "accuracy_post": 0.88, "recourse_seeking_ixs": [319, 316, 338, 351, 374, 233, 266, 312, 275, 372, 268, 305, 347, 290, 228, 276, 364, 326, 391, 321, 219, 329, 252, 207, 397, 257, 375, 344, 385, 381, 202, 241, 278, 376, 307, 327, 343, 262, 346, 221, 280, 328, 295, 231, 325, 281, 229, 304, 388, 206], "recourse_recommended_ixs": [319, 316, 338, 351, 374, 233, 266, 312, 275, 372, 268, 305, 347, 290, 228, 276, 364, 326, 391, 321, 219, 329, 252, 207, 397, 257, 375, 344, 385, 381, 202, 241, 278, 376, 307, 327, 343, 262, 346, 221, 280, 328, 295, 231, 325, 281, 229, 304, 388, 206], "perc_recomm_found": 1.0, "gamma": 0.85, "eta": 0.85, "gamma_obs": 0.8600000143051147, "gamma_obs_pre": 0.11999999731779099, "eta_obs": 0.98, "costs": [1.0, 1.0, 1.0], "lbd": 300.0, "thresh": 0.5, "r_type": "subpopulation", "t_type": "improvement", "eta_obs_individualized": NaN, "eta_obs_refits_batch0_mean": 0.9279999732971191, "model_score": 0.88, "model_f1": 0.8787878787878788, "model_refits_batch0_scores": [0.86, 0.89, 0.86, 0.87, 0.89], "model_refits_batch0_f1s": [0.8541666666666666, 0.8900000000000001, 0.8526315789473685, 0.865979381443299, 0.8910891089108911], "model_coef": [[0.48356916298123404, 0.673915414008556, 1.2418191204873157], [0.13055598237106933]]}