{"accuracy_pre": 1.0, "accuracy_post": 1.0, "recourse_seeking_ixs": [1861, 1452, 1253, 1435, 1440, 1746, 1941, 1274, 1023, 1327, 1999, 1356, 1234, 1177, 1010, 1520, 1786, 1387, 1791, 1971, 1046, 1090, 1921, 1852, 1495, 1603, 1388, 1632, 1475, 1186, 1319, 1458, 1065, 1933, 1864, 1532, 1769, 1913, 1414, 1842, 1571, 1075, 1611, 1859, 1288, 1182, 1443, 1751, 1093, 1184, 1576, 1413, 1923, 1179, 1014, 1928, 1621, 1911, 1735, 1459, 1875, 1806, 1930, 1778, 1446, 1773, 1856, 1641, 1819, 1168, 1954, 1528, 1826, 1352, 1238, 1159, 1752, 1934, 1302, 1723, 1892, 1103, 1976, 1276, 1572, 1831, 1731, 1036, 1147, 1149, 1112, 1598, 1284, 1713, 1771, 1690, 1552, 1823, 1401, 1961], "recourse_recommended_ixs": [1861, 1452, 1253, 1435, 1440, 1746, 1941, 1274, 1023, 1327, 1999, 1356, 1234, 1177, 1010, 1520, 1786, 1387, 1791, 1971, 1046, 1090, 1921, 1852, 1495, 1603, 1388, 1632, 1475, 1186, 1319, 1458, 1065, 1933, 1864, 1532, 1769, 1913, 1414, 1842, 1571, 1075, 1611, 1859, 1288, 1182, 1443, 1751, 1093, 1184, 1576, 1413, 1923, 1179, 1014, 1928, 1621, 1911, 1735, 1459, 1875, 1806, 1930, 1778, 1446, 1773, 1856, 1641, 1819, 1168, 1954, 1528, 1826, 1352, 1238, 1159, 1752, 1934, 1302, 1723, 1892, 1103, 1976, 1276, 1572, 1831, 1731, 1036, 1147, 1149, 1112, 1598, 1284, 1713, 1771, 1690, 1552, 1823, 1401, 1961], "perc_recomm_found": 1.0, "gamma": 0.95, "eta": 0.95, "gamma_obs": 1.0, "gamma_obs_pre": 0.0, "eta_obs": 1.0, "costs": [1.0, 1.0], "lbd": 150.0, "thresh": 0.5, "r_type": "individualized", "t_type": "improvement", "eta_obs_individualized": 1.0, "eta_obs_refits_batch0_mean": 0.9940000772476196, "model_score": 0.991, "model_f1": 0.9990167158308751, "model_refits_batch0_scores": [0.997, 0.994, 0.996, 0.994, 0.996], "model_refits_batch0_f1s": [0.9970089730807578, 0.9939999999999999, 0.9960079840319361, 0.9939999999999999, 0.9960079840319361], "model_coef": NaN}