{"accuracy_pre": 1.0, "accuracy_post": 0.42, "recourse_seeking_ixs": [1002, 1520, 1319, 1593, 1662, 1436, 1449, 1295, 1495, 1288, 1665, 1880, 1250, 1005, 1000, 1424, 1494, 1111, 1236, 1020, 1952, 1216, 1057, 1966, 1391, 1099, 1562, 1823, 1239, 1582, 1109, 1089, 1305, 1556, 1859, 1331, 1270, 1626, 1212, 1202, 1516, 1708, 1627, 1298, 1794, 1353, 1558, 1567, 1286, 1428, 1687, 1700, 1482, 1259, 1199, 1289, 1479, 1559, 1531, 1126, 1828, 1276, 1981, 1642, 1253, 1375, 1936, 1308, 1557, 1977, 1743, 1222, 1296, 1889, 1928, 1733, 1839, 1746, 1883, 1739, 1313, 1226, 1491, 1768, 1154, 1655, 1918, 1158, 1845, 1781, 1382, 1309, 1838, 1894, 1750, 1357, 1062, 1214, 1036, 1324], "recourse_recommended_ixs": [1002, 1520, 1319, 1593, 1662, 1436, 1449, 1295, 1495, 1288, 1665, 1880, 1250, 1005, 1000, 1424, 1494, 1111, 1236, 1020, 1952, 1216, 1057, 1966, 1391, 1099, 1562, 1823, 1239, 1582, 1109, 1089, 1305, 1556, 1859, 1331, 1270, 1626, 1212, 1202, 1516, 1708, 1627, 1298, 1794, 1353, 1558, 1567, 1286, 1428, 1687, 1700, 1482, 1259, 1199, 1289, 1479, 1559, 1531, 1126, 1828, 1276, 1981, 1642, 1253, 1375, 1936, 1308, 1557, 1977, 1743, 1222, 1296, 1889, 1928, 1733, 1839, 1746, 1883, 1739, 1313, 1226, 1491, 1768, 1154, 1655, 1918, 1158, 1845, 1781, 1382, 1309, 1838, 1894, 1750, 1357, 1062, 1214, 1036, 1324], "perc_recomm_found": 1.0, "gamma": 0.75, "eta": 0.75, "gamma_obs": 1.0, "gamma_obs_pre": 0.0, "eta_obs": 0.42, "costs": [1.0, 1.0], "lbd": 150.0, "thresh": 0.5, "r_type": "individualized", "t_type": "improvement", "eta_obs_individualized": 1.0, "eta_obs_refits_batch0_mean": 0.35600000619888306, "model_score": 0.816, "model_f1": 0.9989417989417989, "model_refits_batch0_scores": [0.998, 0.998, 0.998, 0.998, 0.998], "model_refits_batch0_f1s": [0.9979879275653923, 0.9979879275653923, 0.9979879275653923, 0.9979879275653923, 0.9979879275653923], "model_coef": [[-2.3825008588811247, -2.9781260199919783, 3.5658733069994097], [-1.936896338597984]]}