{"accuracy_pre": 0.86, "accuracy_post": 0.9, "recourse_seeking_ixs": [256, 241, 232, 240, 331, 329, 287, 388, 301, 353, 250, 267, 279, 270, 376, 249, 341, 280, 235, 264, 300, 311, 354, 265, 228, 236, 260, 342, 269, 370, 205, 343, 266, 338, 383, 387, 326, 239, 320, 262, 212, 391, 278, 344, 231, 229, 316, 336, 365, 210], "recourse_recommended_ixs": [256, 241, 232, 240, 331, 329, 287, 388, 301, 353, 250, 267, 279, 270, 376, 249, 341, 280, 235, 264, 300, 311, 354, 265, 228, 236, 260, 342, 269, 370, 205, 343, 266, 338, 383, 387, 326, 239, 320, 262, 212, 391, 278, 344, 231, 229, 316, 336, 365, 210], "perc_recomm_found": 1.0, "gamma": 0.85, "eta": 0.85, "gamma_obs": 0.8600000143051147, "gamma_obs_pre": 0.14000000059604645, "eta_obs": 0.96, "costs": [1.0, 1.0], "lbd": 300.0, "thresh": 0.5, "r_type": "subpopulation", "t_type": "improvement", "eta_obs_individualized": NaN, "eta_obs_refits_batch0_mean": 0.9440000653266907, "model_score": 0.825, "model_f1": 0.8148148148148148, "model_refits_batch0_scores": [0.795, 0.815, 0.795, 0.8, 0.81], "model_refits_batch0_f1s": [0.783068783068783, 0.7999999999999999, 0.7759562841530055, 0.7894736842105263, 0.8020833333333333], "model_coef": [[0.10514188070268363, 0.3847880394311509, 0.9609003458222566], [-0.5412936835563932]]}