{"accuracy_pre": 0.0, "accuracy_post": 1.0, "recourse_seeking_ixs": [1336, 1287, 1977, 1533, 1761, 1963, 1148, 1620, 1276, 1059, 1680, 1273, 1011, 1222, 1297, 1555, 1311, 1636, 1005, 1502, 1865, 1931, 1325, 1278, 1492, 1528, 1813, 1159, 1271, 1909, 1337, 1038, 1068, 1242, 1744, 1855, 1137, 1449, 1552, 1995, 1455, 1927, 1814, 1732, 1263, 1070, 1335, 1669, 1217, 1031, 1846, 1941, 1353, 1567, 1594, 1080, 1531, 1149, 1409, 1981, 1735, 1622, 1799, 1105, 1536, 1961, 1039, 1863, 1408, 1234, 1918, 1737, 1923, 1862, 1518, 1379, 1980, 1996, 1498, 1025, 1174, 1966, 1486, 1480, 1821, 1043, 1878, 1446, 1270, 1235, 1029, 1382, 1188, 1691, 1024, 1824, 1733, 1454, 1246, 1041], "recourse_recommended_ixs": [1336, 1287, 1977, 1533, 1761, 1963, 1148, 1620, 1276, 1059, 1680, 1273, 1011, 1222, 1297, 1555, 1311, 1636, 1005, 1502, 1865, 1931, 1325, 1278, 1492, 1528, 1813, 1159, 1271, 1909, 1337, 1038, 1068, 1242, 1744, 1855, 1137, 1449, 1552, 1995, 1455, 1927, 1814, 1732, 1263, 1070, 1335, 1669, 1217, 1031, 1846, 1941, 1353, 1567, 1594, 1080, 1531, 1149, 1409, 1981, 1735, 1622, 1799, 1105, 1536, 1961, 1039, 1863, 1408, 1234, 1918, 1737, 1923, 1862, 1518, 1379, 1980, 1996, 1498, 1025, 1174, 1966, 1486, 1480, 1821, 1043, 1878, 1446, 1270, 1235, 1029, 1382, 1188, 1691, 1024, 1824, 1733, 1454, 1246, 1041], "perc_recomm_found": 1.0, "gamma": 0.95, "eta": 0.95, "gamma_obs": 1.0, "gamma_obs_pre": 1.0, "eta_obs": 1.0, "costs": [1.0, 1.0], "lbd": 150.0, "thresh": 0.5, "r_type": "individualized", "t_type": "improvement", "eta_obs_individualized": 0.91, "eta_obs_refits_batch0_mean": 1.0, "model_score": 0.245, "model_f1": 1.0, "model_refits_batch0_scores": [0.998, 0.998, 0.995, 0.995, 0.998], "model_refits_batch0_f1s": [0.9979674796747968, 0.9979674796747968, 0.9949031600407746, 0.9949031600407746, 0.9979674796747968], "model_coef": NaN}