{"accuracy_pre": 0.8, "accuracy_post": 0.66, "recourse_seeking_ixs": [255, 220, 261, 280, 330, 209, 224, 229, 249, 238, 304, 301, 306, 265, 250, 203, 333, 356, 398, 349, 282, 235, 335, 399, 207, 366, 219, 211, 202, 332, 329, 392, 263, 210, 284, 394, 216, 262, 248, 308, 288, 240, 231, 324, 355, 253, 386, 204, 201, 272], "recourse_recommended_ixs": [255, 220, 261, 280, 330, 209, 224, 229, 249, 238, 304, 301, 306, 265, 250, 203, 333, 356, 398, 349, 282, 235, 335, 399, 207, 366, 219, 211, 202, 332, 329, 392, 263, 210, 284, 394, 216, 262, 248, 308, 288, 240, 231, 324, 355, 253, 386, 204, 201, 272], "perc_recomm_found": 1.0, "gamma": 0.75, "eta": 0.75, "gamma_obs": 0.6600000262260437, "gamma_obs_pre": 0.20000000298023224, "eta_obs": 0.96, "costs": [1.0, 1.0], "lbd": 300.0, "thresh": 0.5, "r_type": "subpopulation", "t_type": "improvement", "eta_obs_individualized": NaN, "eta_obs_refits_batch0_mean": 0.972000002861023, "model_score": 0.78, "model_f1": 0.7634408602150536, "model_refits_batch0_scores": [0.78, 0.775, 0.775, 0.755, 0.76], "model_refits_batch0_f1s": [0.7731958762886598, 0.7567567567567567, 0.7540983606557377, 0.7562189054726368, 0.7333333333333334], "model_coef": [[0.46629446868718166, 0.22897983363025054, 0.960753952118381], [-0.26987378431839804]]}