{"accuracy_pre": 1.0, "accuracy_post": 0.48, "recourse_seeking_ixs": [1288, 1633, 1870, 1044, 1145, 1290, 1159, 1793, 1256, 1070, 1652, 1440, 1610, 1413, 1103, 1462, 1317, 1687, 1366, 1798, 1029, 1238, 1914, 1485, 1319, 1971, 1907, 1993, 1557, 1842, 1221, 1130, 1116, 1994, 1658, 1552, 1209, 1969, 1458, 1504, 1860, 1028, 1071, 1178, 1199, 1535, 1285, 1540, 1176, 1306, 1083, 1289, 1498, 1685, 1100, 1013, 1342, 1245, 1661, 1738, 1787, 1362, 1679, 1248, 1179, 1210, 1585, 1320, 1045, 1902, 1193, 1189, 1892, 1373, 1646, 1281, 1928, 1263, 1594, 1066, 1883, 1605, 1563, 1696, 1161, 1034, 1778, 1921, 1569, 1382, 1801, 1447, 1257, 1773, 1276, 1998, 1929, 1348, 1023, 1964], "recourse_recommended_ixs": [1288, 1633, 1870, 1044, 1145, 1290, 1159, 1793, 1256, 1070, 1652, 1440, 1610, 1413, 1103, 1462, 1317, 1687, 1366, 1798, 1029, 1238, 1914, 1485, 1319, 1971, 1907, 1993, 1557, 1842, 1221, 1130, 1116, 1994, 1658, 1552, 1209, 1969, 1458, 1504, 1860, 1028, 1071, 1178, 1199, 1535, 1285, 1540, 1176, 1306, 1083, 1289, 1498, 1685, 1100, 1013, 1342, 1245, 1661, 1738, 1787, 1362, 1679, 1248, 1179, 1210, 1585, 1320, 1045, 1902, 1193, 1189, 1892, 1373, 1646, 1281, 1928, 1263, 1594, 1066, 1883, 1605, 1563, 1696, 1161, 1034, 1778, 1921, 1569, 1382, 1801, 1447, 1257, 1773, 1276, 1998, 1929, 1348, 1023, 1964], "perc_recomm_found": 1.0, "gamma": 0.95, "eta": 0.95, "gamma_obs": 0.47999998927116394, "gamma_obs_pre": 0.0, "eta_obs": 1.0, "costs": [1.0, 1.0, 1.0], "lbd": 150.0, "thresh": 0.5, "r_type": "subpopulation", "t_type": "acceptance", "eta_obs_individualized": NaN, "eta_obs_refits_batch0_mean": 1.0, "model_score": 0.994, "model_f1": 1.0, "model_refits_batch0_scores": [0.999, 0.996, 0.996, 0.996, 0.996], "model_refits_batch0_f1s": [0.9990009990009989, 0.9959919839679359, 0.9959919839679359, 0.9959919839679359, 0.9959919839679359], "model_coef": NaN}