{"accuracy_pre": 0.86, "accuracy_post": 0.27, "recourse_seeking_ixs": [890, 874, 920, 964, 882, 899, 555, 694, 639, 522, 687, 578, 953, 834, 966, 558, 832, 550, 705, 960, 754, 863, 776, 633, 977, 536, 660, 912, 725, 909, 598, 786, 556, 859, 762, 636, 775, 521, 511, 712, 957, 732, 623, 718, 513, 935, 617, 831, 654, 724, 943, 837, 684, 777, 967, 811, 743, 656, 820, 758, 668, 973, 573, 784, 886, 514, 731, 600, 572, 640, 766, 847, 613, 781, 763, 867, 622, 932, 673, 577, 614, 688, 509, 994, 692, 596, 965, 534, 508, 738, 571, 951, 702, 836, 628, 779, 678, 893, 517, 844], "recourse_recommended_ixs": [890, 874, 920, 964, 882, 899, 555, 694, 639, 522, 687, 578, 953, 834, 966, 558, 832, 550, 705, 960, 754, 863, 776, 633, 977, 536, 660, 912, 725, 909, 598, 786, 556, 859, 762, 636, 775, 521, 511, 712, 957, 732, 623, 718, 513, 935, 617, 831, 654, 724, 943, 837, 684, 777, 967, 811, 743, 656, 820, 758, 668, 973, 573, 784, 886, 514, 731, 600, 572, 640, 766, 847, 613, 781, 763, 867, 622, 932, 673, 577, 614, 688, 509, 994, 692, 596, 965, 534, 508, 738, 571, 951, 702, 836, 628, 779, 678, 893, 517, 844], "perc_recomm_found": 1.0, "gamma": 0.95, "eta": 0.95, "gamma_obs": 0.27000001072883606, "gamma_obs_pre": 0.14000000059604645, "eta_obs": 1.0, "costs": [1.0, 1.0, 1.0], "lbd": 300.0, "thresh": 0.5, "r_type": "subpopulation", "t_type": "acceptance", "eta_obs_individualized": NaN, "eta_obs_refits_batch0_mean": 0.6899999976158142, "model_score": 0.868, "model_f1": 0.9015748031496063, "model_refits_batch0_scores": [0.828, 0.828, 0.794, 0.826, 0.834], "model_refits_batch0_f1s": [0.8027522935779817, 0.8063063063063063, 0.7518072289156627, 0.7962529274004684, 0.814317673378076], "model_coef": [[0.17212440209313498, 0.30563951578550236, 0.8015383947950182], [-0.48917069650178224]]}