{"accuracy_pre": 1.0, "accuracy_post": 1.0, "recourse_seeking_ixs": [296, 342, 244, 285, 372, 271, 247, 315, 349, 347, 248, 205, 215, 379, 312, 314, 392, 245, 345, 207, 258, 362, 365, 287, 310, 276, 359, 272, 226, 384, 394, 381, 288, 270, 305, 326, 335, 265, 322, 369, 264, 252, 317, 212, 393, 333, 361, 223, 222, 396], "recourse_recommended_ixs": [296, 342, 244, 285, 372, 271, 247, 315, 349, 347, 248, 205, 215, 379, 312, 314, 392, 245, 345, 207, 258, 362, 365, 287, 310, 276, 359, 272, 226, 384, 394, 381, 288, 270, 305, 326, 335, 265, 322, 369, 264, 252, 317, 212, 393, 333, 361, 223, 222, 396], "perc_recomm_found": 1.0, "gamma": 0.95, "eta": 0.95, "gamma_obs": 0.98, "gamma_obs_pre": 0.0, "eta_obs": 0.98, "costs": [5.0, 5.0], "lbd": 300.0, "thresh": 0.5, "r_type": "individualized", "t_type": "improvement", "eta_obs_individualized": 0.98, "eta_obs_refits_batch0_mean": 0.9800000000000001, "model_score": 1.0, "model_f1": 1.0, "model_refits_batch0_scores": [0.99, 1.0, 0.975, 0.985, 1.0], "model_refits_batch0_f1s": [0.9916666666666667, 1.0, 0.9789029535864979, 0.9875518672199171, 1.0], "model_coef": [[-0.6079628283939311, 1.0513017542709073, 0.006790621907200741, -0.006614933774123956, 0.5625619568003876], [-8.818999669527297]]}