{"accuracy_pre": 0.84, "accuracy_post": 0.92, "recourse_seeking_ixs": [295, 262, 215, 316, 283, 288, 335, 270, 240, 345, 239, 200, 209, 296, 225, 385, 229, 253, 293, 298, 213, 394, 340, 275, 272, 267, 304, 398, 211, 375, 355, 201, 391, 259, 236, 208, 246, 237, 265, 339, 260, 362, 277, 368, 371, 222, 204, 349, 210, 227], "recourse_recommended_ixs": [295, 262, 215, 316, 283, 288, 335, 270, 240, 345, 239, 200, 209, 296, 225, 385, 229, 253, 293, 298, 213, 394, 340, 275, 272, 267, 304, 398, 211, 375, 355, 201, 391, 259, 236, 208, 246, 237, 265, 339, 260, 362, 277, 368, 371, 222, 204, 349, 210, 227], "perc_recomm_found": 1.0, "gamma": 0.95, "eta": 0.95, "gamma_obs": 0.9200000166893005, "gamma_obs_pre": 0.1599999964237213, "eta_obs": 1.0, "costs": [1.0, 1.0], "lbd": 300.0, "thresh": 0.5, "r_type": "subpopulation", "t_type": "improvement", "eta_obs_individualized": NaN, "eta_obs_refits_batch0_mean": 0.9959999918937683, "model_score": 0.86, "model_f1": 0.8640776699029126, "model_refits_batch0_scores": [0.855, 0.85, 0.86, 0.82, 0.865], "model_refits_batch0_f1s": [0.855721393034826, 0.854368932038835, 0.8640776699029126, 0.8085106382978724, 0.8682926829268292], "model_coef": [[-0.2164880148354696, -0.030773429397347764, 1.1364269950085266], [-0.7425240528984184]]}