{"accuracy_pre": 0.19, "accuracy_post": 0.83, "recourse_seeking_ixs": [1370, 1255, 1644, 1557, 1417, 1298, 1738, 1193, 1014, 1934, 1281, 1420, 1206, 1529, 1003, 1219, 1978, 1714, 1759, 1807, 1572, 1907, 1078, 1139, 1791, 1121, 1659, 1194, 1914, 1687, 1256, 1241, 1685, 1623, 1029, 1382, 1360, 1263, 1355, 1024, 1385, 1518, 1693, 1724, 1361, 1304, 1393, 1981, 1666, 1821, 1951, 1439, 1482, 1618, 1762, 1398, 1975, 1126, 1222, 1187, 1467, 1896, 1890, 1848, 1437, 1084, 1057, 1878, 1055, 1295, 1495, 1483, 1594, 1270, 1651, 1496, 1174, 1583, 1874, 1487, 1357, 1491, 1942, 1558, 1466, 1497, 1567, 1945, 1629, 1679, 1036, 1306, 1894, 1845, 1470, 1248, 1506, 1151, 1554, 1747], "recourse_recommended_ixs": [1370, 1644, 1557, 1417, 1738, 1193, 1934, 1206, 1529, 1003, 1219, 1714, 1807, 1572, 1907, 1078, 1791, 1121, 1659, 1194, 1914, 1687, 1241, 1685, 1382, 1360, 1263, 1355, 1024, 1518, 1693, 1724, 1361, 1304, 1393, 1981, 1666, 1821, 1951, 1439, 1482, 1618, 1762, 1398, 1975, 1126, 1222, 1187, 1467, 1896, 1890, 1848, 1437, 1084, 1057, 1878, 1055, 1295, 1495, 1483, 1594, 1270, 1651, 1174, 1583, 1874, 1487, 1357, 1942, 1558, 1497, 1567, 1945, 1629, 1679, 1894, 1845, 1248, 1151, 1554, 1747], "perc_recomm_found": 0.81, "gamma": 0.95, "eta": 0.95, "gamma_obs": 1.0, "gamma_obs_pre": 0.7654321193695068, "eta_obs": 1.0, "costs": [1.0, 1.0], "lbd": 150.0, "thresh": 0.5, "r_type": "subpopulation", "t_type": "improvement", "eta_obs_individualized": NaN, "eta_obs_refits_batch0_mean": 1.0, "model_score": 0.15, "model_f1": 0.9564315352697096, "model_refits_batch0_scores": [0.998, 0.998, 0.998, 0.998, 0.998], "model_refits_batch0_f1s": [0.9979879275653923, 0.9979879275653923, 0.9979879275653923, 0.9979879275653923, 0.9979879275653923], "model_coef": NaN}