{"accuracy_pre": 0.9, "accuracy_post": 0.3, "recourse_seeking_ixs": [835, 718, 569, 502, 873, 557, 759, 551, 726, 883, 544, 720, 752, 795, 756, 890, 511, 655, 868, 892, 546, 647, 976, 543, 522, 926, 993, 699, 768, 875, 561, 786, 620, 925, 745, 658, 601, 648, 584, 826, 938, 713, 635, 857, 664, 609, 798, 541, 688, 571, 950, 915, 755, 525, 533, 834, 887, 905, 696, 644, 665, 676, 682, 660, 934, 809, 738, 802, 959, 675, 606, 747, 750, 731, 564, 553, 509, 537, 623, 630, 970, 680, 991, 917, 922, 581, 880, 891, 966, 568, 854, 846, 528, 940, 876, 936, 871, 642, 942, 662], "recourse_recommended_ixs": [835, 718, 569, 502, 873, 557, 759, 551, 726, 883, 544, 720, 752, 795, 756, 890, 511, 655, 868, 892, 546, 647, 976, 543, 522, 926, 993, 699, 768, 875, 561, 786, 620, 925, 745, 658, 601, 648, 584, 826, 938, 713, 635, 857, 664, 609, 798, 541, 688, 571, 950, 915, 755, 525, 533, 834, 887, 905, 696, 644, 665, 676, 682, 660, 934, 809, 738, 802, 959, 675, 606, 747, 750, 731, 564, 553, 509, 537, 623, 630, 970, 680, 991, 917, 922, 581, 880, 891, 966, 568, 854, 846, 528, 940, 876, 936, 871, 642, 942, 662], "perc_recomm_found": 1.0, "gamma": 0.95, "eta": 0.95, "gamma_obs": 0.27000001072883606, "gamma_obs_pre": 0.10000000149011612, "eta_obs": 0.91, "costs": [1.0, 1.0, 1.0], "lbd": 300.0, "thresh": 0.5, "r_type": "subpopulation", "t_type": "counterfactual", "eta_obs_individualized": NaN, "eta_obs_refits_batch0_mean": 0.32999998331069946, "model_score": 0.792, "model_f1": 0.7589098532494759, "model_refits_batch0_scores": [0.824, 0.81, 0.816, 0.818, 0.816], "model_refits_batch0_f1s": [0.8181818181818183, 0.7921225382932165, 0.7991266375545851, 0.7982261640798226, 0.800865800865801], "model_coef": NaN}