{"accuracy_pre": 0.92, "accuracy_post": 0.48, "recourse_seeking_ixs": [829, 726, 625, 638, 880, 514, 542, 813, 932, 840, 621, 811, 599, 614, 589, 566, 970, 742, 758, 517, 954, 598, 660, 884, 990, 534, 785, 935, 570, 669, 848, 841, 653, 803, 588, 772, 930, 995, 818, 846, 743, 999, 640, 914, 677, 859, 505, 791, 993, 944, 998, 893, 866, 843, 752, 886, 992, 751, 705, 762, 678, 784, 645, 608, 533, 543, 508, 783, 942, 792, 700, 924, 809, 871, 749, 989, 849, 968, 675, 585, 812, 863, 798, 635, 523, 579, 895, 986, 981, 937, 650, 680, 901, 831, 626, 858, 847, 723, 576, 597], "recourse_recommended_ixs": [829, 726, 625, 638, 880, 514, 542, 813, 932, 840, 621, 811, 599, 614, 589, 566, 970, 742, 758, 517, 954, 598, 660, 884, 990, 534, 785, 935, 570, 669, 848, 841, 653, 803, 588, 772, 930, 995, 818, 846, 743, 999, 640, 914, 677, 859, 505, 791, 993, 944, 998, 893, 866, 843, 752, 886, 992, 751, 705, 762, 678, 784, 645, 608, 533, 543, 508, 783, 942, 792, 700, 924, 809, 871, 749, 989, 849, 968, 675, 585, 812, 863, 798, 635, 523, 579, 895, 986, 981, 937, 650, 680, 901, 831, 626, 858, 847, 723, 576, 597], "perc_recomm_found": 1.0, "gamma": 0.75, "eta": 0.75, "gamma_obs": 0.4399999976158142, "gamma_obs_pre": 0.07999999821186066, "eta_obs": 0.79, "costs": [1.0, 1.0, 1.0], "lbd": 300.0, "thresh": 0.5, "r_type": "subpopulation", "t_type": "acceptance", "eta_obs_individualized": NaN, "eta_obs_refits_batch0_mean": 0.5740000009536743, "model_score": 0.702, "model_f1": 0.7413793103448276, "model_refits_batch0_scores": [0.856, 0.846, 0.85, 0.846, 0.866], "model_refits_batch0_f1s": [0.8481012658227849, 0.832244008714597, 0.8414376321353065, 0.8372093023255814, 0.8635437881873727], "model_coef": NaN}