{"accuracy_pre": 0.98, "accuracy_post": 0.99, "recourse_seeking_ixs": [1382, 1206, 1157, 1528, 1966, 1762, 1491, 1492, 1795, 1996, 1903, 1161, 1281, 1179, 1286, 1301, 1353, 1398, 1276, 1739, 1031, 1717, 1688, 1126, 1751, 1042, 1119, 1084, 1194, 1369, 1993, 1562, 1222, 1391, 1578, 1848, 1959, 1334, 1724, 1434, 1695, 1283, 1776, 1002, 1202, 1845, 1883, 1288, 1485, 1954, 1490, 1546, 1930, 1606, 1474, 1049, 1542, 1109, 1025, 1516, 1357, 1158, 1248, 1373, 1348, 1193, 1937, 1333, 1741, 1744, 1305, 1479, 1255, 1684, 1859, 1572, 1539, 1362, 1629, 1998, 1057, 1203, 1272, 1139, 1557, 1267, 1379, 1133, 1976, 1219, 1519, 1424, 1630, 1361, 1385, 1053, 1960, 1216, 1693, 1588], "recourse_recommended_ixs": [1382, 1206, 1157, 1528, 1966, 1762, 1491, 1492, 1795, 1996, 1903, 1161, 1281, 1179, 1286, 1301, 1353, 1398, 1276, 1739, 1031, 1717, 1688, 1126, 1751, 1042, 1119, 1084, 1194, 1369, 1993, 1562, 1222, 1391, 1578, 1848, 1959, 1334, 1724, 1434, 1695, 1283, 1776, 1002, 1202, 1845, 1883, 1288, 1485, 1954, 1490, 1546, 1930, 1606, 1474, 1049, 1542, 1109, 1025, 1516, 1357, 1158, 1248, 1373, 1348, 1193, 1937, 1333, 1741, 1744, 1305, 1479, 1255, 1684, 1859, 1572, 1539, 1362, 1629, 1998, 1057, 1203, 1272, 1139, 1557, 1267, 1379, 1133, 1976, 1219, 1519, 1424, 1630, 1361, 1385, 1053, 1960, 1216, 1693, 1588], "perc_recomm_found": 1.0, "gamma": 0.95, "eta": 0.95, "gamma_obs": 1.0, "gamma_obs_pre": 0.019999999552965164, "eta_obs": 1.0, "costs": [1.0, 1.0, 1.0], "lbd": 150.0, "thresh": 0.5, "r_type": "individualized", "t_type": "counterfactual", "eta_obs_individualized": NaN, "eta_obs_refits_batch0_mean": 0.956000030040741, "model_score": 0.845, "model_f1": 0.9989462592202318, "model_refits_batch0_scores": [0.999, 0.999, 0.997, 0.998, 0.998], "model_refits_batch0_f1s": [0.9989929506545822, 0.9989929506545822, 0.9969727547931382, 0.9979879275653923, 0.9979838709677419], "model_coef": NaN}