{"accuracy_pre": 0.78, "accuracy_post": 0.73, "recourse_seeking_ixs": [798, 777, 621, 653, 937, 631, 732, 508, 679, 890, 722, 911, 891, 755, 779, 789, 848, 570, 587, 818, 711, 885, 578, 584, 615, 628, 816, 583, 622, 762, 661, 776, 676, 696, 604, 814, 824, 520, 663, 783, 731, 686, 677, 986, 952, 904, 944, 948, 775, 646, 823, 946, 642, 934, 856, 942, 668, 896, 782, 579, 505, 954, 982, 748, 975, 737, 675, 563, 955, 843, 914, 924, 936, 858, 888, 842, 536, 526, 941, 771, 518, 916, 883, 657, 774, 957, 664, 853, 635, 596, 996, 736, 985, 743, 728, 810, 745, 953, 979, 602], "recourse_recommended_ixs": [798, 777, 621, 653, 937, 631, 732, 508, 679, 890, 722, 911, 891, 755, 779, 789, 848, 570, 587, 818, 711, 885, 578, 584, 615, 628, 816, 583, 622, 762, 661, 776, 676, 696, 604, 814, 824, 520, 663, 783, 731, 686, 677, 986, 952, 904, 944, 948, 775, 646, 823, 946, 642, 934, 856, 942, 668, 896, 782, 579, 505, 954, 982, 748, 975, 737, 675, 563, 955, 843, 914, 924, 936, 858, 888, 842, 536, 526, 941, 771, 518, 916, 883, 657, 774, 957, 664, 853, 635, 596, 996, 736, 985, 743, 728, 810, 745, 953, 979, 602], "perc_recomm_found": 1.0, "gamma": 0.75, "eta": 0.75, "gamma_obs": 0.699999988079071, "gamma_obs_pre": 0.2199999988079071, "eta_obs": 0.97, "costs": [1.0, 1.0], "lbd": 300.0, "thresh": 0.5, "r_type": "subpopulation", "t_type": "improvement", "eta_obs_individualized": NaN, "eta_obs_refits_batch0_mean": 0.9239999651908875, "model_score": 0.808, "model_f1": 0.8455598455598455, "model_refits_batch0_scores": [0.794, 0.788, 0.784, 0.8, 0.806], "model_refits_batch0_f1s": [0.7632183908045977, 0.7644444444444445, 0.742857142857143, 0.7641509433962264, 0.7820224719101123], "model_coef": NaN}