{"accuracy_pre": 1.0, "accuracy_post": 0.0, "recourse_seeking_ixs": [397, 273, 202, 332, 231, 362, 218, 307, 371, 250, 268, 226, 228, 312, 237, 355, 217, 258, 293, 262, 253, 392, 382, 221, 266, 234, 240, 248, 346, 241, 207, 283, 282, 364, 227, 249, 281, 254, 264, 245, 366, 318, 368, 214, 272, 399, 354, 377, 351, 239], "recourse_recommended_ixs": [397, 273, 202, 332, 231, 362, 218, 307, 371, 250, 268, 226, 228, 312, 237, 355, 217, 258, 293, 262, 253, 392, 382, 221, 266, 234, 240, 248, 346, 241, 207, 283, 282, 364, 227, 249, 281, 254, 264, 245, 366, 318, 368, 214, 272, 399, 354, 377, 351, 239], "perc_recomm_found": 1.0, "gamma": 0.75, "eta": 0.75, "gamma_obs": 0.0, "gamma_obs_pre": 0.0, "eta_obs": 1.0, "costs": [5.0, 5.0, 0.0001, 0.01, 0.1], "lbd": 300.0, "thresh": 0.5, "r_type": "subpopulation", "t_type": "acceptance", "eta_obs_individualized": NaN, "eta_obs_refits_batch0_mean": 0.976, "model_score": 0.99, "model_f1": 0.9923664122137404, "model_refits_batch0_scores": [0.99, 0.995, 0.975, 0.945, 0.99], "model_refits_batch0_f1s": [0.9923664122137404, 0.9961977186311787, 0.9808429118773947, 0.9581749049429659, 0.9923664122137404], "model_coef": [[-0.4757321466379837, 0.6196026974685456, 0.006259128767234332, 0.2523618187508713, 0.9209356525717065], [-13.266759959537207]]}