{"accuracy_pre": 1.0, "accuracy_post": 0.56, "recourse_seeking_ixs": [1626, 1204, 1969, 1344, 1295, 1146, 1362, 1485, 1428, 1474, 1157, 1874, 1911, 1630, 1346, 1158, 1025, 1255, 1864, 1642, 1154, 1662, 1516, 1219, 1394, 1453, 1460, 1933, 1368, 1114, 1193, 1371, 1244, 1741, 1945, 1174, 1002, 1042, 1427, 1490, 1338, 1278, 1323, 1463, 1078, 1119, 1449, 1843, 1190, 1233, 1220, 1747, 1161, 1486, 1714, 1588, 1539, 1452, 1880, 1484, 1692, 1282, 1049, 1512, 1902, 1966, 1031, 1281, 1859, 1602, 1958, 1937, 1348, 1361, 1010, 1796, 1993, 1742, 1728, 1276, 1821, 1467, 1189, 1248, 1856, 1685, 1839, 1776, 1951, 1351, 1357, 1306, 1272, 1734, 1606, 1106, 1803, 1930, 1582, 1961], "recourse_recommended_ixs": [1626, 1204, 1969, 1344, 1295, 1146, 1362, 1485, 1428, 1474, 1157, 1874, 1911, 1630, 1346, 1158, 1025, 1255, 1864, 1642, 1154, 1662, 1516, 1219, 1394, 1453, 1460, 1933, 1368, 1114, 1193, 1371, 1244, 1741, 1945, 1174, 1002, 1042, 1427, 1490, 1338, 1278, 1323, 1463, 1078, 1119, 1449, 1843, 1190, 1233, 1220, 1747, 1161, 1486, 1714, 1588, 1539, 1452, 1880, 1484, 1692, 1282, 1049, 1512, 1902, 1966, 1031, 1281, 1859, 1602, 1958, 1937, 1348, 1361, 1010, 1796, 1993, 1742, 1728, 1276, 1821, 1467, 1189, 1248, 1856, 1685, 1839, 1776, 1951, 1351, 1357, 1306, 1272, 1734, 1606, 1106, 1803, 1930, 1582, 1961], "perc_recomm_found": 1.0, "gamma": 0.75, "eta": 0.75, "gamma_obs": 0.9599999785423279, "gamma_obs_pre": 0.0, "eta_obs": 0.99, "costs": [1.0, 1.0, 1.0], "lbd": 150.0, "thresh": 0.5, "r_type": "individualized", "t_type": "counterfactual", "eta_obs_individualized": NaN, "eta_obs_refits_batch0_mean": 0.6920000314712524, "model_score": 0.899, "model_f1": 0.9926854754440961, "model_refits_batch0_scores": [0.996, 0.999, 0.996, 0.998, 0.993], "model_refits_batch0_f1s": [0.995967741935484, 0.9989929506545822, 0.9959919839679359, 0.9979919678714859, 0.993006993006993], "model_coef": NaN}