r_type,t_type,eta_mean,gamma_mean,perc_recomm_found_mean,eta_obs_mean,eta_obs_individualized_mean,eta_obs_refits_batch0_mean_mean,gamma_obs_mean,intv-cost_mean,eta_std,gamma_std,perc_recomm_found_std,eta_obs_std,eta_obs_individualized_std,eta_obs_refits_batch0_mean_std,gamma_obs_std,intv-cost_std
individualized,acceptance,0.9499999999999998,0.9499999999999998,1.0,1.0,,0.8606666723887125,1.0,4.0249999999999995,1.3597399555105182e-16,1.3597399555105182e-16,0.0,0.0,,0.05859463079850573,0.0,0.16541765322963525
individualized,counterfactual,0.9499999999999998,0.9499999999999998,1.0,0.9899999999999999,,0.8293333053588867,1.0,4.319999999999999,1.3597399555105182e-16,1.3597399555105182e-16,0.0,0.010000000000000009,,0.07433259973321087,0.0,0.16614150595200455
individualized,improvement,0.9499999999999998,0.9499999999999998,1.0,1.0,1.0,1.0,1.0,6.272333333333333,1.3597399555105182e-16,1.3597399555105182e-16,0.0,0.0,0.0,0.0,0.0,0.1583961278988012
subpopulation,acceptance,0.9499999999999998,0.9499999999999998,1.0,0.9966666666666667,,0.8526666561762491,1.0,4.1579999999999995,1.3597399555105182e-16,1.3597399555105182e-16,0.0,0.005773502691896262,,0.06388527979190024,0.0,0.18811964278086418
subpopulation,improvement,0.9499999999999998,0.9499999999999998,1.0,0.8166666666666668,,0.8113333185513815,1.0,5.039666666666667,1.3597399555105182e-16,1.3597399555105182e-16,0.0,0.041633319989322626,,0.03785937385807015,0.0,0.2795251926630824
