{"accuracy_pre": 0.96, "accuracy_post": 0.56, "recourse_seeking_ixs": [212, 297, 349, 351, 387, 353, 223, 331, 226, 361, 373, 293, 371, 352, 357, 222, 201, 316, 323, 382, 314, 317, 243, 211, 270, 251, 202, 254, 335, 360, 340, 394, 330, 390, 377, 287, 301, 358, 359, 282, 284, 362, 249, 298, 355, 250, 231, 320, 266, 292], "recourse_recommended_ixs": [212, 297, 349, 351, 387, 353, 223, 331, 226, 361, 373, 293, 371, 352, 357, 222, 201, 316, 323, 382, 314, 317, 243, 211, 270, 251, 202, 254, 335, 360, 340, 394, 330, 390, 377, 287, 301, 358, 359, 282, 284, 362, 249, 298, 355, 250, 231, 320, 266, 292], "perc_recomm_found": 1.0, "gamma": 0.85, "eta": 0.85, "gamma_obs": 0.7400000095367432, "gamma_obs_pre": 0.03999999910593033, "eta_obs": 0.38, "costs": [1.0, 1.0], "lbd": 300.0, "thresh": 0.5, "r_type": "subpopulation", "t_type": "improvement", "eta_obs_individualized": NaN, "eta_obs_refits_batch0_mean": 0.11999998986721039, "model_score": 0.93, "model_f1": 0.9326923076923077, "model_refits_batch0_scores": [1.0, 1.0, 1.0, 1.0, 1.0], "model_refits_batch0_f1s": [1.0, 1.0, 1.0, 1.0, 1.0], "model_coef": [[-4.110731539949552, -1.5826200881017367, 2.5844040797991985], [-0.7746261964485943]]}