{"accuracy_pre": 0.79, "accuracy_post": 0.63, "recourse_seeking_ixs": [941, 936, 795, 514, 969, 570, 656, 870, 642, 718, 508, 713, 850, 572, 792, 608, 820, 779, 723, 944, 949, 801, 711, 869, 747, 660, 600, 628, 828, 837, 702, 533, 607, 780, 692, 852, 509, 685, 975, 530, 924, 565, 857, 778, 754, 861, 546, 583, 994, 581, 784, 683, 974, 918, 937, 623, 575, 661, 739, 844, 649, 943, 664, 744, 599, 611, 633, 553, 938, 681, 566, 707, 995, 948, 819, 821, 858, 987, 691, 768, 855, 637, 874, 687, 860, 619, 574, 645, 639, 563, 659, 812, 848, 898, 651, 926, 569, 818, 824, 993], "recourse_recommended_ixs": [941, 936, 795, 514, 969, 570, 656, 870, 642, 718, 508, 713, 850, 572, 792, 608, 820, 779, 723, 944, 949, 801, 711, 869, 747, 660, 600, 628, 828, 837, 702, 533, 780, 692, 852, 685, 975, 530, 924, 565, 857, 778, 754, 861, 546, 583, 994, 581, 784, 683, 974, 918, 937, 623, 575, 661, 739, 844, 649, 943, 664, 744, 599, 611, 633, 553, 938, 681, 566, 707, 995, 948, 821, 858, 987, 691, 768, 855, 637, 874, 687, 860, 619, 574, 645, 639, 563, 659, 812, 848, 898, 651, 926, 569, 824, 993], "perc_recomm_found": 0.96, "gamma": 0.75, "eta": 0.75, "gamma_obs": 0.7395833134651184, "gamma_obs_pre": 0.1770833283662796, "eta_obs": 0.8541666666666666, "costs": [1.0, 1.0], "lbd": 300.0, "thresh": 0.5, "r_type": "individualized", "t_type": "improvement", "eta_obs_individualized": 0.7916666666666666, "eta_obs_refits_batch0_mean": 0.92083340883255, "model_score": 0.784, "model_f1": 0.8498942917547567, "model_refits_batch0_scores": [0.804, 0.782, 0.782, 0.786, 0.806], "model_refits_batch0_f1s": [0.8016194331983807, 0.7705263157894737, 0.7714884696016772, 0.7737843551797039, 0.7966457023060797], "model_coef": NaN}