{"accuracy_pre": 1.0, "accuracy_post": 1.0, "recourse_seeking_ixs": [1994, 1885, 1073, 1937, 1271, 1382, 1947, 1852, 1108, 1467, 1677, 1636, 1632, 1971, 1215, 1674, 1794, 1357, 1253, 1917, 1551, 1640, 1249, 1861, 1105, 1880, 1285, 1351, 1244, 1427, 1345, 1855, 1594, 1592, 1082, 1431, 1975, 1566, 1022, 1165, 1788, 1828, 1083, 1014, 1483, 1091, 1144, 1185, 1510, 1901, 1657, 1284, 1133, 1528, 1429, 1028, 1836, 1872, 1490, 1373, 1327, 1450, 1804, 1491, 1846, 1786, 1376, 1792, 1029, 1360, 1807, 1759, 1954, 1802, 1359, 1209, 1320, 1034, 1764, 1623, 1333, 1423, 1302, 1859, 1813, 1043, 1457, 1542, 1966, 1220, 1027, 1479, 1396, 1992, 1652, 1272, 1547, 1111, 1731, 1291], "recourse_recommended_ixs": [1994, 1885, 1073, 1937, 1271, 1382, 1947, 1852, 1108, 1467, 1677, 1636, 1632, 1971, 1215, 1674, 1794, 1357, 1253, 1917, 1551, 1640, 1249, 1861, 1105, 1880, 1285, 1351, 1244, 1427, 1345, 1855, 1594, 1592, 1082, 1431, 1975, 1566, 1022, 1165, 1788, 1828, 1083, 1014, 1483, 1091, 1144, 1185, 1510, 1901, 1657, 1284, 1133, 1528, 1429, 1028, 1836, 1872, 1490, 1373, 1327, 1450, 1804, 1491, 1846, 1786, 1376, 1792, 1029, 1360, 1807, 1759, 1954, 1802, 1359, 1209, 1320, 1034, 1764, 1623, 1333, 1423, 1302, 1859, 1813, 1043, 1457, 1542, 1966, 1220, 1027, 1479, 1396, 1992, 1652, 1272, 1547, 1111, 1731, 1291], "perc_recomm_found": 1.0, "gamma": 0.95, "eta": 0.95, "gamma_obs": 1.0, "gamma_obs_pre": 0.0, "eta_obs": 1.0, "costs": [1.0, 1.0, 1.0], "lbd": 150.0, "thresh": 0.5, "r_type": "individualized", "t_type": "acceptance", "eta_obs_individualized": NaN, "eta_obs_refits_batch0_mean": 0.7580000162124634, "model_score": 0.999, "model_f1": 0.9979423868312758, "model_refits_batch0_scores": [0.998, 0.996, 0.996, 0.994, 0.998], "model_refits_batch0_f1s": [0.9979591836734694, 0.9959100204498978, 0.9959100204498978, 0.9938524590163934, 0.9979591836734694], "model_coef": NaN}