{"accuracy_pre": 0.9, "accuracy_post": 0.8, "recourse_seeking_ixs": [225, 353, 295, 343, 325, 377, 346, 296, 388, 362, 305, 329, 389, 284, 366, 344, 395, 313, 341, 247, 365, 321, 360, 368, 351, 282, 287, 294, 297, 266, 260, 200, 380, 315, 370, 314, 304, 203, 281, 202, 350, 357, 275, 215, 286, 386, 227, 383, 236, 261], "recourse_recommended_ixs": [225, 353, 295, 343, 325, 377, 346, 296, 388, 362, 305, 329, 389, 284, 366, 344, 395, 313, 341, 247, 365, 321, 360, 368, 351, 282, 287, 294, 297, 266, 260, 200, 380, 315, 370, 314, 304, 203, 281, 202, 350, 357, 275, 215, 286, 386, 227, 383, 236, 261], "perc_recomm_found": 1.0, "gamma": 0.75, "eta": 0.75, "gamma_obs": 0.800000011920929, "gamma_obs_pre": 0.10000000149011612, "eta_obs": 1.0, "costs": [1.0, 1.0, 1.0], "lbd": 300.0, "thresh": 0.5, "r_type": "subpopulation", "t_type": "improvement", "eta_obs_individualized": NaN, "eta_obs_refits_batch0_mean": 0.6239999532699585, "model_score": 0.895, "model_f1": 0.8934010152284263, "model_refits_batch0_scores": [0.975, 0.985, 0.97, 0.965, 0.985], "model_refits_batch0_f1s": [0.9753694581280787, 0.9850746268656716, 0.9705882352941176, 0.9655172413793104, 0.9850746268656716], "model_coef": [[1.7504952852098035, 1.3477663782633582, 0.17124832043789126], [0.24812960856078317]]}