{"accuracy_pre": 0.86, "accuracy_post": 0.15, "recourse_seeking_ixs": [390, 435, 476, 326, 318, 288, 450, 499, 287, 256, 282, 273, 301, 364, 372, 445, 384, 254, 306, 271, 472, 493, 263, 294, 487, 457, 371, 290, 389, 317, 453, 333, 412, 253, 486, 406, 438, 429, 375, 408, 258, 295, 277, 449, 289, 489, 397, 436, 394, 469, 279, 441, 392, 382, 272, 428, 405, 316, 270, 327, 415, 430, 462, 439, 376, 482, 367, 303, 331, 250, 399, 304, 320, 403, 291, 444, 357, 466, 251, 383, 396, 314, 420, 393, 338, 299, 268, 498, 497, 369, 404, 400, 340, 409, 418, 352, 407, 262, 336, 484], "recourse_recommended_ixs": [390, 435, 476, 326, 318, 288, 450, 499, 287, 256, 282, 273, 301, 364, 372, 445, 384, 254, 306, 271, 472, 493, 263, 294, 487, 457, 371, 290, 389, 317, 453, 333, 412, 253, 486, 406, 438, 429, 375, 408, 258, 295, 277, 449, 289, 489, 397, 436, 394, 469, 279, 441, 392, 382, 272, 428, 405, 316, 270, 327, 415, 430, 462, 439, 376, 482, 367, 303, 331, 250, 399, 304, 320, 403, 291, 444, 357, 466, 251, 383, 396, 314, 420, 393, 338, 299, 268, 498, 497, 369, 404, 400, 340, 409, 418, 352, 407, 262, 336, 484], "perc_recomm_found": 1.0, "gamma": 0.75, "eta": 0.75, "gamma_obs": 0.15000000596046448, "gamma_obs_pre": 0.14000000059604645, "eta_obs": 1.0, "costs": [1.0, 1.0, 1.0], "lbd": 100.0, "thresh": 0.5, "r_type": "subpopulation", "t_type": "acceptance", "eta_obs_individualized": NaN, "eta_obs_refits_batch0_mean": 0.6799999475479126, "model_score": 0.84, "model_f1": 0.84375, "model_refits_batch0_scores": [0.836, 0.836, 0.832, 0.832, 0.848], "model_refits_batch0_f1s": [0.8404669260700389, 0.8379446640316205, 0.8319999999999999, 0.8278688524590164, 0.8492063492063492], "model_coef": [[-0.578285178412088, -0.062113255789826904, 1.322774006673148], [-0.6339041667493469]]}