{"accuracy_pre": 0.84, "accuracy_post": 0.71, "recourse_seeking_ixs": [264, 445, 357, 364, 446, 419, 373, 415, 251, 332, 318, 468, 399, 369, 261, 283, 467, 331, 424, 274, 404, 439, 380, 491, 342, 330, 309, 265, 394, 459, 481, 347, 410, 303, 358, 494, 360, 403, 449, 338, 299, 378, 442, 462, 259, 493, 326, 349, 396, 498, 497, 341, 457, 451, 321, 354, 440, 291, 385, 388, 254, 328, 383, 475, 317, 280, 406, 484, 389, 393, 430, 382, 466, 453, 281, 350, 407, 292, 351, 277, 469, 257, 366, 371, 465, 372, 464, 431, 268, 290, 405, 352, 300, 270, 458, 414, 273, 420, 365, 279], "recourse_recommended_ixs": [264, 445, 357, 364, 446, 419, 373, 415, 251, 332, 318, 468, 399, 369, 261, 283, 467, 331, 424, 274, 404, 439, 380, 491, 342, 330, 309, 265, 394, 459, 481, 347, 410, 303, 358, 494, 360, 403, 449, 338, 299, 378, 442, 462, 259, 493, 326, 349, 396, 498, 497, 341, 457, 451, 321, 354, 440, 291, 385, 388, 254, 328, 383, 475, 317, 280, 406, 484, 389, 393, 430, 382, 466, 453, 281, 350, 407, 292, 351, 277, 469, 257, 366, 371, 465, 372, 464, 431, 268, 290, 405, 352, 300, 270, 458, 414, 273, 420, 365, 279], "perc_recomm_found": 1.0, "gamma": 0.75, "eta": 0.75, "gamma_obs": 0.699999988079071, "gamma_obs_pre": 0.1599999964237213, "eta_obs": 0.98, "costs": [1.0, 1.0], "lbd": 100.0, "thresh": 0.5, "r_type": "individualized", "t_type": "improvement", "eta_obs_individualized": 0.75, "eta_obs_refits_batch0_mean": 0.968000054359436, "model_score": 0.836, "model_f1": 0.8312757201646092, "model_refits_batch0_scores": [0.832, 0.836, 0.832, 0.812, 0.828], "model_refits_batch0_f1s": [0.8306451612903225, 0.8312757201646092, 0.8264462809917354, 0.8171206225680934, 0.8273092369477911], "model_coef": NaN}