r_type,t_type,eta_mean,gamma_mean,perc_recomm_found_mean,eta_obs_mean,eta_obs_individualized_mean,eta_obs_refits_batch0_mean_mean,gamma_obs_mean,intv-cost_mean,eta_std,gamma_std,perc_recomm_found_std,eta_obs_std,eta_obs_individualized_std,eta_obs_refits_batch0_mean_std,gamma_obs_std,intv-cost_std
individualized,acceptance,0.75,0.75,1.0,1.0,,0.5759999752044678,0.27666666110356647,3.59120000030001,0.0,0.0,0.0,0.0,,0.011999964714050293,0.03785938697780149,0.18117916245201932
individualized,counterfactual,0.75,0.75,1.0,1.0,,0.6006666620572408,0.29333333174387616,2.6517333327921726,0.0,0.0,0.0,0.0,,0.00945159995653987,0.005773514392233877,0.18997329652972225
individualized,improvement,0.75,0.75,1.0,0.9133333333333334,0.8266666666666667,0.9053333202997843,0.7833333214124044,3.7332333343299733,0.0,0.0,0.0,0.04725815626252608,0.032145502536643146,0.041295690409103095,0.035118843466728084,0.07280036323235405
subpopulation,acceptance,0.75,0.75,1.0,0.9966666666666667,,0.6133333444595337,0.3266666730244954,2.7228999992758043,0.0,0.0,0.0,0.005773502691896262,,0.017009829727360103,0.03785938697780149,0.048931785947473626
subpopulation,improvement,0.75,0.75,1.0,0.8166666666666668,,0.8146666884422302,0.7366666595141093,3.556266669547061,0.0,0.0,0.0,0.061101009266077866,,0.03711244202049656,0.025166122363274486,0.4226402281342292
