{"accuracy_pre": 0.92, "accuracy_post": 0.47, "recourse_seeking_ixs": [550, 695, 737, 615, 606, 926, 505, 767, 962, 653, 661, 744, 700, 508, 997, 956, 790, 823, 712, 665, 546, 608, 593, 604, 758, 994, 623, 734, 747, 578, 822, 529, 741, 573, 572, 862, 891, 523, 557, 607, 696, 977, 840, 585, 768, 890, 684, 894, 779, 626, 549, 512, 939, 575, 846, 570, 988, 888, 983, 897, 765, 992, 759, 663, 526, 986, 552, 975, 885, 690, 530, 553, 976, 731, 673, 733, 953, 531, 710, 906, 542, 749, 527, 899, 916, 567, 646, 735, 535, 774, 548, 639, 858, 896, 517, 900, 742, 949, 872, 850], "recourse_recommended_ixs": [550, 695, 737, 615, 606, 926, 505, 767, 962, 653, 661, 744, 700, 508, 997, 956, 790, 823, 712, 665, 546, 608, 593, 604, 758, 994, 623, 734, 747, 578, 822, 529, 741, 573, 572, 862, 891, 523, 557, 607, 696, 977, 840, 585, 768, 890, 684, 894, 779, 626, 549, 512, 939, 575, 846, 570, 988, 888, 983, 897, 765, 992, 759, 663, 526, 986, 552, 975, 885, 690, 530, 553, 976, 731, 673, 733, 953, 531, 710, 906, 542, 749, 527, 899, 916, 567, 646, 735, 535, 774, 548, 639, 858, 896, 517, 900, 742, 949, 872, 850], "perc_recomm_found": 1.0, "gamma": 0.75, "eta": 0.75, "gamma_obs": 0.17000000178813934, "gamma_obs_pre": 0.07999999821186066, "eta_obs": 0.88, "costs": [1.0, 1.0, 1.0], "lbd": 300.0, "thresh": 0.5, "r_type": "individualized", "t_type": "counterfactual", "eta_obs_individualized": NaN, "eta_obs_refits_batch0_mean": 0.39000001549720764, "model_score": 0.85, "model_f1": 0.8800000000000001, "model_refits_batch0_scores": [0.81, 0.802, 0.812, 0.784, 0.816], "model_refits_batch0_f1s": [0.8210922787193974, 0.8135593220338984, 0.8226415094339623, 0.7954545454545454, 0.8217054263565892], "model_coef": NaN}