{"accuracy_pre": 1.0, "accuracy_post": 0.79, "recourse_seeking_ixs": [1851, 1127, 1303, 1905, 1309, 1150, 1288, 1119, 1506, 1864, 1858, 1666, 1020, 1174, 1278, 1539, 1048, 1246, 1368, 1542, 1602, 1494, 1923, 1305, 1558, 1463, 1565, 1809, 1546, 1093, 1580, 1541, 1139, 1956, 1211, 1993, 1483, 1375, 1958, 1561, 1357, 1219, 1268, 1964, 1938, 1296, 1126, 1572, 1109, 1239, 1231, 1588, 1519, 1626, 1450, 1560, 1279, 1299, 1171, 1976, 1960, 1847, 1974, 1091, 1689, 1978, 1859, 1384, 1543, 1491, 1484, 1629, 1194, 1298, 1969, 1440, 1968, 1615, 1146, 1373, 1804, 1034, 1002, 1429, 1803, 1413, 1128, 1324, 1322, 1062, 1000, 1214, 1630, 1592, 1662, 1741, 1578, 1051, 1385, 1428], "recourse_recommended_ixs": [1851, 1127, 1303, 1905, 1309, 1150, 1288, 1119, 1506, 1864, 1858, 1666, 1020, 1174, 1278, 1539, 1048, 1246, 1368, 1542, 1602, 1494, 1923, 1305, 1558, 1463, 1565, 1809, 1546, 1093, 1580, 1541, 1139, 1956, 1211, 1993, 1483, 1375, 1958, 1561, 1357, 1219, 1268, 1964, 1938, 1296, 1126, 1572, 1109, 1239, 1231, 1588, 1519, 1626, 1450, 1560, 1279, 1299, 1171, 1976, 1960, 1847, 1974, 1091, 1689, 1978, 1859, 1384, 1543, 1491, 1484, 1629, 1194, 1298, 1969, 1440, 1968, 1615, 1146, 1373, 1804, 1034, 1002, 1429, 1803, 1413, 1128, 1324, 1322, 1062, 1000, 1214, 1630, 1592, 1662, 1741, 1578, 1051, 1385, 1428], "perc_recomm_found": 1.0, "gamma": 0.75, "eta": 0.75, "gamma_obs": 1.0, "gamma_obs_pre": 0.0, "eta_obs": 0.79, "costs": [1.0, 1.0, 1.0], "lbd": 150.0, "thresh": 0.5, "r_type": "subpopulation", "t_type": "improvement", "eta_obs_individualized": NaN, "eta_obs_refits_batch0_mean": 0.7900000214576721, "model_score": 0.985, "model_f1": 1.0, "model_refits_batch0_scores": [1.0, 1.0, 0.999, 0.997, 1.0], "model_refits_batch0_f1s": [1.0, 1.0, 0.9989929506545822, 0.9969909729187563, 1.0], "model_coef": NaN}