{"accuracy_pre": 1.0, "accuracy_post": 0.79, "recourse_seeking_ixs": [1094, 1512, 1436, 1533, 1542, 1567, 1821, 1168, 1275, 1109, 1688, 1329, 1981, 1552, 1813, 1914, 1586, 1657, 1733, 1841, 1786, 1575, 1865, 1961, 1177, 1810, 1588, 1285, 1931, 1402, 1292, 1714, 1412, 1496, 1776, 1493, 1732, 1495, 1804, 1582, 1963, 1014, 1674, 1464, 1925, 1593, 1977, 1244, 1271, 1775, 1100, 1779, 1399, 1154, 1223, 1830, 1290, 1340, 1845, 1790, 1217, 1918, 1286, 1240, 1683, 1081, 1299, 1378, 1994, 1808, 1020, 1923, 1490, 1859, 1566, 1006, 1185, 1504, 1449, 1895, 1319, 1166, 1672, 1009, 1008, 1805, 1184, 1072, 1554, 1242, 1782, 1831, 1298, 1917, 1172, 1846, 1395, 1195, 1484, 1390], "recourse_recommended_ixs": [1094, 1512, 1436, 1533, 1542, 1567, 1821, 1168, 1275, 1109, 1688, 1329, 1981, 1552, 1813, 1914, 1586, 1657, 1733, 1841, 1786, 1575, 1865, 1961, 1177, 1810, 1588, 1285, 1931, 1402, 1292, 1714, 1412, 1496, 1776, 1493, 1732, 1495, 1804, 1582, 1963, 1014, 1674, 1464, 1925, 1593, 1977, 1244, 1271, 1775, 1100, 1779, 1399, 1154, 1223, 1830, 1290, 1340, 1845, 1790, 1217, 1918, 1286, 1240, 1683, 1081, 1299, 1378, 1994, 1808, 1020, 1923, 1490, 1859, 1566, 1006, 1185, 1504, 1449, 1895, 1319, 1166, 1672, 1009, 1008, 1805, 1184, 1072, 1554, 1242, 1782, 1831, 1298, 1917, 1172, 1846, 1395, 1195, 1484, 1390], "perc_recomm_found": 1.0, "gamma": 0.95, "eta": 0.95, "gamma_obs": 0.7900000214576721, "gamma_obs_pre": 0.0, "eta_obs": 1.0, "costs": [1.0, 1.0, 1.0], "lbd": 150.0, "thresh": 0.5, "r_type": "individualized", "t_type": "acceptance", "eta_obs_individualized": NaN, "eta_obs_refits_batch0_mean": 0.9280000925064087, "model_score": 0.925, "model_f1": 1.0, "model_refits_batch0_scores": [1.0, 1.0, 0.997, 0.997, 1.0], "model_refits_batch0_f1s": [1.0, 1.0, 0.9969356486210419, 0.9969356486210419, 1.0], "model_coef": NaN}