{"accuracy_pre": 0.95, "accuracy_post": 0.74, "recourse_seeking_ixs": [986, 983, 657, 925, 570, 820, 717, 955, 997, 860, 943, 899, 587, 739, 670, 747, 849, 961, 564, 506, 903, 574, 862, 989, 928, 894, 878, 965, 728, 881, 842, 633, 716, 926, 519, 980, 815, 713, 966, 532, 709, 850, 981, 942, 934, 580, 722, 701, 945, 675, 620, 512, 677, 953, 510, 855, 854, 634, 579, 787, 600, 689, 606, 821, 817, 844, 813, 694, 615, 517, 649, 880, 651, 644, 911, 869, 809, 664, 936, 758, 648, 823, 662, 861, 669, 571, 990, 623, 550, 951, 952, 836, 900, 681, 724, 922, 914, 872, 919, 558], "recourse_recommended_ixs": [986, 983, 657, 925, 570, 820, 717, 955, 997, 860, 943, 899, 587, 739, 670, 747, 849, 961, 564, 506, 903, 574, 862, 989, 928, 878, 965, 728, 881, 842, 633, 716, 926, 519, 980, 815, 713, 966, 532, 709, 850, 981, 942, 934, 580, 722, 701, 945, 675, 620, 512, 677, 953, 510, 855, 854, 634, 579, 787, 600, 689, 606, 821, 817, 844, 813, 694, 615, 517, 649, 880, 651, 644, 911, 869, 809, 664, 936, 758, 648, 823, 662, 861, 669, 571, 990, 623, 550, 951, 952, 836, 900, 681, 724, 922, 914, 872, 919, 558], "perc_recomm_found": 0.99, "gamma": 0.75, "eta": 0.75, "gamma_obs": 0.7676767706871033, "gamma_obs_pre": 0.04040404036641121, "eta_obs": 0.9797979797979798, "costs": [1.0, 1.0, 1.0], "lbd": 300.0, "thresh": 0.5, "r_type": "subpopulation", "t_type": "improvement", "eta_obs_individualized": NaN, "eta_obs_refits_batch0_mean": 0.9595959782600403, "model_score": 0.818, "model_f1": 0.8418891170431212, "model_refits_batch0_scores": [0.848, 0.852, 0.822, 0.838, 0.836], "model_refits_batch0_f1s": [0.8396624472573839, 0.8445378151260504, 0.8086021505376344, 0.8258064516129033, 0.8270042194092827], "model_coef": NaN}