{"accuracy_pre": 1.0, "accuracy_post": 0.34, "recourse_seeking_ixs": [1978, 1526, 1287, 1491, 1696, 1775, 1467, 1188, 1240, 1372, 1039, 1304, 1802, 1149, 1291, 1855, 1129, 1703, 1925, 1406, 1373, 1682, 1936, 1292, 1248, 1043, 1152, 1244, 1027, 1923, 1321, 1786, 1646, 1396, 1498, 1243, 1813, 1402, 1785, 1700, 1673, 1483, 1537, 1831, 1901, 1073, 1954, 1832, 1311, 1494, 1555, 1841, 1905, 1917, 1740, 1824, 1693, 1453, 1327, 1603, 1547, 1605, 1423, 1170, 1838, 1685, 1299, 1710, 1971, 1383, 1127, 1367, 1493, 1142, 1171, 1744, 1846, 1821, 1853, 1804, 1203, 1227, 1009, 1492, 1872, 1761, 1379, 1168, 1283, 1961, 1680, 1288, 1016, 1767, 1962, 1359, 1133, 1643, 1465, 1906], "recourse_recommended_ixs": [1978, 1526, 1287, 1491, 1696, 1775, 1467, 1188, 1240, 1372, 1039, 1304, 1802, 1149, 1291, 1855, 1129, 1703, 1925, 1406, 1373, 1682, 1936, 1292, 1248, 1043, 1152, 1244, 1027, 1923, 1321, 1786, 1646, 1396, 1498, 1243, 1813, 1402, 1785, 1700, 1673, 1483, 1537, 1831, 1901, 1073, 1954, 1832, 1311, 1494, 1555, 1841, 1905, 1917, 1740, 1824, 1693, 1453, 1327, 1603, 1547, 1605, 1423, 1170, 1838, 1685, 1299, 1710, 1971, 1383, 1127, 1367, 1493, 1142, 1171, 1744, 1846, 1821, 1853, 1804, 1203, 1227, 1009, 1492, 1872, 1761, 1379, 1168, 1283, 1961, 1680, 1288, 1016, 1767, 1962, 1359, 1133, 1643, 1465, 1906], "perc_recomm_found": 1.0, "gamma": 0.75, "eta": 0.75, "gamma_obs": 0.3400000035762787, "gamma_obs_pre": 0.0, "eta_obs": 1.0, "costs": [1.0, 1.0, 1.0], "lbd": 150.0, "thresh": 0.5, "r_type": "individualized", "t_type": "acceptance", "eta_obs_individualized": NaN, "eta_obs_refits_batch0_mean": 0.9580000042915344, "model_score": 0.996, "model_f1": 1.0, "model_refits_batch0_scores": [1.0, 1.0, 0.997, 0.997, 1.0], "model_refits_batch0_f1s": [1.0, 1.0, 0.9969356486210419, 0.9969356486210419, 1.0], "model_coef": NaN}