{"accuracy_pre": 0.78, "accuracy_post": 0.26, "recourse_seeking_ixs": [261, 326, 360, 305, 356, 282, 211, 221, 205, 335, 231, 325, 203, 204, 293, 202, 398, 371, 235, 329, 368, 333, 212, 210, 283, 284, 345, 268, 384, 366, 234, 238, 258, 214, 344, 319, 251, 255, 358, 201, 367, 230, 340, 355, 386, 259, 376, 393, 396, 220], "recourse_recommended_ixs": [261, 326, 360, 305, 356, 282, 211, 221, 205, 335, 231, 325, 203, 204, 293, 202, 398, 371, 235, 329, 368, 333, 212, 210, 283, 284, 345, 268, 384, 366, 234, 238, 258, 214, 344, 319, 251, 255, 358, 201, 367, 230, 340, 355, 386, 259, 376, 393, 396, 220], "perc_recomm_found": 1.0, "gamma": 0.85, "eta": 0.85, "gamma_obs": 0.25999999046325684, "gamma_obs_pre": 0.2199999988079071, "eta_obs": 1.0, "costs": [1.0, 1.0, 1.0], "lbd": 300.0, "thresh": 0.5, "r_type": "individualized", "t_type": "counterfactual", "eta_obs_individualized": NaN, "eta_obs_refits_batch0_mean": 0.7799999713897705, "model_score": 0.79, "model_f1": 0.7717391304347826, "model_refits_batch0_scores": [0.82, 0.8, 0.805, 0.795, 0.8], "model_refits_batch0_f1s": [0.8085106382978724, 0.7849462365591398, 0.7891891891891892, 0.7807486631016043, 0.7802197802197802], "model_coef": [[0.07430400854333898, 0.06858416639091759, 0.7180310845496433], [-0.31773661439232614]]}