{"accuracy_pre": 1.0, "accuracy_post": 0.96, "recourse_seeking_ixs": [200, 208, 378, 280, 373, 272, 398, 304, 335, 305, 374, 248, 236, 255, 298, 361, 321, 365, 219, 246, 384, 230, 309, 259, 294, 389, 375, 267, 281, 257, 288, 243, 366, 251, 273, 284, 312, 271, 233, 360, 346, 210, 371, 382, 218, 397, 278, 306, 363, 333], "recourse_recommended_ixs": [200, 208, 378, 280, 373, 272, 398, 304, 335, 305, 374, 248, 236, 255, 298, 361, 321, 365, 219, 246, 384, 230, 309, 259, 294, 389, 375, 267, 281, 257, 288, 243, 366, 251, 273, 284, 312, 271, 233, 360, 346, 210, 371, 382, 218, 397, 278, 306, 363, 333], "perc_recomm_found": 1.0, "gamma": 0.75, "eta": 0.75, "gamma_obs": 0.92, "gamma_obs_pre": 0.0, "eta_obs": 0.88, "costs": [5.0, 5.0], "lbd": 300.0, "thresh": 0.5, "r_type": "subpopulation", "t_type": "improvement", "eta_obs_individualized": NaN, "eta_obs_refits_batch0_mean": 0.8480000000000001, "model_score": 0.995, "model_f1": 0.9959514170040485, "model_refits_batch0_scores": [0.995, 0.99, 0.995, 0.995, 0.995], "model_refits_batch0_f1s": [0.9959514170040485, 0.9919354838709677, 0.9959183673469388, 0.9959514170040485, 0.9959183673469388], "model_coef": [[-0.1823646610617549, 0.3170783049143476, 0.008584020201269948, 0.11466742343688358, 0.8282192833152329], [-12.101244662758136]]}