{"accuracy_pre": 1.0, "accuracy_post": 0.98, "recourse_seeking_ixs": [212, 398, 316, 265, 374, 394, 216, 380, 224, 213, 365, 349, 261, 312, 223, 217, 369, 243, 315, 399, 305, 372, 309, 317, 246, 232, 207, 396, 385, 284, 320, 344, 231, 332, 278, 205, 290, 257, 294, 235, 221, 268, 218, 358, 283, 289, 248, 329, 367, 338], "recourse_recommended_ixs": [212, 398, 316, 265, 374, 394, 216, 380, 224, 213, 365, 349, 261, 312, 223, 217, 369, 243, 315, 399, 305, 372, 309, 317, 246, 232, 207, 396, 385, 284, 320, 344, 231, 332, 278, 205, 290, 257, 294, 235, 221, 268, 218, 358, 283, 289, 248, 329, 367, 338], "perc_recomm_found": 1.0, "gamma": 0.75, "eta": 0.75, "gamma_obs": 0.92, "gamma_obs_pre": 0.0, "eta_obs": 0.9, "costs": [5.0, 5.0], "lbd": 300.0, "thresh": 0.5, "r_type": "individualized", "t_type": "improvement", "eta_obs_individualized": 0.92, "eta_obs_refits_batch0_mean": 0.916, "model_score": 1.0, "model_f1": 1.0, "model_refits_batch0_scores": [0.98, 0.99, 1.0, 0.995, 0.985], "model_refits_batch0_f1s": [0.9846153846153847, 0.9922480620155039, 1.0, 0.9961089494163424, 0.9884169884169884], "model_coef": [[-0.9769362105694728, 0.9030007247924138, 0.008160168779617226, 0.24785274035147487, 0.3816262853486857], [-7.9827245033472]]}