{"accuracy_pre": 0.8, "accuracy_post": 0.74, "recourse_seeking_ixs": [614, 560, 599, 674, 831, 730, 921, 718, 870, 501, 516, 581, 991, 940, 719, 552, 693, 740, 536, 559, 909, 692, 707, 587, 509, 711, 705, 695, 687, 981, 576, 590, 601, 764, 993, 734, 897, 585, 969, 973, 632, 840, 620, 678, 972, 646, 935, 506, 662, 663, 998, 883, 802, 792, 529, 700, 978, 968, 629, 682, 641, 902, 619, 761, 776, 702, 771, 896, 956, 505, 522, 830, 815, 833, 879, 732, 933, 928, 639, 661, 673, 658, 752, 948, 985, 650, 860, 868, 888, 944, 748, 651, 960, 807, 743, 613, 676, 881, 951, 726], "recourse_recommended_ixs": [614, 560, 599, 674, 831, 730, 921, 718, 870, 501, 516, 581, 991, 940, 719, 552, 693, 740, 536, 559, 909, 692, 707, 587, 509, 711, 705, 695, 687, 981, 576, 590, 601, 764, 993, 734, 897, 585, 969, 973, 632, 840, 620, 678, 972, 646, 935, 506, 662, 663, 998, 883, 802, 792, 529, 700, 978, 968, 629, 682, 641, 902, 619, 761, 776, 702, 771, 896, 956, 505, 522, 830, 815, 833, 879, 732, 933, 928, 639, 661, 673, 658, 752, 948, 985, 650, 860, 868, 888, 944, 748, 651, 960, 807, 743, 613, 676, 881, 951, 726], "perc_recomm_found": 1.0, "gamma": 0.75, "eta": 0.75, "gamma_obs": 0.7400000095367432, "gamma_obs_pre": 0.20000000298023224, "eta_obs": 0.91, "costs": [1.0, 1.0], "lbd": 300.0, "thresh": 0.5, "r_type": "individualized", "t_type": "improvement", "eta_obs_individualized": 0.73, "eta_obs_refits_batch0_mean": 0.85999995470047, "model_score": 0.782, "model_f1": 0.796875, "model_refits_batch0_scores": [0.83, 0.822, 0.816, 0.824, 0.822], "model_refits_batch0_f1s": [0.8268839103869655, 0.8118393234672305, 0.7973568281938326, 0.8095238095238094, 0.8086021505376344], "model_coef": NaN}