{"accuracy_pre": 1.0, "accuracy_post": 0.98, "recourse_seeking_ixs": [1241, 1629, 1979, 1190, 1483, 1151, 1219, 1447, 1977, 1457, 1818, 1491, 1792, 1158, 1666, 1512, 1874, 1053, 1025, 1231, 1479, 1951, 1916, 1145, 1622, 1549, 1272, 1934, 1467, 1808, 1460, 1965, 1334, 1259, 1298, 1111, 1270, 1346, 1002, 1038, 1353, 1337, 1724, 1345, 1369, 1791, 1507, 1074, 1114, 1794, 1700, 1157, 1531, 1960, 1203, 1171, 1519, 1720, 1580, 1398, 1154, 1218, 1348, 1449, 1993, 1427, 1048, 1253, 1189, 1357, 1031, 1692, 1864, 1779, 1969, 1942, 1470, 1918, 1010, 1803, 1459, 1361, 1889, 1974, 1879, 1513, 1476, 1179, 1651, 1954, 1688, 1843, 1589, 1305, 1246, 1319, 1964, 1281, 1554, 1628], "recourse_recommended_ixs": [1241, 1629, 1979, 1190, 1483, 1151, 1219, 1447, 1977, 1457, 1818, 1491, 1792, 1158, 1666, 1512, 1874, 1053, 1025, 1231, 1479, 1951, 1916, 1145, 1622, 1549, 1272, 1934, 1467, 1808, 1460, 1965, 1334, 1259, 1298, 1111, 1270, 1346, 1002, 1038, 1353, 1337, 1724, 1345, 1369, 1791, 1507, 1074, 1114, 1794, 1700, 1157, 1531, 1960, 1203, 1171, 1519, 1720, 1580, 1398, 1154, 1218, 1348, 1449, 1993, 1427, 1048, 1253, 1189, 1357, 1031, 1692, 1864, 1779, 1969, 1942, 1470, 1918, 1010, 1803, 1459, 1361, 1889, 1974, 1879, 1513, 1476, 1179, 1651, 1954, 1688, 1843, 1589, 1305, 1246, 1319, 1964, 1281, 1554, 1628], "perc_recomm_found": 1.0, "gamma": 0.95, "eta": 0.95, "gamma_obs": 1.0, "gamma_obs_pre": 0.0, "eta_obs": 0.98, "costs": [1.0, 1.0, 1.0], "lbd": 150.0, "thresh": 0.5, "r_type": "subpopulation", "t_type": "acceptance", "eta_obs_individualized": NaN, "eta_obs_refits_batch0_mean": 0.9259999990463257, "model_score": 0.9, "model_f1": 0.9926854754440961, "model_refits_batch0_scores": [0.999, 0.997, 0.998, 0.999, 0.993], "model_refits_batch0_f1s": [0.9989949748743718, 0.9969727547931382, 0.9979919678714859, 0.9989929506545822, 0.993006993006993], "model_coef": [[2.0946568951974145, 2.6183211165157094, 4.922443678360561], [-0.014944425291116755]]}