r_type,t_type,x1_mean,x2_mean,x3_mean,causes_mean,non-causes_mean,x1_std,x2_std,x3_std,causes_std,non-causes_std
individualized,acceptance,0.4300000001589457,0.8633333323895932,1.6966666620870432,2.989999994635582,0.0,0.09991996902425636,0.2690303552452576,0.0968366334438516,0.2837393201308522,0.0
individualized,counterfactual,0.42631292522602343,1.0123537428529086,1.960612244125126,3.3992789122040583,0.0,0.11009628244372698,0.2513020100966483,0.2923483756969148,0.09609481327699555,0.0
individualized,improvement,1.2993333327770233,1.3439999969899656,2.2379999961853025,4.8813333259522915,0.0,0.08603100148751813,0.10293687421750931,0.39396954270340084,0.5676278136885318,0.0
subpopulation,acceptance,0.39885714317402066,0.8584217691756025,1.7578095203978672,3.0150884327474903,0.0,0.17193662740668067,0.265934554307182,0.2648764609347979,0.06136577283870307,0.0
subpopulation,improvement,1.1713333321611088,1.575333332439264,2.5113333321511746,5.257999996751547,0.0,0.05608327208659005,0.13285079094844923,0.1759242296124259,0.25821696298623303,0.0
