{"accuracy_pre": 0.85, "accuracy_post": 0.58, "recourse_seeking_ixs": [674, 841, 714, 763, 888, 691, 871, 997, 683, 554, 982, 731, 863, 615, 681, 723, 758, 601, 946, 845, 846, 797, 832, 637, 799, 931, 833, 688, 573, 903, 793, 705, 924, 887, 535, 778, 839, 558, 612, 806, 747, 987, 994, 661, 913, 930, 898, 874, 823, 928, 808, 857, 876, 587, 724, 575, 904, 770, 562, 983, 967, 883, 734, 929, 509, 676, 545, 502, 824, 608, 757, 702, 619, 999, 901, 864, 536, 654, 532, 577, 970, 732, 692, 726, 785, 670, 640, 597, 991, 527, 936, 684, 552, 657, 875, 578, 768, 879, 596, 719], "recourse_recommended_ixs": [674, 841, 714, 763, 888, 691, 871, 997, 683, 554, 982, 731, 863, 615, 681, 723, 758, 601, 946, 845, 846, 797, 832, 637, 799, 931, 833, 688, 573, 903, 793, 705, 924, 887, 535, 778, 839, 558, 612, 806, 747, 987, 994, 661, 913, 930, 898, 874, 823, 928, 808, 857, 876, 587, 724, 575, 904, 770, 562, 983, 967, 883, 734, 929, 509, 676, 545, 502, 824, 608, 757, 702, 619, 999, 901, 864, 536, 654, 532, 577, 970, 732, 692, 726, 785, 670, 640, 597, 991, 527, 936, 684, 552, 657, 875, 578, 768, 879, 596, 719], "perc_recomm_found": 1.0, "gamma": 0.95, "eta": 0.95, "gamma_obs": 0.4399999976158142, "gamma_obs_pre": 0.15000000596046448, "eta_obs": 1.0, "costs": [1.0, 1.0, 1.0], "lbd": 300.0, "thresh": 0.5, "r_type": "individualized", "t_type": "acceptance", "eta_obs_individualized": NaN, "eta_obs_refits_batch0_mean": 0.5300000309944153, "model_score": 0.858, "model_f1": 0.8685714285714285, "model_refits_batch0_scores": [0.89, 0.896, 0.876, 0.878, 0.874], "model_refits_batch0_f1s": [0.8842105263157893, 0.8884120171673819, 0.869198312236287, 0.8742268041237113, 0.8711656441717791], "model_coef": NaN}