{"accuracy_pre": 0.82, "accuracy_post": 0.42, "recourse_seeking_ixs": [860, 914, 658, 895, 788, 721, 952, 552, 834, 838, 817, 604, 650, 766, 991, 712, 710, 968, 901, 697, 855, 904, 921, 781, 983, 537, 607, 613, 794, 594, 603, 620, 540, 832, 553, 569, 801, 654, 810, 634, 529, 865, 616, 802, 623, 656, 927, 999, 858, 615, 675, 736, 685, 975, 708, 875, 884, 561, 600, 910, 555, 775, 829, 689, 554, 979, 854, 716, 948, 755, 749, 919, 737, 618, 505, 894, 816, 589, 913, 512, 683, 867, 912, 725, 538, 936, 629, 907, 690, 692, 871, 951, 609, 509, 970, 718, 980, 759, 547, 602], "recourse_recommended_ixs": [860, 914, 658, 895, 788, 721, 952, 552, 834, 838, 817, 604, 650, 766, 991, 712, 710, 968, 901, 697, 855, 904, 921, 781, 983, 537, 607, 613, 794, 594, 603, 620, 540, 832, 553, 569, 801, 654, 810, 634, 529, 865, 616, 802, 623, 656, 927, 999, 858, 615, 675, 736, 685, 975, 708, 875, 884, 561, 600, 910, 555, 775, 829, 689, 554, 979, 854, 716, 948, 755, 749, 919, 737, 618, 505, 894, 816, 589, 913, 512, 683, 867, 912, 725, 538, 936, 629, 907, 690, 692, 871, 951, 609, 509, 970, 718, 980, 759, 547, 602], "perc_recomm_found": 1.0, "gamma": 0.75, "eta": 0.75, "gamma_obs": 0.30000001192092896, "gamma_obs_pre": 0.18000000715255737, "eta_obs": 0.89, "costs": [1.0, 1.0, 1.0], "lbd": 300.0, "thresh": 0.5, "r_type": "subpopulation", "t_type": "counterfactual", "eta_obs_individualized": NaN, "eta_obs_refits_batch0_mean": 0.35999998450279236, "model_score": 0.806, "model_f1": 0.8611111111111112, "model_refits_batch0_scores": [0.814, 0.808, 0.822, 0.758, 0.796], "model_refits_batch0_f1s": [0.8074534161490684, 0.8064516129032259, 0.8126315789473685, 0.7575150300601203, 0.782051282051282], "model_coef": NaN}