{"accuracy_pre": 0.98, "accuracy_post": 0.44, "recourse_seeking_ixs": [567, 750, 569, 509, 655, 603, 857, 552, 502, 694, 779, 979, 586, 824, 524, 877, 647, 882, 849, 630, 753, 726, 684, 521, 992, 754, 729, 626, 551, 952, 934, 809, 713, 573, 993, 553, 891, 508, 682, 926, 660, 818, 784, 664, 917, 782, 905, 601, 803, 670, 642, 921, 797, 858, 738, 925, 938, 640, 795, 544, 531, 659, 936, 984, 847, 696, 786, 959, 732, 890, 511, 609, 768, 635, 826, 990, 561, 854, 674, 998, 861, 554, 718, 801, 806, 505, 796, 620, 604, 841, 546, 584, 875, 644, 709, 989, 751, 557, 853, 530], "recourse_recommended_ixs": [567, 750, 569, 509, 655, 603, 857, 552, 502, 694, 779, 979, 586, 824, 524, 877, 647, 882, 849, 630, 753, 726, 684, 521, 992, 754, 729, 626, 551, 952, 934, 809, 713, 573, 993, 553, 891, 508, 682, 926, 660, 818, 784, 664, 917, 782, 905, 601, 803, 670, 642, 921, 797, 858, 738, 925, 938, 640, 795, 544, 531, 659, 936, 984, 847, 696, 786, 959, 732, 890, 511, 609, 768, 635, 826, 990, 561, 854, 674, 998, 861, 554, 718, 801, 806, 505, 796, 620, 604, 841, 546, 584, 875, 644, 709, 989, 751, 557, 853, 530], "perc_recomm_found": 1.0, "gamma": 0.75, "eta": 0.75, "gamma_obs": 0.4399999976158142, "gamma_obs_pre": 0.019999999552965164, "eta_obs": 1.0, "costs": [1.0, 1.0, 1.0], "lbd": 300.0, "thresh": 0.5, "r_type": "individualized", "t_type": "acceptance", "eta_obs_individualized": NaN, "eta_obs_refits_batch0_mean": 0.578000009059906, "model_score": 0.8, "model_f1": 0.8768898488120951, "model_refits_batch0_scores": [0.884, 0.892, 0.87, 0.878, 0.874], "model_refits_batch0_f1s": [0.8786610878661086, 0.8805309734513276, 0.8608137044967881, 0.871578947368421, 0.8695652173913043], "model_coef": NaN}