{"accuracy_pre": 0.9, "accuracy_post": 0.93, "recourse_seeking_ixs": [975, 719, 554, 822, 997, 936, 740, 929, 676, 679, 917, 693, 671, 902, 987, 870, 948, 573, 754, 983, 795, 601, 980, 833, 696, 828, 732, 871, 925, 937, 702, 885, 884, 615, 724, 535, 898, 633, 558, 933, 793, 847, 790, 994, 657, 687, 979, 864, 709, 801, 612, 808, 867, 876, 587, 729, 752, 575, 731, 931, 562, 759, 830, 839, 982, 930, 509, 841, 545, 502, 641, 775, 608, 764, 779, 619, 999, 717, 674, 536, 652, 532, 577, 684, 970, 887, 688, 874, 904, 666, 637, 597, 991, 527, 835, 681, 718, 552, 655, 875], "recourse_recommended_ixs": [975, 719, 554, 822, 997, 936, 740, 929, 676, 679, 917, 693, 671, 902, 987, 870, 948, 573, 754, 983, 795, 601, 980, 833, 696, 828, 732, 871, 925, 937, 702, 885, 884, 615, 724, 535, 898, 633, 558, 933, 793, 847, 790, 994, 657, 687, 979, 864, 709, 801, 612, 808, 867, 876, 587, 729, 752, 575, 731, 931, 562, 759, 830, 839, 982, 930, 509, 841, 545, 502, 641, 775, 608, 764, 779, 619, 999, 717, 674, 536, 652, 532, 577, 684, 970, 887, 688, 874, 904, 666, 637, 597, 991, 527, 835, 681, 718, 552, 655, 875], "perc_recomm_found": 1.0, "gamma": 0.95, "eta": 0.95, "gamma_obs": 0.9300000071525574, "gamma_obs_pre": 0.10000000149011612, "eta_obs": 1.0, "costs": [1.0, 1.0, 1.0], "lbd": 300.0, "thresh": 0.5, "r_type": "subpopulation", "t_type": "improvement", "eta_obs_individualized": NaN, "eta_obs_refits_batch0_mean": 1.0, "model_score": 0.854, "model_f1": 0.8598848368522073, "model_refits_batch0_scores": [0.886, 0.89, 0.88, 0.874, 0.872], "model_refits_batch0_f1s": [0.8784648187633263, 0.8861283643892339, 0.8728813559322034, 0.8684759916492694, 0.8688524590163934], "model_coef": [[0.594492694325962, 0.33108333829437153, 1.4018161030511183], [-0.1258241311860166]]}