{"accuracy_pre": 0.88, "accuracy_post": 0.9, "recourse_seeking_ixs": [359, 315, 393, 335, 387, 331, 253, 368, 337, 316, 291, 367, 206, 213, 394, 310, 247, 280, 230, 358, 395, 224, 279, 223, 290, 205, 214, 373, 371, 271, 338, 322, 233, 348, 229, 303, 392, 282, 256, 222, 274, 237, 346, 260, 397, 347, 356, 262, 296, 354], "recourse_recommended_ixs": [359, 315, 393, 335, 387, 331, 253, 368, 337, 316, 291, 367, 206, 213, 394, 310, 247, 280, 230, 358, 395, 224, 279, 223, 290, 205, 214, 373, 371, 271, 338, 322, 233, 348, 229, 303, 392, 282, 256, 222, 274, 237, 346, 260, 397, 347, 356, 262, 296, 354], "perc_recomm_found": 1.0, "gamma": 0.85, "eta": 0.85, "gamma_obs": 0.8999999761581421, "gamma_obs_pre": 0.11999999731779099, "eta_obs": 1.0, "costs": [1.0, 1.0, 1.0], "lbd": 300.0, "thresh": 0.5, "r_type": "individualized", "t_type": "improvement", "eta_obs_individualized": 1.0, "eta_obs_refits_batch0_mean": 0.9079999923706055, "model_score": 0.89, "model_f1": 0.8804347826086957, "model_refits_batch0_scores": [0.895, 0.87, 0.885, 0.895, 0.9], "model_refits_batch0_f1s": [0.8888888888888888, 0.8522727272727272, 0.8795811518324608, 0.8771929824561404, 0.8876404494382023], "model_coef": [[0.30272364211163727, 1.1932620295146266, 1.324748135898973], [-0.25230761405238317]]}