{"accuracy_pre": 0.84, "accuracy_post": 0.27, "recourse_seeking_ixs": [452, 324, 325, 484, 348, 370, 481, 486, 460, 456, 458, 287, 299, 442, 385, 414, 363, 494, 398, 422, 469, 446, 396, 297, 290, 345, 421, 411, 263, 465, 316, 380, 436, 450, 318, 332, 461, 254, 464, 252, 475, 413, 440, 480, 307, 392, 341, 360, 285, 276, 487, 491, 369, 384, 428, 331, 366, 433, 296, 256, 251, 430, 261, 474, 344, 399, 497, 354, 437, 390, 250, 301, 283, 444, 435, 425, 459, 362, 368, 347, 381, 438, 462, 333, 336, 483, 343, 371, 277, 372, 320, 429, 472, 266, 294, 402, 391, 395, 457, 269], "recourse_recommended_ixs": [452, 324, 325, 484, 348, 370, 481, 486, 460, 456, 458, 287, 299, 442, 385, 414, 363, 494, 398, 422, 469, 446, 396, 297, 290, 345, 421, 411, 263, 465, 316, 380, 436, 450, 318, 332, 461, 254, 464, 252, 475, 413, 440, 480, 307, 392, 341, 360, 285, 276, 487, 491, 369, 384, 428, 331, 366, 433, 296, 256, 251, 430, 261, 474, 344, 399, 497, 354, 437, 390, 250, 301, 283, 444, 435, 425, 459, 362, 368, 347, 381, 438, 462, 333, 336, 483, 343, 371, 277, 372, 320, 429, 472, 266, 294, 402, 391, 395, 457, 269], "perc_recomm_found": 1.0, "gamma": 0.75, "eta": 0.75, "gamma_obs": 0.27000001072883606, "gamma_obs_pre": 0.1599999964237213, "eta_obs": 1.0, "costs": [1.0, 1.0, 1.0], "lbd": 100.0, "thresh": 0.5, "r_type": "individualized", "t_type": "counterfactual", "eta_obs_individualized": NaN, "eta_obs_refits_batch0_mean": 0.75, "model_score": 0.844, "model_f1": 0.8602150537634409, "model_refits_batch0_scores": [0.82, 0.836, 0.82, 0.832, 0.808], "model_refits_batch0_f1s": [0.8314606741573034, 0.859106529209622, 0.8314606741573034, 0.8521126760563381, 0.8195488721804511], "model_coef": [[0.3649762780376191, -0.16135842680610266, 1.1404697713857248], [-0.3137067525883348]]}