{"accuracy_pre": 0.87, "accuracy_post": 0.22, "recourse_seeking_ixs": [956, 914, 509, 645, 983, 826, 754, 803, 950, 903, 804, 721, 671, 555, 878, 675, 756, 836, 567, 562, 517, 633, 655, 817, 667, 772, 615, 982, 925, 862, 794, 743, 585, 746, 683, 945, 968, 748, 557, 505, 644, 686, 981, 951, 975, 823, 551, 681, 561, 819, 928, 934, 764, 935, 965, 966, 875, 669, 815, 526, 791, 523, 832, 814, 513, 953, 674, 742, 747, 809, 637, 579, 998, 701, 911, 708, 867, 961, 689, 581, 861, 940, 891, 506, 822, 922, 843, 587, 574, 895, 668, 820, 955, 884, 980, 657, 580, 512, 609, 869], "recourse_recommended_ixs": [956, 914, 509, 645, 983, 826, 754, 803, 950, 903, 804, 721, 671, 555, 878, 675, 756, 836, 567, 562, 517, 633, 655, 817, 667, 772, 615, 982, 925, 862, 794, 743, 585, 746, 683, 945, 968, 748, 557, 505, 644, 686, 981, 951, 975, 823, 551, 681, 561, 819, 928, 934, 764, 935, 965, 966, 875, 669, 815, 526, 791, 523, 832, 814, 513, 953, 674, 742, 747, 809, 637, 579, 998, 701, 911, 708, 867, 961, 689, 581, 861, 940, 891, 506, 822, 922, 843, 587, 574, 895, 668, 820, 955, 884, 980, 657, 580, 512, 609, 869], "perc_recomm_found": 1.0, "gamma": 0.75, "eta": 0.75, "gamma_obs": 0.2199999988079071, "gamma_obs_pre": 0.12999999523162842, "eta_obs": 1.0, "costs": [1.0, 1.0, 1.0], "lbd": 300.0, "thresh": 0.5, "r_type": "individualized", "t_type": "counterfactual", "eta_obs_individualized": NaN, "eta_obs_refits_batch0_mean": 0.527999997138977, "model_score": 0.808, "model_f1": 0.8126232741617356, "model_refits_batch0_scores": [0.828, 0.828, 0.794, 0.826, 0.834], "model_refits_batch0_f1s": [0.8027522935779817, 0.8063063063063063, 0.7518072289156627, 0.7962529274004684, 0.814317673378076], "model_coef": [[0.17212440209313498, 0.30563951578550236, 0.8015383947950182], [-0.48917069650178224]]}