{"accuracy_pre": 0.99, "accuracy_post": 0.93, "recourse_seeking_ixs": [1439, 1426, 1906, 1034, 1764, 1565, 1641, 1458, 1661, 1840, 1801, 1225, 1770, 1713, 1469, 1284, 1332, 1289, 1437, 1447, 1761, 1013, 1989, 1291, 1063, 1314, 1788, 1340, 1915, 1605, 1978, 1269, 1285, 1316, 1420, 1072, 1320, 1603, 1738, 1276, 1795, 1742, 1099, 1990, 1055, 1538, 1931, 1016, 1400, 1191, 1170, 1517, 1769, 1006, 1199, 1642, 1349, 1639, 1902, 1147, 1366, 1145, 1431, 1707, 1992, 1567, 1067, 1924, 1831, 1771, 1071, 1886, 1856, 1363, 1986, 1598, 1568, 1159, 1025, 1789, 1161, 1797, 1257, 1097, 1499, 1344, 1879, 1295, 1743, 1968, 1839, 1709, 1529, 1112, 1679, 1308, 1852, 1057, 1939, 1093], "recourse_recommended_ixs": [1439, 1426, 1906, 1034, 1764, 1565, 1641, 1458, 1661, 1840, 1801, 1225, 1770, 1713, 1469, 1284, 1332, 1289, 1437, 1447, 1761, 1013, 1989, 1291, 1063, 1314, 1788, 1340, 1915, 1605, 1978, 1269, 1285, 1316, 1420, 1072, 1320, 1603, 1738, 1276, 1795, 1742, 1099, 1990, 1055, 1538, 1931, 1016, 1400, 1191, 1170, 1517, 1769, 1006, 1199, 1642, 1349, 1639, 1902, 1147, 1366, 1145, 1431, 1707, 1992, 1567, 1067, 1924, 1831, 1771, 1071, 1886, 1856, 1363, 1986, 1598, 1568, 1159, 1025, 1789, 1161, 1797, 1257, 1097, 1499, 1344, 1879, 1295, 1743, 1968, 1839, 1709, 1529, 1112, 1679, 1308, 1852, 1057, 1939, 1093], "perc_recomm_found": 1.0, "gamma": 0.75, "eta": 0.75, "gamma_obs": 1.0, "gamma_obs_pre": 0.009999999776482582, "eta_obs": 0.93, "costs": [1.0, 1.0, 1.0], "lbd": 150.0, "thresh": 0.5, "r_type": "individualized", "t_type": "improvement", "eta_obs_individualized": 1.0, "eta_obs_refits_batch0_mean": 0.9300000071525574, "model_score": 0.994, "model_f1": 1.0, "model_refits_batch0_scores": [0.999, 0.996, 0.996, 0.996, 0.996], "model_refits_batch0_f1s": [0.9990009990009989, 0.9959919839679359, 0.9959919839679359, 0.9959919839679359, 0.9959919839679359], "model_coef": NaN}