{"accuracy_pre": 0.05, "accuracy_post": 1.0, "recourse_seeking_ixs": [1907, 1803, 1476, 1253, 1874, 1883, 1084, 1890, 1906, 1074, 1145, 1607, 1750, 1299, 1151, 1900, 1194, 1010, 1903, 1049, 1385, 1704, 1235, 1000, 1685, 1853, 1519, 1250, 1926, 1567, 1042, 1034, 1245, 1109, 1593, 1879, 1292, 1665, 1823, 1288, 1357, 1368, 1062, 1954, 1689, 1626, 1231, 1802, 1144, 1036, 1838, 1492, 1202, 1346, 1772, 1394, 1437, 1992, 1589, 1556, 1894, 1301, 1528, 1743, 1668, 1281, 1622, 1959, 1319, 1495, 1738, 1091, 1098, 1289, 1382, 1379, 1296, 1859, 1093, 1439, 1629, 1482, 1240, 1904, 1896, 1804, 1695, 1651, 1976, 1474, 1089, 1248, 1978, 1286, 1189, 1171, 1559, 1398, 1353, 1316], "recourse_recommended_ixs": [1907, 1803, 1476, 1253, 1874, 1883, 1084, 1890, 1906, 1074, 1145, 1607, 1750, 1299, 1151, 1900, 1194, 1010, 1903, 1049, 1385, 1704, 1235, 1000, 1685, 1853, 1519, 1250, 1926, 1567, 1042, 1034, 1245, 1109, 1593, 1879, 1292, 1665, 1823, 1288, 1357, 1368, 1062, 1954, 1689, 1626, 1231, 1802, 1144, 1036, 1838, 1492, 1202, 1346, 1772, 1394, 1437, 1992, 1589, 1556, 1894, 1301, 1528, 1743, 1668, 1281, 1622, 1959, 1319, 1495, 1738, 1091, 1098, 1289, 1382, 1379, 1296, 1859, 1093, 1439, 1629, 1482, 1240, 1904, 1896, 1804, 1695, 1651, 1976, 1474, 1089, 1248, 1978, 1286, 1189, 1171, 1559, 1398, 1353, 1316], "perc_recomm_found": 1.0, "gamma": 0.95, "eta": 0.95, "gamma_obs": 1.0, "gamma_obs_pre": 1.0, "eta_obs": 0.99, "costs": [1.0, 1.0, 1.0], "lbd": 150.0, "thresh": 0.5, "r_type": "individualized", "t_type": "counterfactual", "eta_obs_individualized": NaN, "eta_obs_refits_batch0_mean": 1.0, "model_score": 0.224, "model_f1": 0.988235294117647, "model_refits_batch0_scores": [0.998, 0.998, 0.998, 0.998, 0.998], "model_refits_batch0_f1s": [0.9979879275653923, 0.9979879275653923, 0.9979879275653923, 0.9979879275653923, 0.9979879275653923], "model_coef": NaN}