{"accuracy_pre": 0.8, "accuracy_post": 0.97, "recourse_seeking_ixs": [897, 730, 603, 996, 904, 516, 929, 913, 965, 880, 912, 624, 684, 752, 850, 508, 820, 910, 743, 595, 701, 724, 647, 722, 644, 616, 682, 589, 776, 887, 870, 857, 869, 961, 839, 876, 834, 853, 756, 583, 930, 873, 807, 830, 759, 925, 762, 668, 677, 846, 542, 575, 794, 605, 804, 586, 716, 613, 517, 541, 974, 953, 584, 626, 812, 994, 619, 798, 571, 932, 782, 666, 803, 821, 725, 574, 609, 608, 588, 777, 881, 534, 606, 885, 977, 658, 675, 937, 727, 775, 958, 764, 643, 632, 501, 553, 732, 939, 914, 790], "recourse_recommended_ixs": [897, 730, 603, 996, 904, 516, 929, 913, 965, 880, 912, 624, 684, 752, 850, 508, 820, 910, 743, 595, 701, 724, 647, 722, 644, 616, 682, 589, 776, 887, 870, 857, 869, 961, 839, 876, 834, 853, 756, 583, 930, 873, 807, 830, 759, 925, 762, 668, 677, 846, 542, 575, 794, 605, 804, 586, 716, 613, 517, 541, 974, 953, 584, 626, 812, 994, 619, 798, 571, 932, 782, 666, 803, 821, 725, 574, 609, 608, 588, 777, 881, 534, 606, 885, 977, 658, 675, 937, 727, 775, 958, 764, 643, 632, 501, 553, 732, 939, 914, 790], "perc_recomm_found": 1.0, "gamma": 0.95, "eta": 0.95, "gamma_obs": 0.9700000286102295, "gamma_obs_pre": 0.20000000298023224, "eta_obs": 1.0, "costs": [1.0, 1.0], "lbd": 300.0, "thresh": 0.5, "r_type": "subpopulation", "t_type": "improvement", "eta_obs_individualized": NaN, "eta_obs_refits_batch0_mean": 0.9800000190734863, "model_score": 0.786, "model_f1": 0.8207171314741036, "model_refits_batch0_scores": [0.796, 0.788, 0.812, 0.74, 0.776], "model_refits_batch0_f1s": [0.7943548387096774, 0.7845528455284553, 0.8016877637130803, 0.75, 0.7575757575757576], "model_coef": NaN}