{"accuracy_pre": 0.79, "accuracy_post": 0.27, "recourse_seeking_ixs": [326, 342, 368, 285, 383, 273, 493, 425, 482, 427, 395, 498, 290, 438, 258, 479, 375, 272, 366, 386, 447, 319, 350, 310, 464, 468, 268, 259, 458, 411, 497, 401, 288, 422, 460, 299, 353, 372, 371, 283, 476, 398, 306, 323, 492, 324, 406, 428, 278, 483, 499, 393, 494, 352, 317, 355, 348, 445, 388, 251, 300, 253, 412, 316, 451, 260, 252, 408, 349, 297, 277, 389, 379, 402, 254, 365, 311, 490, 313, 488, 442, 263, 496, 436, 414, 441, 455, 481, 261, 363, 289, 486, 421, 424, 334, 296, 394, 387, 265, 320], "recourse_recommended_ixs": [326, 342, 368, 285, 383, 273, 493, 425, 482, 427, 395, 498, 290, 438, 258, 479, 375, 272, 366, 386, 447, 319, 350, 310, 464, 468, 268, 259, 458, 411, 497, 401, 288, 422, 460, 299, 353, 372, 371, 283, 476, 398, 306, 323, 492, 324, 406, 428, 278, 483, 499, 393, 494, 352, 317, 355, 348, 445, 388, 251, 300, 253, 412, 316, 451, 260, 252, 408, 349, 297, 277, 389, 379, 402, 254, 365, 311, 490, 313, 488, 442, 263, 496, 436, 414, 441, 455, 481, 261, 363, 289, 486, 421, 424, 334, 296, 394, 387, 265, 320], "perc_recomm_found": 1.0, "gamma": 0.75, "eta": 0.75, "gamma_obs": 0.25, "gamma_obs_pre": 0.20999999344348907, "eta_obs": 0.98, "costs": [1.0, 1.0, 1.0], "lbd": 100.0, "thresh": 0.5, "r_type": "individualized", "t_type": "counterfactual", "eta_obs_individualized": NaN, "eta_obs_refits_batch0_mean": 0.9160000085830688, "model_score": 0.8, "model_f1": 0.7916666666666666, "model_refits_batch0_scores": [0.8, 0.796, 0.792, 0.8, 0.812], "model_refits_batch0_f1s": [0.7916666666666666, 0.7901234567901234, 0.7833333333333333, 0.7933884297520661, 0.8], "model_coef": [[-0.10360710355820973, -0.4840985551564463, 1.2888307442029043], [-0.6215992533679852]]}