r_type,t_type,eta_mean,gamma_mean,perc_recomm_found_mean,eta_obs_mean,eta_obs_individualized_mean,eta_obs_refits_batch0_mean_mean,gamma_obs_mean,intv-cost_mean,eta_std,gamma_std,perc_recomm_found_std,eta_obs_std,eta_obs_individualized_std,eta_obs_refits_batch0_mean_std,gamma_obs_std,intv-cost_std
individualized,acceptance,0.9499999999999998,0.9499999999999998,1.0,1.0,,0.4373333354791005,0.29333333671092987,1.7936666666666665,1.3597399555105182e-16,1.3597399555105182e-16,0.0,0.0,,0.0670024828937108,0.07767452867889034,0.07427202254774892
individualized,counterfactual,0.9499999999999998,0.9499999999999998,1.0,0.9133333333333332,,0.42933332920074463,0.2799999962250392,1.9373333333333331,1.3597399555105182e-16,1.3597399555105182e-16,0.0,0.05507570547286101,,0.06676325164059554,0.07000000029802335,0.13794684966802778
individualized,improvement,0.9499999999999998,0.9499999999999998,1.0,0.9899999999999999,1.0,0.9706666668256124,0.9600000182787577,4.72,1.3597399555105182e-16,1.3597399555105182e-16,0.0,0.01732050807568879,0.0,0.005773462773097318,0.0264575216714532,0.39829260600719163
subpopulation,acceptance,0.9499999999999998,0.9499999999999998,1.0,0.9899999999999999,,0.4300000071525574,0.26666667064030963,1.9576666666666664,1.3597399555105182e-16,1.3597399555105182e-16,0.0,1.3597399555105182e-16,,0.06974241845824627,0.04509249968721935,0.11541808061709138
subpopulation,counterfactual,0.9499999999999998,0.9499999999999998,1.0,0.9133333333333332,,0.42933332920074463,0.2799999962250392,1.9373333333333331,1.3597399555105182e-16,1.3597399555105182e-16,0.0,0.05507570547286101,,0.06676325164059554,0.07000000029802335,0.13794684966802778
subpopulation,improvement,0.9499999999999998,0.9499999999999998,1.0,0.9833333333333334,,0.9586666822433472,0.953333338101705,5.082000000000001,1.3597399555105182e-16,1.3597399555105182e-16,0.0,0.005773502691896263,,0.006429042458386045,0.03055050151141528,0.20944927786936857
