{"accuracy_pre": 0.97, "accuracy_post": 0.14, "recourse_seeking_ixs": [1565, 1831, 1128, 1648, 1541, 1166, 1741, 1013, 1276, 1231, 1793, 1773, 1191, 1562, 1875, 1606, 1054, 1934, 1895, 1791, 1447, 1256, 1464, 1891, 1309, 1642, 1462, 1484, 1415, 1314, 1655, 1898, 1757, 1625, 1110, 1233, 1743, 1206, 1929, 1675, 1736, 1438, 1082, 1076, 1941, 1146, 1400, 1992, 1725, 1468, 1603, 1170, 1731, 1852, 1302, 1401, 1911, 1267, 1344, 1659, 1225, 1505, 1011, 1460, 1629, 1179, 1161, 1787, 1009, 1535, 1219, 1964, 1105, 1617, 1597, 1638, 1646, 1621, 1892, 1065, 1315, 1112, 1116, 1213, 1012, 1162, 1184, 1237, 1708, 1101, 1999, 1504, 1605, 1816, 1090, 1761, 1414, 1624, 1385, 1873], "recourse_recommended_ixs": [1565, 1831, 1128, 1648, 1541, 1166, 1741, 1013, 1276, 1231, 1793, 1773, 1191, 1562, 1875, 1606, 1054, 1934, 1895, 1791, 1447, 1256, 1464, 1891, 1309, 1642, 1462, 1484, 1415, 1314, 1655, 1898, 1757, 1625, 1110, 1233, 1743, 1206, 1929, 1675, 1736, 1438, 1082, 1076, 1941, 1146, 1400, 1992, 1725, 1468, 1603, 1170, 1731, 1852, 1302, 1401, 1911, 1267, 1344, 1659, 1225, 1505, 1011, 1460, 1629, 1179, 1161, 1787, 1009, 1535, 1219, 1964, 1105, 1617, 1597, 1638, 1646, 1621, 1892, 1065, 1315, 1112, 1116, 1213, 1012, 1162, 1184, 1237, 1708, 1101, 1999, 1504, 1605, 1816, 1090, 1761, 1414, 1624, 1385, 1873], "perc_recomm_found": 1.0, "gamma": 0.75, "eta": 0.75, "gamma_obs": 0.14000000059604645, "gamma_obs_pre": 0.029999999329447746, "eta_obs": 1.0, "costs": [1.0, 1.0, 1.0], "lbd": 150.0, "thresh": 0.5, "r_type": "individualized", "t_type": "acceptance", "eta_obs_individualized": NaN, "eta_obs_refits_batch0_mean": 0.5080000162124634, "model_score": 0.993, "model_f1": 0.9930624380574826, "model_refits_batch0_scores": [0.998, 0.998, 0.998, 0.998, 0.998], "model_refits_batch0_f1s": [0.99800796812749, 0.99800796812749, 0.99800796812749, 0.99800796812749, 0.99800796812749], "model_coef": [[-1.4772435662888521, -1.846554638080656, 3.532578813399066], [-1.7375217910702037]]}