{"accuracy_pre": 0.82, "accuracy_post": 0.89, "recourse_seeking_ixs": [890, 896, 766, 686, 528, 646, 500, 636, 718, 593, 877, 919, 983, 556, 897, 700, 530, 855, 702, 753, 673, 696, 916, 929, 731, 936, 786, 917, 900, 613, 846, 760, 749, 873, 940, 559, 680, 557, 837, 619, 813, 939, 650, 603, 748, 822, 612, 938, 705, 565, 733, 796, 853, 659, 824, 775, 810, 835, 913, 918, 549, 656, 795, 616, 693, 767, 859, 986, 651, 927, 761, 572, 542, 661, 992, 703, 789, 687, 695, 998, 609, 953, 512, 599, 685, 737, 608, 577, 798, 941, 755, 825, 903, 915, 820, 584, 677, 639, 517, 508], "recourse_recommended_ixs": [890, 896, 766, 686, 528, 646, 500, 636, 718, 593, 877, 919, 983, 556, 897, 700, 530, 855, 702, 753, 673, 696, 916, 929, 731, 936, 786, 917, 900, 613, 846, 760, 749, 873, 940, 559, 680, 557, 837, 619, 813, 939, 650, 603, 748, 822, 612, 938, 705, 565, 733, 796, 853, 659, 824, 775, 810, 835, 913, 918, 549, 656, 795, 616, 693, 767, 859, 986, 651, 927, 761, 572, 542, 661, 992, 703, 789, 687, 695, 998, 609, 953, 512, 599, 685, 737, 608, 577, 798, 941, 755, 825, 903, 915, 820, 584, 677, 639, 517, 508], "perc_recomm_found": 1.0, "gamma": 0.95, "eta": 0.95, "gamma_obs": 0.8899999856948853, "gamma_obs_pre": 0.18000000715255737, "eta_obs": 0.99, "costs": [1.0, 1.0], "lbd": 300.0, "thresh": 0.5, "r_type": "subpopulation", "t_type": "improvement", "eta_obs_individualized": NaN, "eta_obs_refits_batch0_mean": 0.9880000352859497, "model_score": 0.808, "model_f1": 0.8301886792452831, "model_refits_batch0_scores": [0.814, 0.808, 0.822, 0.758, 0.796], "model_refits_batch0_f1s": [0.8074534161490684, 0.8064516129032259, 0.8126315789473685, 0.7575150300601203, 0.782051282051282], "model_coef": NaN}