{"accuracy_pre": 0.91, "accuracy_post": 0.39, "recourse_seeking_ixs": [723, 798, 567, 651, 722, 640, 747, 643, 813, 985, 962, 869, 820, 817, 892, 772, 886, 759, 964, 512, 923, 792, 685, 748, 505, 538, 845, 961, 523, 988, 606, 576, 701, 665, 737, 623, 828, 855, 931, 771, 794, 577, 713, 533, 715, 529, 655, 508, 944, 938, 624, 815, 708, 692, 725, 563, 868, 824, 822, 850, 960, 976, 952, 875, 982, 930, 789, 530, 683, 943, 645, 504, 718, 620, 733, 599, 628, 547, 695, 687, 975, 570, 526, 503, 775, 544, 553, 949, 617, 609, 871, 752, 534, 870, 898, 605, 907, 661, 597, 821], "recourse_recommended_ixs": [723, 798, 567, 651, 722, 640, 747, 643, 813, 985, 962, 869, 820, 817, 892, 772, 886, 759, 964, 512, 923, 792, 685, 748, 505, 538, 845, 961, 523, 988, 606, 576, 701, 665, 737, 623, 828, 855, 931, 771, 794, 577, 713, 533, 715, 529, 655, 508, 944, 938, 624, 815, 708, 692, 725, 563, 868, 824, 822, 850, 960, 976, 952, 875, 982, 930, 789, 530, 683, 943, 645, 504, 718, 620, 733, 599, 628, 547, 695, 687, 975, 570, 526, 503, 775, 544, 553, 949, 617, 609, 871, 752, 534, 870, 898, 605, 907, 661, 597, 821], "perc_recomm_found": 1.0, "gamma": 0.95, "eta": 0.95, "gamma_obs": 0.4000000059604645, "gamma_obs_pre": 0.09000000357627869, "eta_obs": 0.97, "costs": [1.0, 1.0, 1.0], "lbd": 300.0, "thresh": 0.5, "r_type": "subpopulation", "t_type": "counterfactual", "eta_obs_individualized": NaN, "eta_obs_refits_batch0_mean": 0.5540000200271606, "model_score": 0.884, "model_f1": 0.8786610878661086, "model_refits_batch0_scores": [0.884, 0.892, 0.87, 0.878, 0.874], "model_refits_batch0_f1s": [0.8786610878661086, 0.8805309734513276, 0.8608137044967881, 0.871578947368421, 0.8695652173913043], "model_coef": NaN}