{"accuracy_pre": 0.9, "accuracy_post": 0.5, "recourse_seeking_ixs": [375, 280, 259, 316, 245, 247, 264, 224, 234, 237, 223, 301, 366, 294, 330, 391, 384, 369, 215, 399, 209, 255, 315, 226, 337, 393, 343, 253, 256, 230, 281, 283, 239, 304, 254, 357, 321, 278, 214, 202, 306, 331, 285, 313, 205, 362, 385, 386, 388, 318], "recourse_recommended_ixs": [375, 280, 259, 316, 245, 247, 264, 224, 234, 237, 223, 301, 366, 294, 330, 391, 384, 369, 215, 399, 209, 255, 315, 226, 337, 393, 343, 253, 256, 230, 281, 283, 239, 304, 254, 357, 321, 278, 214, 202, 306, 331, 285, 313, 205, 362, 385, 386, 388, 318], "perc_recomm_found": 1.0, "gamma": 0.75, "eta": 0.75, "gamma_obs": 0.47999998927116394, "gamma_obs_pre": 0.10000000149011612, "eta_obs": 0.98, "costs": [1.0, 1.0, 1.0], "lbd": 300.0, "thresh": 0.5, "r_type": "subpopulation", "t_type": "acceptance", "eta_obs_individualized": NaN, "eta_obs_refits_batch0_mean": 0.40799999237060547, "model_score": 0.87, "model_f1": 0.8869565217391305, "model_refits_batch0_scores": [0.855, 0.88, 0.865, 0.86, 0.875], "model_refits_batch0_f1s": [0.8786610878661087, 0.8938053097345133, 0.8851063829787235, 0.8813559322033899, 0.8888888888888888], "model_coef": [[0.6153571794458655, 0.7133814931806755, 1.1806959858552413], [0.2238839421595373]]}