{"accuracy_pre": 0.7222222222222222, "accuracy_post": 0.7222222222222222, "recourse_seeking_ixs": [138, 103, 176, 172, 182, 121, 154, 134, 198, 130, 164, 160, 117, 126, 167, 129, 144, 166], "recourse_recommended_ixs": [138, 103, 176, 172, 182, 121, 154, 134, 198, 130, 164, 160, 117, 126, 167, 129, 144, 166], "perc_recomm_found": 1.0, "gamma": 0.75, "eta": 0.75, "gamma_obs": 0.7222222089767456, "gamma_obs_pre": 0.2777777910232544, "eta_obs": 1.0, "costs": [1.0, 1.0], "lbd": 50.0, "thresh": 0.5, "r_type": "individualized", "t_type": "improvement", "eta_obs_individualized": 0.7777777777777778, "eta_obs_refits_batch0_mean": 0.9777777791023254, "model_score": 0.85, "model_f1": 0.9012345679012346, "model_refits_batch0_scores": [0.76, 0.74, 0.72, 0.77, 0.78], "model_refits_batch0_f1s": [0.7777777777777777, 0.7719298245614036, 0.75, 0.7722772277227722, 0.7708333333333333], "model_coef": [[0.40369860139718966, 0.10964738981360939, 1.098398996722711], [-0.311438634657002]]}