{"accuracy_pre": 0.84, "accuracy_post": 0.48, "recourse_seeking_ixs": [512, 830, 516, 679, 985, 606, 575, 791, 984, 726, 930, 875, 817, 527, 603, 880, 570, 915, 810, 500, 897, 939, 580, 616, 803, 878, 851, 947, 778, 959, 545, 759, 881, 519, 962, 929, 983, 731, 813, 651, 639, 762, 515, 757, 507, 967, 729, 926, 634, 646, 954, 849, 711, 665, 712, 976, 647, 785, 553, 677, 703, 540, 871, 845, 652, 763, 908, 736, 567, 794, 928, 824, 690, 848, 593, 600, 744, 888, 501, 838, 819, 861, 642, 738, 844, 587, 576, 503, 560, 615, 833, 543, 996, 902, 811, 747, 931, 808, 843, 885], "recourse_recommended_ixs": [512, 830, 516, 679, 985, 606, 575, 791, 984, 726, 930, 875, 817, 527, 603, 880, 570, 915, 810, 500, 897, 939, 580, 616, 803, 878, 851, 947, 778, 959, 545, 759, 881, 519, 962, 929, 983, 731, 813, 651, 639, 762, 515, 757, 507, 967, 729, 926, 634, 646, 954, 849, 711, 665, 712, 976, 647, 785, 553, 677, 703, 540, 871, 845, 652, 763, 908, 736, 567, 794, 928, 824, 690, 848, 593, 600, 744, 888, 501, 838, 819, 861, 642, 738, 844, 587, 576, 503, 560, 615, 833, 543, 996, 902, 811, 747, 931, 808, 843, 885], "perc_recomm_found": 1.0, "gamma": 0.95, "eta": 0.95, "gamma_obs": 0.47999998927116394, "gamma_obs_pre": 0.1599999964237213, "eta_obs": 1.0, "costs": [1.0, 1.0, 1.0], "lbd": 300.0, "thresh": 0.5, "r_type": "subpopulation", "t_type": "counterfactual", "eta_obs_individualized": NaN, "eta_obs_refits_batch0_mean": 0.4860000014305115, "model_score": 0.85, "model_f1": 0.8582230623818526, "model_refits_batch0_scores": [0.866, 0.864, 0.86, 0.856, 0.852], "model_refits_batch0_f1s": [0.8552915766738661, 0.8547008547008548, 0.8430493273542601, 0.8378378378378378, 0.8348214285714286], "model_coef": [[0.687721670390012, 1.0293311246961712, 0.9718462232035527], [-0.013664388085315504]]}