{"accuracy_pre": 0.91, "accuracy_post": 0.33, "recourse_seeking_ixs": [886, 874, 994, 960, 691, 627, 567, 695, 803, 527, 766, 586, 914, 764, 883, 572, 680, 557, 717, 832, 777, 864, 672, 965, 976, 538, 663, 762, 970, 799, 600, 790, 570, 860, 999, 640, 841, 523, 511, 993, 781, 990, 641, 702, 513, 943, 727, 846, 743, 757, 954, 753, 625, 984, 746, 838, 655, 821, 733, 770, 929, 581, 801, 921, 514, 735, 605, 580, 645, 707, 851, 616, 736, 818, 626, 995, 678, 584, 617, 880, 509, 924, 694, 598, 963, 536, 508, 578, 823, 867, 637, 913, 684, 893, 519, 728, 739, 723, 520, 944], "recourse_recommended_ixs": [886, 874, 994, 960, 691, 627, 567, 695, 803, 527, 766, 586, 914, 764, 883, 572, 680, 557, 717, 832, 777, 864, 672, 965, 976, 538, 663, 762, 970, 799, 600, 790, 570, 860, 999, 640, 841, 523, 511, 993, 781, 990, 641, 702, 513, 943, 727, 846, 743, 757, 954, 753, 625, 984, 746, 838, 655, 821, 733, 770, 929, 581, 801, 921, 514, 735, 605, 580, 645, 707, 851, 616, 736, 818, 626, 995, 678, 584, 617, 880, 509, 924, 694, 598, 963, 536, 508, 578, 823, 867, 637, 913, 684, 893, 519, 728, 739, 723, 520, 944], "perc_recomm_found": 1.0, "gamma": 0.95, "eta": 0.95, "gamma_obs": 0.33000001311302185, "gamma_obs_pre": 0.09000000357627869, "eta_obs": 1.0, "costs": [1.0, 1.0, 1.0], "lbd": 300.0, "thresh": 0.5, "r_type": "subpopulation", "t_type": "counterfactual", "eta_obs_individualized": NaN, "eta_obs_refits_batch0_mean": 0.5460000038146973, "model_score": 0.9, "model_f1": 0.8752556237218814, "model_refits_batch0_scores": [0.868, 0.852, 0.858, 0.858, 0.848], "model_refits_batch0_f1s": [0.858974358974359, 0.8412017167381973, 0.8459869848156182, 0.8432671081677705, 0.8325991189427313], "model_coef": NaN}