{"accuracy_pre": 1.0, "accuracy_post": 1.0, "recourse_seeking_ixs": [222, 318, 397, 346, 351, 268, 352, 296, 286, 283, 376, 313, 348, 394, 389, 240, 301, 360, 244, 233, 238, 300, 395, 282, 304, 354, 335, 305, 259, 314, 315, 364, 392, 316, 377, 211, 372, 332, 359, 382, 278, 380, 331, 253, 228, 279, 293, 356, 271, 214], "recourse_recommended_ixs": [222, 318, 397, 346, 351, 268, 352, 296, 286, 283, 376, 313, 348, 394, 389, 240, 301, 360, 244, 233, 238, 300, 395, 282, 304, 354, 335, 305, 259, 314, 315, 364, 392, 316, 377, 211, 372, 332, 359, 382, 278, 380, 331, 253, 228, 279, 293, 356, 271, 214], "perc_recomm_found": 1.0, "gamma": 0.95, "eta": 0.95, "gamma_obs": 0.98, "gamma_obs_pre": 0.0, "eta_obs": 0.98, "costs": [5.0, 5.0], "lbd": 300.0, "thresh": 0.5, "r_type": "subpopulation", "t_type": "improvement", "eta_obs_individualized": NaN, "eta_obs_refits_batch0_mean": 0.9800000000000001, "model_score": 0.985, "model_f1": 0.988929889298893, "model_refits_batch0_scores": [0.995, 0.97, 0.995, 0.985, 0.98], "model_refits_batch0_f1s": [0.996282527881041, 0.9779411764705882, 0.996282527881041, 0.988929889298893, 0.9851851851851852], "model_coef": [[-0.5930306028896171, 0.8368561266055082, 0.005333506630559723, 0.023932172008233554, 0.9800294583626994], [-12.066944353712943]]}