{"accuracy_pre": 0.0, "accuracy_post": 1.0, "recourse_seeking_ixs": [1348, 1245, 1305, 1981, 1457, 1466, 1240, 1829, 1000, 1204, 1084, 1488, 1089, 1301, 1048, 1036, 1146, 1010, 1629, 1959, 1520, 1695, 1683, 1452, 1332, 1267, 1911, 1072, 1051, 1717, 1781, 1858, 1304, 1145, 1278, 1916, 1803, 1361, 1693, 1873, 1894, 1724, 1688, 1326, 1557, 1889, 1494, 1292, 1437, 1961, 1111, 1904, 1580, 1582, 1791, 1157, 1960, 1093, 1099, 1042, 1820, 1637, 1692, 1739, 1443, 1098, 1428, 1662, 1772, 1542, 1903, 1900, 1883, 1731, 1680, 1622, 1091, 1268, 1299, 1193, 1179, 1385, 1578, 1357, 1549, 1513, 1704, 1554, 1529, 1851, 1976, 1968, 1665, 1211, 1568, 1460, 1947, 1978, 1879, 1114], "recourse_recommended_ixs": [1348, 1245, 1305, 1981, 1457, 1466, 1240, 1829, 1000, 1204, 1084, 1488, 1089, 1301, 1048, 1036, 1146, 1010, 1629, 1959, 1520, 1695, 1683, 1452, 1332, 1267, 1911, 1072, 1051, 1717, 1781, 1858, 1304, 1145, 1278, 1916, 1803, 1361, 1693, 1873, 1894, 1724, 1688, 1326, 1557, 1889, 1494, 1292, 1437, 1961, 1111, 1904, 1580, 1582, 1791, 1157, 1960, 1093, 1099, 1042, 1820, 1637, 1692, 1739, 1443, 1098, 1428, 1662, 1772, 1542, 1903, 1900, 1883, 1731, 1680, 1622, 1091, 1268, 1299, 1193, 1179, 1385, 1578, 1357, 1549, 1513, 1704, 1554, 1529, 1851, 1976, 1968, 1665, 1211, 1568, 1460, 1947, 1978, 1879, 1114], "perc_recomm_found": 1.0, "gamma": 0.95, "eta": 0.95, "gamma_obs": 1.0, "gamma_obs_pre": 1.0, "eta_obs": 1.0, "costs": [1.0, 1.0, 1.0], "lbd": 150.0, "thresh": 0.5, "r_type": "individualized", "t_type": "counterfactual", "eta_obs_individualized": NaN, "eta_obs_refits_batch0_mean": 0.6519999504089355, "model_score": 0.242, "model_f1": 0.9967637540453074, "model_refits_batch0_scores": [0.998, 0.998, 0.998, 0.998, 0.998], "model_refits_batch0_f1s": [0.9979879275653923, 0.9979879275653923, 0.9979879275653923, 0.9979879275653923, 0.9979879275653923], "model_coef": NaN}