{"accuracy_pre": 0.99, "accuracy_post": 0.11, "recourse_seeking_ixs": [1657, 1350, 1061, 1154, 1253, 1509, 1685, 1373, 1954, 1177, 1097, 1486, 1217, 1286, 1863, 1498, 1117, 1987, 1165, 1865, 1674, 1180, 1290, 1917, 1861, 1676, 1737, 1873, 1099, 1077, 1510, 1068, 1072, 1480, 1172, 1329, 1234, 1704, 1872, 1335, 1901, 1691, 1700, 1807, 1433, 1533, 1351, 1541, 1122, 1909, 1625, 1268, 1542, 1985, 1588, 1306, 1082, 1841, 1221, 1980, 1853, 1586, 1028, 1070, 1563, 1767, 1523, 1218, 1947, 1390, 1376, 1828, 1512, 1630, 1733, 1292, 1730, 1966, 1923, 1537, 1727, 1703, 1246, 1885, 1942, 1552, 1132, 1757, 1225, 1516, 1898, 1577, 1065, 1426, 1829, 1219, 1914, 1422, 1880, 1855], "recourse_recommended_ixs": [1657, 1350, 1061, 1154, 1253, 1509, 1685, 1373, 1954, 1177, 1097, 1486, 1217, 1286, 1863, 1498, 1117, 1987, 1165, 1865, 1674, 1180, 1290, 1917, 1861, 1676, 1737, 1873, 1099, 1077, 1510, 1068, 1072, 1480, 1172, 1329, 1234, 1704, 1872, 1335, 1901, 1691, 1700, 1807, 1433, 1533, 1351, 1541, 1122, 1909, 1625, 1268, 1542, 1985, 1588, 1306, 1082, 1841, 1221, 1980, 1853, 1586, 1028, 1070, 1563, 1767, 1523, 1218, 1947, 1390, 1376, 1828, 1512, 1630, 1733, 1292, 1730, 1966, 1923, 1537, 1727, 1703, 1246, 1885, 1942, 1552, 1132, 1757, 1225, 1516, 1898, 1577, 1065, 1426, 1829, 1219, 1914, 1422, 1880, 1855], "perc_recomm_found": 1.0, "gamma": 0.95, "eta": 0.95, "gamma_obs": 0.10999999940395355, "gamma_obs_pre": 0.009999999776482582, "eta_obs": 1.0, "costs": [1.0, 1.0, 1.0], "lbd": 150.0, "thresh": 0.5, "r_type": "individualized", "t_type": "acceptance", "eta_obs_individualized": NaN, "eta_obs_refits_batch0_mean": 0.8040000200271606, "model_score": 0.984, "model_f1": 0.9835051546391753, "model_refits_batch0_scores": [0.998, 0.998, 0.998, 0.998, 0.998], "model_refits_batch0_f1s": [0.9979674796747968, 0.9979674796747968, 0.9979674796747968, 0.9979674796747968, 0.9979674796747968], "model_coef": [[-1.659163472684449, -2.073954509754808, 3.5461907791574467], [-1.8217384722569294]]}