{"accuracy_pre": 0.97, "accuracy_post": 0.35, "recourse_seeking_ixs": [680, 975, 886, 509, 840, 642, 839, 573, 676, 659, 616, 554, 798, 776, 660, 779, 502, 795, 756, 528, 664, 684, 882, 871, 853, 650, 601, 726, 925, 950, 544, 569, 522, 768, 635, 747, 553, 718, 857, 631, 955, 709, 586, 775, 557, 917, 789, 508, 546, 934, 862, 991, 879, 849, 801, 738, 905, 921, 978, 606, 728, 647, 993, 644, 782, 810, 729, 530, 937, 803, 655, 817, 686, 802, 926, 750, 841, 511, 623, 784, 640, 940, 990, 564, 875, 670, 998, 891, 558, 716, 847, 824, 505, 814, 785, 627, 617, 868, 552, 968], "recourse_recommended_ixs": [680, 975, 886, 509, 840, 642, 839, 573, 676, 659, 616, 554, 798, 776, 660, 779, 502, 795, 756, 528, 664, 684, 882, 871, 853, 650, 601, 726, 925, 950, 544, 569, 522, 768, 635, 747, 553, 718, 857, 631, 955, 709, 586, 775, 557, 917, 789, 508, 546, 934, 862, 991, 879, 849, 801, 738, 905, 921, 978, 606, 728, 647, 993, 644, 782, 810, 729, 530, 937, 803, 655, 817, 686, 802, 926, 750, 841, 511, 623, 784, 640, 940, 990, 564, 875, 670, 998, 891, 558, 716, 847, 824, 505, 814, 785, 627, 617, 868, 552, 968], "perc_recomm_found": 1.0, "gamma": 0.95, "eta": 0.95, "gamma_obs": 0.3199999928474426, "gamma_obs_pre": 0.029999999329447746, "eta_obs": 0.99, "costs": [1.0, 1.0, 1.0], "lbd": 300.0, "thresh": 0.5, "r_type": "subpopulation", "t_type": "acceptance", "eta_obs_individualized": NaN, "eta_obs_refits_batch0_mean": 0.5140000581741333, "model_score": 0.802, "model_f1": 0.8528784648187634, "model_refits_batch0_scores": [0.856, 0.846, 0.85, 0.846, 0.866], "model_refits_batch0_f1s": [0.8481012658227849, 0.832244008714597, 0.8414376321353065, 0.8372093023255814, 0.8635437881873727], "model_coef": NaN}