{"accuracy_pre": 0.9, "accuracy_post": 0.2, "recourse_seeking_ixs": [169, 175, 154, 121, 199, 115, 113, 164, 150, 104], "recourse_recommended_ixs": [169, 175, 154, 121, 199, 115, 113, 164, 150, 104], "perc_recomm_found": 1.0, "gamma": 0.75, "eta": 0.75, "gamma_obs": 0.20000000298023224, "gamma_obs_pre": 0.10000000149011612, "eta_obs": 1.0, "costs": [1.0, 1.0, 1.0], "lbd": 50.0, "thresh": 0.5, "r_type": "individualized", "t_type": "counterfactual", "eta_obs_individualized": NaN, "eta_obs_refits_batch0_mean": 0.7799999713897705, "model_score": 0.86, "model_f1": 0.9024390243902439, "model_refits_batch0_scores": [0.76, 0.74, 0.72, 0.77, 0.78], "model_refits_batch0_f1s": [0.7777777777777777, 0.7719298245614036, 0.75, 0.7722772277227722, 0.7708333333333333], "model_coef": [[0.40369860139718966, 0.10964738981360939, 1.098398996722711], [-0.311438634657002]]}