{"accuracy_pre": 1.0, "accuracy_post": 0.15, "recourse_seeking_ixs": [1219, 1628, 1582, 1099, 1486, 1704, 1333, 1218, 1231, 1020, 1733, 1036, 1456, 1973, 1836, 1326, 1714, 1030, 1685, 1654, 1734, 1601, 1230, 1542, 1520, 1820, 1115, 1194, 1592, 1539, 1427, 1003, 1594, 1746, 1384, 1385, 1666, 1450, 1623, 1507, 1157, 1359, 1171, 1273, 1960, 1286, 1590, 1201, 1686, 1931, 1561, 1229, 1305, 1688, 1323, 1966, 1500, 1747, 1008, 1567, 1956, 1602, 1720, 1072, 1550, 1098, 1279, 1374, 1034, 1579, 1044, 1459, 1223, 1847, 1330, 1776, 1506, 1345, 1276, 1331, 1724, 1803, 1049, 1711, 1516, 1313, 1934, 1259, 1344, 1938, 1936, 1808, 1874, 1119, 1829, 1961, 1246, 1033, 1772, 1996], "recourse_recommended_ixs": [1219, 1628, 1582, 1099, 1486, 1704, 1333, 1218, 1231, 1020, 1733, 1036, 1456, 1973, 1836, 1326, 1714, 1030, 1685, 1654, 1734, 1601, 1230, 1542, 1520, 1820, 1115, 1194, 1592, 1539, 1427, 1003, 1594, 1746, 1384, 1385, 1666, 1450, 1623, 1507, 1157, 1359, 1171, 1273, 1960, 1286, 1590, 1201, 1686, 1931, 1561, 1229, 1305, 1688, 1323, 1966, 1500, 1747, 1008, 1567, 1956, 1602, 1720, 1072, 1550, 1098, 1279, 1374, 1034, 1579, 1044, 1459, 1223, 1847, 1330, 1776, 1506, 1345, 1276, 1331, 1724, 1803, 1049, 1711, 1516, 1313, 1934, 1259, 1344, 1938, 1936, 1808, 1874, 1119, 1829, 1961, 1246, 1033, 1772, 1996], "perc_recomm_found": 1.0, "gamma": 0.75, "eta": 0.75, "gamma_obs": 0.11999999731779099, "gamma_obs_pre": 0.0, "eta_obs": 0.97, "costs": [1.0, 1.0, 1.0], "lbd": 150.0, "thresh": 0.5, "r_type": "individualized", "t_type": "counterfactual", "eta_obs_individualized": NaN, "eta_obs_refits_batch0_mean": 0.7480000257492065, "model_score": 0.974, "model_f1": 0.9978858350951374, "model_refits_batch0_scores": [0.998, 0.998, 0.998, 0.998, 0.998], "model_refits_batch0_f1s": [0.9979879275653923, 0.9979879275653923, 0.9979879275653923, 0.9979879275653923, 0.9979879275653923], "model_coef": NaN}