r_type,t_type,eta_mean,gamma_mean,perc_recomm_found_mean,eta_obs_mean,eta_obs_individualized_mean,eta_obs_refits_batch0_mean_mean,gamma_obs_mean,intv-cost_mean,eta_std,gamma_std,perc_recomm_found_std,eta_obs_std,eta_obs_individualized_std,eta_obs_refits_batch0_mean_std,gamma_obs_std,intv-cost_std
individualized,acceptance,0.75,0.75,1.0,1.0,,0.9933333396911621,0.17000000178813934,4.234333333333333,0.0,0.0,0.0,0.0,,0.01154699437171005,0.026457513223288546,0.491976964230372
individualized,counterfactual,0.75,0.75,1.0,0.9933333333333333,,1.0,0.07666666557391484,4.383,0.0,0.0,0.0,0.011547005383792525,,0.0,0.005773501487449737,0.5121435345681908
individualized,improvement,0.75,0.75,1.0,0.93,1.0,0.9153332908948263,1.0,3.2549999999999994,0.0,0.0,0.0,0.026457513110645866,0.0,0.042723886057878725,0.0,0.359526076940185
subpopulation,acceptance,0.75,0.75,1.0,0.9333333333333332,,0.9693333705266317,0.22000000377496085,4.107666666666667,0.0,0.0,0.0,0.025166114784235798,,0.019008794840497212,0.03605550936571233,0.46347635682236576
subpopulation,improvement,0.75,0.75,1.0,0.7533333333333334,,0.7273333072662354,1.0,2.596,0.0,0.0,0.0,0.06350852961085883,,0.06989515228015745,0.0,0.20146463709544615
