{"accuracy_pre": 1.0, "accuracy_post": 0.0, "recourse_seeking_ixs": [390, 232, 244, 228, 357, 358, 208, 320, 282, 221, 250, 349, 394, 249, 317, 202, 398, 330, 301, 239, 287, 316, 216, 331, 393, 223, 371, 360, 205, 299, 340, 315, 335, 354, 268, 352, 212, 293, 388, 305, 210, 374, 231, 270, 222, 328, 279, 271, 363, 262], "recourse_recommended_ixs": [390, 232, 244, 228, 357, 358, 208, 320, 282, 221, 250, 349, 394, 249, 317, 202, 398, 330, 301, 239, 287, 316, 216, 331, 393, 223, 371, 360, 205, 299, 340, 315, 335, 354, 268, 352, 212, 293, 388, 305, 210, 374, 231, 270, 222, 328, 279, 271, 363, 262], "perc_recomm_found": 1.0, "gamma": 0.85, "eta": 0.85, "gamma_obs": 0.0, "gamma_obs_pre": 0.0, "eta_obs": 1.0, "costs": [1.0, 1.0, 1.0], "lbd": 300.0, "thresh": 0.5, "r_type": "subpopulation", "t_type": "acceptance", "eta_obs_individualized": NaN, "eta_obs_refits_batch0_mean": 0.9239999651908875, "model_score": 0.93, "model_f1": 0.9326923076923077, "model_refits_batch0_scores": [1.0, 1.0, 1.0, 1.0, 1.0], "model_refits_batch0_f1s": [1.0, 1.0, 1.0, 1.0, 1.0], "model_coef": [[-4.110731539949552, -1.5826200881017367, 2.5844040797991985], [-0.7746261964485943]]}