{"accuracy_pre": 1.0, "accuracy_post": 0.94, "recourse_seeking_ixs": [1203, 1137, 1492, 1028, 1184, 1369, 1790, 1761, 1068, 1069, 1072, 1188, 1757, 1271, 1118, 1159, 1396, 1880, 1533, 1170, 1683, 1918, 1804, 1110, 1094, 1148, 1570, 1786, 1083, 1246, 1335, 1467, 1273, 1830, 1737, 1284, 1344, 1510, 1927, 1288, 1005, 1155, 1521, 1865, 1111, 1351, 1297, 1708, 1486, 1243, 1364, 1298, 1483, 1157, 1652, 1552, 1449, 1482, 1378, 1275, 1221, 1518, 1215, 1299, 1832, 1496, 1174, 1996, 1412, 1630, 1230, 1073, 1700, 1283, 1593, 1427, 1691, 1963, 1906, 1080, 1276, 1813, 1672, 1680, 1453, 1563, 1063, 1686, 1038, 1422, 1091, 1081, 1365, 1309, 1671, 1594, 1039, 1623, 1980, 1455], "recourse_recommended_ixs": [1203, 1137, 1492, 1028, 1184, 1369, 1790, 1761, 1068, 1069, 1072, 1188, 1757, 1271, 1118, 1159, 1396, 1880, 1533, 1170, 1683, 1918, 1804, 1110, 1094, 1148, 1570, 1786, 1083, 1246, 1335, 1467, 1273, 1830, 1737, 1284, 1344, 1510, 1927, 1288, 1005, 1155, 1521, 1865, 1111, 1351, 1297, 1708, 1486, 1243, 1364, 1298, 1483, 1157, 1652, 1552, 1449, 1482, 1378, 1275, 1221, 1518, 1215, 1299, 1832, 1496, 1174, 1996, 1412, 1630, 1230, 1073, 1700, 1283, 1593, 1427, 1691, 1963, 1906, 1080, 1276, 1813, 1672, 1680, 1453, 1563, 1063, 1686, 1038, 1422, 1091, 1081, 1365, 1309, 1671, 1594, 1039, 1623, 1980, 1455], "perc_recomm_found": 1.0, "gamma": 0.75, "eta": 0.75, "gamma_obs": 0.9900000095367432, "gamma_obs_pre": 0.0, "eta_obs": 0.93, "costs": [1.0, 1.0, 1.0], "lbd": 150.0, "thresh": 0.5, "r_type": "subpopulation", "t_type": "acceptance", "eta_obs_individualized": NaN, "eta_obs_refits_batch0_mean": 0.8659999966621399, "model_score": 0.836, "model_f1": 1.0, "model_refits_batch0_scores": [1.0, 1.0, 0.997, 0.997, 1.0], "model_refits_batch0_f1s": [1.0, 1.0, 0.9969356486210419, 0.9969356486210419, 1.0], "model_coef": NaN}