{"accuracy_pre": 0.8, "accuracy_post": 0.9, "recourse_seeking_ixs": [382, 225, 388, 380, 345, 372, 360, 368, 209, 234, 253, 237, 378, 274, 257, 385, 338, 242, 295, 266, 356, 369, 251, 387, 308, 373, 265, 397, 325, 232, 342, 371, 394, 267, 238, 339, 210, 331, 224, 386, 352, 298, 330, 300, 351, 263, 335, 391, 354, 284], "recourse_recommended_ixs": [382, 225, 388, 380, 345, 372, 360, 368, 209, 234, 253, 237, 378, 274, 257, 385, 338, 242, 295, 266, 356, 369, 251, 387, 308, 373, 265, 397, 325, 232, 342, 371, 394, 267, 238, 339, 210, 331, 224, 386, 352, 298, 330, 300, 351, 263, 335, 391, 354, 284], "perc_recomm_found": 1.0, "gamma": 0.9, "eta": 0.9, "gamma_obs": 0.9200000166893005, "gamma_obs_pre": 0.20000000298023224, "eta_obs": 0.98, "costs": [1.0, 1.0], "lbd": 300.0, "thresh": 0.5, "r_type": "subpopulation", "t_type": "improvement", "eta_obs_individualized": NaN, "eta_obs_refits_batch0_mean": 0.9880000352859497, "model_score": 0.82, "model_f1": 0.7804878048780488, "model_refits_batch0_scores": [0.8, 0.81, 0.815, 0.81, 0.805], "model_refits_batch0_f1s": [0.7468354430379747, 0.759493670886076, 0.7784431137724551, 0.7625000000000001, 0.7607361963190183], "model_coef": [[0.02260722935085026, 0.19040615693601223, 0.6777748981822612], [-0.6662360638079102]]}