{"accuracy_pre": 1.0, "accuracy_post": 0.0, "recourse_seeking_ixs": [232, 365, 396, 330, 220, 236, 246, 283, 398, 347, 212, 385, 226, 290, 289, 216, 205, 361, 277, 380, 217, 346, 235, 309, 250, 306, 292, 389, 394, 243, 213, 218, 263, 390, 391, 305, 358, 344, 329, 372, 338, 332, 257, 228, 223, 317, 294, 335, 284, 261], "recourse_recommended_ixs": [232, 365, 396, 330, 220, 236, 246, 283, 398, 347, 212, 385, 226, 290, 289, 216, 205, 361, 277, 380, 217, 346, 235, 309, 250, 306, 292, 389, 394, 243, 213, 218, 263, 390, 391, 305, 358, 344, 329, 372, 338, 332, 257, 228, 223, 317, 294, 335, 284, 261], "perc_recomm_found": 1.0, "gamma": 0.75, "eta": 0.75, "gamma_obs": 0.0, "gamma_obs_pre": 0.0, "eta_obs": 1.0, "costs": [5.0, 5.0, 0.0001, 0.01, 0.1], "lbd": 300.0, "thresh": 0.5, "r_type": "subpopulation", "t_type": "acceptance", "eta_obs_individualized": NaN, "eta_obs_refits_batch0_mean": 0.8879999999999999, "model_score": 1.0, "model_f1": 1.0, "model_refits_batch0_scores": [0.98, 0.99, 1.0, 0.995, 0.985], "model_refits_batch0_f1s": [0.9846153846153847, 0.9922480620155039, 1.0, 0.9961089494163424, 0.9884169884169884], "model_coef": [[-0.9769362105694728, 0.9030007247924138, 0.008160168779617226, 0.24785274035147487, 0.3816262853486857], [-7.9827245033472]]}