{"accuracy_pre": 0.85, "accuracy_post": 0.81, "recourse_seeking_ixs": [814, 615, 761, 826, 944, 989, 940, 803, 749, 712, 867, 657, 925, 756, 758, 588, 519, 980, 981, 762, 558, 644, 579, 823, 645, 853, 707, 849, 846, 975, 647, 911, 857, 574, 721, 567, 956, 861, 683, 549, 744, 968, 554, 581, 791, 570, 557, 850, 746, 614, 505, 869, 934, 573, 689, 748, 982, 694, 928, 828, 919, 580, 966, 641, 878, 794, 667, 854, 947, 889, 774, 681, 526, 952, 602, 747, 662, 639, 798, 517, 843, 552, 585, 696, 836, 551, 563, 742, 880, 899, 743, 868, 978, 510, 561, 935, 512, 717, 851, 701], "recourse_recommended_ixs": [814, 615, 761, 826, 944, 989, 940, 803, 749, 712, 867, 657, 925, 756, 758, 588, 519, 980, 981, 762, 558, 644, 579, 823, 645, 853, 707, 849, 846, 975, 647, 911, 857, 574, 721, 567, 956, 861, 683, 549, 744, 968, 554, 581, 791, 570, 557, 850, 746, 614, 505, 869, 934, 573, 689, 748, 982, 694, 928, 828, 919, 580, 966, 641, 878, 794, 667, 854, 947, 889, 774, 681, 526, 952, 602, 747, 662, 639, 798, 517, 843, 552, 585, 696, 836, 551, 563, 742, 880, 899, 743, 868, 978, 510, 561, 935, 512, 717, 851, 701], "perc_recomm_found": 1.0, "gamma": 0.75, "eta": 0.75, "gamma_obs": 0.7200000286102295, "gamma_obs_pre": 0.15000000596046448, "eta_obs": 0.77, "costs": [1.0, 1.0], "lbd": 300.0, "thresh": 0.5, "r_type": "subpopulation", "t_type": "improvement", "eta_obs_individualized": NaN, "eta_obs_refits_batch0_mean": 0.734000027179718, "model_score": 0.81, "model_f1": 0.8165680473372781, "model_refits_batch0_scores": [0.818, 0.816, 0.806, 0.824, 0.83], "model_refits_batch0_f1s": [0.7838479809976248, 0.7819905213270142, 0.762836185819071, 0.7914691943127962, 0.8081264108352144], "model_coef": NaN}