{"accuracy_pre": 0.87, "accuracy_post": 0.7, "recourse_seeking_ixs": [548, 890, 643, 818, 565, 727, 625, 844, 589, 826, 646, 863, 943, 631, 713, 742, 829, 941, 735, 510, 878, 518, 547, 536, 809, 516, 546, 814, 695, 605, 801, 808, 980, 636, 677, 676, 799, 568, 616, 557, 870, 572, 586, 592, 775, 873, 743, 765, 828, 796, 990, 739, 967, 661, 566, 804, 736, 970, 640, 756, 632, 574, 836, 731, 959, 660, 936, 665, 977, 542, 951, 593, 910, 871, 722, 838, 794, 787, 689, 699, 789, 904, 737, 619, 798, 504, 654, 570, 909, 573, 907, 611, 627, 975, 978, 753, 628, 712, 866, 961], "recourse_recommended_ixs": [548, 890, 643, 818, 565, 727, 625, 844, 589, 826, 646, 863, 943, 631, 713, 742, 829, 941, 735, 510, 878, 518, 547, 536, 809, 516, 546, 814, 695, 605, 801, 808, 980, 636, 677, 676, 799, 616, 557, 870, 586, 592, 775, 873, 743, 765, 828, 990, 739, 967, 661, 566, 804, 736, 970, 640, 756, 632, 574, 836, 731, 959, 660, 936, 665, 977, 542, 951, 593, 910, 871, 722, 838, 794, 787, 689, 699, 789, 904, 737, 619, 798, 504, 654, 570, 909, 573, 907, 611, 627, 975, 978, 753, 628, 712, 866, 961], "perc_recomm_found": 0.97, "gamma": 0.75, "eta": 0.75, "gamma_obs": 0.7010309100151062, "gamma_obs_pre": 0.11340206116437912, "eta_obs": 0.9381443298969072, "costs": [1.0, 1.0], "lbd": 300.0, "thresh": 0.5, "r_type": "subpopulation", "t_type": "improvement", "eta_obs_individualized": NaN, "eta_obs_refits_batch0_mean": 0.8948453664779663, "model_score": 0.814, "model_f1": 0.8177966101694916, "model_refits_batch0_scores": [0.794, 0.788, 0.784, 0.8, 0.806], "model_refits_batch0_f1s": [0.7632183908045977, 0.7644444444444445, 0.742857142857143, 0.7641509433962264, 0.7820224719101123], "model_coef": NaN}