{"accuracy_pre": 0.8, "accuracy_post": 0.96, "recourse_seeking_ixs": [314, 227, 315, 387, 260, 372, 290, 266, 339, 281, 208, 337, 222, 205, 322, 265, 361, 383, 280, 287, 388, 236, 356, 369, 228, 273, 267, 351, 391, 296, 294, 341, 329, 378, 319, 340, 200, 264, 209, 332, 263, 382, 282, 253, 398, 255, 203, 308, 385, 336], "recourse_recommended_ixs": [314, 227, 315, 387, 260, 372, 290, 266, 339, 281, 208, 337, 222, 205, 322, 265, 361, 383, 280, 287, 388, 236, 356, 369, 228, 273, 267, 351, 391, 296, 294, 341, 329, 378, 319, 340, 200, 264, 209, 332, 263, 382, 282, 253, 398, 255, 203, 308, 385, 336], "perc_recomm_found": 1.0, "gamma": 0.9, "eta": 0.9, "gamma_obs": 0.9599999785423279, "gamma_obs_pre": 0.20000000298023224, "eta_obs": 1.0, "costs": [1.0, 1.0], "lbd": 300.0, "thresh": 0.5, "r_type": "individualized", "t_type": "improvement", "eta_obs_individualized": 1.0, "eta_obs_refits_batch0_mean": 0.9880000352859497, "model_score": 0.82, "model_f1": 0.7804878048780488, "model_refits_batch0_scores": [0.8, 0.81, 0.815, 0.81, 0.805], "model_refits_batch0_f1s": [0.7468354430379747, 0.759493670886076, 0.7784431137724551, 0.7625000000000001, 0.7607361963190183], "model_coef": [[0.02260722935085026, 0.19040615693601223, 0.6777748981822612], [-0.6662360638079102]]}