{"accuracy_pre": 0.94, "accuracy_post": 0.46, "recourse_seeking_ixs": [946, 529, 874, 644, 721, 937, 617, 869, 749, 802, 965, 689, 902, 966, 864, 886, 780, 761, 625, 968, 662, 640, 680, 774, 679, 723, 987, 850, 753, 628, 588, 762, 630, 947, 536, 507, 733, 769, 663, 556, 858, 821, 894, 865, 541, 569, 939, 770, 814, 856, 956, 820, 706, 847, 715, 922, 544, 877, 993, 808, 530, 649, 784, 549, 516, 500, 823, 590, 560, 927, 504, 592, 763, 925, 734, 563, 897, 793, 816, 690, 652, 817, 615, 702, 792, 766, 742, 692, 786, 729, 599, 710, 642, 992, 834, 755, 973, 900, 732, 691], "recourse_recommended_ixs": [946, 529, 874, 644, 721, 937, 617, 869, 749, 802, 965, 689, 902, 966, 864, 886, 780, 761, 625, 968, 662, 640, 680, 774, 679, 723, 987, 850, 753, 628, 588, 762, 630, 947, 536, 507, 733, 769, 663, 556, 858, 821, 894, 865, 541, 569, 939, 770, 814, 856, 956, 820, 706, 847, 715, 922, 544, 877, 993, 808, 530, 649, 784, 549, 516, 500, 823, 590, 560, 927, 504, 592, 763, 925, 734, 563, 897, 793, 816, 690, 652, 817, 615, 702, 792, 766, 742, 692, 786, 729, 599, 710, 642, 992, 834, 755, 973, 900, 732, 691], "perc_recomm_found": 1.0, "gamma": 0.95, "eta": 0.95, "gamma_obs": 0.36000001430511475, "gamma_obs_pre": 0.05999999865889549, "eta_obs": 1.0, "costs": [1.0, 1.0, 1.0], "lbd": 300.0, "thresh": 0.5, "r_type": "subpopulation", "t_type": "acceptance", "eta_obs_individualized": NaN, "eta_obs_refits_batch0_mean": 0.4699999690055847, "model_score": 0.736, "model_f1": 0.8008130081300813, "model_refits_batch0_scores": [0.86, 0.85, 0.838, 0.826, 0.826], "model_refits_batch0_f1s": [0.8504273504273505, 0.8351648351648353, 0.8235294117647058, 0.8062360801781737, 0.8027210884353743], "model_coef": NaN}