{"accuracy_pre": 0.0, "accuracy_post": 1.0, "recourse_seeking_ixs": [1741, 1519, 1768, 1911, 1422, 1704, 1283, 1724, 1904, 1062, 1214, 1809, 1119, 1144, 1537, 1286, 1560, 1003, 1238, 1319, 1382, 1016, 1804, 1298, 1742, 1954, 1053, 1324, 1507, 1928, 1235, 1717, 1030, 1267, 1174, 1838, 1479, 1316, 1606, 1916, 1239, 1042, 1907, 1662, 1529, 1000, 1323, 1580, 1842, 1331, 1550, 1874, 1289, 1171, 1034, 1947, 1883, 1863, 1093, 1539, 1759, 1589, 1546, 1903, 1281, 1211, 1351, 1981, 1049, 1348, 1001, 1428, 1292, 1114, 1979, 1629, 1558, 1746, 1626, 1808, 1894, 1443, 1695, 1568, 1593, 1005, 1693, 1930, 1457, 1379, 1739, 1147, 1966, 1651, 1326, 1415, 1750, 1437, 1179, 1074], "recourse_recommended_ixs": [1741, 1519, 1768, 1911, 1422, 1704, 1283, 1724, 1904, 1062, 1214, 1809, 1119, 1144, 1537, 1286, 1560, 1003, 1238, 1319, 1382, 1016, 1804, 1298, 1742, 1954, 1053, 1324, 1507, 1928, 1235, 1717, 1030, 1267, 1174, 1838, 1479, 1316, 1606, 1916, 1239, 1042, 1907, 1662, 1529, 1000, 1323, 1580, 1842, 1331, 1550, 1874, 1289, 1171, 1034, 1947, 1883, 1863, 1093, 1539, 1759, 1589, 1546, 1903, 1281, 1211, 1351, 1981, 1049, 1348, 1001, 1428, 1292, 1114, 1979, 1629, 1558, 1746, 1626, 1808, 1894, 1443, 1695, 1568, 1593, 1005, 1693, 1930, 1457, 1379, 1739, 1147, 1966, 1651, 1326, 1415, 1750, 1437, 1179, 1074], "perc_recomm_found": 1.0, "gamma": 0.95, "eta": 0.95, "gamma_obs": 1.0, "gamma_obs_pre": 1.0, "eta_obs": 1.0, "costs": [1.0, 1.0, 1.0], "lbd": 150.0, "thresh": 0.5, "r_type": "individualized", "t_type": "acceptance", "eta_obs_individualized": NaN, "eta_obs_refits_batch0_mean": 0.8079999685287476, "model_score": 0.188, "model_f1": 0.9924812030075187, "model_refits_batch0_scores": [0.998, 0.998, 0.998, 0.998, 0.998], "model_refits_batch0_f1s": [0.9979879275653923, 0.9979879275653923, 0.9979879275653923, 0.9979879275653923, 0.9979879275653923], "model_coef": [[-2.3825008588811247, -2.9781260199919783, 3.5658733069994097], [-1.936896338597984]]}