{"accuracy_pre": 0.74, "accuracy_post": 0.61, "recourse_seeking_ixs": [283, 437, 449, 456, 262, 492, 330, 493, 359, 401, 498, 357, 438, 490, 356, 394, 451, 444, 344, 250, 251, 289, 417, 380, 336, 415, 329, 462, 367, 339, 428, 310, 420, 264, 261, 365, 408, 305, 464, 342, 491, 389, 303, 277, 439, 268, 413, 340, 406, 489, 450, 279, 267, 295, 477, 346, 385, 409, 382, 347, 252, 354, 485, 299, 333, 281, 392, 263, 312, 442, 278, 328, 393, 307, 418, 285, 331, 497, 338, 260, 397, 332, 416, 436, 297, 407, 494, 306, 390, 353, 272, 427, 372, 426, 288, 286, 375, 388, 463, 495], "recourse_recommended_ixs": [283, 437, 449, 456, 262, 492, 330, 493, 359, 401, 498, 357, 438, 490, 356, 394, 451, 444, 344, 250, 251, 289, 417, 380, 336, 415, 329, 462, 367, 339, 428, 310, 420, 264, 261, 365, 408, 305, 464, 342, 491, 389, 303, 277, 439, 268, 413, 340, 406, 489, 450, 279, 267, 295, 477, 346, 385, 409, 382, 347, 252, 354, 485, 299, 333, 281, 392, 312, 442, 278, 328, 393, 307, 418, 285, 331, 497, 338, 260, 397, 332, 416, 436, 297, 407, 494, 306, 390, 353, 272, 427, 372, 426, 288, 286, 375, 463, 495], "perc_recomm_found": 0.98, "gamma": 0.75, "eta": 0.75, "gamma_obs": 0.7448979616165161, "gamma_obs_pre": 0.2448979616165161, "eta_obs": 0.5918367346938775, "costs": [1.0, 1.0], "lbd": 100.0, "thresh": 0.5, "r_type": "subpopulation", "t_type": "improvement", "eta_obs_individualized": NaN, "eta_obs_refits_batch0_mean": 0.6326530575752258, "model_score": 0.78, "model_f1": 0.751131221719457, "model_refits_batch0_scores": [0.76, 0.756, 0.788, 0.812, 0.752], "model_refits_batch0_f1s": [0.7321428571428571, 0.7381974248927038, 0.7763713080168777, 0.7982832618025751, 0.7256637168141593], "model_coef": NaN}