{"accuracy_pre": 0.82, "accuracy_post": 0.97, "recourse_seeking_ixs": [700, 637, 523, 642, 798, 807, 618, 540, 816, 657, 565, 786, 906, 672, 856, 705, 889, 608, 731, 691, 864, 990, 858, 824, 907, 946, 544, 843, 562, 950, 892, 812, 713, 663, 602, 865, 887, 870, 763, 791, 676, 961, 823, 756, 897, 697, 600, 804, 986, 683, 660, 859, 693, 553, 826, 794, 682, 895, 646, 774, 625, 960, 526, 577, 606, 502, 747, 724, 614, 688, 738, 585, 616, 745, 972, 623, 942, 825, 835, 771, 727, 882, 810, 813, 844, 594, 951, 580, 609, 841, 964, 939, 541, 529, 719, 877, 994, 722, 567, 504], "recourse_recommended_ixs": [700, 637, 523, 642, 798, 807, 618, 540, 816, 657, 565, 786, 906, 672, 856, 705, 889, 608, 731, 691, 864, 990, 858, 824, 907, 946, 544, 843, 562, 950, 892, 812, 713, 663, 602, 865, 887, 870, 763, 791, 676, 961, 823, 756, 897, 697, 600, 804, 986, 683, 660, 859, 693, 553, 826, 794, 682, 895, 646, 774, 625, 960, 526, 577, 606, 502, 747, 724, 614, 688, 738, 585, 616, 745, 972, 623, 942, 825, 835, 771, 727, 882, 810, 813, 844, 594, 951, 580, 609, 841, 964, 939, 541, 529, 719, 877, 994, 722, 567, 504], "perc_recomm_found": 1.0, "gamma": 0.95, "eta": 0.95, "gamma_obs": 0.9700000286102295, "gamma_obs_pre": 0.18000000715255737, "eta_obs": 1.0, "costs": [1.0, 1.0], "lbd": 300.0, "thresh": 0.5, "r_type": "individualized", "t_type": "improvement", "eta_obs_individualized": 0.95, "eta_obs_refits_batch0_mean": 1.0, "model_score": 0.818, "model_f1": 0.829827915869981, "model_refits_batch0_scores": [0.828, 0.828, 0.794, 0.826, 0.834], "model_refits_batch0_f1s": [0.8027522935779817, 0.8063063063063063, 0.7518072289156627, 0.7962529274004684, 0.814317673378076], "model_coef": [[0.17212440209313498, 0.30563951578550236, 0.8015383947950182], [-0.48917069650178224]]}