{"inv": 0.9787234042553191, "val_m2": 0.02127659574468085, "val_m1": 0.9574468085106383}