{"accuracy_pre": 0.95, "accuracy_post": 0.41, "recourse_seeking_ixs": [673, 983, 648, 902, 863, 614, 623, 886, 874, 627, 637, 654, 767, 581, 642, 896, 761, 966, 763, 756, 546, 935, 711, 640, 868, 791, 812, 838, 590, 907, 539, 641, 796, 739, 985, 786, 662, 683, 576, 771, 829, 782, 878, 987, 611, 569, 977, 799, 968, 965, 928, 600, 788, 530, 691, 940, 577, 947, 988, 995, 565, 755, 747, 860, 551, 510, 904, 892, 714, 549, 815, 693, 898, 954, 923, 873, 765, 601, 912, 916, 779, 869, 588, 657, 696, 760, 845, 855, 610, 517, 993, 776, 821, 534, 718, 570, 847, 624, 732, 655], "recourse_recommended_ixs": [673, 983, 648, 902, 863, 614, 623, 886, 874, 627, 637, 654, 767, 581, 642, 896, 761, 966, 763, 756, 546, 935, 711, 640, 868, 791, 812, 838, 590, 907, 539, 641, 796, 739, 985, 786, 662, 683, 576, 771, 829, 782, 878, 987, 611, 569, 977, 799, 968, 965, 928, 600, 788, 530, 691, 940, 577, 947, 988, 995, 565, 755, 747, 860, 551, 510, 904, 892, 714, 549, 815, 693, 898, 954, 923, 873, 765, 601, 912, 916, 779, 869, 588, 657, 696, 760, 845, 855, 610, 517, 993, 776, 821, 534, 718, 570, 847, 624, 732, 655], "perc_recomm_found": 1.0, "gamma": 0.95, "eta": 0.95, "gamma_obs": 0.4099999964237213, "gamma_obs_pre": 0.05000000074505806, "eta_obs": 1.0, "costs": [1.0, 1.0, 1.0], "lbd": 300.0, "thresh": 0.5, "r_type": "subpopulation", "t_type": "counterfactual", "eta_obs_individualized": NaN, "eta_obs_refits_batch0_mean": 0.6220000386238098, "model_score": 0.888, "model_f1": 0.9111531190926276, "model_refits_batch0_scores": [0.886, 0.89, 0.88, 0.874, 0.872], "model_refits_batch0_f1s": [0.8784648187633263, 0.8861283643892339, 0.8728813559322034, 0.8684759916492694, 0.8688524590163934], "model_coef": [[0.594492694325962, 0.33108333829437153, 1.4018161030511183], [-0.1258241311860166]]}