{"accuracy_pre": 1.0, "accuracy_post": 0.63, "recourse_seeking_ixs": [1496, 1727, 1431, 1828, 1081, 1175, 1524, 1901, 1724, 1637, 1357, 1853, 1915, 1383, 1436, 1202, 1730, 1122, 1811, 1714, 1235, 1351, 1231, 1980, 1942, 1545, 1918, 1333, 1480, 1374, 1613, 1576, 1927, 1077, 1910, 1542, 1865, 1007, 1740, 1073, 1863, 1810, 1482, 1840, 1940, 1352, 1502, 1693, 1246, 1157, 1273, 1570, 1091, 1155, 1885, 1423, 1748, 1174, 1673, 1470, 1025, 1410, 1350, 1467, 1919, 1005, 1697, 1862, 1476, 1782, 1677, 1625, 1864, 1802, 1372, 1477, 1554, 1031, 1804, 1994, 1857, 1620, 1905, 1623, 1587, 1876, 1829, 1304, 1775, 1260, 1495, 1147, 1142, 1154, 1963, 1009, 1220, 1492, 1184, 1593], "recourse_recommended_ixs": [1496, 1727, 1431, 1828, 1081, 1175, 1524, 1901, 1724, 1637, 1357, 1853, 1915, 1383, 1436, 1202, 1730, 1122, 1811, 1714, 1235, 1351, 1231, 1980, 1942, 1545, 1918, 1333, 1480, 1374, 1613, 1576, 1927, 1077, 1910, 1542, 1865, 1007, 1740, 1073, 1863, 1810, 1482, 1840, 1940, 1352, 1502, 1693, 1246, 1157, 1273, 1570, 1091, 1155, 1885, 1423, 1748, 1174, 1673, 1470, 1025, 1410, 1350, 1467, 1919, 1005, 1697, 1862, 1476, 1782, 1677, 1625, 1864, 1802, 1372, 1477, 1554, 1031, 1804, 1994, 1857, 1620, 1905, 1623, 1587, 1876, 1829, 1304, 1775, 1260, 1495, 1147, 1142, 1154, 1963, 1009, 1220, 1492, 1184, 1593], "perc_recomm_found": 1.0, "gamma": 0.95, "eta": 0.95, "gamma_obs": 0.6299999952316284, "gamma_obs_pre": 0.0, "eta_obs": 1.0, "costs": [1.0, 1.0, 1.0], "lbd": 150.0, "thresh": 0.5, "r_type": "subpopulation", "t_type": "acceptance", "eta_obs_individualized": NaN, "eta_obs_refits_batch0_mean": 0.9880000352859497, "model_score": 0.996, "model_f1": 1.0, "model_refits_batch0_scores": [1.0, 1.0, 0.997, 0.997, 1.0], "model_refits_batch0_f1s": [1.0, 1.0, 0.9969356486210419, 0.9969356486210419, 1.0], "model_coef": NaN}