{"accuracy_pre": 0.81, "accuracy_post": 0.95, "recourse_seeking_ixs": [709, 978, 708, 731, 699, 666, 732, 662, 761, 552, 528, 590, 844, 579, 760, 629, 642, 501, 554, 632, 888, 576, 866, 585, 927, 512, 702, 977, 688, 889, 599, 826, 879, 807, 982, 529, 944, 543, 593, 995, 706, 906, 506, 711, 687, 616, 567, 920, 938, 795, 693, 871, 883, 700, 578, 956, 674, 771, 942, 505, 831, 650, 998, 903, 678, 972, 672, 892, 985, 615, 822, 663, 785, 902, 792, 502, 520, 676, 817, 850, 815, 720, 948, 743, 928, 641, 661, 671, 658, 867, 730, 738, 651, 623, 769, 894, 858, 765, 652, 975], "recourse_recommended_ixs": [709, 978, 708, 731, 699, 666, 732, 662, 761, 552, 528, 590, 844, 579, 760, 629, 642, 501, 554, 632, 888, 576, 866, 585, 927, 512, 702, 977, 688, 889, 599, 826, 879, 807, 982, 529, 944, 543, 593, 995, 706, 906, 506, 711, 687, 616, 567, 920, 938, 795, 693, 871, 883, 700, 578, 956, 674, 771, 942, 505, 831, 650, 998, 903, 678, 972, 672, 892, 985, 615, 822, 663, 785, 902, 792, 502, 520, 676, 817, 850, 815, 720, 948, 743, 928, 641, 661, 671, 658, 867, 730, 738, 651, 623, 769, 894, 858, 765, 652, 975], "perc_recomm_found": 1.0, "gamma": 0.95, "eta": 0.95, "gamma_obs": 0.949999988079071, "gamma_obs_pre": 0.1899999976158142, "eta_obs": 1.0, "costs": [1.0, 1.0], "lbd": 300.0, "thresh": 0.5, "r_type": "subpopulation", "t_type": "improvement", "eta_obs_individualized": NaN, "eta_obs_refits_batch0_mean": 1.0, "model_score": 0.754, "model_f1": 0.789980732177264, "model_refits_batch0_scores": [0.804, 0.782, 0.782, 0.786, 0.806], "model_refits_batch0_f1s": [0.8016194331983807, 0.7705263157894737, 0.7714884696016772, 0.7737843551797039, 0.7966457023060797], "model_coef": NaN}