{"accuracy_pre": 1.0, "accuracy_post": 0.68, "recourse_seeking_ixs": [1220, 1281, 1936, 1539, 1655, 1513, 1903, 1747, 1309, 1288, 1144, 1204, 1091, 1216, 1904, 1278, 1245, 1743, 1011, 1348, 1708, 1034, 1494, 1889, 1998, 1165, 1961, 1588, 1025, 1549, 1346, 1821, 1738, 1594, 1375, 1542, 1014, 1531, 1894, 1856, 1557, 1803, 1202, 1422, 1964, 1036, 1147, 1911, 1695, 1907, 1179, 1838, 1476, 1298, 1916, 1214, 1244, 1930, 1969, 1391, 1307, 1016, 1890, 1333, 1581, 1154, 1382, 1000, 1758, 1568, 1873, 1680, 1652, 1292, 1688, 1666, 1099, 1437, 1689, 1687, 1853, 1157, 1776, 1482, 1002, 1106, 1049, 1681, 1283, 1781, 1345, 1001, 1351, 1111, 1615, 1308, 1947, 1983, 1306, 1299], "recourse_recommended_ixs": [1220, 1281, 1936, 1539, 1655, 1513, 1903, 1747, 1309, 1288, 1144, 1204, 1091, 1216, 1904, 1278, 1245, 1743, 1011, 1348, 1708, 1034, 1494, 1889, 1998, 1165, 1961, 1588, 1025, 1549, 1346, 1821, 1738, 1594, 1375, 1542, 1014, 1531, 1894, 1856, 1557, 1803, 1202, 1422, 1964, 1036, 1147, 1911, 1695, 1907, 1179, 1838, 1476, 1298, 1916, 1214, 1244, 1930, 1969, 1391, 1307, 1016, 1890, 1333, 1581, 1154, 1382, 1000, 1758, 1568, 1873, 1680, 1652, 1292, 1688, 1666, 1099, 1437, 1689, 1687, 1853, 1157, 1776, 1482, 1002, 1106, 1049, 1681, 1283, 1781, 1345, 1001, 1351, 1111, 1615, 1308, 1947, 1983, 1306, 1299], "perc_recomm_found": 1.0, "gamma": 0.95, "eta": 0.95, "gamma_obs": 1.0, "gamma_obs_pre": 0.0, "eta_obs": 0.68, "costs": [1.0, 1.0], "lbd": 150.0, "thresh": 0.5, "r_type": "individualized", "t_type": "improvement", "eta_obs_individualized": 1.0, "eta_obs_refits_batch0_mean": 0.44200000166893005, "model_score": 0.827, "model_f1": 0.9978858350951374, "model_refits_batch0_scores": [0.998, 0.998, 0.998, 0.998, 0.998], "model_refits_batch0_f1s": [0.9979879275653923, 0.9979879275653923, 0.9979879275653923, 0.9979879275653923, 0.9979879275653923], "model_coef": [[-2.3825008588811247, -2.9781260199919783, 3.5658733069994097], [-1.936896338597984]]}