{"accuracy_pre": 0.78, "accuracy_post": 0.72, "recourse_seeking_ixs": [978, 762, 601, 942, 860, 693, 923, 646, 931, 588, 611, 714, 562, 970, 739, 502, 565, 590, 763, 683, 855, 995, 691, 980, 871, 637, 627, 563, 832, 892, 711, 945, 535, 652, 873, 987, 799, 759, 907, 926, 996, 722, 687, 834, 709, 718, 552, 625, 599, 571, 929, 796, 551, 736, 713, 930, 865, 628, 654, 887, 788, 812, 801, 539, 630, 899, 643, 756, 968, 844, 520, 969, 729, 998, 642, 896, 917, 733, 549, 863, 511, 983, 657, 886, 746, 567, 966, 845, 634, 772, 850, 717, 851, 999, 780, 600, 977, 639, 529, 993], "recourse_recommended_ixs": [978, 762, 601, 942, 860, 693, 923, 646, 931, 588, 611, 714, 562, 970, 739, 502, 565, 590, 763, 683, 855, 995, 691, 980, 871, 637, 627, 563, 832, 892, 711, 945, 535, 652, 873, 987, 799, 759, 907, 996, 687, 834, 709, 718, 552, 625, 599, 571, 929, 796, 551, 736, 713, 930, 865, 628, 654, 887, 788, 812, 801, 539, 630, 899, 756, 968, 844, 520, 969, 729, 998, 642, 896, 917, 733, 549, 863, 511, 983, 657, 886, 746, 567, 966, 845, 634, 772, 850, 717, 851, 999, 780, 600, 977, 529, 993], "perc_recomm_found": 0.96, "gamma": 0.75, "eta": 0.75, "gamma_obs": 0.7291666865348816, "gamma_obs_pre": 0.2083333283662796, "eta_obs": 0.875, "costs": [1.0, 1.0], "lbd": 300.0, "thresh": 0.5, "r_type": "individualized", "t_type": "improvement", "eta_obs_individualized": 0.8020833333333334, "eta_obs_refits_batch0_mean": 0.872916579246521, "model_score": 0.782, "model_f1": 0.8007380073800738, "model_refits_batch0_scores": [0.804, 0.782, 0.782, 0.786, 0.806], "model_refits_batch0_f1s": [0.8016194331983807, 0.7705263157894737, 0.7714884696016772, 0.7737843551797039, 0.7966457023060797], "model_coef": NaN}