{"accuracy_pre": 0.9, "accuracy_post": 0.4, "recourse_seeking_ixs": [294, 257, 315, 284, 321, 305, 279, 203, 314, 208, 205, 386, 352, 359, 265, 397, 313, 224, 246, 297, 354, 303, 282, 324, 207, 227, 347, 270, 237, 215, 329, 201, 281, 295, 362, 381, 380, 286, 388, 368, 337, 291, 202, 236, 322, 266, 353, 276, 262, 377], "recourse_recommended_ixs": [294, 257, 315, 284, 321, 305, 279, 203, 314, 208, 205, 386, 352, 359, 265, 397, 313, 224, 246, 297, 354, 303, 282, 324, 207, 227, 347, 270, 237, 215, 329, 201, 281, 295, 362, 381, 380, 286, 388, 368, 337, 291, 202, 236, 322, 266, 353, 276, 262, 377], "perc_recomm_found": 1.0, "gamma": 0.75, "eta": 0.75, "gamma_obs": 0.4000000059604645, "gamma_obs_pre": 0.10000000149011612, "eta_obs": 1.0, "costs": [1.0, 1.0, 1.0], "lbd": 300.0, "thresh": 0.5, "r_type": "subpopulation", "t_type": "acceptance", "eta_obs_individualized": NaN, "eta_obs_refits_batch0_mean": 0.8880000114440918, "model_score": 0.895, "model_f1": 0.8934010152284263, "model_refits_batch0_scores": [0.975, 0.985, 0.97, 0.965, 0.985], "model_refits_batch0_f1s": [0.9753694581280787, 0.9850746268656716, 0.9705882352941176, 0.9655172413793104, 0.9850746268656716], "model_coef": [[1.7504952852098035, 1.3477663782633582, 0.17124832043789126], [0.24812960856078317]]}