{"accuracy_pre": 0.86, "accuracy_post": 0.88, "recourse_seeking_ixs": [332, 210, 285, 201, 242, 386, 308, 377, 390, 240, 228, 209, 372, 365, 286, 207, 313, 345, 297, 222, 281, 318, 218, 232, 363, 393, 292, 211, 396, 305, 340, 294, 317, 397, 254, 253, 309, 296, 310, 334, 274, 267, 321, 269, 358, 224, 392, 384, 382, 273], "recourse_recommended_ixs": [332, 210, 285, 201, 242, 386, 308, 377, 390, 240, 228, 209, 372, 365, 286, 207, 313, 345, 297, 222, 281, 318, 218, 232, 363, 393, 292, 211, 396, 305, 340, 294, 317, 397, 254, 253, 309, 296, 310, 334, 274, 267, 321, 269, 358, 224, 392, 384, 382, 273], "perc_recomm_found": 1.0, "gamma": 0.9, "eta": 0.9, "gamma_obs": 0.8799999952316284, "gamma_obs_pre": 0.14000000059604645, "eta_obs": 1.0, "costs": [1.0, 1.0], "lbd": 300.0, "thresh": 0.5, "r_type": "subpopulation", "t_type": "improvement", "eta_obs_individualized": NaN, "eta_obs_refits_batch0_mean": 0.984000027179718, "model_score": 0.89, "model_f1": 0.8952380952380954, "model_refits_batch0_scores": [0.885, 0.895, 0.875, 0.88, 0.885], "model_refits_batch0_f1s": [0.8888888888888888, 0.896551724137931, 0.8837209302325582, 0.8867924528301887, 0.8878048780487806], "model_coef": [[0.09876300843139023, 0.15530503797797846, 0.7813287887468571], [-0.1826290106990565]]}