{"accuracy_pre": 0.95, "accuracy_post": 0.32, "recourse_seeking_ixs": [956, 997, 704, 899, 861, 803, 683, 750, 694, 860, 564, 561, 966, 521, 810, 697, 983, 754, 672, 673, 575, 859, 846, 548, 925, 551, 602, 608, 961, 908, 889, 945, 766, 930, 784, 517, 780, 991, 944, 619, 808, 941, 621, 886, 758, 653, 973, 887, 519, 626, 701, 607, 728, 727, 622, 940, 716, 500, 881, 900, 631, 543, 778, 522, 592, 681, 882, 503, 844, 523, 962, 510, 845, 598, 967, 814, 568, 852, 876, 806, 736, 609, 643, 508, 706, 827, 699, 752, 779, 657, 765, 730, 635, 749, 640, 832, 999, 957, 775, 768], "recourse_recommended_ixs": [956, 997, 704, 899, 861, 803, 683, 750, 694, 860, 564, 561, 966, 521, 810, 697, 983, 754, 672, 673, 575, 859, 846, 548, 925, 551, 602, 608, 961, 908, 889, 945, 766, 930, 784, 517, 780, 991, 944, 619, 808, 941, 621, 886, 758, 653, 973, 887, 519, 626, 701, 607, 728, 727, 622, 940, 716, 500, 881, 900, 631, 543, 778, 522, 592, 681, 882, 503, 844, 523, 962, 510, 845, 598, 967, 814, 568, 852, 876, 806, 736, 609, 643, 508, 706, 827, 699, 752, 779, 657, 765, 730, 635, 749, 640, 832, 999, 957, 775, 768], "perc_recomm_found": 1.0, "gamma": 0.95, "eta": 0.95, "gamma_obs": 0.3400000035762787, "gamma_obs_pre": 0.05000000074505806, "eta_obs": 0.98, "costs": [1.0, 1.0, 1.0], "lbd": 300.0, "thresh": 0.5, "r_type": "subpopulation", "t_type": "acceptance", "eta_obs_individualized": NaN, "eta_obs_refits_batch0_mean": 0.5360000729560852, "model_score": 0.82, "model_f1": 0.8708333333333333, "model_refits_batch0_scores": [0.868, 0.852, 0.858, 0.858, 0.848], "model_refits_batch0_f1s": [0.858974358974359, 0.8412017167381973, 0.8459869848156182, 0.8432671081677705, 0.8325991189427313], "model_coef": NaN}