{"accuracy_pre": 0.78, "accuracy_post": 0.79, "recourse_seeking_ixs": [300, 453, 483, 369, 403, 335, 466, 381, 467, 430, 324, 479, 472, 465, 414, 343, 326, 471, 476, 262, 325, 413, 395, 491, 420, 382, 352, 266, 365, 329, 288, 398, 391, 401, 385, 348, 276, 392, 426, 357, 307, 378, 372, 296, 477, 264, 412, 358, 444, 431, 434, 462, 347, 356, 399, 441, 380, 463, 320, 333, 460, 353, 315, 263, 390, 305, 327, 443, 314, 280, 445, 482, 394, 317, 359, 407, 370, 448, 303, 461, 336, 289, 451, 302, 384, 278, 267, 377, 285, 364, 438, 487, 408, 304, 275, 330, 349, 283, 433, 332], "recourse_recommended_ixs": [300, 453, 483, 369, 403, 335, 466, 381, 467, 430, 324, 479, 472, 465, 414, 343, 326, 471, 476, 262, 325, 413, 395, 491, 420, 382, 352, 266, 365, 329, 288, 398, 391, 401, 385, 348, 276, 392, 426, 357, 307, 378, 372, 296, 477, 264, 412, 358, 444, 431, 434, 462, 347, 356, 399, 441, 380, 463, 320, 333, 460, 353, 315, 263, 390, 305, 327, 443, 314, 280, 445, 482, 394, 317, 359, 407, 370, 448, 303, 461, 336, 289, 451, 302, 384, 278, 267, 377, 285, 364, 438, 487, 408, 304, 275, 330, 349, 283, 433, 332], "perc_recomm_found": 1.0, "gamma": 0.75, "eta": 0.75, "gamma_obs": 0.8199999928474426, "gamma_obs_pre": 0.2199999988079071, "eta_obs": 0.95, "costs": [1.0, 1.0], "lbd": 100.0, "thresh": 0.5, "r_type": "individualized", "t_type": "improvement", "eta_obs_individualized": 0.84, "eta_obs_refits_batch0_mean": 0.9340000152587891, "model_score": 0.78, "model_f1": 0.751131221719457, "model_refits_batch0_scores": [0.776, 0.788, 0.776, 0.78, 0.788], "model_refits_batch0_f1s": [0.7454545454545455, 0.7601809954751132, 0.743119266055046, 0.7393364928909952, 0.7579908675799087], "model_coef": NaN}