{"accuracy_pre": 0.89, "accuracy_post": 0.19, "recourse_seeking_ixs": [876, 948, 794, 878, 777, 755, 799, 861, 553, 800, 843, 968, 534, 737, 766, 924, 961, 934, 722, 580, 603, 852, 584, 781, 661, 721, 793, 845, 592, 785, 705, 844, 602, 973, 666, 902, 767, 857, 974, 899, 633, 536, 716, 622, 719, 528, 501, 707, 971, 836, 741, 624, 998, 701, 676, 642, 788, 516, 941, 680, 859, 641, 699, 549, 801, 946, 772, 833, 963, 509, 884, 522, 561, 538, 782, 542, 529, 880, 693, 894, 807, 815, 977, 754, 840, 762, 541, 920, 517, 729, 675, 588, 569, 753, 582, 504, 936, 556, 952, 667], "recourse_recommended_ixs": [876, 948, 794, 878, 777, 755, 799, 861, 553, 800, 843, 968, 534, 737, 766, 924, 961, 934, 722, 580, 603, 852, 584, 781, 661, 721, 793, 845, 592, 785, 705, 844, 602, 973, 666, 902, 767, 857, 974, 899, 633, 536, 716, 622, 719, 528, 501, 707, 971, 836, 741, 624, 998, 701, 676, 642, 788, 516, 941, 680, 859, 641, 699, 549, 801, 946, 772, 833, 963, 509, 884, 522, 561, 538, 782, 542, 529, 880, 693, 894, 807, 815, 977, 754, 840, 762, 541, 920, 517, 729, 675, 588, 569, 753, 582, 504, 936, 556, 952, 667], "perc_recomm_found": 1.0, "gamma": 0.95, "eta": 0.95, "gamma_obs": 0.1899999976158142, "gamma_obs_pre": 0.10999999940395355, "eta_obs": 1.0, "costs": [1.0, 1.0, 1.0], "lbd": 300.0, "thresh": 0.5, "r_type": "subpopulation", "t_type": "acceptance", "eta_obs_individualized": NaN, "eta_obs_refits_batch0_mean": 0.3800000250339508, "model_score": 0.826, "model_f1": 0.8309572301425662, "model_refits_batch0_scores": [0.822, 0.82, 0.814, 0.828, 0.83], "model_refits_batch0_f1s": [0.8202020202020203, 0.8170731707317074, 0.8128772635814889, 0.822314049586777, 0.8261758691206543], "model_coef": [[0.4193815735163298, -0.17430836989550566, 0.8740051248645054], [-0.5287631658814632]]}