{"accuracy_pre": 0.84, "accuracy_post": 0.47, "recourse_seeking_ixs": [630, 674, 952, 872, 733, 689, 818, 776, 730, 837, 905, 605, 608, 775, 588, 580, 556, 729, 857, 743, 542, 852, 829, 797, 636, 988, 547, 951, 772, 756, 757, 735, 830, 739, 765, 783, 520, 506, 738, 909, 510, 668, 612, 892, 868, 685, 895, 817, 825, 734, 794, 620, 566, 746, 654, 993, 616, 697, 670, 712, 878, 875, 801, 931, 798, 913, 721, 628, 943, 647, 619, 984, 844, 522, 607, 754, 511, 642, 980, 927, 806, 660, 622, 546, 536, 603, 910, 669, 986, 963, 978, 718, 700, 761, 531, 653, 914, 748, 990, 805], "recourse_recommended_ixs": [630, 674, 952, 872, 733, 689, 818, 776, 730, 837, 905, 605, 608, 775, 588, 580, 556, 729, 857, 743, 542, 852, 829, 797, 636, 988, 547, 951, 772, 756, 757, 735, 830, 739, 765, 783, 520, 506, 738, 909, 510, 668, 612, 892, 868, 685, 895, 817, 825, 734, 794, 620, 566, 746, 654, 993, 616, 697, 670, 712, 878, 875, 801, 931, 798, 913, 721, 628, 943, 647, 619, 984, 844, 522, 607, 754, 511, 642, 980, 927, 806, 660, 622, 546, 536, 603, 910, 669, 986, 963, 978, 718, 700, 761, 531, 653, 914, 748, 990, 805], "perc_recomm_found": 1.0, "gamma": 0.95, "eta": 0.95, "gamma_obs": 0.33000001311302185, "gamma_obs_pre": 0.1599999964237213, "eta_obs": 0.91, "costs": [1.0, 1.0, 1.0], "lbd": 300.0, "thresh": 0.5, "r_type": "individualized", "t_type": "counterfactual", "eta_obs_individualized": NaN, "eta_obs_refits_batch0_mean": 0.3059999942779541, "model_score": 0.844, "model_f1": 0.8669354838709677, "model_refits_batch0_scores": [0.86, 0.85, 0.838, 0.826, 0.826], "model_refits_batch0_f1s": [0.8504273504273505, 0.8351648351648353, 0.8235294117647058, 0.8062360801781737, 0.8027210884353743], "model_coef": NaN}