{"accuracy_pre": 0.89, "accuracy_post": 0.16, "recourse_seeking_ixs": [731, 649, 575, 656, 730, 977, 826, 964, 821, 920, 660, 933, 679, 828, 991, 783, 893, 733, 969, 514, 715, 874, 691, 757, 505, 548, 928, 707, 532, 850, 616, 594, 815, 763, 800, 748, 801, 858, 637, 696, 824, 599, 963, 539, 726, 536, 723, 512, 732, 998, 633, 822, 988, 794, 702, 569, 985, 830, 744, 854, 659, 957, 692, 983, 931, 825, 537, 962, 775, 655, 504, 729, 628, 946, 610, 639, 555, 869, 844, 949, 581, 533, 503, 976, 551, 565, 952, 624, 617, 776, 786, 544, 871, 840, 614, 917, 665, 609, 861, 877], "recourse_recommended_ixs": [731, 649, 575, 656, 730, 977, 826, 964, 821, 920, 660, 933, 679, 828, 991, 783, 893, 733, 969, 514, 715, 874, 691, 757, 505, 548, 928, 707, 532, 850, 616, 594, 815, 763, 800, 748, 801, 858, 637, 696, 824, 599, 963, 539, 726, 536, 723, 512, 732, 998, 633, 822, 988, 794, 702, 569, 985, 830, 744, 854, 659, 957, 692, 983, 931, 825, 537, 962, 775, 655, 504, 729, 628, 946, 610, 639, 555, 869, 844, 949, 581, 533, 503, 976, 551, 565, 952, 624, 617, 776, 786, 544, 871, 840, 614, 917, 665, 609, 861, 877], "perc_recomm_found": 1.0, "gamma": 0.95, "eta": 0.95, "gamma_obs": 0.1599999964237213, "gamma_obs_pre": 0.10999999940395355, "eta_obs": 1.0, "costs": [1.0, 1.0, 1.0], "lbd": 300.0, "thresh": 0.5, "r_type": "individualized", "t_type": "acceptance", "eta_obs_individualized": NaN, "eta_obs_refits_batch0_mean": 0.39399999380111694, "model_score": 0.826, "model_f1": 0.8256513026052105, "model_refits_batch0_scores": [0.822, 0.82, 0.814, 0.828, 0.83], "model_refits_batch0_f1s": [0.8202020202020203, 0.8170731707317074, 0.8128772635814889, 0.822314049586777, 0.8261758691206543], "model_coef": [[0.4193815735163298, -0.17430836989550566, 0.8740051248645054], [-0.5287631658814632]]}