{"accuracy_pre": 0.83, "accuracy_post": 0.32, "recourse_seeking_ixs": [416, 429, 352, 372, 353, 304, 396, 285, 403, 356, 465, 367, 443, 420, 369, 375, 382, 343, 430, 390, 499, 338, 276, 257, 431, 283, 392, 408, 305, 426, 296, 481, 438, 335, 272, 320, 348, 300, 398, 399, 460, 330, 344, 478, 384, 260, 349, 385, 471, 463, 370, 339, 262, 491, 266, 263, 401, 315, 326, 462, 275, 444, 364, 250, 476, 434, 327, 334, 448, 415, 391, 366, 475, 378, 441, 358, 459, 394, 445, 464, 324, 395, 317, 347, 413, 433, 419, 299, 321, 302, 264, 280, 336, 422, 298, 477, 451, 267, 467, 253], "recourse_recommended_ixs": [416, 429, 352, 372, 353, 304, 396, 285, 403, 356, 465, 367, 443, 420, 369, 375, 382, 343, 430, 390, 499, 338, 276, 257, 431, 283, 392, 408, 305, 426, 296, 481, 438, 335, 272, 320, 348, 300, 398, 399, 460, 330, 344, 478, 384, 260, 349, 385, 471, 463, 370, 339, 262, 491, 266, 263, 401, 315, 326, 462, 275, 444, 364, 250, 476, 434, 327, 334, 448, 415, 391, 366, 475, 378, 441, 358, 459, 394, 445, 464, 324, 395, 317, 347, 413, 433, 419, 299, 321, 302, 264, 280, 336, 422, 298, 477, 451, 267, 467, 253], "perc_recomm_found": 1.0, "gamma": 0.75, "eta": 0.75, "gamma_obs": 0.3199999928474426, "gamma_obs_pre": 0.17000000178813934, "eta_obs": 1.0, "costs": [1.0, 1.0, 1.0], "lbd": 100.0, "thresh": 0.5, "r_type": "individualized", "t_type": "acceptance", "eta_obs_individualized": NaN, "eta_obs_refits_batch0_mean": 0.5640000104904175, "model_score": 0.78, "model_f1": 0.751131221719457, "model_refits_batch0_scores": [0.776, 0.788, 0.776, 0.78, 0.788], "model_refits_batch0_f1s": [0.7454545454545455, 0.7601809954751132, 0.743119266055046, 0.7393364928909952, 0.7579908675799087], "model_coef": NaN}