{"accuracy_pre": 1.0, "accuracy_post": 0.75, "recourse_seeking_ixs": [153, 181, 152, 185, 150, 175, 125, 138, 111, 151, 116, 110, 113, 180, 166, 126, 134, 192, 131, 117, 132, 160, 163, 194, 101, 162, 161, 112, 119, 167, 103, 190, 141, 105, 174, 171, 146, 183, 118, 144, 136, 196, 140, 114, 184, 127, 158, 178], "recourse_recommended_ixs": [153, 181, 152, 185, 150, 175, 125, 138, 111, 151, 116, 110, 113, 180, 166, 126, 134, 192, 131, 117, 132, 160, 163, 194, 101, 162, 161, 112, 119, 167, 103, 190, 141, 105, 174, 171, 146, 183, 118, 144, 136, 196, 140, 114, 184, 127, 158, 178], "perc_recomm_found": 1.0, "gamma": 0.75, "eta": 0.75, "gamma_obs": 0.75, "gamma_obs_pre": 0.0, "eta_obs": 1.0, "costs": [1.0, 1.0, 1.0], "lbd": 50.0, "thresh": 0.5, "r_type": "individualized", "t_type": "counterfactual", "eta_obs_individualized": NaN, "eta_obs_refits_batch0_mean": 1.0, "model_score": 1.0, "model_f1": 1.0, "model_refits_batch0_scores": [1.0, 1.0, 1.0, 1.0, 1.0], "model_refits_batch0_f1s": [1.0, 1.0, 1.0, 1.0, 1.0], "model_coef": [[0.22587006803911844, 0.4517401360782369, 2.326834950720048], [-0.9436853063599802]]}