{"accuracy_pre": 0.86, "accuracy_post": 0.28, "recourse_seeking_ixs": [393, 290, 238, 297, 228, 276, 360, 366, 390, 263, 383, 324, 262, 323, 286, 339, 379, 361, 343, 221, 282, 279, 389, 342, 211, 331, 363, 232, 250, 270, 358, 328, 239, 327, 207, 317, 373, 200, 318, 353, 326, 201, 351, 316, 222, 206, 347, 210, 388, 251], "recourse_recommended_ixs": [393, 290, 238, 297, 228, 276, 360, 366, 390, 263, 383, 324, 262, 323, 286, 339, 379, 361, 343, 221, 282, 279, 389, 342, 211, 331, 363, 232, 250, 270, 358, 328, 239, 327, 207, 317, 373, 200, 318, 353, 326, 201, 351, 316, 222, 206, 347, 210, 388, 251], "perc_recomm_found": 1.0, "gamma": 0.75, "eta": 0.75, "gamma_obs": 0.2800000011920929, "gamma_obs_pre": 0.14000000059604645, "eta_obs": 1.0, "costs": [1.0, 1.0, 1.0], "lbd": 300.0, "thresh": 0.5, "r_type": "individualized", "t_type": "acceptance", "eta_obs_individualized": NaN, "eta_obs_refits_batch0_mean": 0.7480000257492065, "model_score": 0.845, "model_f1": 0.8426395939086294, "model_refits_batch0_scores": [0.83, 0.85, 0.845, 0.85, 0.85], "model_refits_batch0_f1s": [0.8210526315789474, 0.8469387755102041, 0.8426395939086294, 0.8453608247422681, 0.8529411764705883], "model_coef": [[0.3649932329484359, 0.048490336368937896, 0.7297688937818009], [-0.3313201747853932]]}