{"accuracy_pre": 1.0, "accuracy_post": 0.91, "recourse_seeking_ixs": [1308, 1820, 1522, 1222, 1213, 1926, 1579, 1821, 1479, 1803, 1772, 1729, 1354, 1744, 1398, 1567, 1528, 1420, 1538, 1051, 1127, 1568, 1825, 1182, 1473, 1496, 1338, 1869, 1305, 1397, 1686, 1119, 1161, 1014, 1533, 1542, 1730, 1513, 1323, 1001, 1111, 1602, 1651, 1098, 1488, 1450, 1206, 1529, 1645, 1147, 1234, 1114, 1065, 1804, 1629, 1235, 1910, 1906, 1276, 1809, 1336, 1688, 1484, 1808, 1938, 1731, 1671, 1245, 1992, 1794, 1839, 1069, 1759, 1466, 1502, 1309, 1248, 1693, 1246, 1474, 1443, 1541, 1212, 1973, 1882, 1288, 1229, 1601, 1777, 1000, 1935, 1382, 1286, 1758, 1723, 1642, 1216, 1851, 1634, 1239], "recourse_recommended_ixs": [1308, 1820, 1522, 1222, 1213, 1926, 1579, 1821, 1479, 1803, 1772, 1729, 1354, 1744, 1398, 1567, 1528, 1420, 1538, 1051, 1127, 1568, 1825, 1182, 1473, 1496, 1338, 1869, 1305, 1397, 1686, 1119, 1161, 1014, 1533, 1542, 1730, 1513, 1323, 1001, 1111, 1602, 1651, 1098, 1488, 1450, 1206, 1529, 1645, 1147, 1234, 1114, 1065, 1804, 1629, 1235, 1910, 1906, 1276, 1809, 1336, 1688, 1484, 1808, 1938, 1731, 1671, 1245, 1992, 1794, 1839, 1069, 1759, 1466, 1502, 1309, 1248, 1693, 1246, 1474, 1443, 1541, 1212, 1973, 1882, 1288, 1229, 1601, 1777, 1000, 1935, 1382, 1286, 1758, 1723, 1642, 1216, 1851, 1634, 1239], "perc_recomm_found": 1.0, "gamma": 0.75, "eta": 0.75, "gamma_obs": 1.0, "gamma_obs_pre": 0.0, "eta_obs": 0.91, "costs": [1.0, 1.0, 1.0], "lbd": 150.0, "thresh": 0.5, "r_type": "subpopulation", "t_type": "acceptance", "eta_obs_individualized": NaN, "eta_obs_refits_batch0_mean": 0.8840000033378601, "model_score": 0.986, "model_f1": 0.9905759162303664, "model_refits_batch0_scores": [0.999, 0.997, 0.998, 0.999, 0.993], "model_refits_batch0_f1s": [0.9989949748743718, 0.9969727547931382, 0.9979919678714859, 0.9989929506545822, 0.993006993006993], "model_coef": [[2.0946568951974145, 2.6183211165157094, 4.922443678360561], [-0.014944425291116755]]}