{"accuracy_pre": 0.84, "accuracy_post": 0.3, "recourse_seeking_ixs": [861, 846, 600, 711, 615, 670, 812, 835, 676, 501, 530, 700, 907, 987, 580, 557, 973, 770, 842, 843, 951, 591, 701, 915, 518, 731, 625, 771, 736, 887, 804, 552, 913, 727, 832, 857, 897, 813, 614, 826, 636, 730, 922, 722, 663, 780, 757, 742, 779, 904, 674, 541, 856, 775, 559, 840, 925, 905, 719, 741, 895, 798, 669, 998, 662, 964, 718, 795, 936, 537, 665, 788, 810, 724, 841, 740, 829, 737, 675, 710, 616, 707, 924, 553, 688, 911, 921, 563, 877, 713, 705, 844, 791, 774, 606, 691, 562, 910, 504, 578], "recourse_recommended_ixs": [861, 846, 600, 711, 615, 670, 812, 835, 676, 501, 530, 700, 907, 987, 580, 557, 973, 770, 842, 843, 951, 591, 701, 915, 518, 731, 625, 771, 736, 887, 804, 552, 913, 727, 832, 857, 897, 813, 614, 826, 636, 730, 922, 722, 663, 780, 757, 742, 779, 904, 674, 541, 856, 775, 559, 840, 925, 905, 719, 741, 895, 798, 669, 998, 662, 964, 718, 795, 936, 537, 665, 788, 810, 724, 841, 740, 829, 737, 675, 710, 616, 707, 924, 553, 688, 911, 921, 563, 877, 713, 705, 844, 791, 774, 606, 691, 562, 910, 504, 578], "perc_recomm_found": 1.0, "gamma": 0.75, "eta": 0.75, "gamma_obs": 0.28999999165534973, "gamma_obs_pre": 0.1599999964237213, "eta_obs": 0.99, "costs": [1.0, 1.0, 1.0], "lbd": 300.0, "thresh": 0.5, "r_type": "subpopulation", "t_type": "counterfactual", "eta_obs_individualized": NaN, "eta_obs_refits_batch0_mean": 0.5119999647140503, "model_score": 0.818, "model_f1": 0.829827915869981, "model_refits_batch0_scores": [0.828, 0.828, 0.794, 0.826, 0.834], "model_refits_batch0_f1s": [0.8027522935779817, 0.8063063063063063, 0.7518072289156627, 0.7962529274004684, 0.814317673378076], "model_coef": [[0.17212440209313498, 0.30563951578550236, 0.8015383947950182], [-0.48917069650178224]]}