{"accuracy_pre": 0.87, "accuracy_post": 0.75, "recourse_seeking_ixs": [741, 745, 740, 501, 590, 582, 643, 561, 575, 967, 890, 807, 706, 917, 844, 852, 901, 984, 675, 836, 549, 974, 991, 642, 763, 864, 941, 633, 857, 649, 808, 666, 842, 553, 592, 618, 628, 661, 835, 971, 928, 772, 625, 904, 588, 727, 934, 785, 641, 865, 840, 992, 952, 721, 977, 525, 718, 961, 769, 707, 863, 624, 651, 558, 762, 608, 520, 806, 973, 755, 995, 876, 600, 734, 933, 784, 866, 601, 800, 537, 554, 966, 949, 997, 597, 541, 920, 637, 519, 606, 782, 972, 676, 781, 799, 936, 982, 985, 869, 839], "recourse_recommended_ixs": [741, 745, 740, 501, 590, 582, 643, 561, 575, 967, 890, 807, 706, 917, 844, 852, 901, 984, 675, 836, 549, 974, 991, 642, 763, 864, 941, 633, 857, 649, 808, 666, 842, 553, 592, 618, 628, 661, 835, 971, 928, 772, 625, 904, 588, 727, 934, 785, 641, 865, 840, 992, 952, 721, 977, 525, 718, 961, 769, 707, 863, 624, 651, 558, 762, 608, 806, 973, 755, 995, 876, 600, 734, 933, 784, 866, 601, 800, 537, 554, 966, 949, 997, 597, 541, 920, 637, 519, 606, 782, 972, 676, 781, 799, 936, 982, 985, 869, 839], "perc_recomm_found": 0.99, "gamma": 0.75, "eta": 0.75, "gamma_obs": 0.7575757503509521, "gamma_obs_pre": 0.12121212482452393, "eta_obs": 0.9292929292929293, "costs": [1.0, 1.0], "lbd": 300.0, "thresh": 0.5, "r_type": "individualized", "t_type": "improvement", "eta_obs_individualized": 0.8383838383838383, "eta_obs_refits_batch0_mean": 0.9393939971923828, "model_score": 0.804, "model_f1": 0.8254620123203286, "model_refits_batch0_scores": [0.804, 0.782, 0.782, 0.786, 0.806], "model_refits_batch0_f1s": [0.8016194331983807, 0.7705263157894737, 0.7714884696016772, 0.7737843551797039, 0.7966457023060797], "model_coef": NaN}