{"accuracy_pre": 0.0, "accuracy_post": 1.0, "recourse_seeking_ixs": [1401, 1661, 1168, 1065, 1325, 1735, 1502, 1515, 1234, 1905, 1209, 1958, 1408, 1185, 1379, 1218, 1008, 1215, 1846, 1103, 1084, 1675, 1418, 1946, 1244, 1947, 1685, 1630, 1031, 1025, 1248, 1776, 1038, 1878, 1381, 1937, 1828, 1409, 1006, 1622, 1732, 1707, 1080, 1921, 1737, 1492, 1480, 1981, 1195, 1263, 1646, 1382, 1966, 1763, 1478, 1580, 1091, 1595, 1024, 1353, 1276, 1533, 1671, 1427, 1097, 1518, 1299, 1221, 1996, 1430, 1122, 1483, 1339, 1813, 1859, 1570, 1524, 1286, 1246, 1449, 1137, 1493, 1061, 1761, 1623, 1971, 1149, 1118, 1680, 1528, 1975, 1072, 1455, 1039, 1486, 1889, 1490, 1696, 1454, 1733], "recourse_recommended_ixs": [1401, 1661, 1168, 1065, 1325, 1735, 1502, 1515, 1234, 1905, 1209, 1958, 1408, 1185, 1379, 1218, 1008, 1215, 1846, 1103, 1084, 1675, 1418, 1946, 1244, 1947, 1685, 1630, 1031, 1025, 1248, 1776, 1038, 1878, 1381, 1937, 1828, 1409, 1006, 1622, 1732, 1707, 1080, 1921, 1737, 1492, 1480, 1981, 1195, 1263, 1646, 1382, 1966, 1763, 1478, 1580, 1091, 1595, 1024, 1353, 1276, 1533, 1671, 1427, 1097, 1518, 1299, 1221, 1996, 1430, 1122, 1483, 1339, 1813, 1859, 1570, 1524, 1286, 1246, 1449, 1137, 1493, 1061, 1761, 1623, 1971, 1149, 1118, 1680, 1528, 1975, 1072, 1455, 1039, 1486, 1889, 1490, 1696, 1454, 1733], "perc_recomm_found": 1.0, "gamma": 0.75, "eta": 0.75, "gamma_obs": 1.0, "gamma_obs_pre": 1.0, "eta_obs": 1.0, "costs": [1.0, 1.0, 1.0], "lbd": 150.0, "thresh": 0.5, "r_type": "individualized", "t_type": "acceptance", "eta_obs_individualized": NaN, "eta_obs_refits_batch0_mean": 0.9019999504089355, "model_score": 0.245, "model_f1": 1.0, "model_refits_batch0_scores": [0.998, 0.998, 0.995, 0.995, 0.998], "model_refits_batch0_f1s": [0.9979674796747968, 0.9979674796747968, 0.9949031600407746, 0.9949031600407746, 0.9979674796747968], "model_coef": NaN}