{"accuracy_pre": 0.79, "accuracy_post": 0.78, "recourse_seeking_ixs": [761, 578, 990, 799, 813, 815, 819, 855, 602, 660, 874, 871, 614, 604, 851, 860, 841, 572, 668, 962, 910, 975, 892, 800, 758, 625, 656, 897, 915, 779, 940, 689, 615, 853, 529, 675, 812, 568, 798, 947, 635, 811, 622, 967, 906, 854, 666, 719, 980, 774, 716, 875, 847, 775, 584, 805, 939, 663, 600, 926, 913, 628, 699, 754, 669, 690, 974, 838, 503, 817, 788, 509, 893, 650, 685, 710, 516, 574, 948, 597, 957, 907, 555, 969, 920, 680, 864, 569, 852, 519, 698, 712, 733, 928, 711, 609, 794, 697, 912, 943], "recourse_recommended_ixs": [761, 578, 990, 799, 813, 815, 819, 855, 602, 660, 874, 871, 614, 604, 851, 860, 841, 572, 668, 962, 910, 975, 892, 800, 758, 625, 656, 897, 915, 779, 940, 689, 615, 853, 529, 675, 812, 568, 798, 947, 635, 811, 622, 967, 906, 854, 666, 719, 980, 774, 716, 875, 847, 775, 584, 805, 939, 663, 600, 926, 913, 628, 699, 754, 669, 690, 974, 838, 503, 817, 788, 509, 893, 650, 685, 710, 516, 574, 948, 597, 957, 907, 555, 969, 920, 680, 864, 569, 852, 519, 698, 712, 733, 928, 711, 609, 794, 697, 912, 943], "perc_recomm_found": 1.0, "gamma": 0.75, "eta": 0.75, "gamma_obs": 0.7900000214576721, "gamma_obs_pre": 0.20999999344348907, "eta_obs": 1.0, "costs": [1.0, 1.0], "lbd": 300.0, "thresh": 0.5, "r_type": "individualized", "t_type": "improvement", "eta_obs_individualized": 0.82, "eta_obs_refits_batch0_mean": 0.9699999690055847, "model_score": 0.816, "model_f1": 0.86, "model_refits_batch0_scores": [0.824, 0.834, 0.834, 0.808, 0.818], "model_refits_batch0_f1s": [0.817427385892116, 0.8245243128964059, 0.8230277185501067, 0.799163179916318, 0.7945823927765236], "model_coef": NaN}