{"accuracy_pre": 0.98, "accuracy_post": 0.24, "recourse_seeking_ixs": [1084, 1835, 1624, 1926, 1738, 1012, 1147, 1639, 1902, 1781, 1819, 1397, 1191, 1651, 1195, 1227, 1793, 1764, 1128, 1439, 1040, 1373, 1595, 1679, 1435, 1741, 1594, 1827, 1949, 1103, 1805, 1033, 1274, 1645, 1962, 1899, 1523, 1562, 1664, 1649, 1388, 1629, 1303, 1950, 1414, 1316, 1697, 1588, 1680, 1924, 1412, 1928, 1269, 1102, 1995, 1505, 1277, 1823, 1621, 1627, 1420, 1284, 1991, 1385, 1858, 1610, 1237, 1773, 1954, 1528, 1223, 1408, 1076, 1587, 1784, 1597, 1652, 1933, 1440, 1202, 1561, 1209, 1002, 1216, 1923, 1097, 1400, 1633, 1071, 1168, 1070, 1176, 1840, 1795, 1811, 1939, 1992, 1340, 1717, 1285], "recourse_recommended_ixs": [1084, 1835, 1624, 1926, 1738, 1012, 1147, 1639, 1902, 1781, 1819, 1397, 1191, 1651, 1195, 1227, 1793, 1764, 1128, 1439, 1040, 1373, 1595, 1679, 1435, 1741, 1594, 1827, 1949, 1103, 1805, 1033, 1274, 1645, 1962, 1899, 1523, 1562, 1664, 1649, 1388, 1629, 1303, 1950, 1414, 1316, 1697, 1588, 1680, 1924, 1412, 1928, 1269, 1102, 1995, 1505, 1277, 1823, 1621, 1627, 1420, 1284, 1991, 1385, 1858, 1610, 1237, 1773, 1954, 1528, 1223, 1408, 1076, 1587, 1784, 1597, 1652, 1933, 1440, 1202, 1561, 1209, 1002, 1216, 1923, 1097, 1400, 1633, 1071, 1168, 1070, 1176, 1840, 1795, 1811, 1939, 1992, 1340, 1717, 1285], "perc_recomm_found": 1.0, "gamma": 0.75, "eta": 0.75, "gamma_obs": 0.23000000417232513, "gamma_obs_pre": 0.019999999552965164, "eta_obs": 0.99, "costs": [1.0, 1.0, 1.0], "lbd": 150.0, "thresh": 0.5, "r_type": "individualized", "t_type": "counterfactual", "eta_obs_individualized": NaN, "eta_obs_refits_batch0_mean": 0.7979999780654907, "model_score": 0.993, "model_f1": 0.9930624380574826, "model_refits_batch0_scores": [0.998, 0.998, 0.999, 0.998, 0.998], "model_refits_batch0_f1s": [0.99800796812749, 0.99800796812749, 0.9990069513406157, 0.99800796812749, 0.99800796812749], "model_coef": NaN}