{"accuracy_pre": 0.9, "accuracy_post": 0.8, "recourse_seeking_ixs": [256, 296, 371, 248, 311, 290, 229, 300, 346, 342, 242, 304, 316, 246, 331, 203, 262, 221, 293, 334, 243, 257, 336, 374, 247, 238, 266, 252, 383, 382, 217, 305, 365, 299, 393, 317, 359, 275, 349, 310, 219, 338, 379, 312, 235, 228, 335, 250, 323, 254], "recourse_recommended_ixs": [256, 296, 371, 248, 311, 290, 229, 300, 346, 342, 242, 304, 316, 246, 331, 203, 262, 221, 293, 334, 243, 257, 336, 374, 247, 238, 266, 252, 383, 382, 217, 305, 365, 299, 393, 317, 359, 275, 349, 310, 219, 338, 379, 312, 235, 228, 335, 250, 323, 254], "perc_recomm_found": 1.0, "gamma": 0.85, "eta": 0.85, "gamma_obs": 0.800000011920929, "gamma_obs_pre": 0.10000000149011612, "eta_obs": 1.0, "costs": [1.0, 1.0, 1.0], "lbd": 300.0, "thresh": 0.5, "r_type": "subpopulation", "t_type": "improvement", "eta_obs_individualized": NaN, "eta_obs_refits_batch0_mean": 0.8760000467300415, "model_score": 0.905, "model_f1": 0.9147982062780269, "model_refits_batch0_scores": [0.905, 0.905, 0.89, 0.895, 0.92], "model_refits_batch0_f1s": [0.9140271493212668, 0.9155555555555556, 0.9035087719298246, 0.9082969432314411, 0.926605504587156], "model_coef": [[0.766491475368308, 0.5308515591991532, 1.0255327745123586], [-0.05792578086129333]]}