{"accuracy_pre": 0.78, "accuracy_post": 0.6, "recourse_seeking_ixs": [517, 548, 634, 895, 610, 513, 774, 722, 739, 877, 566, 936, 633, 833, 790, 982, 922, 668, 507, 793, 801, 594, 927, 756, 881, 590, 903, 502, 611, 657, 534, 815, 740, 953, 515, 609, 665, 573, 792, 852, 699, 923, 894, 980, 857, 808, 710, 530, 662, 584, 514, 850, 914, 832, 944, 714, 701, 879, 746, 544, 516, 795, 654, 577, 725, 552, 723, 629, 569, 841, 542, 965, 565, 541, 674, 967, 616, 703, 782, 568, 978, 693, 716, 883, 684, 709, 540, 943, 642, 751, 778, 837, 932, 522, 720, 656, 991, 856, 702, 747], "recourse_recommended_ixs": [517, 548, 634, 895, 610, 513, 774, 722, 739, 877, 566, 936, 633, 833, 790, 982, 922, 668, 507, 793, 801, 594, 927, 756, 881, 590, 903, 502, 611, 657, 534, 815, 740, 953, 515, 609, 665, 573, 792, 852, 699, 923, 894, 980, 857, 808, 710, 530, 662, 584, 514, 850, 914, 832, 944, 714, 701, 879, 746, 544, 516, 795, 654, 577, 725, 552, 723, 629, 569, 841, 542, 965, 565, 541, 674, 967, 616, 703, 782, 568, 978, 693, 716, 883, 684, 709, 540, 943, 642, 751, 778, 837, 932, 522, 720, 656, 991, 856, 702, 747], "perc_recomm_found": 1.0, "gamma": 0.95, "eta": 0.95, "gamma_obs": 0.3199999928474426, "gamma_obs_pre": 0.2199999988079071, "eta_obs": 1.0, "costs": [1.0, 1.0, 1.0], "lbd": 300.0, "thresh": 0.5, "r_type": "individualized", "t_type": "acceptance", "eta_obs_individualized": NaN, "eta_obs_refits_batch0_mean": 0.3659999966621399, "model_score": 0.82, "model_f1": 0.8119999999999999, "model_refits_batch0_scores": [0.83, 0.822, 0.816, 0.824, 0.822], "model_refits_batch0_f1s": [0.8268839103869655, 0.8118393234672305, 0.7973568281938326, 0.8095238095238094, 0.8086021505376344], "model_coef": NaN}