{"accuracy_pre": 1.0, "accuracy_post": 0.99, "recourse_seeking_ixs": [1994, 1963, 1073, 1937, 1271, 1382, 1947, 1846, 1108, 1467, 1680, 1636, 1632, 1971, 1215, 1675, 1799, 1357, 1253, 1917, 1551, 1640, 1249, 1861, 1105, 1914, 1285, 1351, 1244, 1427, 1345, 1992, 1595, 1593, 1082, 1431, 1975, 1567, 1022, 1165, 1790, 1824, 1083, 1014, 1483, 1091, 1144, 1185, 1510, 1901, 1657, 1284, 1133, 1528, 1429, 1028, 1833, 1872, 1490, 1373, 1327, 1450, 1805, 1491, 1909, 1788, 1376, 1794, 1029, 1360, 1808, 1761, 1921, 1804, 1359, 1209, 1320, 1034, 1767, 1623, 1333, 1423, 1302, 1859, 1814, 1043, 1457, 1542, 1966, 1220, 1027, 1479, 1396, 1853, 1652, 1272, 1547, 1111, 1732, 1291], "recourse_recommended_ixs": [1994, 1963, 1073, 1937, 1271, 1382, 1947, 1846, 1108, 1467, 1680, 1636, 1632, 1971, 1215, 1675, 1799, 1357, 1253, 1917, 1551, 1640, 1249, 1861, 1105, 1914, 1285, 1351, 1244, 1427, 1345, 1992, 1595, 1593, 1082, 1431, 1975, 1567, 1022, 1165, 1790, 1824, 1083, 1014, 1483, 1091, 1144, 1185, 1510, 1901, 1657, 1284, 1133, 1528, 1429, 1028, 1833, 1872, 1490, 1373, 1327, 1450, 1805, 1491, 1909, 1788, 1376, 1794, 1029, 1360, 1808, 1761, 1921, 1804, 1359, 1209, 1320, 1034, 1767, 1623, 1333, 1423, 1302, 1859, 1814, 1043, 1457, 1542, 1966, 1220, 1027, 1479, 1396, 1853, 1652, 1272, 1547, 1111, 1732, 1291], "perc_recomm_found": 1.0, "gamma": 0.75, "eta": 0.75, "gamma_obs": 0.9900000095367432, "gamma_obs_pre": 0.0, "eta_obs": 1.0, "costs": [1.0, 1.0, 1.0], "lbd": 150.0, "thresh": 0.5, "r_type": "individualized", "t_type": "counterfactual", "eta_obs_individualized": NaN, "eta_obs_refits_batch0_mean": 0.968000054359436, "model_score": 0.988, "model_f1": 0.9989594172736733, "model_refits_batch0_scores": [0.998, 0.998, 0.995, 0.995, 0.998], "model_refits_batch0_f1s": [0.9979674796747968, 0.9979674796747968, 0.9949031600407746, 0.9949031600407746, 0.9979674796747968], "model_coef": NaN}