{"accuracy_pre": 0.99, "accuracy_post": 0.87, "recourse_seeking_ixs": [1110, 1540, 1196, 1716, 1743, 1310, 1552, 1737, 1953, 1939, 1895, 1039, 1373, 1291, 1131, 1070, 1529, 1233, 1805, 1036, 1057, 1176, 1397, 1852, 1642, 1811, 1267, 1610, 1344, 1915, 1420, 1476, 1495, 1533, 1162, 1898, 1199, 1771, 1179, 1414, 1457, 1635, 1668, 1664, 1055, 1303, 1364, 1150, 1342, 1991, 1603, 1892, 1213, 1034, 1605, 1161, 1101, 1412, 1269, 1498, 1886, 1063, 1791, 1787, 1621, 1561, 1438, 1752, 1458, 1077, 1539, 1986, 1789, 1835, 1383, 1679, 1872, 1421, 1858, 1519, 1352, 1284, 1308, 1574, 1119, 1821, 1274, 1996, 1717, 1290, 1103, 1347, 1990, 1711, 1707, 1067, 1567, 1440, 1823, 1839], "recourse_recommended_ixs": [1110, 1540, 1196, 1716, 1743, 1310, 1552, 1737, 1953, 1939, 1895, 1039, 1373, 1291, 1131, 1070, 1529, 1233, 1805, 1036, 1057, 1176, 1397, 1852, 1642, 1811, 1267, 1610, 1344, 1915, 1420, 1476, 1495, 1533, 1162, 1898, 1199, 1771, 1179, 1414, 1457, 1635, 1668, 1664, 1055, 1303, 1364, 1150, 1342, 1991, 1603, 1892, 1213, 1034, 1605, 1161, 1101, 1412, 1269, 1498, 1886, 1063, 1791, 1787, 1621, 1561, 1438, 1752, 1458, 1077, 1539, 1986, 1789, 1835, 1383, 1679, 1872, 1421, 1858, 1519, 1352, 1284, 1308, 1574, 1119, 1821, 1274, 1996, 1717, 1290, 1103, 1347, 1990, 1711, 1707, 1067, 1567, 1440, 1823, 1839], "perc_recomm_found": 1.0, "gamma": 0.95, "eta": 0.95, "gamma_obs": 0.9100000262260437, "gamma_obs_pre": 0.009999999776482582, "eta_obs": 0.96, "costs": [1.0, 1.0, 1.0], "lbd": 150.0, "thresh": 0.5, "r_type": "subpopulation", "t_type": "acceptance", "eta_obs_individualized": NaN, "eta_obs_refits_batch0_mean": 0.8960000276565552, "model_score": 0.994, "model_f1": 1.0, "model_refits_batch0_scores": [0.998, 0.998, 1.0, 0.994, 0.996], "model_refits_batch0_f1s": [0.99800796812749, 0.99800796812749, 1.0, 0.9939999999999999, 0.9960079840319361], "model_coef": NaN}