{"accuracy_pre": 0.98, "accuracy_post": 0.9, "recourse_seeking_ixs": [219, 253, 299, 297, 241, 230, 362, 256, 369, 378, 349, 307, 231, 208, 366, 294, 223, 333, 221, 329, 249, 215, 259, 210, 206, 320, 264, 228, 218, 325, 311, 234, 274, 335, 225, 363, 314, 356, 383, 391, 232, 289, 323, 284, 386, 382, 379, 239, 372, 278], "recourse_recommended_ixs": [219, 253, 299, 297, 241, 230, 362, 256, 369, 378, 349, 307, 231, 208, 294, 223, 333, 221, 329, 249, 215, 259, 210, 206, 320, 264, 228, 218, 325, 311, 234, 274, 335, 225, 363, 314, 356, 383, 391, 232, 289, 323, 284, 386, 382, 379, 239, 372, 278], "perc_recomm_found": 0.98, "gamma": 0.85, "eta": 0.85, "gamma_obs": 1.0, "gamma_obs_pre": 0.0, "eta_obs": 0.9183673469387755, "costs": [5.0, 5.0], "lbd": 300.0, "thresh": 0.5, "r_type": "subpopulation", "t_type": "improvement", "eta_obs_individualized": NaN, "eta_obs_refits_batch0_mean": 0.9387755102040817, "model_score": 0.995, "model_f1": 0.9956709956709957, "model_refits_batch0_scores": [0.985, 0.98, 0.97, 0.98, 0.98], "model_refits_batch0_f1s": [0.9868995633187774, 0.983050847457627, 0.9745762711864409, 0.982905982905983, 0.982905982905983], "model_coef": [[-0.5176517533033055, 0.9265584802375996, 0.009902208607704277, 0.3419470310786441, 0.6737283315699382], [-12.95356554238956]]}