{"accuracy_pre": 0.94, "accuracy_post": 0.18, "recourse_seeking_ixs": [334, 337, 294, 310, 289, 301, 216, 340, 284, 322, 393, 243, 254, 351, 213, 397, 348, 207, 237, 341, 373, 274, 219, 384, 281, 225, 210, 298, 264, 365, 353, 364, 253, 295, 218, 222, 382, 252, 346, 303, 247, 220, 338, 230, 249, 258, 366, 214, 246, 255], "recourse_recommended_ixs": [334, 337, 294, 310, 289, 301, 216, 340, 284, 322, 393, 243, 254, 351, 213, 397, 348, 207, 237, 341, 373, 274, 219, 384, 281, 225, 210, 298, 264, 365, 353, 364, 253, 295, 218, 222, 382, 252, 346, 303, 247, 220, 338, 230, 249, 258, 366, 214, 246, 255], "perc_recomm_found": 1.0, "gamma": 0.75, "eta": 0.75, "gamma_obs": 0.18000000715255737, "gamma_obs_pre": 0.05999999865889549, "eta_obs": 1.0, "costs": [1.0, 1.0, 1.0], "lbd": 300.0, "thresh": 0.5, "r_type": "individualized", "t_type": "acceptance", "eta_obs_individualized": NaN, "eta_obs_refits_batch0_mean": 0.628000020980835, "model_score": 0.85, "model_f1": 0.8571428571428571, "model_refits_batch0_scores": [0.85, 0.815, 0.8, 0.845, 0.86], "model_refits_batch0_f1s": [0.8571428571428571, 0.8294930875576036, 0.8148148148148148, 0.8502415458937198, 0.8653846153846154], "model_coef": [[0.05864341800356626, 0.4888691119353773, 0.6425110721738136], [-0.10469144681029367]]}