{"accuracy_pre": 1.0, "accuracy_post": 1.0, "recourse_seeking_ixs": [312, 217, 223, 261, 389, 396, 335, 330, 374, 290, 380, 316, 365, 216, 361, 394, 248, 283, 224, 206, 385, 284, 398, 388, 212, 232, 329, 250, 213, 309, 246, 369, 313, 393, 315, 278, 236, 218, 289, 358, 235, 277, 265, 306, 332, 260, 317, 263, 257, 220], "recourse_recommended_ixs": [312, 217, 223, 261, 389, 396, 335, 330, 374, 290, 380, 316, 365, 216, 361, 394, 248, 283, 224, 206, 385, 284, 398, 388, 212, 232, 329, 250, 213, 309, 246, 369, 313, 393, 315, 278, 236, 218, 289, 358, 235, 277, 265, 306, 332, 260, 317, 263, 257, 220], "perc_recomm_found": 1.0, "gamma": 0.75, "eta": 0.75, "gamma_obs": 0.96, "gamma_obs_pre": 0.0, "eta_obs": 0.96, "costs": [5.0, 5.0], "lbd": 300.0, "thresh": 0.5, "r_type": "subpopulation", "t_type": "improvement", "eta_obs_individualized": NaN, "eta_obs_refits_batch0_mean": 0.96, "model_score": 1.0, "model_f1": 1.0, "model_refits_batch0_scores": [0.98, 0.99, 1.0, 0.995, 0.985], "model_refits_batch0_f1s": [0.9846153846153847, 0.9922480620155039, 1.0, 0.9961089494163424, 0.9884169884169884], "model_coef": [[-0.9769362105694728, 0.9030007247924138, 0.008160168779617226, 0.24785274035147487, 0.3816262853486857], [-7.9827245033472]]}