{"accuracy_pre": 0.98, "accuracy_post": 0.95, "recourse_seeking_ixs": [1433, 1420, 1713, 1870, 1443, 1998, 1649, 1225, 1826, 1285, 1203, 1761, 1030, 1680, 1290, 1597, 1316, 1071, 1010, 1532, 1540, 1821, 1274, 1288, 1346, 1941, 1879, 1349, 1938, 1026, 1404, 1412, 1898, 1119, 1342, 1537, 1528, 1824, 1315, 1690, 1198, 1184, 1242, 1856, 1717, 1618, 1439, 1029, 1864, 1303, 1055, 1196, 1077, 1865, 1213, 1437, 1753, 1934, 1681, 1072, 1475, 1902, 1057, 1639, 1495, 1624, 1616, 1784, 1652, 1899, 1914, 1883, 1675, 1973, 1561, 1397, 1942, 1711, 1723, 1806, 1097, 1388, 1677, 1289, 1356, 1007, 1162, 1950, 1631, 1926, 1773, 1801, 1170, 1646, 1237, 1284, 1096, 1798, 1569, 1665], "recourse_recommended_ixs": [1433, 1420, 1713, 1870, 1443, 1998, 1649, 1225, 1826, 1285, 1203, 1761, 1030, 1680, 1290, 1597, 1316, 1071, 1010, 1532, 1540, 1821, 1274, 1288, 1346, 1941, 1879, 1349, 1938, 1026, 1404, 1412, 1898, 1119, 1342, 1537, 1528, 1824, 1315, 1690, 1198, 1184, 1242, 1856, 1717, 1618, 1439, 1029, 1864, 1303, 1055, 1196, 1077, 1865, 1213, 1437, 1753, 1934, 1681, 1072, 1475, 1902, 1057, 1639, 1495, 1624, 1616, 1784, 1652, 1899, 1914, 1883, 1675, 1973, 1561, 1397, 1942, 1711, 1723, 1806, 1097, 1388, 1677, 1289, 1356, 1007, 1162, 1950, 1631, 1926, 1773, 1801, 1170, 1646, 1237, 1284, 1096, 1798, 1569, 1665], "perc_recomm_found": 1.0, "gamma": 0.75, "eta": 0.75, "gamma_obs": 0.949999988079071, "gamma_obs_pre": 0.019999999552965164, "eta_obs": 1.0, "costs": [1.0, 1.0, 1.0], "lbd": 150.0, "thresh": 0.5, "r_type": "individualized", "t_type": "counterfactual", "eta_obs_individualized": NaN, "eta_obs_refits_batch0_mean": 0.9580000042915344, "model_score": 0.991, "model_f1": 0.9990167158308751, "model_refits_batch0_scores": [0.997, 0.994, 0.996, 0.994, 0.996], "model_refits_batch0_f1s": [0.9970089730807578, 0.9939999999999999, 0.9960079840319361, 0.9939999999999999, 0.9960079840319361], "model_coef": NaN}