{"accuracy_pre": 0.85, "accuracy_post": 0.95, "recourse_seeking_ixs": [721, 632, 588, 743, 852, 899, 782, 912, 892, 515, 639, 701, 916, 616, 769, 611, 596, 593, 506, 584, 606, 718, 534, 619, 996, 975, 775, 575, 748, 925, 948, 968, 839, 881, 887, 516, 866, 974, 669, 904, 732, 943, 713, 759, 689, 871, 776, 656, 757, 574, 664, 918, 810, 821, 829, 841, 762, 889, 788, 758, 850, 781, 535, 564, 784, 842, 577, 654, 787, 910, 992, 614, 786, 554, 705, 958, 736, 755, 876, 712, 811, 563, 603, 602, 583, 668, 704, 877, 526, 601, 878, 901, 977, 648, 662, 933, 767, 833, 860, 727], "recourse_recommended_ixs": [721, 632, 588, 743, 852, 899, 782, 912, 892, 515, 639, 701, 916, 616, 769, 611, 596, 593, 506, 584, 606, 718, 534, 619, 996, 975, 775, 575, 748, 925, 948, 968, 839, 881, 887, 516, 866, 974, 669, 904, 732, 943, 713, 759, 689, 871, 776, 656, 757, 574, 664, 918, 810, 821, 829, 841, 762, 889, 788, 758, 850, 781, 535, 564, 784, 842, 577, 654, 787, 910, 992, 614, 786, 554, 705, 958, 736, 755, 876, 712, 811, 563, 603, 602, 583, 668, 704, 877, 526, 601, 878, 901, 977, 648, 662, 933, 767, 833, 860, 727], "perc_recomm_found": 1.0, "gamma": 0.95, "eta": 0.95, "gamma_obs": 0.949999988079071, "gamma_obs_pre": 0.15000000596046448, "eta_obs": 1.0, "costs": [1.0, 1.0], "lbd": 300.0, "thresh": 0.5, "r_type": "subpopulation", "t_type": "improvement", "eta_obs_individualized": NaN, "eta_obs_refits_batch0_mean": 1.0, "model_score": 0.826, "model_f1": 0.8260869565217391, "model_refits_batch0_scores": [0.824, 0.822, 0.818, 0.804, 0.816], "model_refits_batch0_f1s": [0.8189300411522634, 0.8179959100204499, 0.8115942028985509, 0.7983539094650206, 0.8], "model_coef": [[-0.15516047170550962, 0.3887020845851001, 0.7972309199062461], [-0.34300633791006724]]}