{"accuracy_pre": 0.21, "accuracy_post": 0.68, "recourse_seeking_ixs": [1642, 1373, 1281, 1059, 1991, 1953, 1896, 1578, 1357, 1075, 1971, 1223, 1218, 1399, 1935, 1168, 1924, 1266, 1363, 1247, 1110, 1100, 1892, 1711, 1019, 1897, 1709, 1103, 1911, 1977, 1489, 1326, 1746, 1241, 1844, 1687, 1933, 1527, 1203, 1209, 1332, 1838, 1236, 1310, 1036, 1798, 1133, 1716, 1319, 1824, 1900, 1762, 1468, 1826, 1484, 1253, 1568, 1513, 1689, 1206, 1621, 1785, 1827, 1282, 1497, 1562, 1940, 1293, 1033, 1679, 1431, 1681, 1135, 1006, 1560, 1751, 1508, 1902, 1840, 1427, 1649, 1296, 1781, 1625, 1567, 1370, 1942, 1313, 1420, 1195, 1302, 1945, 1288, 1865, 1725, 1667, 1517, 1093, 1146, 1661], "recourse_recommended_ixs": [1642, 1373, 1059, 1953, 1578, 1357, 1971, 1223, 1218, 1399, 1935, 1168, 1247, 1100, 1892, 1709, 1489, 1746, 1241, 1844, 1687, 1527, 1209, 1838, 1310, 1716, 1824, 1762, 1484, 1253, 1513, 1689, 1206, 1785, 1827, 1282, 1497, 1940, 1293, 1033, 1679, 1431, 1135, 1006, 1751, 1902, 1840, 1649, 1296, 1781, 1625, 1567, 1942, 1313, 1420, 1195, 1302, 1945, 1288, 1865, 1725, 1667, 1517, 1661], "perc_recomm_found": 0.64, "gamma": 0.95, "eta": 0.95, "gamma_obs": 1.0, "gamma_obs_pre": 0.75, "eta_obs": 0.984375, "costs": [1.0, 1.0], "lbd": 150.0, "thresh": 0.5, "r_type": "individualized", "t_type": "improvement", "eta_obs_individualized": 0.953125, "eta_obs_refits_batch0_mean": 0.953125, "model_score": 0.237, "model_f1": 0.9871414441147379, "model_refits_batch0_scores": [0.998, 0.998, 0.998, 0.998, 0.998], "model_refits_batch0_f1s": [0.99800796812749, 0.99800796812749, 0.99800796812749, 0.99800796812749, 0.99800796812749], "model_coef": [[-1.4772435662888521, -1.846554638080656, 3.532578813399066], [-1.7375217910702037]]}