{"accuracy_pre": 1.0, "accuracy_post": 0.94, "recourse_seeking_ixs": [376, 225, 251, 224, 338, 325, 384, 392, 362, 317, 396, 347, 356, 202, 216, 264, 236, 337, 371, 340, 208, 244, 235, 253, 205, 351, 277, 326, 209, 303, 394, 238, 332, 263, 297, 213, 242, 390, 353, 262, 228, 322, 200, 227, 382, 219, 293, 217, 349, 248], "recourse_recommended_ixs": [376, 225, 251, 224, 338, 325, 384, 392, 362, 317, 396, 347, 356, 202, 216, 264, 236, 337, 371, 340, 208, 244, 235, 253, 205, 351, 277, 326, 209, 303, 394, 238, 332, 263, 297, 213, 242, 390, 353, 262, 228, 322, 200, 227, 382, 219, 293, 217, 349, 248], "perc_recomm_found": 1.0, "gamma": 0.85, "eta": 0.85, "gamma_obs": 0.92, "gamma_obs_pre": 0.0, "eta_obs": 0.86, "costs": [5.0, 5.0], "lbd": 300.0, "thresh": 0.5, "r_type": "subpopulation", "t_type": "improvement", "eta_obs_individualized": NaN, "eta_obs_refits_batch0_mean": 0.86, "model_score": 1.0, "model_f1": 1.0, "model_refits_batch0_scores": [1.0, 1.0, 1.0, 1.0, 1.0], "model_refits_batch0_f1s": [1.0, 1.0, 1.0, 1.0, 1.0], "model_coef": [[-1.5993085870025386e-05, 4.4832218659505406e-05, 0.027561909976115444, 7.124567944101945e-05, 0.0002743780694399988], [-15.29119042839106]]}