{"accuracy_pre": 0.31, "accuracy_post": 0.66, "recourse_seeking_ixs": [1964, 1496, 1781, 1426, 1805, 1870, 1617, 1206, 1168, 1925, 1217, 1157, 1958, 1787, 1111, 1467, 1510, 1697, 1932, 1609, 1208, 1288, 1491, 1966, 1671, 1761, 1827, 1425, 1017, 1357, 1883, 1283, 1661, 1409, 1834, 1620, 1230, 1817, 1785, 1062, 1554, 1484, 1881, 1221, 1568, 1063, 1198, 1468, 1261, 1737, 1079, 1646, 1845, 1242, 1660, 1562, 1435, 1304, 1286, 1855, 1170, 1449, 1273, 1557, 1395, 1586, 1430, 1387, 1957, 1340, 1582, 1911, 1018, 1985, 1216, 1555, 1011, 1495, 1838, 1122, 1412, 1740, 1365, 1828, 1873, 1880, 1453, 1779, 1091, 1652, 1726, 1025, 1485, 1840, 1643, 1459, 1031, 1155, 1995, 1436], "recourse_recommended_ixs": [1964, 1496, 1781, 1426, 1805, 1870, 1617, 1206, 1168, 1925, 1217, 1157, 1958, 1787, 1111, 1467, 1510, 1697, 1932, 1609, 1208, 1288, 1491, 1966, 1671, 1761, 1827, 1425, 1017, 1357, 1883, 1283, 1661, 1409, 1834, 1620, 1230, 1817, 1785, 1062, 1554, 1484, 1881, 1221, 1568, 1063, 1198, 1468, 1261, 1737, 1079, 1646, 1845, 1242, 1660, 1562, 1435, 1304, 1286, 1855, 1170, 1449, 1273, 1557, 1395, 1586, 1430, 1387, 1957, 1340, 1582, 1911, 1018, 1985, 1216, 1555, 1011, 1495, 1838, 1122, 1412, 1740, 1365, 1828, 1873, 1880, 1453, 1779, 1091, 1652, 1726, 1025, 1485, 1840, 1643, 1459, 1031, 1155, 1995, 1436], "perc_recomm_found": 1.0, "gamma": 0.75, "eta": 0.75, "gamma_obs": 0.699999988079071, "gamma_obs_pre": 0.6899999976158142, "eta_obs": 0.96, "costs": [1.0, 1.0, 1.0], "lbd": 150.0, "thresh": 0.5, "r_type": "subpopulation", "t_type": "acceptance", "eta_obs_individualized": NaN, "eta_obs_refits_batch0_mean": 0.6959999799728394, "model_score": 0.224, "model_f1": 0.9880715705765408, "model_refits_batch0_scores": [0.998, 0.998, 0.998, 0.998, 0.998], "model_refits_batch0_f1s": [0.9979674796747968, 0.9979674796747968, 0.9979674796747968, 0.9979674796747968, 0.9979674796747968], "model_coef": [[-1.659163472684449, -2.073954509754808, 3.5461907791574467], [-1.8217384722569294]]}