{"accuracy_pre": 0.75, "accuracy_post": 0.39, "recourse_seeking_ixs": [387, 383, 449, 400, 397, 471, 456, 261, 315, 322, 457, 347, 499, 320, 263, 296, 431, 468, 467, 308, 267, 427, 284, 362, 429, 374, 447, 405, 475, 489, 282, 482, 365, 345, 406, 257, 478, 470, 294, 369, 376, 487, 402, 277, 253, 430, 462, 378, 300, 316, 453, 425, 356, 344, 343, 318, 433, 415, 385, 363, 338, 335, 358, 479, 491, 396, 337, 280, 276, 450, 392, 423, 485, 497, 414, 285, 319, 432, 329, 418, 330, 298, 288, 275, 290, 323, 370, 313, 309, 328, 278, 389, 371, 448, 465, 295, 459, 422, 428, 262], "recourse_recommended_ixs": [387, 383, 449, 400, 397, 471, 456, 261, 315, 322, 457, 347, 499, 320, 263, 296, 431, 468, 467, 308, 267, 427, 284, 362, 429, 374, 447, 405, 475, 489, 282, 482, 365, 345, 406, 257, 478, 470, 294, 369, 376, 487, 402, 277, 253, 430, 462, 378, 300, 316, 453, 425, 356, 344, 343, 318, 433, 415, 385, 363, 338, 335, 358, 479, 491, 396, 337, 280, 276, 450, 392, 423, 485, 497, 414, 285, 319, 432, 329, 418, 330, 298, 288, 275, 290, 323, 370, 313, 309, 328, 278, 389, 371, 448, 465, 295, 459, 422, 428, 262], "perc_recomm_found": 1.0, "gamma": 0.75, "eta": 0.75, "gamma_obs": 0.3199999928474426, "gamma_obs_pre": 0.25, "eta_obs": 1.0, "costs": [1.0, 1.0, 1.0], "lbd": 100.0, "thresh": 0.5, "r_type": "individualized", "t_type": "acceptance", "eta_obs_individualized": NaN, "eta_obs_refits_batch0_mean": 0.38599997758865356, "model_score": 0.76, "model_f1": 0.7540983606557378, "model_refits_batch0_scores": [0.736, 0.732, 0.792, 0.748, 0.748], "model_refits_batch0_f1s": [0.7272727272727272, 0.7148936170212765, 0.7903225806451613, 0.7469879518072289, 0.7469879518072289], "model_coef": NaN}