{"accuracy_pre": 1.0, "accuracy_post": 1.0, "recourse_seeking_ixs": [1602, 1238, 1166, 1863, 1455, 1380, 1889, 1061, 1672, 1099, 1386, 1736, 1915, 1024, 1515, 1288, 1528, 1925, 1740, 1952, 1297, 1509, 1855, 1100, 1494, 1227, 1176, 1931, 1034, 1570, 1065, 1069, 1974, 1423, 1531, 1444, 1982, 1671, 1023, 1360, 1683, 1473, 1467, 1808, 1132, 1545, 1799, 1204, 1217, 1632, 1559, 1077, 1327, 1406, 1152, 1025, 1081, 1129, 1566, 1496, 1804, 1886, 1872, 1526, 1454, 1551, 1703, 1761, 1980, 1838, 1910, 1429, 1593, 1159, 1681, 1541, 1824, 1157, 1379, 1923, 1878, 1233, 1330, 1580, 1457, 1028, 1029, 1161, 1962, 1342, 1309, 1446, 1329, 1742, 1336, 1263, 1472, 1747, 1888, 1875], "recourse_recommended_ixs": [1602, 1238, 1166, 1863, 1455, 1380, 1889, 1061, 1672, 1099, 1386, 1736, 1915, 1024, 1515, 1288, 1528, 1925, 1740, 1952, 1297, 1509, 1855, 1100, 1494, 1227, 1176, 1931, 1034, 1570, 1065, 1069, 1974, 1423, 1531, 1444, 1982, 1671, 1023, 1360, 1683, 1473, 1467, 1808, 1132, 1545, 1799, 1204, 1217, 1632, 1559, 1077, 1327, 1406, 1152, 1025, 1081, 1129, 1566, 1496, 1804, 1886, 1872, 1526, 1454, 1551, 1703, 1761, 1980, 1838, 1910, 1429, 1593, 1159, 1681, 1541, 1824, 1157, 1379, 1923, 1878, 1233, 1330, 1580, 1457, 1028, 1029, 1161, 1962, 1342, 1309, 1446, 1329, 1742, 1336, 1263, 1472, 1747, 1888, 1875], "perc_recomm_found": 1.0, "gamma": 0.95, "eta": 0.95, "gamma_obs": 1.0, "gamma_obs_pre": 0.0, "eta_obs": 1.0, "costs": [1.0, 1.0], "lbd": 150.0, "thresh": 0.5, "r_type": "subpopulation", "t_type": "improvement", "eta_obs_individualized": NaN, "eta_obs_refits_batch0_mean": 1.0, "model_score": 0.969, "model_f1": 0.9835051546391753, "model_refits_batch0_scores": [0.998, 0.998, 0.998, 0.998, 0.998], "model_refits_batch0_f1s": [0.9979674796747968, 0.9979674796747968, 0.9979674796747968, 0.9979674796747968, 0.9979674796747968], "model_coef": NaN}