{"accuracy_pre": 0.85, "accuracy_post": 0.85, "recourse_seeking_ixs": [602, 954, 521, 878, 796, 970, 508, 950, 515, 544, 835, 522, 867, 648, 616, 812, 938, 810, 607, 578, 818, 701, 679, 738, 548, 821, 811, 593, 688, 722, 935, 946, 556, 932, 987, 983, 953, 663, 973, 910, 776, 842, 600, 583, 510, 758, 880, 643, 841, 905, 700, 551, 651, 947, 507, 823, 675, 713, 851, 731, 705, 529, 519, 559, 623, 727, 948, 532, 686, 628, 568, 781, 832, 639, 974, 964, 599, 797, 902, 767, 672, 754, 503, 965, 743, 576, 994, 777, 960, 944, 739, 995, 531, 523, 741, 937, 655, 803, 691, 555], "recourse_recommended_ixs": [602, 954, 521, 878, 796, 970, 508, 950, 515, 544, 835, 522, 867, 648, 616, 812, 938, 810, 607, 578, 818, 701, 679, 738, 548, 821, 811, 593, 688, 722, 935, 946, 556, 932, 987, 983, 953, 663, 973, 910, 776, 842, 600, 583, 510, 758, 880, 643, 841, 905, 700, 551, 651, 947, 507, 823, 675, 713, 851, 731, 705, 529, 519, 559, 623, 727, 948, 532, 686, 628, 568, 781, 832, 639, 974, 964, 599, 797, 902, 767, 672, 754, 503, 965, 743, 576, 994, 777, 960, 944, 739, 995, 531, 523, 741, 937, 655, 803, 691, 555], "perc_recomm_found": 1.0, "gamma": 0.75, "eta": 0.75, "gamma_obs": 0.8399999737739563, "gamma_obs_pre": 0.15000000596046448, "eta_obs": 0.96, "costs": [1.0, 1.0], "lbd": 300.0, "thresh": 0.5, "r_type": "individualized", "t_type": "improvement", "eta_obs_individualized": 0.89, "eta_obs_refits_batch0_mean": 0.9439999461174011, "model_score": 0.85, "model_f1": 0.8676171079429736, "model_refits_batch0_scores": [0.794, 0.788, 0.784, 0.8, 0.806], "model_refits_batch0_f1s": [0.7632183908045977, 0.7644444444444445, 0.742857142857143, 0.7641509433962264, 0.7820224719101123], "model_coef": NaN}