{"accuracy_pre": 0.96, "accuracy_post": 0.38, "recourse_seeking_ixs": [568, 623, 563, 713, 817, 922, 951, 785, 854, 570, 895, 815, 925, 689, 728, 878, 986, 506, 902, 722, 872, 746, 585, 900, 720, 820, 716, 881, 675, 519, 934, 965, 978, 980, 997, 940, 532, 712, 813, 657, 699, 576, 702, 956, 903, 926, 615, 512, 670, 889, 510, 953, 942, 633, 574, 846, 871, 677, 602, 928, 756, 842, 597, 927, 809, 692, 606, 517, 649, 861, 651, 644, 860, 862, 855, 664, 850, 961, 648, 821, 662, 844, 669, 569, 990, 620, 550, 952, 966, 823, 947, 681, 721, 919, 911, 869, 914, 558, 668, 851], "recourse_recommended_ixs": [568, 623, 563, 713, 817, 922, 951, 785, 854, 570, 895, 815, 925, 689, 728, 878, 986, 506, 902, 722, 872, 746, 585, 900, 720, 820, 716, 881, 675, 519, 934, 965, 978, 980, 997, 940, 532, 712, 813, 657, 699, 576, 702, 956, 903, 926, 615, 512, 670, 889, 510, 953, 942, 633, 574, 846, 871, 677, 602, 928, 756, 842, 597, 927, 809, 692, 606, 517, 649, 861, 651, 644, 860, 862, 855, 664, 850, 961, 648, 821, 662, 844, 669, 569, 990, 620, 550, 952, 966, 823, 947, 681, 721, 919, 911, 869, 914, 558, 668, 851], "perc_recomm_found": 1.0, "gamma": 0.95, "eta": 0.95, "gamma_obs": 0.20999999344348907, "gamma_obs_pre": 0.03999999910593033, "eta_obs": 0.94, "costs": [1.0, 1.0, 1.0], "lbd": 300.0, "thresh": 0.5, "r_type": "individualized", "t_type": "counterfactual", "eta_obs_individualized": NaN, "eta_obs_refits_batch0_mean": 0.5080000162124634, "model_score": 0.818, "model_f1": 0.8656126482213438, "model_refits_batch0_scores": [0.86, 0.85, 0.838, 0.826, 0.826], "model_refits_batch0_f1s": [0.8504273504273505, 0.8351648351648353, 0.8235294117647058, 0.8062360801781737, 0.8027210884353743], "model_coef": NaN}