{"accuracy_pre": 0.92, "accuracy_post": 0.41, "recourse_seeking_ixs": [644, 793, 972, 693, 641, 599, 817, 993, 631, 676, 831, 792, 727, 806, 657, 879, 868, 736, 731, 761, 895, 756, 642, 658, 711, 785, 882, 807, 616, 588, 775, 867, 674, 536, 991, 951, 960, 913, 622, 760, 795, 920, 625, 651, 752, 735, 578, 850, 552, 617, 673, 730, 597, 518, 959, 668, 714, 948, 728, 811, 522, 929, 982, 650, 723, 900, 687, 550, 523, 744, 638, 748, 709, 606, 692, 897, 997, 840, 863, 567, 985, 605, 827, 509, 581, 585, 949, 880, 614, 637, 938, 977, 524, 889, 619, 914, 600, 645, 707, 746], "recourse_recommended_ixs": [644, 793, 972, 693, 641, 599, 817, 993, 631, 676, 831, 792, 727, 806, 657, 879, 868, 736, 731, 761, 895, 756, 642, 658, 711, 785, 882, 807, 616, 588, 775, 867, 674, 536, 991, 951, 960, 913, 622, 760, 795, 920, 625, 651, 752, 735, 578, 850, 552, 617, 673, 730, 597, 518, 959, 668, 714, 948, 728, 811, 522, 929, 982, 650, 723, 900, 687, 550, 523, 744, 638, 748, 709, 606, 692, 897, 997, 840, 863, 567, 985, 605, 827, 509, 581, 585, 949, 880, 614, 637, 938, 977, 524, 889, 619, 914, 600, 645, 707, 746], "perc_recomm_found": 1.0, "gamma": 0.95, "eta": 0.95, "gamma_obs": 0.30000001192092896, "gamma_obs_pre": 0.07999999821186066, "eta_obs": 1.0, "costs": [1.0, 1.0, 1.0], "lbd": 300.0, "thresh": 0.5, "r_type": "subpopulation", "t_type": "acceptance", "eta_obs_individualized": NaN, "eta_obs_refits_batch0_mean": 0.43199998140335083, "model_score": 0.85, "model_f1": 0.8692307692307694, "model_refits_batch0_scores": [0.856, 0.846, 0.85, 0.846, 0.866], "model_refits_batch0_f1s": [0.8481012658227849, 0.832244008714597, 0.8414376321353065, 0.8372093023255814, 0.8635437881873727], "model_coef": NaN}