{"accuracy_pre": 0.85, "accuracy_post": 0.96, "recourse_seeking_ixs": [707, 595, 736, 824, 702, 731, 639, 604, 703, 509, 649, 916, 894, 856, 967, 591, 722, 924, 743, 846, 942, 855, 982, 905, 826, 563, 612, 603, 676, 656, 564, 862, 799, 594, 689, 596, 536, 587, 502, 762, 664, 957, 586, 557, 858, 659, 890, 622, 616, 896, 585, 761, 605, 944, 996, 770, 822, 776, 739, 714, 830, 853, 721, 686, 642, 946, 786, 775, 779, 540, 904, 570, 635, 921, 632, 709, 628, 851, 840, 704, 767, 610, 560, 512, 854, 723, 619, 954, 655, 661, 937, 758, 631, 745, 947, 784, 819, 737, 911, 711], "recourse_recommended_ixs": [707, 595, 736, 824, 702, 731, 639, 604, 703, 509, 649, 916, 894, 856, 967, 591, 722, 924, 743, 846, 942, 855, 982, 905, 826, 563, 612, 603, 676, 656, 564, 862, 799, 594, 689, 596, 536, 587, 502, 762, 664, 957, 586, 557, 858, 659, 890, 622, 616, 896, 585, 761, 605, 944, 996, 770, 822, 776, 739, 714, 830, 853, 721, 686, 642, 946, 786, 775, 779, 540, 904, 570, 635, 921, 632, 709, 628, 851, 840, 704, 767, 610, 560, 512, 854, 723, 619, 954, 655, 661, 937, 758, 631, 745, 947, 784, 819, 737, 911, 711], "perc_recomm_found": 1.0, "gamma": 0.95, "eta": 0.95, "gamma_obs": 0.9599999785423279, "gamma_obs_pre": 0.15000000596046448, "eta_obs": 1.0, "costs": [1.0, 1.0], "lbd": 300.0, "thresh": 0.5, "r_type": "individualized", "t_type": "improvement", "eta_obs_individualized": 1.0, "eta_obs_refits_batch0_mean": 1.0, "model_score": 0.804, "model_f1": 0.776255707762557, "model_refits_batch0_scores": [0.794, 0.788, 0.784, 0.8, 0.806], "model_refits_batch0_f1s": [0.7632183908045977, 0.7644444444444445, 0.742857142857143, 0.7641509433962264, 0.7820224719101123], "model_coef": NaN}