{"accuracy_pre": 0.84, "accuracy_post": 0.75, "recourse_seeking_ixs": [575, 529, 880, 916, 680, 836, 996, 699, 564, 569, 888, 980, 967, 972, 732, 932, 652, 722, 592, 897, 720, 926, 601, 966, 843, 968, 839, 788, 807, 546, 516, 852, 583, 624, 642, 777, 963, 847, 862, 914, 810, 954, 617, 590, 734, 690, 893, 673, 602, 835, 884, 936, 643, 534, 838, 622, 687, 971, 758, 525, 501, 683, 833, 865, 997, 603, 677, 762, 658, 620, 849, 542, 696, 808, 772, 778, 685, 512, 850, 766, 706, 519, 558, 674, 537, 637, 541, 528, 864, 670, 998, 799, 806, 774, 754, 749, 763, 538, 760, 517], "recourse_recommended_ixs": [575, 529, 880, 916, 680, 836, 996, 699, 564, 569, 888, 980, 967, 972, 732, 932, 652, 722, 592, 897, 720, 926, 601, 966, 843, 968, 839, 788, 807, 516, 852, 583, 624, 642, 777, 963, 847, 862, 914, 810, 954, 617, 590, 734, 690, 893, 673, 602, 835, 884, 936, 643, 534, 838, 622, 687, 971, 758, 525, 501, 683, 833, 865, 997, 603, 677, 762, 658, 849, 542, 696, 808, 772, 778, 685, 512, 850, 766, 706, 519, 558, 674, 537, 637, 541, 528, 864, 670, 998, 799, 806, 774, 754, 749, 763, 538, 760, 517], "perc_recomm_found": 0.98, "gamma": 0.75, "eta": 0.75, "gamma_obs": 0.8469387888908386, "gamma_obs_pre": 0.1428571492433548, "eta_obs": 0.8571428571428571, "costs": [1.0, 1.0, 1.0], "lbd": 300.0, "thresh": 0.5, "r_type": "subpopulation", "t_type": "improvement", "eta_obs_individualized": NaN, "eta_obs_refits_batch0_mean": 0.7734693884849548, "model_score": 0.868, "model_f1": 0.8623481781376519, "model_refits_batch0_scores": [0.856, 0.846, 0.85, 0.846, 0.866], "model_refits_batch0_f1s": [0.8481012658227849, 0.832244008714597, 0.8414376321353065, 0.8372093023255814, 0.8635437881873727], "model_coef": NaN}