{"accuracy_pre": 1.0, "accuracy_post": 0.02, "recourse_seeking_ixs": [249, 221, 384, 207, 264, 335, 214, 258, 324, 294, 310, 274, 322, 222, 212, 394, 243, 321, 261, 296, 288, 372, 272, 305, 369, 223, 303, 270, 245, 252, 365, 331, 225, 248, 342, 276, 381, 201, 275, 345, 393, 362, 247, 300, 215, 285, 210, 301, 219, 361], "recourse_recommended_ixs": [249, 221, 384, 207, 264, 335, 214, 258, 324, 294, 310, 274, 322, 222, 212, 394, 243, 321, 261, 296, 288, 372, 272, 305, 369, 223, 303, 270, 245, 252, 365, 331, 225, 248, 342, 276, 381, 201, 275, 345, 393, 362, 247, 300, 215, 285, 210, 301, 219, 361], "perc_recomm_found": 1.0, "gamma": 0.95, "eta": 0.95, "gamma_obs": 0.02, "gamma_obs_pre": 0.0, "eta_obs": 1.0, "costs": [5.0, 5.0, 0.0001, 0.01, 0.1], "lbd": 300.0, "thresh": 0.5, "r_type": "individualized", "t_type": "acceptance", "eta_obs_individualized": NaN, "eta_obs_refits_batch0_mean": 0.9399999999999998, "model_score": 1.0, "model_f1": 1.0, "model_refits_batch0_scores": [0.99, 1.0, 0.975, 0.985, 1.0], "model_refits_batch0_f1s": [0.9916666666666667, 1.0, 0.9789029535864979, 0.9875518672199171, 1.0], "model_coef": [[-0.6079628283939311, 1.0513017542709073, 0.006790621907200741, -0.006614933774123956, 0.5625619568003876], [-8.818999669527297]]}