{"accuracy_pre": 1.0, "accuracy_post": 1.0, "recourse_seeking_ixs": [1380, 1395, 1622, 1430, 1110, 1175, 1646, 1897, 1351, 1015, 1975, 1203, 1025, 1889, 1091, 1987, 1031, 1732, 1824, 1794, 1962, 1215, 1382, 1737, 1426, 1188, 1620, 1895, 1020, 1386, 1084, 1509, 1231, 1161, 1408, 1008, 1592, 1330, 1162, 1275, 1373, 1542, 1257, 1576, 1248, 1065, 1427, 1937, 1963, 1994, 1886, 1099, 1845, 1971, 1735, 1422, 1586, 1406, 1220, 1159, 1807, 1995, 1779, 1792, 1841, 1669, 1352, 1878, 1147, 1199, 1661, 1782, 1635, 1374, 1152, 1342, 1180, 1412, 1846, 1880, 1536, 1345, 1671, 1299, 1531, 1747, 1496, 1494, 1132, 1337, 1100, 1931, 1470, 1038, 1453, 1308, 1113, 1336, 1831, 1221], "recourse_recommended_ixs": [1380, 1395, 1622, 1430, 1110, 1175, 1646, 1897, 1351, 1015, 1975, 1203, 1025, 1889, 1091, 1987, 1031, 1732, 1824, 1794, 1962, 1215, 1382, 1737, 1426, 1188, 1620, 1895, 1020, 1386, 1084, 1509, 1231, 1161, 1408, 1008, 1592, 1330, 1162, 1275, 1373, 1542, 1257, 1576, 1248, 1065, 1427, 1937, 1963, 1994, 1886, 1099, 1845, 1971, 1735, 1422, 1586, 1406, 1220, 1159, 1807, 1995, 1779, 1792, 1841, 1669, 1352, 1878, 1147, 1199, 1661, 1782, 1635, 1374, 1152, 1342, 1180, 1412, 1846, 1880, 1536, 1345, 1671, 1299, 1531, 1747, 1496, 1494, 1132, 1337, 1100, 1931, 1470, 1038, 1453, 1308, 1113, 1336, 1831, 1221], "perc_recomm_found": 1.0, "gamma": 0.95, "eta": 0.95, "gamma_obs": 1.0, "gamma_obs_pre": 0.0, "eta_obs": 1.0, "costs": [1.0, 1.0, 1.0], "lbd": 150.0, "thresh": 0.5, "r_type": "subpopulation", "t_type": "improvement", "eta_obs_individualized": NaN, "eta_obs_refits_batch0_mean": 1.0, "model_score": 0.956, "model_f1": 0.9989743589743589, "model_refits_batch0_scores": [0.998, 0.996, 0.996, 0.994, 0.998], "model_refits_batch0_f1s": [0.9979591836734694, 0.9959100204498978, 0.9959100204498978, 0.9938524590163934, 0.9979591836734694], "model_coef": NaN}