{"accuracy_pre": 0.98, "accuracy_post": 0.98, "recourse_seeking_ixs": [1959, 1542, 1464, 1643, 1736, 1733, 1457, 1687, 1332, 1379, 1216, 1226, 1916, 1539, 1439, 1647, 1594, 1772, 1935, 1244, 1301, 1211, 1961, 1236, 1491, 1747, 1883, 1078, 1541, 1412, 1572, 1453, 1282, 1494, 1519, 1976, 1791, 1839, 1739, 1869, 1856, 1467, 1717, 1864, 1983, 1115, 1759, 1354, 1333, 1808, 1868, 1283, 1362, 1977, 1809, 1303, 1558, 1436, 1007, 1538, 1518, 1658, 1199, 1219, 1071, 1345, 1913, 1500, 1369, 1079, 1561, 1965, 1951, 1072, 1825, 1001, 1934, 1728, 1580, 1174, 1201, 1323, 1459, 1161, 1231, 1248, 1371, 1762, 1637, 1794, 1234, 1512, 1537, 1894, 1568, 1972, 1366, 1863, 1522, 1397], "recourse_recommended_ixs": [1959, 1542, 1464, 1643, 1736, 1733, 1457, 1687, 1332, 1379, 1216, 1226, 1916, 1539, 1439, 1647, 1594, 1772, 1935, 1244, 1301, 1211, 1961, 1236, 1491, 1747, 1883, 1078, 1541, 1412, 1572, 1453, 1282, 1494, 1519, 1976, 1791, 1839, 1739, 1869, 1856, 1467, 1717, 1864, 1983, 1115, 1759, 1354, 1333, 1808, 1868, 1283, 1362, 1977, 1809, 1303, 1558, 1436, 1007, 1538, 1518, 1658, 1199, 1219, 1345, 1913, 1500, 1369, 1079, 1561, 1965, 1951, 1072, 1825, 1001, 1934, 1728, 1580, 1174, 1201, 1323, 1459, 1161, 1231, 1248, 1371, 1762, 1637, 1794, 1234, 1512, 1537, 1894, 1568, 1972, 1366, 1863, 1522, 1397], "perc_recomm_found": 0.99, "gamma": 0.95, "eta": 0.95, "gamma_obs": 1.0, "gamma_obs_pre": 0.010101010091602802, "eta_obs": 0.98989898989899, "costs": [1.0, 1.0], "lbd": 150.0, "thresh": 0.5, "r_type": "subpopulation", "t_type": "improvement", "eta_obs_individualized": NaN, "eta_obs_refits_batch0_mean": 0.9898989796638489, "model_score": 0.972, "model_f1": 0.9989417989417989, "model_refits_batch0_scores": [0.999, 0.999, 0.997, 0.996, 0.998], "model_refits_batch0_f1s": [0.9989929506545822, 0.9989929506545822, 0.9969727547931382, 0.995983935742972, 0.9979838709677419], "model_coef": NaN}