{"accuracy_pre": 0.84, "accuracy_post": 0.79, "recourse_seeking_ixs": [478, 292, 404, 365, 321, 285, 435, 452, 492, 412, 273, 438, 455, 442, 468, 476, 377, 386, 366, 397, 451, 446, 410, 388, 363, 339, 414, 282, 419, 477, 364, 387, 278, 345, 383, 467, 384, 360, 331, 347, 288, 255, 431, 394, 357, 268, 482, 381, 436, 300, 296, 370, 310, 281, 298, 283, 284, 458, 409, 261, 378, 472, 262, 415, 258, 263, 423, 495, 271, 266, 457, 307, 305, 376, 327, 299, 489, 346, 328, 448, 267, 464, 480, 317, 309, 291, 349, 488, 342, 335, 395, 426, 462, 486, 427, 315, 420, 260, 375, 421], "recourse_recommended_ixs": [478, 292, 404, 365, 321, 285, 435, 452, 492, 412, 273, 438, 455, 442, 468, 476, 377, 386, 366, 397, 451, 446, 410, 388, 363, 339, 414, 282, 419, 477, 364, 387, 278, 345, 383, 467, 384, 360, 331, 347, 288, 255, 431, 394, 357, 268, 482, 381, 436, 300, 296, 370, 310, 281, 298, 283, 284, 458, 409, 261, 378, 472, 262, 415, 258, 263, 423, 495, 271, 266, 457, 307, 305, 376, 327, 299, 489, 346, 328, 448, 267, 464, 480, 317, 309, 291, 349, 488, 342, 335, 395, 426, 462, 486, 427, 315, 420, 260, 375, 421], "perc_recomm_found": 1.0, "gamma": 0.75, "eta": 0.75, "gamma_obs": 0.7699999809265137, "gamma_obs_pre": 0.1599999964237213, "eta_obs": 0.98, "costs": [1.0, 1.0], "lbd": 100.0, "thresh": 0.5, "r_type": "individualized", "t_type": "improvement", "eta_obs_individualized": 0.75, "eta_obs_refits_batch0_mean": 0.965999960899353, "model_score": 0.824, "model_f1": 0.837037037037037, "model_refits_batch0_scores": [0.812, 0.82, 0.784, 0.836, 0.808], "model_refits_batch0_f1s": [0.8278388278388279, 0.8339483394833948, 0.8085106382978723, 0.8416988416988418, 0.8273381294964028], "model_coef": [[0.09097419487409555, 0.08853412233391754, 1.0793593427296273], [-0.3133312201887632]]}