{"accuracy_pre": 1.0, "accuracy_post": 0.98, "recourse_seeking_ixs": [1911, 1687, 1563, 1495, 1989, 1611, 1097, 1898, 1842, 1652, 1746, 1769, 1332, 1533, 1934, 1635, 1961, 1189, 1855, 1914, 1076, 1364, 1410, 1452, 1781, 1383, 1210, 1906, 1594, 1971, 1517, 1814, 1427, 1860, 1437, 1458, 1681, 1574, 1955, 1434, 1736, 1245, 1679, 1952, 1642, 1707, 1741, 1093, 1557, 1651, 1941, 1028, 1274, 1568, 1606, 1090, 1864, 1440, 1994, 1131, 1289, 1766, 1373, 1560, 1674, 1026, 1708, 1923, 1492, 1329, 1198, 1935, 1420, 1519, 1044, 1186, 1645, 1067, 1831, 1100, 1745, 1537, 1824, 1379, 1657, 1587, 1177, 1128, 1254, 1529, 1565, 1162, 1386, 1660, 1713, 1033, 1816, 1621, 1629, 1145], "recourse_recommended_ixs": [1911, 1687, 1563, 1495, 1989, 1611, 1097, 1898, 1842, 1652, 1746, 1769, 1332, 1533, 1934, 1635, 1961, 1189, 1855, 1914, 1076, 1364, 1410, 1452, 1781, 1383, 1210, 1906, 1594, 1971, 1517, 1814, 1427, 1860, 1437, 1458, 1681, 1574, 1955, 1434, 1736, 1245, 1679, 1952, 1642, 1707, 1741, 1093, 1557, 1651, 1941, 1028, 1274, 1568, 1606, 1090, 1864, 1440, 1994, 1131, 1289, 1766, 1373, 1560, 1674, 1026, 1708, 1923, 1492, 1329, 1198, 1935, 1420, 1519, 1044, 1186, 1645, 1067, 1831, 1100, 1745, 1537, 1824, 1379, 1657, 1587, 1177, 1128, 1254, 1529, 1565, 1162, 1386, 1660, 1713, 1033, 1816, 1621, 1629, 1145], "perc_recomm_found": 1.0, "gamma": 0.75, "eta": 0.75, "gamma_obs": 1.0, "gamma_obs_pre": 0.0, "eta_obs": 0.98, "costs": [1.0, 1.0], "lbd": 150.0, "thresh": 0.5, "r_type": "individualized", "t_type": "improvement", "eta_obs_individualized": 0.39, "eta_obs_refits_batch0_mean": 0.9800000190734863, "model_score": 0.813, "model_f1": 0.9990167158308751, "model_refits_batch0_scores": [0.998, 0.998, 1.0, 0.994, 0.996], "model_refits_batch0_f1s": [0.99800796812749, 0.99800796812749, 1.0, 0.9939999999999999, 0.9960079840319361], "model_coef": NaN}