{"accuracy_pre": 0.8809523809523809, "accuracy_post": 0.16666666666666666, "recourse_seeking_ixs": [199, 131, 154, 140, 174, 124, 192, 136, 104, 105, 153, 175, 171, 180, 135, 110, 149, 161, 146, 187, 181, 182, 185, 123, 133, 188, 157, 139, 125, 119, 159, 152, 143, 147, 198, 170, 108, 145, 176, 103, 195, 121], "recourse_recommended_ixs": [199, 131, 154, 140, 174, 124, 192, 136, 104, 105, 153, 175, 171, 180, 135, 110, 149, 161, 146, 187, 181, 182, 185, 123, 133, 188, 157, 139, 125, 119, 159, 152, 143, 147, 198, 170, 108, 145, 176, 103, 195, 121], "perc_recomm_found": 1.0, "gamma": 0.75, "eta": 0.75, "gamma_obs": 0.1666666716337204, "gamma_obs_pre": 0.1190476194024086, "eta_obs": 1.0, "costs": [1.0, 1.0, 1.0], "lbd": 50.0, "thresh": 0.5, "r_type": "individualized", "t_type": "acceptance", "eta_obs_individualized": NaN, "eta_obs_refits_batch0_mean": 0.776190459728241, "model_score": 0.83, "model_f1": 0.7608695652173912, "model_refits_batch0_scores": [0.76, 0.74, 0.72, 0.77, 0.78], "model_refits_batch0_f1s": [0.7777777777777777, 0.7719298245614036, 0.75, 0.7722772277227722, 0.7708333333333333], "model_coef": [[0.40369860139718966, 0.10964738981360939, 1.098398996722711], [-0.311438634657002]]}