{"inv": 0.9761904761904762, "val_m2": 0.023809523809523808, "val_m1": 1.0}