{"accuracy_pre": 0.99, "accuracy_post": 0.89, "recourse_seeking_ixs": [1940, 1178, 1103, 1664, 1413, 1576, 1237, 1201, 1611, 1807, 1457, 1347, 1884, 1238, 1431, 1462, 1784, 1012, 1607, 1574, 1926, 1186, 1738, 1658, 1616, 1161, 1475, 1697, 1998, 1859, 1504, 1189, 1523, 1077, 1343, 1517, 1745, 1971, 1414, 1315, 1771, 1978, 1029, 1954, 1464, 1731, 1209, 1097, 1883, 1499, 1119, 1010, 1632, 1794, 1931, 1625, 1891, 1536, 1617, 1434, 1942, 1683, 1202, 1552, 1819, 1397, 1329, 1529, 1826, 1690, 1045, 1314, 1939, 1364, 1787, 1076, 1533, 1677, 1118, 1295, 1711, 1270, 1830, 1179, 1667, 1934, 1214, 1888, 1725, 1143, 1308, 1391, 1458, 1723, 1655, 1840, 1147, 1806, 1223, 1855], "recourse_recommended_ixs": [1940, 1178, 1103, 1664, 1413, 1576, 1237, 1201, 1611, 1807, 1457, 1347, 1884, 1238, 1431, 1462, 1784, 1012, 1607, 1574, 1926, 1186, 1738, 1658, 1616, 1161, 1475, 1697, 1998, 1859, 1504, 1189, 1523, 1077, 1343, 1517, 1745, 1971, 1414, 1315, 1771, 1978, 1029, 1954, 1464, 1731, 1209, 1097, 1883, 1499, 1119, 1010, 1632, 1794, 1931, 1625, 1891, 1536, 1617, 1434, 1942, 1683, 1202, 1552, 1819, 1397, 1329, 1529, 1826, 1690, 1045, 1314, 1939, 1364, 1787, 1076, 1533, 1677, 1118, 1295, 1711, 1270, 1830, 1179, 1667, 1934, 1214, 1888, 1725, 1143, 1308, 1391, 1458, 1723, 1655, 1840, 1147, 1806, 1223, 1855], "perc_recomm_found": 1.0, "gamma": 0.75, "eta": 0.75, "gamma_obs": 1.0, "gamma_obs_pre": 0.009999999776482582, "eta_obs": 0.89, "costs": [1.0, 1.0], "lbd": 150.0, "thresh": 0.5, "r_type": "subpopulation", "t_type": "improvement", "eta_obs_individualized": NaN, "eta_obs_refits_batch0_mean": 0.8899999856948853, "model_score": 0.994, "model_f1": 1.0, "model_refits_batch0_scores": [0.998, 0.998, 1.0, 0.994, 0.996], "model_refits_batch0_f1s": [0.99800796812749, 0.99800796812749, 1.0, 0.9939999999999999, 0.9960079840319361], "model_coef": NaN}