{"accuracy_pre": 0.96, "accuracy_post": 0.94, "recourse_seeking_ixs": [709, 616, 543, 812, 844, 803, 762, 652, 840, 650, 523, 953, 621, 944, 775, 979, 534, 713, 638, 871, 855, 668, 829, 588, 712, 597, 614, 517, 849, 905, 783, 847, 800, 726, 821, 675, 992, 784, 852, 759, 993, 804, 921, 841, 766, 880, 981, 749, 742, 778, 678, 628, 533, 999, 555, 792, 879, 505, 502, 933, 970, 843, 986, 625, 745, 918, 807, 866, 772, 977, 863, 968, 723, 608, 858, 818, 660, 524, 599, 890, 945, 882, 904, 700, 743, 898, 848, 659, 859, 758, 598, 619, 798, 975, 752, 669, 680, 895, 813, 705], "recourse_recommended_ixs": [709, 616, 543, 812, 844, 803, 762, 652, 840, 650, 523, 953, 621, 944, 775, 979, 534, 713, 638, 871, 855, 668, 829, 588, 712, 597, 614, 517, 849, 905, 783, 847, 800, 726, 821, 675, 992, 784, 852, 759, 993, 804, 921, 841, 766, 880, 981, 749, 742, 778, 678, 628, 533, 999, 555, 792, 879, 505, 502, 933, 970, 843, 986, 625, 745, 918, 807, 866, 772, 977, 863, 968, 723, 608, 858, 818, 660, 524, 599, 890, 945, 882, 904, 700, 743, 898, 848, 659, 859, 758, 598, 619, 798, 975, 752, 669, 680, 895, 813, 705], "perc_recomm_found": 1.0, "gamma": 0.95, "eta": 0.95, "gamma_obs": 0.9399999976158142, "gamma_obs_pre": 0.03999999910593033, "eta_obs": 1.0, "costs": [1.0, 1.0, 1.0], "lbd": 300.0, "thresh": 0.5, "r_type": "individualized", "t_type": "improvement", "eta_obs_individualized": 1.0, "eta_obs_refits_batch0_mean": 1.0, "model_score": 0.706, "model_f1": 0.7932489451476793, "model_refits_batch0_scores": [0.884, 0.892, 0.87, 0.878, 0.874], "model_refits_batch0_f1s": [0.8786610878661086, 0.8805309734513276, 0.8608137044967881, 0.871578947368421, 0.8695652173913043], "model_coef": NaN}