{"accuracy_pre": 1.0, "accuracy_post": 0.79, "recourse_seeking_ixs": [1466, 1464, 1654, 1171, 1627, 1405, 1734, 1606, 1292, 1206, 1302, 1904, 1546, 1688, 1491, 1457, 1829, 1906, 1568, 1079, 1900, 1300, 1280, 1792, 1704, 1255, 1501, 1828, 1099, 1279, 1579, 1051, 1494, 1776, 1108, 1000, 1513, 1462, 1868, 1006, 1958, 1238, 1659, 1652, 1996, 1903, 1151, 1016, 1115, 1594, 1935, 1655, 1384, 1385, 1506, 1259, 1538, 1245, 1334, 1585, 1190, 1042, 1345, 1307, 1165, 1440, 1002, 1495, 1354, 1945, 1842, 1473, 1882, 1182, 1044, 1482, 1486, 1223, 1933, 1455, 1271, 1423, 1011, 1743, 1268, 1398, 1211, 1685, 1502, 1020, 1248, 1821, 1308, 1736, 1543, 1147, 1220, 1065, 1070, 1614], "recourse_recommended_ixs": [1466, 1464, 1654, 1171, 1627, 1405, 1734, 1606, 1292, 1206, 1302, 1904, 1546, 1688, 1491, 1457, 1829, 1906, 1568, 1079, 1900, 1300, 1280, 1792, 1704, 1255, 1501, 1828, 1099, 1279, 1579, 1051, 1494, 1776, 1108, 1000, 1513, 1462, 1868, 1006, 1958, 1238, 1659, 1652, 1996, 1903, 1151, 1016, 1115, 1594, 1935, 1655, 1384, 1385, 1506, 1259, 1538, 1245, 1334, 1585, 1190, 1042, 1345, 1307, 1165, 1440, 1002, 1495, 1354, 1945, 1842, 1473, 1882, 1182, 1044, 1482, 1486, 1223, 1933, 1455, 1271, 1423, 1011, 1743, 1268, 1398, 1211, 1685, 1502, 1020, 1248, 1821, 1308, 1736, 1543, 1147, 1220, 1065, 1070, 1614], "perc_recomm_found": 1.0, "gamma": 0.95, "eta": 0.95, "gamma_obs": 1.0, "gamma_obs_pre": 0.0, "eta_obs": 0.79, "costs": [1.0, 1.0], "lbd": 150.0, "thresh": 0.5, "r_type": "individualized", "t_type": "improvement", "eta_obs_individualized": 1.0, "eta_obs_refits_batch0_mean": 0.6499999761581421, "model_score": 0.969, "model_f1": 0.9678756476683938, "model_refits_batch0_scores": [0.998, 0.998, 0.998, 0.998, 0.998], "model_refits_batch0_f1s": [0.9979879275653923, 0.9979879275653923, 0.9979879275653923, 0.9979879275653923, 0.9979879275653923], "model_coef": [[-2.3825008588811247, -2.9781260199919783, 3.5658733069994097], [-1.936896338597984]]}