{"accuracy_pre": 1.0, "accuracy_post": 0.98, "recourse_seeking_ixs": [1846, 1479, 1509, 1744, 1352, 1994, 1861, 1586, 1409, 1327, 1157, 1952, 1490, 1159, 1602, 1790, 1987, 1911, 1263, 1831, 1347, 1764, 1954, 1814, 1432, 1013, 1966, 1502, 1290, 1049, 1674, 1406, 1552, 1749, 1863, 1396, 1538, 1059, 1961, 1985, 1073, 1278, 1229, 1238, 1501, 1103, 1995, 1408, 1592, 1688, 1824, 1761, 1910, 1465, 1582, 1890, 1925, 1336, 1714, 1221, 1853, 1555, 1906, 1483, 1865, 1014, 1978, 1373, 1382, 1008, 1533, 1704, 1880, 1275, 1350, 1477, 1855, 1862, 1436, 1195, 1083, 1696, 1022, 1230, 1433, 1554, 1788, 1027, 1148, 1839, 1270, 1875, 1118, 1215, 1099, 1309, 1097, 1818, 1399, 1223], "recourse_recommended_ixs": [1846, 1479, 1509, 1744, 1352, 1994, 1861, 1586, 1409, 1327, 1157, 1952, 1490, 1159, 1602, 1790, 1987, 1911, 1263, 1831, 1347, 1764, 1954, 1814, 1432, 1013, 1966, 1502, 1290, 1049, 1674, 1406, 1552, 1749, 1863, 1396, 1538, 1059, 1961, 1985, 1073, 1278, 1229, 1238, 1501, 1103, 1995, 1408, 1592, 1688, 1824, 1761, 1910, 1465, 1582, 1890, 1925, 1336, 1714, 1221, 1853, 1555, 1906, 1483, 1865, 1014, 1978, 1373, 1382, 1008, 1533, 1704, 1880, 1275, 1350, 1477, 1855, 1862, 1436, 1195, 1083, 1696, 1022, 1230, 1433, 1554, 1788, 1027, 1148, 1839, 1270, 1875, 1118, 1215, 1099, 1309, 1097, 1818, 1399, 1223], "perc_recomm_found": 1.0, "gamma": 0.75, "eta": 0.75, "gamma_obs": 1.0, "gamma_obs_pre": 0.0, "eta_obs": 0.98, "costs": [1.0, 1.0, 1.0], "lbd": 150.0, "thresh": 0.5, "r_type": "individualized", "t_type": "improvement", "eta_obs_individualized": 1.0, "eta_obs_refits_batch0_mean": 0.9800000190734863, "model_score": 0.99, "model_f1": 0.9989594172736733, "model_refits_batch0_scores": [1.0, 1.0, 0.997, 0.997, 1.0], "model_refits_batch0_f1s": [1.0, 1.0, 0.9969356486210419, 0.9969356486210419, 1.0], "model_coef": NaN}