{"accuracy_pre": 0.99, "accuracy_post": 0.99, "recourse_seeking_ixs": [1758, 1089, 1398, 1966, 1380, 1284, 1951, 1546, 1326, 1238, 1853, 1930, 1044, 1647, 1119, 1154, 1858, 1231, 1223, 1014, 1337, 1626, 1268, 1581, 1336, 1980, 1259, 1415, 1637, 1353, 1937, 1539, 1371, 1671, 1695, 1289, 1706, 1298, 1010, 1873, 1051, 1973, 1935, 1179, 1369, 1375, 1423, 1734, 1146, 1201, 1278, 1720, 1448, 1993, 1126, 1391, 1847, 1334, 1992, 1286, 1918, 1680, 1627, 1519, 1578, 1579, 1219, 1700, 1166, 1420, 1250, 1108, 1977, 1520, 1612, 1588, 1601, 1474, 1686, 1000, 1959, 1572, 1070, 1742, 1374, 1476, 1170, 1926, 1482, 1190, 1351, 1331, 1840, 1704, 1594, 1300, 1047, 1967, 1645, 1012], "recourse_recommended_ixs": [1758, 1089, 1398, 1966, 1380, 1284, 1951, 1546, 1326, 1238, 1853, 1930, 1044, 1647, 1119, 1154, 1858, 1231, 1223, 1014, 1337, 1626, 1268, 1581, 1336, 1980, 1259, 1415, 1637, 1353, 1937, 1539, 1371, 1671, 1695, 1289, 1706, 1298, 1010, 1873, 1051, 1973, 1935, 1179, 1369, 1375, 1423, 1734, 1146, 1201, 1278, 1720, 1448, 1993, 1126, 1391, 1847, 1334, 1992, 1286, 1918, 1680, 1627, 1519, 1578, 1579, 1219, 1700, 1166, 1420, 1250, 1108, 1977, 1520, 1612, 1588, 1601, 1474, 1686, 1000, 1959, 1572, 1070, 1742, 1374, 1476, 1170, 1926, 1482, 1190, 1351, 1331, 1840, 1704, 1594, 1300, 1047, 1967, 1645, 1012], "perc_recomm_found": 1.0, "gamma": 0.75, "eta": 0.75, "gamma_obs": 1.0, "gamma_obs_pre": 0.009999999776482582, "eta_obs": 0.99, "costs": [1.0, 1.0], "lbd": 150.0, "thresh": 0.5, "r_type": "individualized", "t_type": "improvement", "eta_obs_individualized": 0.99, "eta_obs_refits_batch0_mean": 0.9899999499320984, "model_score": 0.971, "model_f1": 0.9989304812834224, "model_refits_batch0_scores": [0.999, 0.999, 0.997, 0.998, 0.998], "model_refits_batch0_f1s": [0.9989929506545822, 0.9989929506545822, 0.9969727547931382, 0.9979879275653923, 0.9979838709677419], "model_coef": NaN}