{"accuracy_pre": 0.79, "accuracy_post": 0.28, "recourse_seeking_ixs": [492, 364, 400, 286, 324, 310, 339, 476, 386, 438, 469, 483, 402, 451, 470, 414, 488, 498, 382, 252, 317, 251, 279, 408, 303, 412, 323, 374, 354, 297, 416, 423, 482, 437, 341, 473, 293, 338, 316, 331, 421, 387, 371, 336, 484, 344, 360, 349, 318, 276, 308, 263, 458, 356, 446, 472, 396, 404, 269, 368, 282, 384, 418, 494, 428, 376, 270, 407, 327, 261, 466, 420, 394, 460, 444, 333, 328, 497, 479, 345, 262, 380, 401, 255, 265, 464, 342, 427, 489, 393, 326, 357, 258, 330, 340, 436, 289, 369, 411, 291], "recourse_recommended_ixs": [492, 364, 400, 286, 324, 310, 339, 476, 386, 438, 469, 483, 402, 451, 470, 414, 488, 498, 382, 252, 317, 251, 279, 408, 303, 412, 323, 374, 354, 297, 416, 423, 482, 437, 341, 473, 293, 338, 316, 331, 421, 387, 371, 336, 484, 344, 360, 349, 318, 276, 308, 263, 458, 356, 446, 472, 396, 404, 269, 368, 282, 384, 418, 494, 428, 376, 270, 407, 327, 261, 466, 420, 394, 460, 444, 333, 328, 497, 479, 345, 262, 380, 401, 255, 265, 464, 342, 427, 489, 393, 326, 357, 258, 330, 340, 436, 289, 369, 411, 291], "perc_recomm_found": 1.0, "gamma": 0.75, "eta": 0.75, "gamma_obs": 0.2800000011920929, "gamma_obs_pre": 0.20999999344348907, "eta_obs": 1.0, "costs": [1.0, 1.0, 1.0], "lbd": 100.0, "thresh": 0.5, "r_type": "individualized", "t_type": "acceptance", "eta_obs_individualized": NaN, "eta_obs_refits_batch0_mean": 0.5540000200271606, "model_score": 0.836, "model_f1": 0.8392156862745097, "model_refits_batch0_scores": [0.852, 0.836, 0.824, 0.812, 0.816], "model_refits_batch0_f1s": [0.8571428571428571, 0.8340080971659919, 0.8294573643410852, 0.8171206225680934, 0.8145161290322581], "model_coef": [[0.18955870160447288, 0.23833094446363892, 0.843726963256624], [-0.586406678566156]]}