{"accuracy_pre": 1.0, "accuracy_post": 0.28, "recourse_seeking_ixs": [1963, 1961, 1215, 1364, 1342, 1243, 1339, 1381, 1504, 1807, 1468, 1171, 1676, 1014, 1233, 1683, 1978, 1623, 1552, 1708, 1297, 1512, 1276, 1304, 1329, 1234, 1436, 1283, 1841, 1918, 1593, 1788, 1995, 1129, 1582, 1927, 1453, 1284, 1925, 1776, 1257, 1275, 1640, 1325, 1495, 1921, 1418, 1209, 1008, 1831, 1510, 1528, 1357, 1088, 1985, 1449, 1319, 1996, 1536, 1674, 1199, 1006, 1406, 1080, 1844, 1804, 1603, 1103, 1518, 1563, 1335, 1337, 1587, 1271, 1863, 1828, 1931, 1829, 1144, 1292, 1219, 1321, 1059, 1351, 1104, 1412, 1483, 1906, 1211, 1395, 1118, 1792, 1602, 1217, 1427, 1613, 1185, 1855, 1547, 1184], "recourse_recommended_ixs": [1963, 1961, 1215, 1364, 1342, 1243, 1339, 1381, 1504, 1807, 1468, 1171, 1676, 1014, 1233, 1683, 1978, 1623, 1552, 1708, 1297, 1512, 1276, 1304, 1329, 1234, 1436, 1283, 1841, 1918, 1593, 1788, 1995, 1129, 1582, 1927, 1453, 1284, 1925, 1776, 1257, 1275, 1640, 1325, 1495, 1921, 1418, 1209, 1008, 1831, 1510, 1528, 1357, 1088, 1985, 1449, 1319, 1996, 1536, 1674, 1199, 1006, 1406, 1080, 1844, 1804, 1603, 1103, 1518, 1563, 1335, 1337, 1587, 1271, 1863, 1828, 1931, 1829, 1144, 1292, 1219, 1321, 1059, 1351, 1104, 1412, 1483, 1906, 1211, 1395, 1118, 1792, 1602, 1217, 1427, 1613, 1185, 1855, 1547, 1184], "perc_recomm_found": 1.0, "gamma": 0.75, "eta": 0.75, "gamma_obs": 0.28999999165534973, "gamma_obs_pre": 0.0, "eta_obs": 0.99, "costs": [1.0, 1.0, 1.0], "lbd": 150.0, "thresh": 0.5, "r_type": "subpopulation", "t_type": "acceptance", "eta_obs_individualized": NaN, "eta_obs_refits_batch0_mean": 0.777999997138977, "model_score": 0.872, "model_f1": 0.9979253112033196, "model_refits_batch0_scores": [0.998, 0.998, 0.998, 0.998, 0.998], "model_refits_batch0_f1s": [0.9979674796747968, 0.9979674796747968, 0.9979674796747968, 0.9979674796747968, 0.9979674796747968], "model_coef": [[-1.659163472684449, -2.073954509754808, 3.5461907791574467], [-1.8217384722569294]]}