{"accuracy_pre": 0.97, "accuracy_post": 0.75, "recourse_seeking_ixs": [520, 979, 570, 736, 926, 973, 556, 997, 742, 673, 776, 634, 902, 747, 955, 903, 705, 550, 774, 779, 855, 553, 623, 850, 719, 596, 709, 894, 958, 741, 842, 890, 650, 603, 956, 517, 944, 665, 936, 579, 685, 919, 644, 505, 684, 572, 564, 882, 727, 698, 508, 938, 994, 940, 686, 939, 917, 913, 616, 606, 873, 677, 877, 739, 988, 753, 798, 542, 963, 619, 976, 613, 670, 930, 549, 852, 586, 807, 840, 916, 872, 796, 983, 593, 816, 657, 700, 646, 975, 639, 986, 516, 871, 546, 615, 718, 861, 758, 585, 846], "recourse_recommended_ixs": [520, 979, 570, 736, 926, 973, 556, 997, 742, 673, 776, 634, 902, 747, 955, 903, 705, 550, 774, 779, 855, 553, 623, 850, 719, 596, 709, 894, 958, 741, 842, 890, 650, 603, 956, 517, 944, 665, 936, 579, 685, 919, 644, 505, 684, 572, 564, 882, 727, 698, 508, 938, 994, 940, 686, 939, 917, 913, 616, 606, 873, 677, 877, 739, 988, 753, 798, 542, 963, 619, 976, 613, 670, 930, 549, 852, 586, 807, 840, 916, 872, 796, 983, 593, 816, 657, 700, 646, 975, 639, 986, 516, 871, 546, 615, 718, 861, 758, 585, 846], "perc_recomm_found": 1.0, "gamma": 0.75, "eta": 0.75, "gamma_obs": 0.7599999904632568, "gamma_obs_pre": 0.029999999329447746, "eta_obs": 0.99, "costs": [1.0, 1.0, 1.0], "lbd": 300.0, "thresh": 0.5, "r_type": "individualized", "t_type": "improvement", "eta_obs_individualized": 1.0, "eta_obs_refits_batch0_mean": 0.9919999837875366, "model_score": 0.872, "model_f1": 0.8940677966101694, "model_refits_batch0_scores": [0.848, 0.848, 0.854, 0.86, 0.86], "model_refits_batch0_f1s": [0.8560606060606061, 0.8538461538461539, 0.858252427184466, 0.8622047244094487, 0.8653846153846154], "model_coef": [[0.4785356577166362, 0.5453121859304917, 1.0835655347085427], [0.2661836809075705]]}