r_type,t_type,eta_mean,gamma_mean,perc_recomm_found_mean,eta_obs_mean,eta_obs_individualized_mean,eta_obs_refits_batch0_mean_mean,gamma_obs_mean,intv-cost_mean,eta_std,gamma_std,perc_recomm_found_std,eta_obs_std,eta_obs_individualized_std,eta_obs_refits_batch0_mean_std,gamma_obs_std,intv-cost_std
individualized,acceptance,0.75,0.75,1.0,1.0,,0.6313333511352539,0.3883333404858907,2.2448333333333337,0.0,0.0,0.0,0.0,,0.09573054552853208,0.07653973900218118,0.37409301428031677
individualized,counterfactual,0.75,0.75,1.0,0.9966666666666667,,0.4763333598772685,0.28999999165534973,2.6205,0.0,0.0,0.0,0.005773502691896262,,0.18346751200993078,0.08888193820477458,0.7441175982329676
individualized,improvement,0.75,0.75,1.0,0.9583333333333334,1.0,0.9550000031789144,0.7916666666666666,3.3171666666666666,0.0,0.0,0.0,0.04856267428111153,0.0,0.04779122836581884,0.017559434462574103,0.1957232314604817
subpopulation,acceptance,0.75,0.75,1.0,0.8866666666666667,,0.5630000034968058,0.37666667501131695,2.3388333333333335,0.0,0.0,0.0,0.016072751268321604,,0.08973851137294218,0.08082902942748575,0.5171272409507487
subpopulation,improvement,0.75,0.75,1.0,0.9266666666666666,,0.9116666714350382,0.7416666547457377,3.5209999999999995,0.0,0.0,0.0,0.05008326400438904,,0.06087140973397985,0.03685557252363642,0.14914506361257815
