{"accuracy_pre": 0.95, "accuracy_post": 0.95, "recourse_seeking_ixs": [673, 983, 648, 902, 865, 610, 619, 892, 899, 624, 637, 654, 765, 576, 642, 925, 760, 966, 761, 755, 545, 935, 713, 640, 869, 788, 811, 838, 586, 859, 536, 641, 793, 742, 952, 782, 662, 683, 573, 769, 826, 780, 881, 987, 604, 567, 977, 796, 968, 965, 921, 598, 786, 529, 691, 975, 574, 985, 988, 995, 563, 749, 746, 855, 550, 510, 901, 896, 715, 548, 814, 693, 873, 954, 923, 874, 763, 599, 912, 916, 778, 878, 585, 657, 696, 759, 845, 886, 603, 514, 993, 772, 820, 532, 724, 569, 847, 620, 733, 655], "recourse_recommended_ixs": [673, 983, 648, 902, 865, 610, 619, 892, 899, 624, 637, 654, 765, 576, 642, 925, 760, 966, 761, 755, 545, 935, 713, 640, 869, 788, 811, 838, 586, 859, 536, 641, 793, 742, 952, 782, 662, 683, 573, 769, 826, 780, 881, 987, 604, 567, 977, 796, 968, 965, 921, 598, 786, 529, 691, 975, 574, 985, 988, 995, 563, 749, 746, 855, 550, 510, 901, 896, 715, 548, 814, 693, 873, 954, 923, 874, 763, 599, 912, 916, 778, 878, 585, 657, 696, 759, 845, 886, 603, 514, 993, 772, 820, 532, 724, 569, 847, 620, 733, 655], "perc_recomm_found": 1.0, "gamma": 0.95, "eta": 0.95, "gamma_obs": 0.949999988079071, "gamma_obs_pre": 0.05000000074505806, "eta_obs": 1.0, "costs": [1.0, 1.0, 1.0], "lbd": 300.0, "thresh": 0.5, "r_type": "subpopulation", "t_type": "improvement", "eta_obs_individualized": NaN, "eta_obs_refits_batch0_mean": 1.0, "model_score": 0.882, "model_f1": 0.9146110056925996, "model_refits_batch0_scores": [0.884, 0.892, 0.87, 0.878, 0.874], "model_refits_batch0_f1s": [0.8786610878661086, 0.8805309734513276, 0.8608137044967881, 0.871578947368421, 0.8695652173913043], "model_coef": NaN}