{"accuracy_pre": 0.86, "accuracy_post": 0.39, "recourse_seeking_ixs": [753, 880, 958, 515, 798, 826, 599, 985, 750, 805, 876, 804, 968, 564, 891, 614, 605, 713, 743, 846, 923, 759, 917, 513, 747, 814, 699, 580, 959, 640, 942, 736, 835, 803, 548, 887, 886, 789, 533, 873, 635, 767, 510, 541, 855, 652, 521, 712, 809, 642, 671, 686, 849, 868, 575, 616, 631, 861, 916, 991, 921, 815, 808, 525, 776, 680, 530, 768, 728, 765, 938, 865, 978, 945, 558, 664, 702, 955, 987, 925, 694, 528, 709, 641, 933, 853, 665, 509, 926, 609, 623, 590, 620, 547, 676, 715, 952, 569, 522, 878], "recourse_recommended_ixs": [753, 880, 958, 515, 798, 826, 599, 985, 750, 805, 876, 804, 968, 564, 891, 614, 605, 713, 743, 846, 923, 759, 917, 513, 747, 814, 699, 580, 959, 640, 942, 736, 835, 803, 548, 887, 886, 789, 533, 873, 635, 767, 510, 541, 855, 652, 521, 712, 809, 642, 671, 686, 849, 868, 575, 616, 631, 861, 916, 991, 921, 815, 808, 525, 776, 680, 530, 768, 728, 765, 938, 865, 978, 945, 558, 664, 702, 955, 987, 925, 694, 528, 709, 641, 933, 853, 665, 509, 926, 609, 623, 590, 620, 547, 676, 715, 952, 569, 522, 878], "perc_recomm_found": 1.0, "gamma": 0.95, "eta": 0.95, "gamma_obs": 0.38999998569488525, "gamma_obs_pre": 0.14000000059604645, "eta_obs": 1.0, "costs": [1.0, 1.0, 1.0], "lbd": 300.0, "thresh": 0.5, "r_type": "individualized", "t_type": "counterfactual", "eta_obs_individualized": NaN, "eta_obs_refits_batch0_mean": 0.6660000085830688, "model_score": 0.876, "model_f1": 0.8708333333333332, "model_refits_batch0_scores": [0.886, 0.89, 0.88, 0.874, 0.872], "model_refits_batch0_f1s": [0.8784648187633263, 0.8861283643892339, 0.8728813559322034, 0.8684759916492694, 0.8688524590163934], "model_coef": [[0.594492694325962, 0.33108333829437153, 1.4018161030511183], [-0.1258241311860166]]}