{"accuracy_pre": 0.98, "accuracy_post": 1.0, "recourse_seeking_ixs": [1457, 1443, 1413, 1805, 1097, 1842, 1886, 1786, 1256, 1999, 1736, 1922, 1382, 1725, 1864, 1412, 1781, 1099, 1865, 1941, 1054, 1658, 1873, 1440, 1734, 1576, 1913, 1191, 1891, 1438, 1245, 1787, 1066, 1481, 1532, 1332, 1459, 1914, 1742, 1327, 1076, 1793, 1574, 1741, 1352, 1189, 1182, 1193, 1773, 1288, 1504, 1016, 1176, 1593, 1186, 1830, 1454, 1360, 1635, 1397, 1923, 1778, 1011, 1517, 1733, 1697, 1633, 1166, 1603, 1528, 1485, 1230, 1575, 1745, 1291, 1310, 1950, 1111, 1935, 1452, 1248, 1238, 1964, 1039, 1159, 1161, 1119, 1621, 1281, 1826, 1418, 1824, 1987, 1961, 1990, 1145, 1342, 1716, 1469, 1989], "recourse_recommended_ixs": [1457, 1443, 1413, 1805, 1097, 1842, 1886, 1786, 1256, 1999, 1736, 1922, 1382, 1725, 1864, 1412, 1781, 1099, 1865, 1941, 1054, 1658, 1873, 1440, 1734, 1576, 1913, 1191, 1891, 1438, 1245, 1787, 1066, 1481, 1532, 1332, 1459, 1914, 1742, 1327, 1076, 1793, 1574, 1741, 1352, 1189, 1182, 1193, 1773, 1288, 1504, 1016, 1176, 1593, 1186, 1830, 1454, 1360, 1635, 1397, 1923, 1778, 1011, 1517, 1733, 1697, 1633, 1166, 1603, 1528, 1485, 1230, 1575, 1745, 1291, 1310, 1950, 1111, 1935, 1452, 1248, 1238, 1964, 1039, 1159, 1161, 1119, 1621, 1281, 1826, 1418, 1824, 1987, 1961, 1990, 1145, 1342, 1716, 1469, 1989], "perc_recomm_found": 1.0, "gamma": 0.95, "eta": 0.95, "gamma_obs": 1.0, "gamma_obs_pre": 0.019999999552965164, "eta_obs": 1.0, "costs": [1.0, 1.0], "lbd": 150.0, "thresh": 0.5, "r_type": "individualized", "t_type": "improvement", "eta_obs_individualized": 1.0, "eta_obs_refits_batch0_mean": 1.0, "model_score": 0.995, "model_f1": 0.9960474308300395, "model_refits_batch0_scores": [0.998, 0.998, 1.0, 0.998, 0.998], "model_refits_batch0_f1s": [0.99800796812749, 0.99800796812749, 1.0, 0.99800796812749, 0.99800796812749], "model_coef": NaN}