{"accuracy_pre": 0.99, "accuracy_post": 0.96, "recourse_seeking_ixs": [1484, 1697, 1860, 1639, 1287, 1242, 1606, 1538, 1694, 1954, 1771, 1660, 1197, 1233, 1070, 1202, 1891, 1865, 1131, 1234, 1961, 1864, 1926, 1773, 1621, 1191, 1433, 1752, 1486, 1541, 1751, 1988, 1216, 1713, 1267, 1344, 1168, 1942, 1563, 1281, 1955, 1274, 1723, 1648, 1821, 1922, 1736, 1360, 1696, 1077, 1941, 1306, 1990, 1593, 1110, 1870, 1743, 1934, 1953, 1764, 1831, 1690, 1770, 1929, 1206, 1420, 1034, 1852, 1101, 1282, 1734, 1340, 1503, 1452, 1940, 1119, 1418, 1391, 1536, 1731, 1701, 1571, 1293, 1214, 1230, 1372, 1198, 1167, 1661, 1683, 1717, 1317, 1128, 1030, 1899, 1258, 1309, 1227, 1319, 1646], "recourse_recommended_ixs": [1484, 1697, 1860, 1639, 1287, 1242, 1606, 1538, 1694, 1954, 1771, 1660, 1197, 1233, 1070, 1202, 1891, 1865, 1131, 1234, 1961, 1864, 1926, 1773, 1621, 1191, 1433, 1752, 1486, 1541, 1751, 1988, 1216, 1713, 1267, 1344, 1168, 1942, 1563, 1281, 1955, 1274, 1723, 1648, 1821, 1922, 1736, 1360, 1696, 1077, 1941, 1306, 1990, 1593, 1110, 1870, 1743, 1934, 1953, 1764, 1831, 1690, 1770, 1929, 1206, 1420, 1034, 1852, 1101, 1282, 1734, 1340, 1503, 1452, 1940, 1119, 1418, 1391, 1536, 1731, 1701, 1571, 1293, 1214, 1230, 1372, 1198, 1167, 1661, 1683, 1717, 1317, 1128, 1030, 1899, 1258, 1309, 1227, 1319, 1646], "perc_recomm_found": 1.0, "gamma": 0.75, "eta": 0.75, "gamma_obs": 1.0, "gamma_obs_pre": 0.009999999776482582, "eta_obs": 0.96, "costs": [1.0, 1.0], "lbd": 150.0, "thresh": 0.5, "r_type": "subpopulation", "t_type": "improvement", "eta_obs_individualized": NaN, "eta_obs_refits_batch0_mean": 0.9479999542236328, "model_score": 0.991, "model_f1": 0.9990167158308751, "model_refits_batch0_scores": [0.997, 0.994, 0.996, 0.994, 0.996], "model_refits_batch0_f1s": [0.9970089730807578, 0.9939999999999999, 0.9960079840319361, 0.9939999999999999, 0.9960079840319361], "model_coef": NaN}