{"accuracy_pre": 1.0, "accuracy_post": 0.59, "recourse_seeking_ixs": [1215, 1630, 1510, 1552, 1129, 1240, 1453, 1675, 1329, 1110, 1512, 1142, 1614, 1350, 1995, 1613, 1340, 1682, 1637, 1288, 1855, 1862, 1432, 1171, 1148, 1802, 1577, 1451, 1814, 1063, 1209, 1846, 1595, 1352, 1353, 1963, 1005, 1794, 1351, 1104, 1911, 1697, 1043, 1737, 1379, 1981, 1838, 1233, 1011, 1221, 1917, 1270, 1386, 1732, 1486, 1297, 1382, 1865, 1242, 1841, 1244, 1828, 1401, 1982, 1881, 1661, 1177, 1958, 1272, 1730, 1620, 1430, 1009, 1680, 1971, 1118, 1482, 1691, 1175, 1070, 1094, 1674, 1235, 1515, 1223, 1127, 1426, 1298, 1528, 1283, 1490, 1039, 1446, 1454, 1155, 1810, 1671, 1757, 1652, 1649], "recourse_recommended_ixs": [1215, 1630, 1510, 1552, 1129, 1240, 1453, 1675, 1329, 1110, 1512, 1142, 1614, 1350, 1995, 1613, 1340, 1682, 1637, 1288, 1855, 1862, 1432, 1171, 1148, 1802, 1577, 1451, 1814, 1063, 1209, 1846, 1595, 1352, 1353, 1963, 1005, 1794, 1351, 1104, 1911, 1697, 1043, 1737, 1379, 1981, 1838, 1233, 1011, 1221, 1917, 1270, 1386, 1732, 1486, 1297, 1382, 1865, 1242, 1841, 1244, 1828, 1401, 1982, 1881, 1661, 1177, 1958, 1272, 1730, 1620, 1430, 1009, 1680, 1971, 1118, 1482, 1691, 1175, 1070, 1094, 1674, 1235, 1515, 1223, 1127, 1426, 1298, 1528, 1283, 1490, 1039, 1446, 1454, 1155, 1810, 1671, 1757, 1652, 1649], "perc_recomm_found": 1.0, "gamma": 0.75, "eta": 0.75, "gamma_obs": 1.0, "gamma_obs_pre": 0.0, "eta_obs": 0.59, "costs": [1.0, 1.0], "lbd": 150.0, "thresh": 0.5, "r_type": "subpopulation", "t_type": "improvement", "eta_obs_individualized": NaN, "eta_obs_refits_batch0_mean": 0.3139999806880951, "model_score": 0.81, "model_f1": 0.9947862356621481, "model_refits_batch0_scores": [0.998, 0.998, 0.998, 0.998, 0.998], "model_refits_batch0_f1s": [0.9979674796747968, 0.9979674796747968, 0.9979674796747968, 0.9979674796747968, 0.9979674796747968], "model_coef": [[-1.659163472684449, -2.073954509754808, 3.5461907791574467], [-1.8217384722569294]]}