{"accuracy_pre": 0.85, "accuracy_post": 0.18, "recourse_seeking_ixs": [421, 267, 291, 357, 396, 364, 381, 363, 401, 486, 330, 350, 252, 311, 463, 498, 394, 450, 264, 368, 266, 347, 456, 354, 296, 278, 312, 422, 393, 452, 444, 366, 491, 318, 342, 284, 250, 415, 276, 458, 457, 497, 418, 478, 275, 493, 369, 489, 324, 400, 465, 294, 451, 309, 317, 332, 356, 385, 285, 326, 339, 344, 359, 447, 437, 310, 398, 402, 254, 292, 333, 365, 479, 256, 416, 313, 379, 274, 367, 261, 280, 427, 361, 460, 355, 438, 371, 265, 286, 268, 459, 277, 316, 442, 419, 328, 375, 257, 255, 282], "recourse_recommended_ixs": [421, 267, 291, 357, 396, 364, 381, 363, 401, 486, 330, 350, 252, 311, 463, 498, 394, 450, 264, 368, 266, 347, 456, 354, 296, 278, 312, 422, 393, 452, 444, 366, 491, 318, 342, 284, 250, 415, 276, 458, 457, 497, 418, 478, 275, 493, 369, 489, 324, 400, 465, 294, 451, 309, 317, 332, 356, 385, 285, 326, 339, 344, 359, 447, 437, 310, 398, 402, 254, 292, 333, 365, 479, 256, 416, 313, 379, 274, 367, 261, 280, 427, 361, 460, 355, 438, 371, 265, 286, 268, 459, 277, 316, 442, 419, 328, 375, 257, 255, 282], "perc_recomm_found": 1.0, "gamma": 0.75, "eta": 0.75, "gamma_obs": 0.18000000715255737, "gamma_obs_pre": 0.15000000596046448, "eta_obs": 1.0, "costs": [1.0, 1.0, 1.0], "lbd": 100.0, "thresh": 0.5, "r_type": "individualized", "t_type": "acceptance", "eta_obs_individualized": NaN, "eta_obs_refits_batch0_mean": 0.6920000314712524, "model_score": 0.844, "model_f1": 0.8381742738589212, "model_refits_batch0_scores": [0.84, 0.836, 0.844, 0.84, 0.84], "model_refits_batch0_f1s": [0.8333333333333333, 0.8284518828451883, 0.8421052631578947, 0.83739837398374, 0.8319327731092436], "model_coef": [[0.16517475789967603, 0.037795822460080584, 0.8576814818481175], [-0.4045634207429885]]}