{"accuracy_pre": 0.86, "accuracy_post": 0.58, "recourse_seeking_ixs": [369, 367, 288, 392, 238, 360, 327, 271, 303, 352, 383, 236, 277, 384, 242, 297, 319, 387, 220, 399, 322, 339, 376, 363, 296, 398, 314, 222, 258, 338, 307, 235, 232, 350, 274, 340, 265, 365, 336, 266, 370, 323, 301, 275, 203, 259, 268, 273, 358, 252], "recourse_recommended_ixs": [369, 367, 288, 392, 238, 360, 327, 271, 303, 352, 383, 236, 277, 384, 242, 297, 319, 387, 220, 399, 322, 339, 376, 363, 296, 398, 314, 222, 258, 338, 307, 235, 232, 350, 274, 340, 265, 365, 336, 266, 370, 323, 301, 275, 203, 259, 268, 273, 358, 252], "perc_recomm_found": 1.0, "gamma": 0.95, "eta": 0.95, "gamma_obs": 0.5799999833106995, "gamma_obs_pre": 0.14000000059604645, "eta_obs": 1.0, "costs": [1.0, 1.0, 1.0], "lbd": 300.0, "thresh": 0.5, "r_type": "individualized", "t_type": "acceptance", "eta_obs_individualized": NaN, "eta_obs_refits_batch0_mean": 0.5, "model_score": 0.9, "model_f1": 0.9107142857142857, "model_refits_batch0_scores": [0.875, 0.86, 0.885, 0.87, 0.9], "model_refits_batch0_f1s": [0.8898678414096916, 0.8738738738738739, 0.8959276018099547, 0.8773584905660378, 0.9107142857142857], "model_coef": [[0.9468990349781393, 0.6638949227824809, 0.886323830293156], [0.07225976937942394]]}