{"accuracy_pre": 1.0, "accuracy_post": 0.17, "recourse_seeking_ixs": [1841, 1607, 1872, 1302, 1007, 1012, 1716, 1234, 1313, 1569, 1028, 1452, 1161, 1370, 1277, 1784, 1741, 1879, 1179, 1557, 1147, 1101, 1949, 1253, 1568, 1492, 1860, 1197, 1295, 1166, 1900, 1288, 1312, 1563, 1310, 1855, 1629, 1369, 1532, 1331, 1420, 1982, 1968, 1884, 1685, 1597, 1603, 1933, 1619, 1397, 1520, 1408, 1708, 1415, 1871, 1902, 1913, 1826, 1679, 1751, 1864, 1635, 1990, 1646, 1282, 1162, 1781, 1363, 1816, 1484, 1111, 1093, 1060, 1383, 1346, 1150, 1627, 1457, 1886, 1737, 1034, 1740, 1362, 1212, 1223, 1517, 1733, 1030, 1942, 1347, 1831, 1836, 1376, 1593, 1914, 1935, 1431, 1926, 1427, 1462], "recourse_recommended_ixs": [1841, 1607, 1872, 1302, 1007, 1012, 1716, 1234, 1313, 1569, 1028, 1452, 1161, 1370, 1277, 1784, 1741, 1879, 1179, 1557, 1147, 1101, 1949, 1253, 1568, 1492, 1860, 1197, 1295, 1166, 1900, 1288, 1312, 1563, 1310, 1855, 1629, 1369, 1532, 1331, 1420, 1982, 1968, 1884, 1685, 1597, 1603, 1933, 1619, 1397, 1520, 1408, 1708, 1415, 1871, 1902, 1913, 1826, 1679, 1751, 1864, 1635, 1990, 1646, 1282, 1162, 1781, 1363, 1816, 1484, 1111, 1093, 1060, 1383, 1346, 1150, 1627, 1457, 1886, 1737, 1034, 1740, 1362, 1212, 1223, 1517, 1733, 1030, 1942, 1347, 1831, 1836, 1376, 1593, 1914, 1935, 1431, 1926, 1427, 1462], "perc_recomm_found": 1.0, "gamma": 0.75, "eta": 0.75, "gamma_obs": 0.20999999344348907, "gamma_obs_pre": 0.0, "eta_obs": 0.96, "costs": [1.0, 1.0, 1.0], "lbd": 150.0, "thresh": 0.5, "r_type": "subpopulation", "t_type": "acceptance", "eta_obs_individualized": NaN, "eta_obs_refits_batch0_mean": 0.4139999747276306, "model_score": 0.883, "model_f1": 0.9990069513406157, "model_refits_batch0_scores": [0.998, 0.998, 0.998, 0.998, 0.998], "model_refits_batch0_f1s": [0.99800796812749, 0.99800796812749, 0.99800796812749, 0.99800796812749, 0.99800796812749], "model_coef": [[-1.4772435662888521, -1.846554638080656, 3.532578813399066], [-1.7375217910702037]]}