{"accuracy_pre": 1.0, "accuracy_post": 1.0, "recourse_seeking_ixs": [1098, 1286, 1965, 1836, 1821, 1293, 1570, 1624, 1659, 1391, 1212, 1114, 1507, 1840, 1014, 1533, 1467, 1665, 1724, 1541, 1686, 1316, 1239, 1001, 1804, 1443, 1818, 1051, 1759, 1516, 1336, 1843, 1973, 1926, 1538, 1791, 1520, 1397, 1127, 1213, 1805, 1065, 1910, 1691, 1881, 1622, 1476, 1847, 1859, 1952, 1623, 1561, 1938, 1506, 1216, 1374, 1119, 1809, 1111, 1669, 1429, 1300, 1428, 1562, 1069, 1250, 1313, 1934, 1182, 1601, 1229, 1455, 1742, 1594, 1708, 1161, 1479, 1954, 1000, 1528, 1366, 1242, 1338, 1531, 1235, 1248, 1415, 1282, 1038, 1353, 1579, 1246, 1234, 1464, 1964, 1485, 1015, 1447, 1016, 1482], "recourse_recommended_ixs": [1098, 1286, 1965, 1836, 1821, 1293, 1570, 1624, 1659, 1391, 1212, 1114, 1507, 1840, 1014, 1533, 1467, 1665, 1724, 1541, 1686, 1316, 1239, 1001, 1804, 1443, 1818, 1051, 1759, 1516, 1336, 1843, 1973, 1926, 1538, 1791, 1520, 1397, 1127, 1213, 1805, 1065, 1910, 1691, 1881, 1622, 1476, 1847, 1859, 1952, 1623, 1561, 1938, 1506, 1216, 1374, 1119, 1809, 1111, 1669, 1429, 1300, 1428, 1562, 1069, 1250, 1313, 1934, 1182, 1601, 1229, 1455, 1742, 1594, 1708, 1161, 1479, 1954, 1000, 1528, 1366, 1242, 1338, 1531, 1235, 1248, 1415, 1282, 1038, 1353, 1579, 1246, 1234, 1464, 1964, 1485, 1015, 1447, 1016, 1482], "perc_recomm_found": 1.0, "gamma": 0.95, "eta": 0.95, "gamma_obs": 1.0, "gamma_obs_pre": 0.0, "eta_obs": 1.0, "costs": [1.0, 1.0, 1.0], "lbd": 150.0, "thresh": 0.5, "r_type": "individualized", "t_type": "improvement", "eta_obs_individualized": 1.0, "eta_obs_refits_batch0_mean": 1.0, "model_score": 0.985, "model_f1": 0.9916317991631798, "model_refits_batch0_scores": [0.996, 0.999, 0.996, 0.998, 0.993], "model_refits_batch0_f1s": [0.995967741935484, 0.9989929506545822, 0.9959919839679359, 0.9979919678714859, 0.993006993006993], "model_coef": NaN}