{"accuracy_pre": 0.99, "accuracy_post": 0.27, "recourse_seeking_ixs": [1159, 1861, 1306, 1773, 1879, 1291, 1179, 1987, 1475, 1319, 1593, 1427, 1472, 1871, 1101, 1841, 1826, 1896, 1077, 1383, 1150, 1840, 1349, 1293, 1119, 1954, 1443, 1789, 1680, 1529, 1364, 1502, 1013, 1520, 1915, 1561, 1571, 1182, 1213, 1457, 1696, 1973, 1499, 1657, 1391, 1906, 1505, 1701, 1234, 1830, 1675, 1683, 1366, 1245, 1087, 1532, 1961, 1788, 1568, 1751, 1221, 1285, 1347, 1757, 1587, 1626, 1067, 1977, 1942, 1103, 1212, 1088, 1717, 1112, 1655, 1537, 1224, 1605, 1992, 1823, 1012, 1016, 1633, 1332, 1938, 1895, 1743, 1236, 1873, 1133, 1978, 1467, 1145, 1302, 1541, 1320, 1658, 1652, 1941, 1567], "recourse_recommended_ixs": [1159, 1861, 1306, 1773, 1879, 1291, 1179, 1987, 1475, 1319, 1593, 1427, 1472, 1871, 1101, 1841, 1826, 1896, 1077, 1383, 1150, 1840, 1349, 1293, 1119, 1954, 1443, 1789, 1680, 1529, 1364, 1502, 1013, 1520, 1915, 1561, 1571, 1182, 1213, 1457, 1696, 1973, 1499, 1657, 1391, 1906, 1505, 1701, 1234, 1830, 1675, 1683, 1366, 1245, 1087, 1532, 1961, 1788, 1568, 1751, 1221, 1285, 1347, 1757, 1587, 1626, 1067, 1977, 1942, 1103, 1212, 1088, 1717, 1112, 1655, 1537, 1224, 1605, 1992, 1823, 1012, 1016, 1633, 1332, 1938, 1895, 1743, 1236, 1873, 1133, 1978, 1467, 1145, 1302, 1541, 1320, 1658, 1652, 1941, 1567], "perc_recomm_found": 1.0, "gamma": 0.95, "eta": 0.95, "gamma_obs": 0.27000001072883606, "gamma_obs_pre": 0.009999999776482582, "eta_obs": 1.0, "costs": [1.0, 1.0, 1.0], "lbd": 150.0, "thresh": 0.5, "r_type": "individualized", "t_type": "counterfactual", "eta_obs_individualized": NaN, "eta_obs_refits_batch0_mean": 1.0, "model_score": 0.994, "model_f1": 1.0, "model_refits_batch0_scores": [0.999, 0.996, 0.996, 0.996, 0.996], "model_refits_batch0_f1s": [0.9990009990009989, 0.9959919839679359, 0.9959919839679359, 0.9959919839679359, 0.9959919839679359], "model_coef": NaN}