{"accuracy_pre": 0.84, "accuracy_post": 0.26, "recourse_seeking_ixs": [392, 249, 273, 312, 209, 210, 388, 221, 211, 346, 241, 275, 268, 235, 239, 377, 280, 306, 372, 307, 329, 253, 277, 381, 395, 380, 296, 216, 318, 356, 242, 295, 317, 328, 393, 396, 319, 386, 258, 227, 254, 218, 207, 326, 338, 223, 373, 300, 265, 333], "recourse_recommended_ixs": [392, 249, 273, 312, 209, 210, 388, 221, 211, 346, 241, 275, 268, 235, 239, 377, 280, 306, 372, 307, 329, 253, 277, 381, 395, 380, 296, 216, 318, 356, 242, 295, 317, 328, 393, 396, 319, 386, 258, 227, 254, 218, 207, 326, 338, 223, 373, 300, 265, 333], "perc_recomm_found": 1.0, "gamma": 0.9, "eta": 0.9, "gamma_obs": 0.25999999046325684, "gamma_obs_pre": 0.1599999964237213, "eta_obs": 1.0, "costs": [1.0, 1.0, 1.0], "lbd": 300.0, "thresh": 0.5, "r_type": "subpopulation", "t_type": "acceptance", "eta_obs_individualized": NaN, "eta_obs_refits_batch0_mean": 0.7520000338554382, "model_score": 0.835, "model_f1": 0.8390243902439025, "model_refits_batch0_scores": [0.835, 0.84, 0.82, 0.845, 0.84], "model_refits_batch0_f1s": [0.8358208955223881, 0.8446601941747572, 0.8333333333333333, 0.8472906403940886, 0.8476190476190476], "model_coef": [[0.07555500994582112, -0.07452316822195457, 1.0670498870394096], [-0.4901403155014133]]}