{"accuracy_pre": 0.92, "accuracy_post": 0.48, "recourse_seeking_ixs": [229, 287, 367, 220, 298, 270, 323, 399, 347, 206, 283, 372, 203, 318, 382, 244, 249, 259, 345, 311, 225, 354, 314, 209, 239, 385, 223, 208, 331, 362, 247, 348, 383, 386, 201, 286, 250, 251, 319, 205, 395, 213, 375, 257, 321, 266, 292, 353, 316, 337], "recourse_recommended_ixs": [229, 287, 367, 220, 298, 270, 323, 399, 347, 206, 283, 372, 203, 318, 382, 244, 249, 259, 345, 311, 225, 354, 314, 209, 239, 385, 223, 208, 331, 362, 247, 348, 383, 386, 201, 286, 250, 251, 319, 205, 395, 213, 375, 257, 321, 266, 292, 353, 316, 337], "perc_recomm_found": 1.0, "gamma": 0.85, "eta": 0.85, "gamma_obs": 0.47999998927116394, "gamma_obs_pre": 0.07999999821186066, "eta_obs": 1.0, "costs": [1.0, 1.0, 1.0], "lbd": 300.0, "thresh": 0.5, "r_type": "individualized", "t_type": "acceptance", "eta_obs_individualized": NaN, "eta_obs_refits_batch0_mean": 0.7080000042915344, "model_score": 0.845, "model_f1": 0.8502415458937198, "model_refits_batch0_scores": [0.855, 0.835, 0.855, 0.855, 0.835], "model_refits_batch0_f1s": [0.863849765258216, 0.8493150684931506, 0.863849765258216, 0.8625592417061612, 0.8465116279069766], "model_coef": [[0.47113413225600875, 1.0530472107018238, 1.0158754436583957], [0.10224988979482941]]}