{"accuracy_pre": 0.9, "accuracy_post": 0.88, "recourse_seeking_ixs": [522, 684, 954, 623, 656, 658, 500, 645, 604, 935, 891, 782, 560, 818, 906, 941, 502, 770, 802, 558, 964, 725, 605, 521, 647, 552, 901, 527, 983, 754, 739, 829, 909, 880, 937, 926, 707, 636, 746, 913, 654, 710, 886, 578, 696, 700, 669, 663, 948, 982, 697, 822, 831, 833, 811, 507, 841, 703, 567, 808, 761, 599, 896, 993, 920, 893, 529, 817, 934, 919, 504, 750, 513, 581, 635, 760, 728, 762, 775, 859, 963, 688, 960, 620, 881, 774, 921, 547, 785, 756, 973, 683, 624, 646, 809, 592, 999, 772, 613, 701], "recourse_recommended_ixs": [522, 684, 954, 623, 656, 658, 500, 645, 604, 935, 891, 782, 560, 818, 906, 941, 502, 770, 802, 558, 964, 725, 605, 521, 647, 552, 901, 527, 983, 754, 739, 829, 909, 880, 937, 926, 707, 636, 746, 913, 654, 710, 886, 578, 696, 700, 669, 663, 948, 982, 697, 822, 831, 833, 811, 507, 841, 703, 567, 808, 761, 599, 896, 993, 920, 893, 529, 817, 934, 919, 504, 750, 513, 581, 635, 760, 728, 762, 775, 859, 963, 688, 960, 620, 881, 774, 921, 547, 785, 756, 973, 683, 624, 646, 809, 592, 999, 772, 613, 701], "perc_recomm_found": 1.0, "gamma": 0.95, "eta": 0.95, "gamma_obs": 0.9300000071525574, "gamma_obs_pre": 0.10000000149011612, "eta_obs": 0.95, "costs": [1.0, 1.0, 1.0], "lbd": 300.0, "thresh": 0.5, "r_type": "subpopulation", "t_type": "improvement", "eta_obs_individualized": NaN, "eta_obs_refits_batch0_mean": 0.9399999380111694, "model_score": 0.83, "model_f1": 0.8611670020120724, "model_refits_batch0_scores": [0.806, 0.824, 0.796, 0.794, 0.808], "model_refits_batch0_f1s": [0.8166351606805293, 0.8370370370370369, 0.80078125, 0.8074766355140186, 0.8146718146718146], "model_coef": NaN}