{"accuracy_pre": 0.84, "accuracy_post": 0.54, "recourse_seeking_ixs": [387, 353, 257, 277, 237, 256, 392, 362, 312, 209, 221, 337, 345, 377, 243, 270, 284, 351, 286, 397, 350, 215, 396, 300, 343, 241, 305, 255, 335, 341, 290, 283, 263, 334, 226, 380, 254, 250, 391, 253, 376, 398, 204, 262, 323, 373, 289, 275, 347, 307], "recourse_recommended_ixs": [387, 353, 257, 277, 237, 256, 392, 362, 312, 209, 221, 337, 345, 377, 243, 270, 284, 351, 286, 397, 350, 215, 396, 300, 343, 241, 305, 255, 335, 341, 290, 283, 263, 334, 226, 380, 254, 250, 391, 253, 376, 398, 204, 262, 323, 373, 289, 275, 347, 307], "perc_recomm_found": 1.0, "gamma": 0.95, "eta": 0.95, "gamma_obs": 0.5400000214576721, "gamma_obs_pre": 0.1599999964237213, "eta_obs": 1.0, "costs": [1.0, 1.0, 1.0], "lbd": 300.0, "thresh": 0.5, "r_type": "individualized", "t_type": "acceptance", "eta_obs_individualized": NaN, "eta_obs_refits_batch0_mean": 0.3199999928474426, "model_score": 0.845, "model_f1": 0.8516746411483254, "model_refits_batch0_scores": [0.85, 0.85, 0.84, 0.855, 0.855], "model_refits_batch0_f1s": [0.8543689320388349, 0.8529411764705882, 0.8476190476190476, 0.863849765258216, 0.8599033816425121], "model_coef": [[0.9870510950269237, 0.9001554042683111, 1.2525626248485802], [0.0609816155517503]]}