{"accuracy_pre": 0.92, "accuracy_post": 0.78, "recourse_seeking_ixs": [388, 321, 380, 224, 337, 385, 247, 315, 386, 256, 254, 368, 283, 262, 399, 260, 301, 299, 304, 238, 215, 269, 354, 308, 357, 209, 234, 281, 318, 320, 221, 339, 313, 393, 253, 331, 239, 278, 225, 202, 377, 329, 251, 280, 305, 273, 255, 236, 237, 208], "recourse_recommended_ixs": [388, 321, 380, 224, 337, 385, 247, 315, 386, 256, 254, 368, 283, 262, 399, 260, 301, 299, 304, 238, 215, 269, 354, 308, 357, 209, 234, 281, 318, 320, 221, 339, 313, 393, 253, 331, 239, 278, 225, 202, 377, 329, 251, 280, 305, 273, 255, 236, 237, 208], "perc_recomm_found": 1.0, "gamma": 0.75, "eta": 0.75, "gamma_obs": 0.7799999713897705, "gamma_obs_pre": 0.07999999821186066, "eta_obs": 1.0, "costs": [1.0, 1.0, 1.0], "lbd": 300.0, "thresh": 0.5, "r_type": "subpopulation", "t_type": "improvement", "eta_obs_individualized": NaN, "eta_obs_refits_batch0_mean": 0.9520000219345093, "model_score": 0.87, "model_f1": 0.8869565217391305, "model_refits_batch0_scores": [0.855, 0.88, 0.865, 0.86, 0.875], "model_refits_batch0_f1s": [0.8786610878661087, 0.8938053097345133, 0.8851063829787235, 0.8813559322033899, 0.8888888888888888], "model_coef": [[0.6153571794458655, 0.7133814931806755, 1.1806959858552413], [0.2238839421595373]]}