{"accuracy_pre": 0.85, "accuracy_post": 0.84, "recourse_seeking_ixs": [254, 268, 317, 307, 498, 413, 368, 364, 267, 380, 252, 255, 421, 250, 427, 361, 277, 394, 293, 451, 313, 285, 375, 465, 318, 460, 407, 402, 256, 452, 497, 442, 463, 312, 282, 339, 357, 275, 459, 396, 437, 363, 257, 444, 490, 367, 355, 438, 333, 262, 347, 366, 330, 286, 261, 447, 276, 417, 416, 342, 379, 456, 479, 309, 316, 294, 422, 419, 420, 365, 415, 306, 439, 457, 311, 260, 418, 475, 387, 381, 292, 310, 324, 489, 264, 385, 251, 478, 481, 331, 350, 398, 450, 448, 280, 332, 354, 344, 455, 328], "recourse_recommended_ixs": [254, 268, 317, 307, 498, 413, 368, 364, 267, 380, 252, 255, 421, 250, 427, 361, 277, 394, 293, 451, 313, 285, 375, 465, 318, 460, 407, 402, 256, 452, 497, 442, 463, 312, 282, 339, 357, 275, 459, 396, 437, 363, 257, 444, 490, 367, 355, 438, 333, 262, 347, 366, 330, 286, 261, 447, 276, 417, 416, 342, 379, 456, 479, 309, 316, 294, 422, 419, 420, 365, 415, 306, 439, 457, 311, 260, 418, 475, 387, 381, 292, 310, 324, 489, 264, 385, 251, 478, 481, 331, 350, 398, 450, 448, 280, 332, 354, 344, 455, 328], "perc_recomm_found": 1.0, "gamma": 0.75, "eta": 0.75, "gamma_obs": 0.8100000023841858, "gamma_obs_pre": 0.15000000596046448, "eta_obs": 0.95, "costs": [1.0, 1.0], "lbd": 100.0, "thresh": 0.5, "r_type": "individualized", "t_type": "improvement", "eta_obs_individualized": 0.81, "eta_obs_refits_batch0_mean": 0.9380000233650208, "model_score": 0.844, "model_f1": 0.8381742738589212, "model_refits_batch0_scores": [0.84, 0.836, 0.844, 0.84, 0.84], "model_refits_batch0_f1s": [0.8333333333333333, 0.8284518828451883, 0.8421052631578947, 0.83739837398374, 0.8319327731092436], "model_coef": [[0.16517475789967603, 0.037795822460080584, 0.8576814818481175], [-0.4045634207429885]]}