{"accuracy_pre": 0.86, "accuracy_post": 0.28, "recourse_seeking_ixs": [204, 365, 347, 385, 369, 211, 208, 346, 363, 362, 326, 238, 335, 294, 296, 361, 304, 201, 327, 206, 237, 354, 381, 321, 261, 373, 309, 212, 230, 339, 390, 292, 389, 318, 248, 313, 270, 341, 374, 328, 223, 249, 242, 228, 366, 295, 255, 236, 322, 367], "recourse_recommended_ixs": [204, 365, 347, 385, 369, 211, 208, 346, 363, 362, 326, 238, 335, 294, 296, 361, 304, 201, 327, 206, 237, 354, 381, 321, 261, 373, 309, 212, 230, 339, 390, 292, 389, 318, 248, 313, 270, 341, 374, 328, 223, 249, 242, 228, 366, 295, 255, 236, 322, 367], "perc_recomm_found": 1.0, "gamma": 0.95, "eta": 0.95, "gamma_obs": 0.2800000011920929, "gamma_obs_pre": 0.14000000059604645, "eta_obs": 1.0, "costs": [1.0, 1.0, 1.0], "lbd": 300.0, "thresh": 0.5, "r_type": "subpopulation", "t_type": "acceptance", "eta_obs_individualized": NaN, "eta_obs_refits_batch0_mean": 0.968000054359436, "model_score": 0.82, "model_f1": 0.8200000000000001, "model_refits_batch0_scores": [0.825, 0.85, 0.835, 0.84, 0.83], "model_refits_batch0_f1s": [0.8241206030150753, 0.8421052631578947, 0.8290155440414508, 0.8400000000000001, 0.8282828282828283], "model_coef": [[2.3360595675138884, 2.166813407465765, -0.950960166062375], [0.6618900531062429]]}