{"accuracy_pre": 0.87, "accuracy_post": 0.47, "recourse_seeking_ixs": [956, 595, 758, 609, 746, 902, 822, 836, 971, 689, 741, 577, 505, 571, 647, 984, 880, 975, 774, 873, 874, 583, 718, 543, 864, 793, 760, 540, 754, 650, 702, 945, 654, 837, 605, 714, 926, 922, 693, 976, 681, 852, 919, 995, 675, 733, 840, 574, 828, 810, 713, 546, 572, 510, 578, 701, 625, 821, 663, 620, 602, 954, 538, 579, 563, 694, 777, 533, 608, 802, 812, 859, 646, 651, 791, 612, 888, 721, 940, 661, 649, 542, 539, 998, 641, 518, 875, 552, 785, 611, 679, 715, 653, 729, 506, 723, 764, 803, 658, 742], "recourse_recommended_ixs": [956, 595, 758, 609, 746, 902, 822, 836, 971, 689, 741, 577, 505, 571, 647, 984, 880, 975, 774, 873, 874, 583, 718, 543, 864, 793, 760, 540, 754, 650, 702, 945, 654, 837, 605, 714, 926, 922, 693, 976, 681, 852, 919, 995, 675, 733, 840, 574, 828, 810, 713, 546, 572, 510, 578, 701, 625, 821, 663, 620, 602, 954, 538, 579, 563, 694, 777, 533, 608, 802, 812, 859, 646, 651, 791, 612, 888, 721, 940, 661, 649, 542, 539, 998, 641, 518, 875, 552, 785, 611, 679, 715, 653, 729, 506, 723, 764, 803, 658, 742], "perc_recomm_found": 1.0, "gamma": 0.75, "eta": 0.75, "gamma_obs": 0.23000000417232513, "gamma_obs_pre": 0.12999999523162842, "eta_obs": 0.98, "costs": [1.0, 1.0, 1.0], "lbd": 300.0, "thresh": 0.5, "r_type": "subpopulation", "t_type": "counterfactual", "eta_obs_individualized": NaN, "eta_obs_refits_batch0_mean": 0.2720000147819519, "model_score": 0.792, "model_f1": 0.7794432548179872, "model_refits_batch0_scores": [0.824, 0.834, 0.834, 0.808, 0.818], "model_refits_batch0_f1s": [0.817427385892116, 0.8245243128964059, 0.8230277185501067, 0.799163179916318, 0.7945823927765236], "model_coef": NaN}