{"accuracy_pre": 1.0, "accuracy_post": 0.18, "recourse_seeking_ixs": [1340, 1794, 1921, 1342, 1409, 1344, 1555, 1764, 1941, 1161, 1286, 1233, 1028, 1996, 1757, 1776, 1451, 1172, 1790, 1246, 1813, 1482, 1791, 1083, 1041, 1808, 1147, 1602, 1804, 1510, 1840, 1742, 1468, 1987, 1118, 1384, 1238, 1154, 1635, 1298, 1672, 1977, 1185, 1895, 1838, 1901, 1661, 1367, 1788, 1504, 1501, 1229, 1714, 1069, 1399, 1792, 1821, 1872, 1431, 1785, 1222, 1408, 1763, 1091, 1027, 1352, 1587, 1832, 1455, 1494, 1524, 1369, 1499, 1292, 1383, 1244, 1044, 1290, 1697, 1000, 1779, 1971, 1283, 1144, 1204, 1917, 1620, 1218, 1321, 1107, 1800, 1024, 1646, 1947, 1304, 1223, 1449, 1533, 1171, 1381], "recourse_recommended_ixs": [1340, 1794, 1921, 1342, 1409, 1344, 1555, 1764, 1941, 1161, 1286, 1233, 1028, 1996, 1757, 1776, 1451, 1172, 1790, 1246, 1813, 1482, 1791, 1083, 1041, 1808, 1147, 1602, 1804, 1510, 1840, 1742, 1468, 1987, 1118, 1384, 1238, 1154, 1635, 1298, 1672, 1977, 1185, 1895, 1838, 1901, 1661, 1367, 1788, 1504, 1501, 1229, 1714, 1069, 1399, 1792, 1821, 1872, 1431, 1785, 1222, 1408, 1763, 1091, 1027, 1352, 1587, 1832, 1455, 1494, 1524, 1369, 1499, 1292, 1383, 1244, 1044, 1290, 1697, 1000, 1779, 1971, 1283, 1144, 1204, 1917, 1620, 1218, 1321, 1107, 1800, 1024, 1646, 1947, 1304, 1223, 1449, 1533, 1171, 1381], "perc_recomm_found": 1.0, "gamma": 0.75, "eta": 0.75, "gamma_obs": 0.18000000715255737, "gamma_obs_pre": 0.0, "eta_obs": 0.94, "costs": [1.0, 1.0, 1.0], "lbd": 150.0, "thresh": 0.5, "r_type": "individualized", "t_type": "counterfactual", "eta_obs_individualized": NaN, "eta_obs_refits_batch0_mean": 0.777999997138977, "model_score": 0.888, "model_f1": 0.9938271604938271, "model_refits_batch0_scores": [0.998, 0.998, 0.998, 0.998, 0.998], "model_refits_batch0_f1s": [0.9979674796747968, 0.9979674796747968, 0.9979674796747968, 0.9979674796747968, 0.9979674796747968], "model_coef": [[-1.659163472684449, -2.073954509754808, 3.5461907791574467], [-1.8217384722569294]]}