{"accuracy_pre": 0.95, "accuracy_post": 0.77, "recourse_seeking_ixs": [946, 502, 684, 584, 743, 594, 953, 982, 854, 951, 957, 798, 748, 751, 689, 635, 704, 960, 975, 735, 784, 611, 775, 916, 737, 508, 952, 789, 722, 758, 947, 937, 843, 811, 970, 999, 598, 728, 595, 827, 911, 609, 852, 538, 796, 681, 752, 714, 799, 526, 885, 818, 632, 623, 840, 846, 676, 996, 967, 677, 664, 862, 546, 920, 673, 509, 888, 979, 668, 596, 527, 514, 739, 890, 656, 761, 631, 605, 690, 942, 771, 585, 878, 856, 578, 795, 731, 537, 615, 707, 506, 819, 921, 746, 524, 767, 828, 874, 832, 612], "recourse_recommended_ixs": [946, 502, 684, 584, 743, 594, 953, 982, 854, 951, 957, 798, 748, 751, 689, 635, 704, 960, 975, 735, 784, 611, 775, 916, 737, 508, 952, 789, 722, 758, 947, 937, 843, 811, 970, 999, 598, 728, 595, 827, 911, 609, 852, 538, 796, 681, 752, 714, 799, 526, 885, 818, 632, 623, 840, 846, 676, 996, 967, 677, 664, 862, 546, 920, 673, 509, 888, 979, 668, 596, 527, 514, 739, 890, 656, 761, 631, 605, 690, 942, 771, 585, 878, 856, 578, 795, 731, 537, 615, 707, 506, 819, 921, 746, 524, 767, 828, 874, 832, 612], "perc_recomm_found": 1.0, "gamma": 0.75, "eta": 0.75, "gamma_obs": 0.7699999809265137, "gamma_obs_pre": 0.05000000074505806, "eta_obs": 1.0, "costs": [1.0, 1.0, 1.0], "lbd": 300.0, "thresh": 0.5, "r_type": "individualized", "t_type": "improvement", "eta_obs_individualized": 1.0, "eta_obs_refits_batch0_mean": 1.0, "model_score": 0.894, "model_f1": 0.8966861598440548, "model_refits_batch0_scores": [0.866, 0.864, 0.86, 0.856, 0.852], "model_refits_batch0_f1s": [0.8552915766738661, 0.8547008547008548, 0.8430493273542601, 0.8378378378378378, 0.8348214285714286], "model_coef": [[0.687721670390012, 1.0293311246961712, 0.9718462232035527], [-0.013664388085315504]]}