{"accuracy_pre": 0.74, "accuracy_post": 0.92, "recourse_seeking_ixs": [261, 225, 393, 220, 371, 283, 367, 260, 237, 304, 336, 287, 398, 238, 355, 385, 383, 273, 310, 255, 203, 363, 258, 209, 344, 212, 345, 333, 395, 326, 259, 206, 204, 329, 265, 205, 298, 251, 293, 356, 214, 292, 239, 263, 315, 200, 379, 391, 384, 284], "recourse_recommended_ixs": [261, 225, 393, 220, 371, 283, 367, 260, 237, 304, 336, 287, 398, 238, 355, 385, 383, 273, 310, 255, 203, 363, 258, 209, 344, 212, 345, 333, 395, 326, 259, 206, 204, 329, 265, 205, 298, 251, 293, 356, 214, 292, 239, 263, 315, 200, 379, 391, 384, 284], "perc_recomm_found": 1.0, "gamma": 0.85, "eta": 0.85, "gamma_obs": 0.9200000166893005, "gamma_obs_pre": 0.25999999046325684, "eta_obs": 1.0, "costs": [1.0, 1.0], "lbd": 300.0, "thresh": 0.5, "r_type": "subpopulation", "t_type": "improvement", "eta_obs_individualized": NaN, "eta_obs_refits_batch0_mean": 0.968000054359436, "model_score": 0.79, "model_f1": 0.7717391304347826, "model_refits_batch0_scores": [0.82, 0.8, 0.805, 0.795, 0.8], "model_refits_batch0_f1s": [0.8085106382978724, 0.7849462365591398, 0.7891891891891892, 0.7807486631016043, 0.7802197802197802], "model_coef": [[0.07430400854333898, 0.06858416639091759, 0.7180310845496433], [-0.31773661439232614]]}