{"accuracy_pre": 0.84, "accuracy_post": 0.5, "recourse_seeking_ixs": [961, 507, 971, 952, 950, 694, 861, 718, 513, 762, 966, 655, 956, 903, 574, 823, 890, 911, 599, 683, 558, 925, 810, 570, 793, 844, 785, 563, 505, 990, 758, 639, 826, 986, 902, 836, 554, 675, 567, 934, 983, 871, 899, 702, 872, 756, 524, 748, 669, 875, 727, 512, 982, 874, 850, 791, 808, 817, 519, 975, 649, 588, 657, 998, 951, 696, 819, 689, 709, 880, 592, 989, 988, 889, 506, 815, 712, 809, 602, 585, 870, 677, 813, 849, 831, 670, 591, 510, 633, 955, 634, 615, 764, 555, 825, 644, 645, 728, 811, 629], "recourse_recommended_ixs": [961, 507, 971, 952, 950, 694, 861, 718, 513, 762, 966, 655, 956, 903, 574, 823, 890, 911, 599, 683, 558, 925, 810, 570, 793, 844, 785, 563, 505, 990, 758, 639, 826, 986, 902, 836, 554, 675, 567, 934, 983, 871, 899, 702, 872, 756, 524, 748, 669, 875, 727, 512, 982, 874, 850, 791, 808, 817, 519, 975, 649, 588, 657, 998, 951, 696, 819, 689, 709, 880, 592, 989, 988, 889, 506, 815, 712, 809, 602, 585, 870, 677, 813, 849, 831, 670, 591, 510, 633, 955, 634, 615, 764, 555, 825, 644, 645, 728, 811, 629], "perc_recomm_found": 1.0, "gamma": 0.75, "eta": 0.75, "gamma_obs": 0.36000001430511475, "gamma_obs_pre": 0.1599999964237213, "eta_obs": 0.86, "costs": [1.0, 1.0, 1.0], "lbd": 300.0, "thresh": 0.5, "r_type": "subpopulation", "t_type": "counterfactual", "eta_obs_individualized": NaN, "eta_obs_refits_batch0_mean": 0.4059999883174896, "model_score": 0.776, "model_f1": 0.7788649706457924, "model_refits_batch0_scores": [0.794, 0.788, 0.784, 0.8, 0.806], "model_refits_batch0_f1s": [0.7632183908045977, 0.7644444444444445, 0.742857142857143, 0.7641509433962264, 0.7820224719101123], "model_coef": NaN}