{"accuracy_pre": 1.0, "accuracy_post": 0.9, "recourse_seeking_ixs": [1586, 1240, 1938, 1118, 1911, 1174, 1623, 1833, 1195, 1159, 1961, 1117, 1304, 1144, 1029, 1962, 1290, 1408, 1955, 1971, 1958, 1059, 1157, 1861, 1992, 1640, 1449, 1614, 1882, 1152, 1995, 1011, 1873, 1379, 1427, 1107, 1516, 1482, 1486, 1790, 1347, 1643, 1429, 1496, 1446, 1004, 1763, 1426, 1327, 1749, 1165, 1477, 1846, 1311, 1154, 1476, 1003, 1808, 1479, 1974, 1528, 1223, 1675, 1752, 1878, 1658, 1321, 1493, 1231, 1566, 1757, 1083, 1676, 1351, 1122, 1693, 1669, 1092, 1148, 1813, 1340, 1940, 1176, 1592, 1483, 1357, 1225, 1918, 1909, 1492, 1360, 1087, 1526, 1381, 1906, 1044, 1782, 1880, 1283, 1731], "recourse_recommended_ixs": [1586, 1240, 1938, 1118, 1911, 1174, 1623, 1833, 1195, 1159, 1961, 1117, 1304, 1144, 1029, 1962, 1290, 1408, 1955, 1971, 1958, 1059, 1157, 1861, 1992, 1640, 1449, 1614, 1882, 1152, 1995, 1011, 1873, 1379, 1427, 1107, 1516, 1482, 1486, 1790, 1347, 1643, 1429, 1496, 1446, 1004, 1763, 1426, 1327, 1749, 1165, 1477, 1846, 1311, 1154, 1476, 1003, 1808, 1479, 1974, 1528, 1223, 1675, 1752, 1878, 1658, 1321, 1493, 1231, 1566, 1757, 1083, 1676, 1351, 1122, 1693, 1669, 1092, 1148, 1813, 1340, 1940, 1176, 1592, 1483, 1357, 1225, 1918, 1909, 1492, 1360, 1087, 1526, 1381, 1906, 1044, 1782, 1880, 1283, 1731], "perc_recomm_found": 1.0, "gamma": 0.95, "eta": 0.95, "gamma_obs": 1.0, "gamma_obs_pre": 0.0, "eta_obs": 0.9, "costs": [1.0, 1.0], "lbd": 150.0, "thresh": 0.5, "r_type": "individualized", "t_type": "improvement", "eta_obs_individualized": 1.0, "eta_obs_refits_batch0_mean": 0.5379999876022339, "model_score": 0.992, "model_f1": 0.9917864476386037, "model_refits_batch0_scores": [0.998, 0.998, 0.998, 0.998, 0.998], "model_refits_batch0_f1s": [0.9979674796747968, 0.9979674796747968, 0.9979674796747968, 0.9979674796747968, 0.9979674796747968], "model_coef": [[-1.659163472684449, -2.073954509754808, 3.5461907791574467], [-1.8217384722569294]]}