{"accuracy_pre": 1.0, "accuracy_post": 1.0, "recourse_seeking_ixs": [1435, 1306, 1915, 1929, 1033, 1711, 1011, 1433, 1418, 1128, 1900, 1998, 1735, 1667, 1871, 1197, 1807, 1737, 1287, 1214, 1994, 1072, 1681, 1734, 1238, 1697, 1568, 1366, 1398, 1460, 1199, 1683, 1317, 1186, 1397, 1401, 1883, 1030, 1941, 1291, 1057, 1269, 1081, 1624, 1938, 1950, 1823, 1075, 1060, 1769, 1870, 1864, 1383, 1205, 1541, 1764, 1886, 1370, 1245, 1942, 1865, 1285, 1679, 1921, 1632, 1567, 1674, 1856, 1540, 1457, 1781, 1650, 1349, 1099, 1519, 1404, 1316, 1360, 1009, 1166, 1709, 1993, 1595, 1989, 1805, 1174, 1648, 1227, 1276, 1097, 1707, 1677, 1884, 1193, 1040, 1443, 1162, 1607, 1486, 1826], "recourse_recommended_ixs": [1435, 1306, 1915, 1929, 1033, 1711, 1011, 1433, 1418, 1128, 1900, 1998, 1735, 1667, 1871, 1197, 1807, 1737, 1287, 1214, 1994, 1072, 1681, 1734, 1238, 1697, 1568, 1366, 1398, 1460, 1199, 1683, 1317, 1186, 1397, 1401, 1883, 1030, 1941, 1291, 1057, 1269, 1081, 1624, 1938, 1950, 1823, 1075, 1060, 1769, 1870, 1864, 1383, 1205, 1541, 1764, 1886, 1370, 1245, 1942, 1865, 1285, 1679, 1921, 1632, 1567, 1674, 1856, 1540, 1457, 1781, 1650, 1349, 1099, 1519, 1404, 1316, 1360, 1009, 1166, 1709, 1993, 1595, 1989, 1805, 1174, 1648, 1227, 1276, 1097, 1707, 1677, 1884, 1193, 1040, 1443, 1162, 1607, 1486, 1826], "perc_recomm_found": 1.0, "gamma": 0.75, "eta": 0.75, "gamma_obs": 1.0, "gamma_obs_pre": 0.0, "eta_obs": 1.0, "costs": [1.0, 1.0, 1.0], "lbd": 150.0, "thresh": 0.5, "r_type": "individualized", "t_type": "acceptance", "eta_obs_individualized": NaN, "eta_obs_refits_batch0_mean": 0.531999945640564, "model_score": 0.998, "model_f1": 0.999004975124378, "model_refits_batch0_scores": [0.981, 0.998, 0.993, 0.989, 0.994], "model_refits_batch0_f1s": [0.9806714140386571, 0.99800796812749, 0.992964824120603, 0.9889001009081735, 0.9939759036144578], "model_coef": NaN}