{"accuracy_pre": 0.82, "accuracy_post": 0.46, "recourse_seeking_ixs": [287, 280, 299, 226, 295, 311, 268, 324, 229, 370, 282, 335, 398, 258, 381, 248, 253, 334, 210, 284, 349, 235, 254, 277, 327, 339, 259, 344, 200, 365, 351, 394, 329, 261, 266, 250, 255, 319, 203, 352, 206, 303, 368, 376, 286, 240, 380, 251, 312, 216], "recourse_recommended_ixs": [287, 280, 299, 226, 295, 311, 268, 324, 229, 370, 282, 335, 398, 258, 381, 248, 253, 334, 210, 284, 349, 235, 254, 277, 327, 339, 259, 344, 200, 365, 351, 394, 329, 261, 266, 250, 255, 319, 203, 352, 206, 303, 368, 376, 286, 240, 380, 251, 312, 216], "perc_recomm_found": 1.0, "gamma": 0.75, "eta": 0.75, "gamma_obs": 0.4000000059604645, "gamma_obs_pre": 0.18000000715255737, "eta_obs": 0.94, "costs": [1.0, 1.0, 1.0], "lbd": 300.0, "thresh": 0.5, "r_type": "subpopulation", "t_type": "acceptance", "eta_obs_individualized": NaN, "eta_obs_refits_batch0_mean": 0.6320000290870667, "model_score": 0.78, "model_f1": 0.7634408602150536, "model_refits_batch0_scores": [0.78, 0.775, 0.775, 0.755, 0.76], "model_refits_batch0_f1s": [0.7731958762886598, 0.7567567567567567, 0.7540983606557377, 0.7562189054726368, 0.7333333333333334], "model_coef": [[0.46629446868718166, 0.22897983363025054, 0.960753952118381], [-0.26987378431839804]]}