{"accuracy_pre": 1.0, "accuracy_post": 0.0, "recourse_seeking_ixs": [379, 300, 220, 243, 212, 285, 380, 221, 362, 334, 349, 215, 249, 270, 205, 233, 340, 322, 222, 331, 359, 324, 303, 396, 384, 244, 381, 264, 230, 265, 365, 275, 294, 372, 226, 296, 201, 287, 394, 250, 314, 207, 204, 342, 272, 301, 388, 247, 252, 274], "recourse_recommended_ixs": [379, 300, 220, 243, 212, 285, 380, 221, 362, 334, 349, 215, 249, 270, 205, 233, 340, 322, 222, 331, 359, 324, 303, 396, 384, 244, 381, 264, 230, 265, 365, 275, 294, 372, 226, 296, 201, 287, 394, 250, 314, 207, 204, 342, 272, 301, 388, 247, 252, 274], "perc_recomm_found": 1.0, "gamma": 0.95, "eta": 0.95, "gamma_obs": 0.0, "gamma_obs_pre": 0.0, "eta_obs": 1.0, "costs": [5.0, 5.0, 0.0001, 0.01, 0.1], "lbd": 300.0, "thresh": 0.5, "r_type": "individualized", "t_type": "counterfactual", "eta_obs_individualized": NaN, "eta_obs_refits_batch0_mean": 0.96, "model_score": 1.0, "model_f1": 1.0, "model_refits_batch0_scores": [0.99, 1.0, 0.975, 0.985, 1.0], "model_refits_batch0_f1s": [0.9916666666666667, 1.0, 0.9789029535864979, 0.9875518672199171, 1.0], "model_coef": [[-0.6079628283939311, 1.0513017542709073, 0.006790621907200741, -0.006614933774123956, 0.5625619568003876], [-8.818999669527297]]}