{"accuracy_pre": 1.0, "accuracy_post": 1.0, "recourse_seeking_ixs": [1927, 1831, 1942, 1157, 1496, 1074, 1872, 1272, 1209, 1646, 1011, 1248, 1260, 1155, 1161, 1838, 1221, 1782, 1025, 1059, 1996, 1749, 1747, 1202, 1149, 1455, 1166, 1807, 1154, 1622, 1824, 1061, 1828, 1302, 1263, 1337, 1682, 1132, 1482, 1345, 1495, 1995, 1593, 1811, 1444, 1775, 1814, 1464, 1649, 1987, 1776, 1453, 1685, 1788, 1359, 1374, 1661, 1097, 1433, 1249, 1003, 1527, 1586, 1632, 1958, 1859, 1717, 1145, 1821, 1104, 1238, 1372, 1080, 1240, 1335, 1175, 1454, 1635, 1688, 1380, 1941, 1111, 1410, 1465, 1008, 1509, 1072, 1969, 1761, 1588, 1431, 1696, 1791, 1127, 1613, 1947, 1105, 1107, 1844, 1219], "recourse_recommended_ixs": [1927, 1831, 1942, 1157, 1496, 1074, 1872, 1272, 1209, 1646, 1011, 1248, 1260, 1155, 1161, 1838, 1221, 1782, 1025, 1059, 1996, 1749, 1747, 1202, 1149, 1455, 1166, 1807, 1154, 1622, 1824, 1061, 1828, 1302, 1263, 1337, 1682, 1132, 1482, 1345, 1495, 1995, 1593, 1811, 1444, 1775, 1814, 1464, 1649, 1987, 1776, 1453, 1685, 1788, 1359, 1374, 1661, 1097, 1433, 1249, 1003, 1527, 1586, 1632, 1958, 1859, 1717, 1145, 1821, 1104, 1238, 1372, 1080, 1240, 1335, 1175, 1454, 1635, 1688, 1380, 1941, 1111, 1410, 1465, 1008, 1509, 1072, 1969, 1761, 1588, 1431, 1696, 1791, 1127, 1613, 1947, 1105, 1107, 1844, 1219], "perc_recomm_found": 1.0, "gamma": 0.75, "eta": 0.75, "gamma_obs": 1.0, "gamma_obs_pre": 0.0, "eta_obs": 1.0, "costs": [1.0, 1.0], "lbd": 150.0, "thresh": 0.5, "r_type": "individualized", "t_type": "improvement", "eta_obs_individualized": 1.0, "eta_obs_refits_batch0_mean": 1.0, "model_score": 0.984, "model_f1": 0.997907949790795, "model_refits_batch0_scores": [0.998, 0.998, 0.995, 0.995, 0.998], "model_refits_batch0_f1s": [0.9979674796747968, 0.9979674796747968, 0.9949031600407746, 0.9949031600407746, 0.9979674796747968], "model_coef": NaN}