r_type,t_type,x1_mean,x2_mean,x3_mean,causes_mean,non-causes_mean,x1_std,x2_std,x3_std,causes_std,non-causes_std
individualized,acceptance,0.3323401367309548,0.26146938861389546,2.3112653051882375,0.5938095253448502,2.3112653051882375,0.07955296194923318,0.10613443521192868,0.07242720874645832,0.1732103456852081,0.07242720874645832
individualized,counterfactual,0.31333333474397657,0.2426666664779186,2.3313333310882247,0.5560000012218952,2.3313333310882247,0.14093024369962587,0.13514930042958903,0.08718562375924575,0.2576586903139013,0.08718562375924575
individualized,improvement,1.7173333301146823,2.0186666618982954,,3.7359999920129776,0.0,0.24735669295043053,0.0922893985535609,,0.19584688178069717,0.0
subpopulation,acceptance,0.38265306144810857,0.2536734696476638,2.410163263497304,0.6363265310957723,2.410163263497304,0.16155688385763914,0.15831689152750084,0.18541557952484722,0.2582325991189876,0.18541557952484722
subpopulation,improvement,1.7459999987284343,1.82999999666214,,3.5759999953905734,0.0,0.2863284809775434,0.059732735489864935,,0.2331351546898566,0.0
