{"accuracy_pre": 0.9, "accuracy_post": 0.81, "recourse_seeking_ixs": [854, 975, 768, 742, 732, 961, 793, 687, 861, 915, 842, 889, 681, 807, 623, 954, 795, 784, 776, 756, 925, 803, 782, 890, 750, 922, 998, 576, 539, 964, 891, 529, 897, 923, 706, 840, 614, 893, 590, 572, 628, 567, 963, 748, 555, 957, 838, 633, 554, 959, 580, 924, 530, 568, 901, 952, 986, 940, 622, 843, 846, 653, 556, 707, 739, 950, 958, 791, 566, 538, 813, 982, 743, 717, 589, 894, 930, 910, 693, 822, 611, 771, 625, 609, 662, 586, 863, 905, 789, 592, 505, 859, 752, 534, 994, 896, 817, 674, 829, 708], "recourse_recommended_ixs": [854, 975, 768, 742, 732, 961, 793, 687, 861, 915, 842, 889, 681, 807, 623, 954, 795, 784, 776, 756, 925, 803, 782, 890, 750, 922, 998, 576, 539, 964, 891, 529, 897, 923, 706, 840, 614, 893, 590, 572, 628, 567, 963, 748, 555, 957, 838, 633, 554, 959, 580, 924, 530, 568, 901, 952, 986, 940, 622, 843, 846, 653, 556, 707, 739, 950, 958, 791, 566, 538, 813, 982, 743, 717, 589, 894, 930, 910, 693, 822, 611, 771, 625, 609, 662, 586, 863, 905, 789, 592, 505, 859, 752, 534, 994, 896, 817, 674, 829, 708], "perc_recomm_found": 1.0, "gamma": 0.75, "eta": 0.75, "gamma_obs": 0.75, "gamma_obs_pre": 0.10000000149011612, "eta_obs": 0.88, "costs": [1.0, 1.0], "lbd": 300.0, "thresh": 0.5, "r_type": "subpopulation", "t_type": "improvement", "eta_obs_individualized": NaN, "eta_obs_refits_batch0_mean": 0.8940000534057617, "model_score": 0.806, "model_f1": 0.8209255533199196, "model_refits_batch0_scores": [0.824, 0.822, 0.818, 0.804, 0.816], "model_refits_batch0_f1s": [0.8189300411522634, 0.8179959100204499, 0.8115942028985509, 0.7983539094650206, 0.8], "model_coef": [[-0.15516047170550962, 0.3887020845851001, 0.7972309199062461], [-0.34300633791006724]]}