r_type,t_type,eta_mean,gamma_mean,perc_recomm_found_mean,eta_obs_mean,eta_obs_individualized_mean,eta_obs_refits_batch0_mean_mean,gamma_obs_mean,intv-cost_mean,eta_std,gamma_std,perc_recomm_found_std,eta_obs_std,eta_obs_individualized_std,eta_obs_refits_batch0_mean_std,gamma_obs_std,intv-cost_std
individualized,acceptance,0.9,0.9,1.0,1.0,,0.984666665395101,0.0016666666294137638,0.5546666666666668,0.0,0.0,0.0,0.0,,0.003511929888937435,0.002886751281424208,0.027209067116190075
individualized,counterfactual,0.9,0.9,1.0,1.0,,0.9879999955495199,0.0,0.5608333333333333,0.0,0.0,0.0,0.0,,0.0036055379181425284,0.0,0.043038742236888514
individualized,improvement,0.9,0.9,0.9899999999999999,0.870351045937098,0.870351045937098,0.8703510363896688,0.8703510363896688,1.6370809464437504,0.0,0.0,0.0050000000000000044,0.013014277846638745,0.013014277846638745,0.013014265198558351,0.013014265198558351,0.015601623875837578
subpopulation,acceptance,0.9,0.9,1.0,0.9783333333333334,,0.9600000182787577,0.008333333147068819,0.5436666666666666,0.0,0.0,0.0,0.016072751268321604,,0.035679165697079164,0.002886751281424208,0.018770544300401405
subpopulation,improvement,0.9,0.9,0.985,0.8189131726115048,,0.8189131816228231,0.8189131816228231,1.4161807654918606,0.0,0.0,0.0050000000000000044,0.03138972243614678,,0.03138974406716588,0.03138974406716588,0.04366244792642889
