{"accuracy_pre": 0.72, "accuracy_post": 0.44, "recourse_seeking_ixs": [675, 779, 581, 887, 657, 970, 600, 517, 615, 900, 586, 966, 627, 885, 873, 536, 788, 871, 907, 662, 822, 749, 651, 637, 696, 772, 796, 619, 965, 646, 898, 964, 799, 921, 928, 590, 711, 988, 929, 931, 640, 831, 845, 683, 530, 862, 625, 996, 868, 638, 969, 865, 820, 571, 552, 641, 733, 935, 760, 987, 783, 563, 639, 851, 632, 747, 511, 693, 573, 942, 784, 782, 547, 982, 504, 905, 930, 758, 544, 826, 910, 698, 881, 980, 960, 945, 916, 874, 601, 983, 761, 762, 691, 840, 701, 785, 879, 588, 654, 739], "recourse_recommended_ixs": [675, 779, 581, 887, 657, 970, 600, 517, 615, 900, 586, 966, 627, 885, 873, 536, 788, 871, 907, 662, 822, 749, 651, 637, 696, 772, 796, 619, 965, 646, 898, 964, 799, 921, 928, 590, 711, 988, 929, 931, 640, 831, 845, 683, 530, 862, 625, 996, 868, 638, 969, 865, 820, 571, 552, 641, 733, 935, 760, 987, 783, 563, 639, 851, 632, 747, 511, 693, 573, 942, 784, 782, 547, 982, 504, 905, 930, 758, 544, 826, 910, 698, 881, 980, 960, 945, 916, 874, 601, 983, 761, 762, 691, 840, 701, 785, 879, 588, 654, 739], "perc_recomm_found": 1.0, "gamma": 0.75, "eta": 0.75, "gamma_obs": 0.3799999952316284, "gamma_obs_pre": 0.2800000011920929, "eta_obs": 0.9, "costs": [1.0, 1.0, 1.0], "lbd": 300.0, "thresh": 0.5, "r_type": "subpopulation", "t_type": "counterfactual", "eta_obs_individualized": NaN, "eta_obs_refits_batch0_mean": 0.36799997091293335, "model_score": 0.78, "model_f1": 0.7963302752293578, "model_refits_batch0_scores": [0.794, 0.79, 0.778, 0.774, 0.806], "model_refits_batch0_f1s": [0.7935871743486975, 0.7789473684210526, 0.7633262260127932, 0.7670103092783506, 0.7931769722814498], "model_coef": NaN}