{"accuracy_pre": 1.0, "accuracy_post": 1.0, "recourse_seeking_ixs": [1202, 1126, 1958, 1194, 1689, 1796, 1655, 1992, 1276, 1744, 1334, 1179, 1084, 1580, 1391, 1688, 1398, 1031, 1863, 1161, 1549, 1119, 1042, 1222, 1681, 1403, 1581, 1353, 1998, 1568, 1284, 1918, 1484, 1848, 1746, 1579, 1808, 1652, 1256, 1278, 1560, 1002, 1268, 1911, 1978, 1288, 1488, 1889, 1157, 1859, 1945, 1739, 1193, 1049, 1533, 1109, 1025, 1762, 1482, 1158, 1529, 1206, 1954, 1695, 1303, 1345, 1741, 1289, 1282, 1738, 1684, 1385, 1437, 1434, 1966, 1485, 1306, 1057, 1203, 1839, 1139, 1708, 1717, 1960, 1133, 1768, 1219, 1513, 1520, 1628, 1779, 1379, 1053, 1250, 1216, 1362, 1072, 1078, 1567, 1190], "recourse_recommended_ixs": [1202, 1126, 1958, 1194, 1689, 1796, 1655, 1992, 1276, 1744, 1334, 1179, 1084, 1580, 1391, 1688, 1398, 1031, 1863, 1161, 1549, 1119, 1042, 1222, 1681, 1403, 1581, 1353, 1998, 1568, 1284, 1918, 1484, 1848, 1746, 1579, 1808, 1652, 1256, 1278, 1560, 1002, 1268, 1911, 1978, 1288, 1488, 1889, 1157, 1859, 1945, 1739, 1193, 1049, 1533, 1109, 1025, 1762, 1482, 1158, 1529, 1206, 1954, 1695, 1303, 1345, 1741, 1289, 1282, 1738, 1684, 1385, 1437, 1434, 1966, 1485, 1306, 1057, 1203, 1839, 1139, 1708, 1717, 1960, 1133, 1768, 1219, 1513, 1520, 1628, 1779, 1379, 1053, 1250, 1216, 1362, 1072, 1078, 1567, 1190], "perc_recomm_found": 1.0, "gamma": 0.95, "eta": 0.95, "gamma_obs": 1.0, "gamma_obs_pre": 0.0, "eta_obs": 1.0, "costs": [1.0, 1.0, 1.0], "lbd": 150.0, "thresh": 0.5, "r_type": "individualized", "t_type": "counterfactual", "eta_obs_individualized": NaN, "eta_obs_refits_batch0_mean": 0.972000002861023, "model_score": 0.849, "model_f1": 0.9989462592202318, "model_refits_batch0_scores": [0.999, 0.999, 0.997, 0.996, 0.998], "model_refits_batch0_f1s": [0.9989929506545822, 0.9989929506545822, 0.9969727547931382, 0.995983935742972, 0.9979838709677419], "model_coef": NaN}