{"accuracy_pre": 1.0, "accuracy_post": 0.49, "recourse_seeking_ixs": [1144, 1592, 1954, 1776, 1306, 1971, 1108, 1344, 1152, 1230, 1132, 1523, 1240, 1117, 1122, 1923, 1463, 1043, 1013, 1097, 1603, 1799, 1586, 1821, 1320, 1732, 1946, 1494, 1257, 1426, 1880, 1336, 1129, 1504, 1429, 1380, 1602, 1853, 1284, 1881, 1432, 1830, 1004, 1649, 1554, 1813, 1614, 1708, 1467, 1220, 1137, 1966, 1383, 1185, 1049, 1142, 1148, 1918, 1533, 1000, 1381, 1015, 1423, 1876, 1030, 1882, 1139, 1166, 1985, 1987, 1242, 1026, 1861, 1285, 1805, 1162, 1069, 1936, 1081, 1769, 1356, 1685, 1511, 1515, 1337, 1499, 1652, 1329, 1118, 1974, 1545, 1814, 1177, 1958, 1374, 1551, 1637, 1980, 1353, 1875], "recourse_recommended_ixs": [1144, 1592, 1954, 1776, 1306, 1971, 1108, 1344, 1152, 1230, 1132, 1523, 1240, 1117, 1122, 1923, 1463, 1043, 1013, 1097, 1603, 1799, 1586, 1821, 1320, 1732, 1946, 1494, 1257, 1426, 1880, 1336, 1129, 1504, 1429, 1380, 1602, 1853, 1284, 1881, 1432, 1830, 1004, 1649, 1554, 1813, 1614, 1708, 1467, 1220, 1137, 1966, 1383, 1185, 1049, 1142, 1148, 1918, 1533, 1000, 1381, 1015, 1423, 1876, 1030, 1882, 1139, 1166, 1985, 1987, 1242, 1026, 1861, 1285, 1805, 1162, 1069, 1936, 1081, 1769, 1356, 1685, 1511, 1515, 1337, 1499, 1652, 1329, 1118, 1974, 1545, 1814, 1177, 1958, 1374, 1551, 1637, 1980, 1353, 1875], "perc_recomm_found": 1.0, "gamma": 0.95, "eta": 0.95, "gamma_obs": 0.49000000953674316, "gamma_obs_pre": 0.0, "eta_obs": 1.0, "costs": [1.0, 1.0, 1.0], "lbd": 150.0, "thresh": 0.5, "r_type": "subpopulation", "t_type": "acceptance", "eta_obs_individualized": NaN, "eta_obs_refits_batch0_mean": 0.9699999690055847, "model_score": 1.0, "model_f1": 1.0, "model_refits_batch0_scores": [0.998, 1.0, 1.0, 1.0, 0.998], "model_refits_batch0_f1s": [0.9979591836734694, 1.0, 1.0, 1.0, 0.9979591836734694], "model_coef": NaN}