{"accuracy_pre": 1.0, "accuracy_post": 1.0, "recourse_seeking_ixs": [1916, 1373, 1283, 1397, 1189, 1501, 1257, 1643, 1103, 1302, 1980, 1448, 1204, 1319, 1348, 1098, 1362, 1246, 1171, 1016, 1902, 1496, 1792, 1248, 1768, 1538, 1199, 1923, 1386, 1840, 1464, 1014, 1165, 1260, 1025, 1231, 1668, 1474, 1759, 1006, 1332, 1651, 1843, 1012, 1612, 1685, 1700, 1772, 1309, 1466, 1956, 1305, 1427, 1879, 1578, 1539, 1869, 1391, 1736, 1965, 1905, 1111, 1346, 1279, 1326, 1686, 1011, 1222, 1223, 1933, 1316, 1240, 1979, 1554, 1692, 1804, 1796, 1412, 1241, 1423, 1594, 1131, 1562, 1148, 1273, 1588, 1422, 1070, 1711, 1549, 1829, 1720, 1238, 1250, 1560, 1947, 1036, 1485, 1838, 1900], "recourse_recommended_ixs": [1916, 1373, 1283, 1397, 1189, 1501, 1257, 1643, 1103, 1302, 1980, 1448, 1204, 1319, 1348, 1098, 1362, 1246, 1171, 1016, 1902, 1496, 1792, 1248, 1768, 1538, 1199, 1923, 1386, 1840, 1464, 1014, 1165, 1260, 1025, 1231, 1668, 1474, 1759, 1006, 1332, 1651, 1843, 1012, 1612, 1685, 1700, 1772, 1309, 1466, 1956, 1305, 1427, 1879, 1578, 1539, 1869, 1391, 1736, 1965, 1905, 1111, 1346, 1279, 1326, 1686, 1011, 1222, 1223, 1933, 1316, 1240, 1979, 1554, 1692, 1804, 1796, 1412, 1241, 1423, 1594, 1131, 1562, 1148, 1273, 1588, 1422, 1070, 1711, 1549, 1829, 1720, 1238, 1250, 1560, 1947, 1036, 1485, 1838, 1900], "perc_recomm_found": 1.0, "gamma": 0.95, "eta": 0.95, "gamma_obs": 1.0, "gamma_obs_pre": 0.0, "eta_obs": 1.0, "costs": [1.0, 1.0, 1.0], "lbd": 150.0, "thresh": 0.5, "r_type": "individualized", "t_type": "acceptance", "eta_obs_individualized": NaN, "eta_obs_refits_batch0_mean": 0.9700000882148743, "model_score": 0.985, "model_f1": 0.9916142557651991, "model_refits_batch0_scores": [0.999, 0.997, 0.998, 0.999, 0.993], "model_refits_batch0_f1s": [0.9989949748743718, 0.9969727547931382, 0.9979919678714859, 0.9989929506545822, 0.993006993006993], "model_coef": [[2.0946568951974145, 2.6183211165157094, 4.922443678360561], [-0.014944425291116755]]}