{"accuracy_pre": 0.95, "accuracy_post": 0.78, "recourse_seeking_ixs": [856, 687, 682, 625, 905, 745, 998, 904, 910, 889, 830, 600, 608, 774, 530, 732, 518, 794, 990, 960, 807, 560, 557, 683, 823, 501, 842, 877, 657, 675, 987, 964, 869, 911, 706, 646, 688, 870, 772, 742, 899, 878, 541, 824, 740, 728, 674, 795, 672, 812, 989, 825, 882, 562, 719, 907, 952, 764, 537, 756, 731, 829, 738, 832, 818, 722, 685, 626, 730, 559, 570, 912, 873, 757, 741, 610, 707, 567, 767, 504, 587, 705, 890, 991, 596, 924, 711, 798, 573, 846, 609, 523, 771, 835, 779, 844, 802, 930, 529, 980], "recourse_recommended_ixs": [856, 687, 682, 625, 905, 745, 998, 904, 910, 889, 600, 608, 774, 530, 732, 518, 794, 990, 960, 807, 560, 557, 683, 823, 501, 842, 877, 657, 675, 987, 964, 869, 911, 706, 646, 688, 870, 772, 742, 899, 878, 541, 824, 740, 728, 674, 795, 672, 812, 989, 825, 882, 562, 719, 907, 952, 764, 537, 756, 731, 829, 738, 832, 818, 722, 685, 626, 730, 559, 570, 912, 873, 757, 741, 610, 707, 567, 767, 504, 587, 705, 890, 596, 924, 711, 798, 573, 846, 609, 523, 771, 835, 779, 844, 802, 930, 529, 980], "perc_recomm_found": 0.98, "gamma": 0.75, "eta": 0.75, "gamma_obs": 0.8367347121238708, "gamma_obs_pre": 0.030612245202064514, "eta_obs": 0.9387755102040817, "costs": [1.0, 1.0, 1.0], "lbd": 300.0, "thresh": 0.5, "r_type": "subpopulation", "t_type": "improvement", "eta_obs_individualized": NaN, "eta_obs_refits_batch0_mean": 0.9102041125297546, "model_score": 0.82, "model_f1": 0.8622754491017964, "model_refits_batch0_scores": [0.848, 0.852, 0.822, 0.838, 0.836], "model_refits_batch0_f1s": [0.8396624472573839, 0.8445378151260504, 0.8086021505376344, 0.8258064516129033, 0.8270042194092827], "model_coef": NaN}