{"accuracy_pre": 1.0, "accuracy_post": 0.99, "recourse_seeking_ixs": [1524, 1479, 1154, 1298, 1158, 1744, 1561, 1592, 1809, 1884, 1518, 1229, 1161, 1439, 1204, 1704, 1964, 1336, 1608, 1182, 1578, 1270, 1779, 1549, 1006, 1805, 1332, 1250, 1059, 1084, 1728, 1042, 1714, 1065, 1434, 1218, 1546, 1554, 1473, 1119, 1368, 1453, 1947, 1529, 1034, 1794, 1781, 1541, 1742, 1743, 1978, 1440, 1449, 1519, 1883, 1226, 1306, 1485, 1212, 1734, 1693, 1959, 1257, 1108, 1016, 1443, 1235, 1642, 1918, 1103, 1859, 1147, 1470, 1607, 1256, 1688, 1686, 1244, 1338, 1007, 1316, 1980, 1902, 1303, 1238, 1733, 1272, 1375, 1629, 1455, 1259, 1894, 1500, 1279, 1413, 1681, 1652, 1405, 1821, 1961], "recourse_recommended_ixs": [1524, 1479, 1154, 1298, 1158, 1744, 1561, 1592, 1809, 1884, 1518, 1229, 1161, 1439, 1204, 1704, 1964, 1336, 1608, 1182, 1578, 1270, 1779, 1549, 1006, 1805, 1332, 1250, 1059, 1084, 1728, 1042, 1714, 1065, 1434, 1218, 1546, 1554, 1473, 1119, 1368, 1453, 1947, 1529, 1034, 1794, 1781, 1541, 1742, 1743, 1978, 1440, 1449, 1519, 1883, 1226, 1306, 1485, 1212, 1734, 1693, 1959, 1257, 1108, 1016, 1443, 1235, 1642, 1918, 1103, 1859, 1147, 1470, 1607, 1256, 1688, 1686, 1244, 1338, 1007, 1316, 1980, 1902, 1303, 1238, 1733, 1272, 1375, 1629, 1455, 1259, 1894, 1500, 1279, 1413, 1681, 1652, 1405, 1821, 1961], "perc_recomm_found": 1.0, "gamma": 0.75, "eta": 0.75, "gamma_obs": 0.9900000095367432, "gamma_obs_pre": 0.0, "eta_obs": 1.0, "costs": [1.0, 1.0, 1.0], "lbd": 150.0, "thresh": 0.5, "r_type": "individualized", "t_type": "counterfactual", "eta_obs_individualized": NaN, "eta_obs_refits_batch0_mean": 0.9539999961853027, "model_score": 0.986, "model_f1": 0.9926854754440961, "model_refits_batch0_scores": [0.999, 0.997, 0.998, 0.999, 0.993], "model_refits_batch0_f1s": [0.9989949748743718, 0.9969727547931382, 0.9979919678714859, 0.9989929506545822, 0.993006993006993], "model_coef": [[2.0946568951974145, 2.6183211165157094, 4.922443678360561], [-0.014944425291116755]]}