{"accuracy_pre": 0.85, "accuracy_post": 0.95, "recourse_seeking_ixs": [880, 882, 667, 747, 800, 766, 961, 863, 884, 981, 513, 700, 945, 670, 993, 758, 685, 898, 986, 738, 992, 849, 759, 875, 645, 807, 890, 588, 608, 616, 792, 515, 848, 752, 589, 812, 872, 671, 725, 840, 905, 879, 871, 775, 904, 819, 823, 846, 999, 913, 712, 859, 808, 668, 543, 784, 907, 660, 861, 502, 680, 915, 866, 968, 785, 628, 566, 779, 512, 818, 756, 669, 730, 505, 893, 998, 713, 944, 864, 843, 709, 622, 783, 987, 762, 525, 957, 920, 503, 953, 924, 796, 598, 918, 780, 901, 922, 841, 790, 965], "recourse_recommended_ixs": [880, 882, 667, 747, 800, 766, 961, 863, 884, 981, 513, 700, 945, 670, 993, 758, 685, 898, 986, 738, 992, 849, 759, 875, 645, 807, 890, 588, 608, 616, 792, 515, 848, 752, 589, 812, 872, 671, 725, 840, 905, 879, 871, 775, 904, 819, 823, 846, 999, 913, 712, 859, 808, 668, 543, 784, 907, 660, 861, 502, 680, 915, 866, 968, 785, 628, 566, 779, 512, 818, 756, 669, 730, 505, 893, 998, 713, 944, 864, 843, 709, 622, 783, 987, 762, 525, 957, 920, 503, 953, 924, 796, 598, 918, 780, 901, 922, 841, 790, 965], "perc_recomm_found": 1.0, "gamma": 0.95, "eta": 0.95, "gamma_obs": 0.949999988079071, "gamma_obs_pre": 0.15000000596046448, "eta_obs": 1.0, "costs": [1.0, 1.0], "lbd": 300.0, "thresh": 0.5, "r_type": "subpopulation", "t_type": "improvement", "eta_obs_individualized": NaN, "eta_obs_refits_batch0_mean": 0.9919999837875366, "model_score": 0.664, "model_f1": 0.696035242290749, "model_refits_batch0_scores": [0.822, 0.82, 0.814, 0.828, 0.83], "model_refits_batch0_f1s": [0.8202020202020203, 0.8170731707317074, 0.8128772635814889, 0.822314049586777, 0.8261758691206543], "model_coef": [[0.4193815735163298, -0.17430836989550566, 0.8740051248645054], [-0.5287631658814632]]}