{"accuracy_pre": 0.86, "accuracy_post": 0.57, "recourse_seeking_ixs": [998, 837, 646, 797, 790, 640, 583, 817, 944, 936, 691, 918, 661, 852, 821, 919, 606, 731, 964, 686, 920, 772, 822, 679, 581, 926, 569, 723, 620, 718, 733, 512, 875, 621, 757, 505, 544, 748, 528, 847, 988, 961, 713, 812, 645, 857, 977, 759, 642, 957, 715, 536, 923, 532, 638, 510, 963, 861, 792, 820, 938, 750, 614, 722, 699, 565, 807, 779, 952, 983, 930, 683, 533, 747, 864, 868, 504, 894, 617, 743, 601, 624, 549, 796, 692, 948, 574, 530, 503, 711, 547, 560, 949, 616, 609, 775, 858, 537, 870, 871], "recourse_recommended_ixs": [998, 837, 646, 797, 790, 640, 583, 817, 944, 936, 691, 918, 661, 852, 821, 919, 606, 731, 964, 686, 920, 772, 822, 679, 581, 926, 569, 723, 620, 718, 733, 512, 875, 621, 757, 505, 544, 748, 528, 847, 988, 961, 713, 812, 645, 857, 977, 759, 642, 957, 715, 536, 923, 532, 638, 510, 963, 861, 792, 820, 938, 750, 614, 722, 699, 565, 807, 779, 952, 983, 930, 683, 533, 747, 864, 868, 504, 894, 617, 743, 601, 624, 549, 796, 692, 948, 574, 530, 503, 711, 547, 560, 949, 616, 609, 775, 858, 537, 870, 871], "perc_recomm_found": 1.0, "gamma": 0.75, "eta": 0.75, "gamma_obs": 0.15000000596046448, "gamma_obs_pre": 0.14000000059604645, "eta_obs": 0.94, "costs": [1.0, 1.0, 1.0], "lbd": 300.0, "thresh": 0.5, "r_type": "subpopulation", "t_type": "counterfactual", "eta_obs_individualized": NaN, "eta_obs_refits_batch0_mean": 0.26600000262260437, "model_score": 0.822, "model_f1": 0.8134171907756813, "model_refits_batch0_scores": [0.83, 0.822, 0.816, 0.824, 0.822], "model_refits_batch0_f1s": [0.8268839103869655, 0.8118393234672305, 0.7973568281938326, 0.8095238095238094, 0.8086021505376344], "model_coef": NaN}