{"accuracy_pre": 0.95, "accuracy_post": 0.26, "recourse_seeking_ixs": [820, 975, 635, 846, 744, 710, 647, 595, 640, 578, 994, 736, 990, 677, 842, 590, 918, 897, 777, 587, 556, 609, 925, 583, 661, 538, 720, 825, 964, 580, 694, 922, 674, 633, 972, 756, 521, 890, 773, 959, 525, 894, 809, 787, 653, 611, 799, 794, 866, 976, 792, 915, 812, 817, 692, 916, 788, 752, 901, 741, 520, 822, 840, 750, 954, 570, 704, 623, 886, 907, 893, 784, 712, 715, 927, 891, 676, 615, 690, 548, 965, 997, 529, 953, 801, 511, 826, 743, 748, 776, 952, 563, 889, 986, 828, 645, 853, 700, 586, 896], "recourse_recommended_ixs": [820, 975, 635, 846, 744, 710, 647, 595, 640, 578, 994, 736, 990, 677, 842, 590, 918, 897, 777, 587, 556, 609, 925, 583, 661, 538, 720, 825, 964, 580, 694, 922, 674, 633, 972, 756, 521, 890, 773, 959, 525, 894, 809, 787, 653, 611, 799, 794, 866, 976, 792, 915, 812, 817, 692, 916, 788, 752, 901, 741, 520, 822, 840, 750, 954, 570, 704, 623, 886, 907, 893, 784, 712, 715, 927, 891, 676, 615, 690, 548, 965, 997, 529, 953, 801, 511, 826, 743, 748, 776, 952, 563, 889, 986, 828, 645, 853, 700, 586, 896], "perc_recomm_found": 1.0, "gamma": 0.75, "eta": 0.75, "gamma_obs": 0.12999999523162842, "gamma_obs_pre": 0.05000000074505806, "eta_obs": 0.87, "costs": [1.0, 1.0, 1.0], "lbd": 300.0, "thresh": 0.5, "r_type": "subpopulation", "t_type": "counterfactual", "eta_obs_individualized": NaN, "eta_obs_refits_batch0_mean": 0.5080000162124634, "model_score": 0.842, "model_f1": 0.8764478764478765, "model_refits_batch0_scores": [0.806, 0.824, 0.796, 0.794, 0.808], "model_refits_batch0_f1s": [0.8166351606805293, 0.8370370370370369, 0.80078125, 0.8074766355140186, 0.8146718146718146], "model_coef": NaN}