{"accuracy_pre": 0.99, "accuracy_post": 1.0, "recourse_seeking_ixs": [1326, 1240, 1301, 1979, 1443, 1457, 1239, 1809, 1000, 1204, 1084, 1483, 1089, 1296, 1048, 1036, 1146, 1010, 1622, 1952, 1507, 1685, 1662, 1439, 1319, 1256, 1904, 1072, 1051, 1693, 1759, 1842, 1299, 1145, 1272, 1978, 1772, 1353, 1683, 1851, 1889, 1695, 1668, 1316, 1554, 1879, 1488, 1288, 1428, 1959, 1111, 1900, 1578, 1579, 1768, 1157, 1954, 1093, 1099, 1042, 1804, 1627, 1680, 1717, 1437, 1098, 1403, 1637, 1747, 1529, 1981, 1894, 1874, 1704, 1659, 1612, 1091, 1267, 1295, 1193, 1179, 1375, 1568, 1351, 1542, 1502, 1688, 1549, 1513, 1829, 1975, 1966, 1642, 1206, 1562, 1452, 1930, 1977, 1873, 1114], "recourse_recommended_ixs": [1326, 1240, 1301, 1979, 1443, 1457, 1239, 1809, 1000, 1204, 1084, 1483, 1089, 1296, 1048, 1036, 1146, 1010, 1622, 1952, 1507, 1685, 1662, 1439, 1319, 1256, 1904, 1072, 1051, 1693, 1759, 1842, 1299, 1145, 1272, 1978, 1772, 1353, 1683, 1851, 1889, 1695, 1668, 1316, 1554, 1879, 1488, 1288, 1428, 1959, 1111, 1900, 1578, 1579, 1768, 1157, 1954, 1093, 1099, 1042, 1804, 1627, 1680, 1717, 1437, 1098, 1403, 1637, 1747, 1529, 1981, 1894, 1874, 1704, 1659, 1612, 1091, 1267, 1295, 1193, 1179, 1375, 1568, 1351, 1542, 1502, 1688, 1549, 1513, 1829, 1975, 1966, 1642, 1206, 1562, 1452, 1930, 1977, 1873, 1114], "perc_recomm_found": 1.0, "gamma": 0.95, "eta": 0.95, "gamma_obs": 1.0, "gamma_obs_pre": 0.009999999776482582, "eta_obs": 1.0, "costs": [1.0, 1.0, 1.0], "lbd": 150.0, "thresh": 0.5, "r_type": "individualized", "t_type": "improvement", "eta_obs_individualized": 1.0, "eta_obs_refits_batch0_mean": 1.0, "model_score": 0.695, "model_f1": 0.9989417989417989, "model_refits_batch0_scores": [0.999, 0.995, 0.999, 0.997, 1.0], "model_refits_batch0_f1s": [0.9989929506545822, 0.9949443882709809, 0.9989929506545822, 0.9969727547931382, 1.0], "model_coef": NaN}