{"accuracy_pre": 0.79, "accuracy_post": 0.76, "recourse_seeking_ixs": [743, 769, 705, 863, 791, 567, 770, 741, 749, 530, 500, 859, 889, 821, 569, 721, 663, 812, 640, 644, 779, 854, 563, 811, 946, 973, 549, 992, 995, 632, 586, 689, 556, 564, 630, 601, 807, 706, 603, 506, 541, 753, 732, 590, 688, 940, 510, 968, 744, 694, 844, 592, 642, 560, 734, 628, 548, 704, 690, 760, 611, 713, 786, 756, 503, 609, 814, 802, 762, 542, 865, 552, 588, 832, 826, 691, 886, 715, 881, 700, 723, 816, 834, 646, 897, 948, 776, 850, 619, 876, 804, 685, 698, 702, 652, 747, 574, 993, 692, 967], "recourse_recommended_ixs": [743, 769, 705, 863, 791, 567, 770, 741, 749, 530, 500, 859, 889, 821, 569, 721, 663, 812, 640, 644, 779, 854, 563, 811, 946, 973, 549, 992, 995, 632, 586, 689, 556, 564, 630, 601, 807, 706, 603, 506, 541, 753, 732, 590, 688, 940, 510, 968, 744, 694, 844, 592, 642, 560, 734, 628, 548, 704, 690, 760, 611, 713, 786, 756, 503, 609, 814, 802, 762, 542, 865, 552, 588, 832, 826, 691, 886, 715, 881, 700, 723, 816, 834, 646, 897, 948, 776, 850, 619, 876, 804, 685, 698, 702, 652, 747, 574, 993, 692, 967], "perc_recomm_found": 1.0, "gamma": 0.75, "eta": 0.75, "gamma_obs": 0.8199999928474426, "gamma_obs_pre": 0.20999999344348907, "eta_obs": 0.92, "costs": [1.0, 1.0], "lbd": 300.0, "thresh": 0.5, "r_type": "individualized", "t_type": "improvement", "eta_obs_individualized": 0.92, "eta_obs_refits_batch0_mean": 0.9140000343322754, "model_score": 0.72, "model_f1": 0.7356321839080461, "model_refits_batch0_scores": [0.818, 0.816, 0.806, 0.824, 0.83], "model_refits_batch0_f1s": [0.7838479809976248, 0.7819905213270142, 0.762836185819071, 0.7914691943127962, 0.8081264108352144], "model_coef": NaN}