{"accuracy_pre": 0.8, "accuracy_post": 0.61, "recourse_seeking_ixs": [908, 951, 656, 894, 779, 717, 956, 550, 819, 822, 812, 597, 647, 759, 990, 708, 701, 967, 898, 690, 851, 903, 921, 771, 980, 529, 600, 604, 783, 582, 595, 614, 536, 817, 552, 560, 797, 650, 801, 628, 521, 860, 612, 798, 616, 653, 928, 999, 852, 609, 666, 725, 675, 920, 700, 867, 875, 556, 589, 909, 554, 765, 816, 683, 553, 975, 841, 710, 916, 745, 736, 919, 730, 613, 503, 893, 811, 581, 901, 509, 671, 979, 910, 720, 533, 938, 623, 906, 684, 687, 864, 952, 602, 505, 969, 711, 892, 754, 542, 594], "recourse_recommended_ixs": [908, 951, 656, 894, 779, 717, 956, 550, 819, 822, 812, 597, 647, 759, 990, 708, 701, 967, 898, 690, 851, 903, 921, 771, 980, 529, 600, 604, 783, 582, 595, 614, 536, 817, 552, 560, 797, 650, 801, 628, 521, 860, 612, 798, 616, 653, 928, 999, 852, 609, 666, 725, 675, 920, 700, 867, 875, 556, 589, 909, 554, 765, 816, 683, 553, 975, 841, 710, 916, 745, 736, 919, 730, 613, 503, 893, 811, 581, 901, 509, 671, 979, 910, 720, 533, 938, 623, 906, 684, 687, 864, 952, 602, 505, 969, 711, 892, 754, 542, 594], "perc_recomm_found": 1.0, "gamma": 0.75, "eta": 0.75, "gamma_obs": 0.3199999928474426, "gamma_obs_pre": 0.20000000298023224, "eta_obs": 0.98, "costs": [1.0, 1.0, 1.0], "lbd": 300.0, "thresh": 0.5, "r_type": "subpopulation", "t_type": "counterfactual", "eta_obs_individualized": NaN, "eta_obs_refits_batch0_mean": 0.2460000067949295, "model_score": 0.816, "model_f1": 0.86, "model_refits_batch0_scores": [0.824, 0.834, 0.834, 0.808, 0.818], "model_refits_batch0_f1s": [0.817427385892116, 0.8245243128964059, 0.8230277185501067, 0.799163179916318, 0.7945823927765236], "model_coef": NaN}