{"accuracy_pre": 1.0, "accuracy_post": 0.35, "recourse_seeking_ixs": [1310, 1504, 1574, 1312, 1594, 1201, 1791, 1568, 1861, 1040, 1379, 1111, 1319, 1563, 1557, 1989, 1737, 1197, 1998, 1968, 1610, 1010, 1713, 1361, 1879, 1807, 1870, 1195, 1899, 1835, 1302, 1941, 1369, 1971, 1401, 1952, 1065, 1771, 1097, 1977, 1632, 1938, 1274, 1376, 1076, 1745, 1865, 1860, 1922, 1281, 1470, 1362, 1565, 1223, 1034, 1707, 1995, 1886, 1962, 1460, 1370, 1907, 1709, 1523, 1071, 1914, 1733, 1203, 1030, 1895, 1931, 1621, 1316, 1864, 1751, 1687, 1639, 1036, 1994, 1360, 1287, 1147, 1683, 1276, 1495, 1145, 1681, 1708, 1675, 1892, 1469, 1840, 1798, 1607, 1366, 1398, 1112, 1282, 1711, 1781], "recourse_recommended_ixs": [1310, 1504, 1574, 1312, 1594, 1201, 1791, 1568, 1861, 1040, 1379, 1111, 1319, 1563, 1557, 1989, 1737, 1197, 1998, 1968, 1610, 1010, 1713, 1361, 1879, 1807, 1870, 1195, 1899, 1835, 1302, 1941, 1369, 1971, 1401, 1952, 1065, 1771, 1097, 1977, 1632, 1938, 1274, 1376, 1076, 1745, 1865, 1860, 1922, 1281, 1470, 1362, 1565, 1223, 1034, 1707, 1995, 1886, 1962, 1460, 1370, 1907, 1709, 1523, 1071, 1914, 1733, 1203, 1030, 1895, 1931, 1621, 1316, 1864, 1751, 1687, 1639, 1036, 1994, 1360, 1287, 1147, 1683, 1276, 1495, 1145, 1681, 1708, 1675, 1892, 1469, 1840, 1798, 1607, 1366, 1398, 1112, 1282, 1711, 1781], "perc_recomm_found": 1.0, "gamma": 0.75, "eta": 0.75, "gamma_obs": 0.3499999940395355, "gamma_obs_pre": 0.0, "eta_obs": 1.0, "costs": [1.0, 1.0, 1.0], "lbd": 150.0, "thresh": 0.5, "r_type": "individualized", "t_type": "counterfactual", "eta_obs_individualized": NaN, "eta_obs_refits_batch0_mean": 0.5320000052452087, "model_score": 0.871, "model_f1": 1.0, "model_refits_batch0_scores": [0.998, 0.998, 1.0, 0.998, 0.998], "model_refits_batch0_f1s": [0.99800796812749, 0.99800796812749, 1.0, 0.99800796812749, 0.99800796812749], "model_coef": NaN}