{"accuracy_pre": 1.0, "accuracy_post": 0.64, "recourse_seeking_ixs": [1606, 1074, 1316, 1692, 1131, 1495, 1711, 1452, 1330, 1958, 1145, 1538, 1460, 1467, 1093, 1761, 1014, 1565, 1333, 1541, 1642, 1980, 1094, 1724, 1651, 1089, 1890, 1353, 1144, 1645, 1741, 1506, 1930, 1156, 1829, 1202, 1220, 1612, 1652, 1356, 1437, 1409, 1245, 1964, 1589, 1820, 1649, 1304, 1623, 1880, 1165, 1059, 1031, 1015, 1549, 1907, 1776, 1764, 1079, 1278, 1427, 1593, 1346, 1288, 1840, 1139, 1166, 1747, 1669, 1030, 1823, 1821, 1905, 1219, 1952, 1507, 1182, 1231, 1036, 1894, 1578, 1255, 1978, 1425, 1368, 1863, 1424, 1803, 1332, 1993, 1973, 1250, 1133, 1462, 1666, 1372, 1002, 1463, 1717, 1214], "recourse_recommended_ixs": [1606, 1074, 1316, 1692, 1131, 1495, 1711, 1452, 1330, 1958, 1145, 1538, 1460, 1467, 1093, 1761, 1014, 1565, 1333, 1541, 1642, 1980, 1094, 1724, 1651, 1089, 1890, 1353, 1144, 1645, 1741, 1506, 1930, 1156, 1829, 1202, 1220, 1612, 1652, 1356, 1437, 1409, 1245, 1964, 1589, 1820, 1649, 1304, 1623, 1880, 1165, 1059, 1031, 1015, 1549, 1907, 1776, 1764, 1079, 1278, 1427, 1593, 1346, 1288, 1840, 1139, 1166, 1747, 1669, 1030, 1823, 1821, 1905, 1219, 1952, 1507, 1182, 1231, 1036, 1894, 1578, 1255, 1978, 1425, 1368, 1863, 1424, 1803, 1332, 1993, 1973, 1250, 1133, 1462, 1666, 1372, 1002, 1463, 1717, 1214], "perc_recomm_found": 1.0, "gamma": 0.95, "eta": 0.95, "gamma_obs": 1.0, "gamma_obs_pre": 0.0, "eta_obs": 1.0, "costs": [1.0, 1.0, 1.0], "lbd": 150.0, "thresh": 0.5, "r_type": "subpopulation", "t_type": "acceptance", "eta_obs_individualized": NaN, "eta_obs_refits_batch0_mean": 0.7879999876022339, "model_score": 0.975, "model_f1": 0.9989417989417989, "model_refits_batch0_scores": [0.996, 0.999, 0.996, 0.998, 0.993], "model_refits_batch0_f1s": [0.995967741935484, 0.9989929506545822, 0.9959919839679359, 0.9979919678714859, 0.993006993006993], "model_coef": NaN}