{"accuracy_pre": 1.0, "accuracy_post": 1.0, "recourse_seeking_ixs": [1014, 1211, 1293, 1781, 1839, 1463, 1161, 1165, 1522, 1659, 1665, 1934, 1334, 1776, 1319, 1373, 1372, 1202, 1338, 1859, 1874, 1724, 1772, 1976, 1457, 1762, 1148, 1606, 1288, 1001, 1828, 1443, 1594, 1292, 1680, 1791, 1011, 1546, 1447, 1106, 1655, 1560, 1440, 1896, 1980, 1803, 1131, 1910, 1256, 1070, 1259, 1993, 1316, 1344, 1485, 1483, 1361, 1199, 1581, 1684, 1758, 1626, 1308, 1128, 1379, 1420, 1542, 1479, 1072, 1253, 1911, 1280, 1720, 1150, 1717, 1623, 1300, 1744, 1212, 1038, 1622, 1008, 1222, 1612, 1231, 1119, 1538, 1840, 1794, 1683, 1158, 1230, 1324, 1954, 1203, 1903, 1588, 1905, 1913, 1796], "recourse_recommended_ixs": [1014, 1211, 1293, 1781, 1839, 1463, 1161, 1165, 1522, 1659, 1665, 1934, 1334, 1776, 1319, 1373, 1372, 1202, 1338, 1859, 1874, 1724, 1772, 1976, 1457, 1762, 1148, 1606, 1288, 1001, 1828, 1443, 1594, 1292, 1680, 1791, 1011, 1546, 1447, 1106, 1655, 1560, 1440, 1896, 1980, 1803, 1131, 1910, 1256, 1070, 1259, 1993, 1316, 1344, 1485, 1483, 1361, 1199, 1581, 1684, 1758, 1626, 1308, 1128, 1379, 1420, 1542, 1479, 1072, 1253, 1911, 1280, 1720, 1150, 1717, 1623, 1300, 1744, 1212, 1038, 1622, 1008, 1222, 1612, 1231, 1119, 1538, 1840, 1794, 1683, 1158, 1230, 1324, 1954, 1203, 1903, 1588, 1905, 1913, 1796], "perc_recomm_found": 1.0, "gamma": 0.95, "eta": 0.95, "gamma_obs": 1.0, "gamma_obs_pre": 0.0, "eta_obs": 1.0, "costs": [1.0, 1.0, 1.0], "lbd": 150.0, "thresh": 0.5, "r_type": "individualized", "t_type": "acceptance", "eta_obs_individualized": NaN, "eta_obs_refits_batch0_mean": 0.9340000152587891, "model_score": 0.919, "model_f1": 0.9916317991631798, "model_refits_batch0_scores": [0.999, 0.995, 0.999, 0.997, 1.0], "model_refits_batch0_f1s": [0.9989929506545822, 0.9949443882709809, 0.9989929506545822, 0.9969727547931382, 1.0], "model_coef": NaN}