{"accuracy_pre": 1.0, "accuracy_post": 0.91, "recourse_seeking_ixs": [1298, 1672, 1477, 1209, 1147, 1283, 1995, 1204, 1036, 1733, 1290, 1202, 1724, 1635, 1378, 1914, 1285, 1311, 1009, 1502, 1700, 1031, 1006, 1512, 1273, 1862, 1480, 1921, 1905, 1982, 1339, 1906, 1386, 1587, 1026, 1122, 1097, 1081, 1364, 1333, 1100, 1180, 1732, 1222, 1931, 1072, 1567, 1234, 1872, 1029, 1708, 1142, 1453, 1246, 1486, 1482, 1395, 1257, 1515, 1640, 1744, 1737, 1814, 1356, 1974, 1159, 1025, 1174, 1563, 1501, 1219, 1111, 1308, 1329, 1028, 1161, 1451, 1707, 1836, 1003, 1622, 1490, 1263, 1291, 1682, 1880, 1248, 1005, 1577, 1423, 1038, 1069, 1630, 1875, 1184, 1327, 1412, 1406, 1865, 1113], "recourse_recommended_ixs": [1298, 1672, 1477, 1209, 1147, 1283, 1995, 1204, 1036, 1733, 1290, 1202, 1724, 1635, 1378, 1914, 1285, 1311, 1009, 1502, 1700, 1031, 1006, 1512, 1273, 1862, 1480, 1921, 1905, 1982, 1339, 1906, 1386, 1587, 1026, 1122, 1097, 1081, 1364, 1333, 1100, 1180, 1732, 1222, 1931, 1072, 1567, 1234, 1872, 1029, 1708, 1142, 1453, 1246, 1486, 1482, 1395, 1257, 1515, 1640, 1744, 1737, 1814, 1356, 1974, 1159, 1025, 1174, 1563, 1501, 1219, 1111, 1308, 1329, 1028, 1161, 1451, 1707, 1836, 1003, 1622, 1490, 1263, 1291, 1682, 1880, 1248, 1005, 1577, 1423, 1038, 1069, 1630, 1875, 1184, 1327, 1412, 1406, 1865, 1113], "perc_recomm_found": 1.0, "gamma": 0.95, "eta": 0.95, "gamma_obs": 1.0, "gamma_obs_pre": 0.0, "eta_obs": 0.91, "costs": [1.0, 1.0], "lbd": 150.0, "thresh": 0.5, "r_type": "subpopulation", "t_type": "improvement", "eta_obs_individualized": NaN, "eta_obs_refits_batch0_mean": 0.4660000205039978, "model_score": 0.888, "model_f1": 0.9938271604938271, "model_refits_batch0_scores": [0.998, 0.998, 0.998, 0.998, 0.998], "model_refits_batch0_f1s": [0.9979674796747968, 0.9979674796747968, 0.9979674796747968, 0.9979674796747968, 0.9979674796747968], "model_coef": [[-1.659163472684449, -2.073954509754808, 3.5461907791574467], [-1.8217384722569294]]}