{"accuracy_pre": 0.9, "accuracy_post": 0.48, "recourse_seeking_ixs": [323, 365, 314, 388, 321, 220, 256, 337, 249, 201, 227, 259, 223, 345, 394, 355, 283, 200, 244, 384, 330, 231, 380, 304, 331, 206, 247, 298, 213, 385, 318, 353, 316, 203, 362, 311, 229, 347, 319, 208, 270, 205, 281, 371, 375, 386, 250, 232, 282, 381], "recourse_recommended_ixs": [323, 365, 314, 388, 321, 220, 256, 337, 249, 201, 227, 259, 223, 345, 394, 355, 283, 200, 244, 384, 330, 231, 380, 304, 331, 206, 247, 298, 213, 385, 318, 353, 316, 203, 362, 311, 229, 347, 319, 208, 270, 205, 281, 371, 375, 386, 250, 232, 282, 381], "perc_recomm_found": 1.0, "gamma": 0.85, "eta": 0.85, "gamma_obs": 0.47999998927116394, "gamma_obs_pre": 0.10000000149011612, "eta_obs": 1.0, "costs": [1.0, 1.0, 1.0], "lbd": 300.0, "thresh": 0.5, "r_type": "individualized", "t_type": "counterfactual", "eta_obs_individualized": NaN, "eta_obs_refits_batch0_mean": 0.6239999532699585, "model_score": 0.845, "model_f1": 0.8502415458937198, "model_refits_batch0_scores": [0.855, 0.835, 0.855, 0.855, 0.835], "model_refits_batch0_f1s": [0.863849765258216, 0.8493150684931506, 0.863849765258216, 0.8625592417061612, 0.8465116279069766], "model_coef": [[0.47113413225600875, 1.0530472107018238, 1.0158754436583957], [0.10224988979482941]]}