{"accuracy_pre": 0.92, "accuracy_post": 0.55, "recourse_seeking_ixs": [582, 668, 616, 991, 785, 962, 520, 908, 782, 680, 801, 956, 815, 790, 562, 965, 745, 756, 798, 838, 627, 824, 643, 512, 586, 604, 984, 587, 945, 938, 943, 890, 533, 519, 914, 963, 907, 508, 915, 799, 665, 800, 738, 600, 999, 783, 847, 866, 527, 500, 759, 596, 862, 683, 953, 560, 551, 507, 769, 575, 707, 529, 813, 777, 923, 768, 930, 631, 964, 653, 666, 503, 882, 982, 700, 555, 932, 609, 710, 590, 837, 686, 664, 757, 831, 806, 814, 573, 822, 695, 681, 780, 774, 875, 553, 509, 717, 648, 968, 634], "recourse_recommended_ixs": [582, 668, 616, 991, 785, 962, 520, 908, 782, 680, 801, 956, 815, 790, 562, 965, 745, 756, 798, 838, 627, 824, 643, 512, 586, 604, 984, 587, 945, 938, 943, 890, 533, 519, 914, 963, 907, 508, 915, 799, 665, 800, 738, 600, 999, 783, 847, 866, 527, 500, 759, 596, 862, 683, 953, 560, 551, 507, 769, 575, 707, 529, 813, 777, 923, 768, 930, 631, 964, 653, 666, 503, 882, 982, 700, 555, 932, 609, 710, 590, 837, 686, 664, 757, 831, 806, 814, 573, 822, 695, 681, 780, 774, 875, 553, 509, 717, 648, 968, 634], "perc_recomm_found": 1.0, "gamma": 0.75, "eta": 0.75, "gamma_obs": 0.25, "gamma_obs_pre": 0.07999999821186066, "eta_obs": 0.96, "costs": [1.0, 1.0, 1.0], "lbd": 300.0, "thresh": 0.5, "r_type": "subpopulation", "t_type": "counterfactual", "eta_obs_individualized": NaN, "eta_obs_refits_batch0_mean": 0.2199999839067459, "model_score": 0.742, "model_f1": 0.780793319415449, "model_refits_batch0_scores": [0.824, 0.834, 0.834, 0.808, 0.818], "model_refits_batch0_f1s": [0.817427385892116, 0.8245243128964059, 0.8230277185501067, 0.799163179916318, 0.7945823927765236], "model_coef": NaN}