{"accuracy_pre": 1.0, "accuracy_post": 1.0, "recourse_seeking_ixs": [1418, 1981, 1038, 1335, 1031, 1235, 1802, 1925, 1996, 1041, 1257, 1941, 1273, 1188, 1978, 1287, 1528, 1682, 1286, 1975, 1127, 1103, 1333, 1736, 1779, 1009, 1931, 1243, 1958, 1882, 1563, 1290, 1325, 1830, 1521, 1498, 1084, 1399, 1382, 1356, 1233, 1185, 1278, 1646, 1927, 1215, 1813, 1570, 1029, 1110, 1036, 1202, 1168, 1171, 1221, 1921, 1455, 1555, 1620, 1696, 1135, 1011, 1073, 1594, 1909, 1091, 1070, 1008, 1412, 1271, 1676, 1675, 1311, 1502, 1222, 1353, 1536, 1270, 1000, 1995, 1737, 1446, 1061, 1449, 1159, 1170, 1396, 1149, 1880, 1680, 1649, 1219, 1567, 1917, 1218, 1476, 1360, 1276, 1217, 1776], "recourse_recommended_ixs": [1418, 1981, 1038, 1335, 1031, 1235, 1802, 1925, 1996, 1041, 1257, 1941, 1273, 1188, 1978, 1287, 1528, 1682, 1286, 1975, 1127, 1103, 1333, 1736, 1779, 1009, 1931, 1243, 1958, 1882, 1563, 1290, 1325, 1830, 1521, 1498, 1084, 1399, 1382, 1356, 1233, 1185, 1278, 1646, 1927, 1215, 1813, 1570, 1029, 1110, 1036, 1202, 1168, 1171, 1221, 1921, 1455, 1555, 1620, 1696, 1135, 1011, 1073, 1594, 1909, 1091, 1070, 1008, 1412, 1271, 1676, 1675, 1311, 1502, 1222, 1353, 1536, 1270, 1000, 1995, 1737, 1446, 1061, 1449, 1159, 1170, 1396, 1149, 1880, 1680, 1649, 1219, 1567, 1917, 1218, 1476, 1360, 1276, 1217, 1776], "perc_recomm_found": 1.0, "gamma": 0.95, "eta": 0.95, "gamma_obs": 1.0, "gamma_obs_pre": 0.0, "eta_obs": 1.0, "costs": [1.0, 1.0, 1.0], "lbd": 150.0, "thresh": 0.5, "r_type": "individualized", "t_type": "acceptance", "eta_obs_individualized": NaN, "eta_obs_refits_batch0_mean": 0.9800000190734863, "model_score": 0.633, "model_f1": 0.9989594172736733, "model_refits_batch0_scores": [1.0, 1.0, 0.997, 0.997, 1.0], "model_refits_batch0_f1s": [1.0, 1.0, 0.9969356486210419, 0.9969356486210419, 1.0], "model_coef": NaN}