{"accuracy_pre": 0.92, "accuracy_post": 0.76, "recourse_seeking_ixs": [238, 359, 321, 210, 266, 226, 214, 354, 371, 328, 250, 252, 345, 381, 239, 268, 375, 293, 386, 273, 349, 216, 229, 315, 309, 253, 219, 290, 261, 396, 259, 331, 297, 270, 304, 323, 263, 355, 286, 367, 380, 376, 387, 339, 202, 217, 362, 221, 206, 258], "recourse_recommended_ixs": [238, 359, 321, 210, 266, 226, 214, 354, 371, 328, 250, 252, 345, 381, 239, 268, 375, 293, 386, 273, 349, 216, 229, 315, 309, 253, 219, 290, 261, 396, 259, 331, 297, 270, 304, 323, 263, 355, 286, 367, 380, 376, 387, 339, 202, 217, 362, 221, 206, 258], "perc_recomm_found": 1.0, "gamma": 0.75, "eta": 0.75, "gamma_obs": 0.699999988079071, "gamma_obs_pre": 0.07999999821186066, "eta_obs": 0.9, "costs": [1.0, 1.0], "lbd": 300.0, "thresh": 0.5, "r_type": "subpopulation", "t_type": "improvement", "eta_obs_individualized": NaN, "eta_obs_refits_batch0_mean": 0.8999999761581421, "model_score": 0.8, "model_f1": 0.8230088495575222, "model_refits_batch0_scores": [0.805, 0.78, 0.8, 0.8, 0.8], "model_refits_batch0_f1s": [0.8266666666666665, 0.8053097345132745, 0.8198198198198199, 0.8214285714285715, 0.8260869565217391], "model_coef": [[0.40172156737985065, -0.5943080802571039, 1.1395636427477842], [0.12640627131743817]]}