{"accuracy_pre": 0.85, "accuracy_post": 0.49, "recourse_seeking_ixs": [553, 597, 502, 938, 626, 992, 573, 630, 511, 564, 562, 652, 696, 551, 847, 655, 924, 934, 883, 756, 664, 713, 754, 814, 978, 870, 964, 892, 958, 824, 804, 546, 650, 880, 648, 784, 750, 671, 817, 996, 581, 871, 917, 955, 528, 537, 732, 891, 915, 686, 665, 675, 718, 688, 716, 524, 809, 793, 745, 768, 623, 544, 789, 676, 942, 747, 568, 561, 509, 541, 632, 644, 694, 765, 922, 589, 759, 868, 812, 841, 876, 752, 529, 947, 834, 940, 985, 649, 854, 674, 853, 925, 776, 533, 751, 755, 515, 604, 803, 628], "recourse_recommended_ixs": [553, 597, 502, 938, 626, 992, 573, 630, 511, 564, 562, 652, 696, 551, 847, 655, 924, 934, 883, 756, 664, 713, 754, 814, 978, 870, 964, 892, 958, 824, 804, 546, 650, 880, 648, 784, 750, 671, 817, 996, 581, 871, 917, 955, 528, 537, 732, 891, 915, 686, 665, 675, 718, 688, 716, 524, 809, 793, 745, 768, 623, 544, 789, 676, 942, 747, 568, 561, 509, 541, 632, 644, 694, 765, 922, 589, 759, 868, 812, 841, 876, 752, 529, 947, 834, 940, 985, 649, 854, 674, 853, 925, 776, 533, 751, 755, 515, 604, 803, 628], "perc_recomm_found": 1.0, "gamma": 0.75, "eta": 0.75, "gamma_obs": 0.3199999928474426, "gamma_obs_pre": 0.15000000596046448, "eta_obs": 0.95, "costs": [1.0, 1.0, 1.0], "lbd": 300.0, "thresh": 0.5, "r_type": "subpopulation", "t_type": "counterfactual", "eta_obs_individualized": NaN, "eta_obs_refits_batch0_mean": 0.3100000023841858, "model_score": 0.786, "model_f1": 0.7886178861788619, "model_refits_batch0_scores": [0.83, 0.822, 0.816, 0.824, 0.822], "model_refits_batch0_f1s": [0.8268839103869655, 0.8118393234672305, 0.7973568281938326, 0.8095238095238094, 0.8086021505376344], "model_coef": NaN}