{"accuracy_pre": 0.91, "accuracy_post": 0.22, "recourse_seeking_ixs": [651, 598, 658, 650, 879, 702, 668, 681, 562, 523, 819, 991, 780, 528, 901, 899, 652, 638, 620, 542, 932, 540, 964, 894, 962, 732, 509, 982, 963, 535, 769, 851, 923, 692, 746, 763, 846, 951, 965, 931, 615, 559, 550, 588, 597, 933, 781, 737, 734, 547, 606, 724, 610, 712, 594, 990, 928, 682, 569, 859, 992, 567, 869, 989, 898, 973, 807, 764, 790, 993, 988, 685, 994, 669, 584, 531, 787, 582, 908, 503, 622, 521, 674, 642, 500, 720, 929, 868, 843, 902, 552, 700, 581, 698, 537, 662, 958, 566, 718, 913], "recourse_recommended_ixs": [651, 598, 658, 650, 879, 702, 668, 681, 562, 523, 819, 991, 780, 528, 901, 899, 652, 638, 620, 542, 932, 540, 964, 894, 962, 732, 509, 982, 963, 535, 769, 851, 923, 692, 746, 763, 846, 951, 965, 931, 615, 559, 550, 588, 597, 933, 781, 737, 734, 547, 606, 724, 610, 712, 594, 990, 928, 682, 569, 859, 992, 567, 869, 989, 898, 973, 807, 764, 790, 993, 988, 685, 994, 669, 584, 531, 787, 582, 908, 503, 622, 521, 674, 642, 500, 720, 929, 868, 843, 902, 552, 700, 581, 698, 537, 662, 958, 566, 718, 913], "perc_recomm_found": 1.0, "gamma": 0.75, "eta": 0.75, "gamma_obs": 0.2199999988079071, "gamma_obs_pre": 0.09000000357627869, "eta_obs": 1.0, "costs": [1.0, 1.0, 1.0], "lbd": 300.0, "thresh": 0.5, "r_type": "individualized", "t_type": "acceptance", "eta_obs_individualized": NaN, "eta_obs_refits_batch0_mean": 0.36799997091293335, "model_score": 0.836, "model_f1": 0.8840864440078585, "model_refits_batch0_scores": [0.824, 0.81, 0.816, 0.818, 0.816], "model_refits_batch0_f1s": [0.8181818181818183, 0.7921225382932165, 0.7991266375545851, 0.7982261640798226, 0.800865800865801], "model_coef": NaN}