{"accuracy_pre": 0.99, "accuracy_post": 0.95, "recourse_seeking_ixs": [1447, 1438, 1408, 1801, 1093, 1841, 1884, 1784, 1253, 1999, 1735, 1921, 1376, 1723, 1861, 1404, 1778, 1096, 1864, 1941, 1054, 1657, 1872, 1437, 1733, 1574, 1911, 1186, 1888, 1434, 1238, 1786, 1066, 1472, 1528, 1329, 1454, 1913, 1741, 1320, 1076, 1791, 1571, 1740, 1348, 1184, 1178, 1189, 1771, 1285, 1498, 1016, 1170, 1588, 1182, 1827, 1446, 1352, 1632, 1388, 1922, 1773, 1011, 1503, 1731, 1696, 1631, 1161, 1597, 1520, 1476, 1225, 1572, 1744, 1289, 1308, 1950, 1105, 1935, 1443, 1242, 1236, 1964, 1039, 1149, 1150, 1116, 1618, 1276, 1824, 1413, 1823, 1987, 1961, 1990, 1133, 1332, 1713, 1464, 1989], "recourse_recommended_ixs": [1447, 1438, 1408, 1801, 1093, 1841, 1884, 1784, 1253, 1999, 1735, 1921, 1376, 1723, 1861, 1404, 1778, 1096, 1864, 1941, 1054, 1657, 1872, 1437, 1733, 1574, 1911, 1186, 1888, 1434, 1238, 1786, 1066, 1472, 1528, 1329, 1454, 1913, 1741, 1320, 1076, 1791, 1571, 1740, 1348, 1184, 1178, 1189, 1771, 1285, 1498, 1016, 1170, 1588, 1182, 1827, 1446, 1352, 1632, 1388, 1922, 1773, 1011, 1503, 1731, 1696, 1631, 1161, 1597, 1520, 1476, 1225, 1572, 1744, 1289, 1308, 1950, 1105, 1935, 1443, 1242, 1236, 1964, 1039, 1149, 1150, 1116, 1618, 1276, 1824, 1413, 1823, 1987, 1961, 1990, 1133, 1332, 1713, 1464, 1989], "perc_recomm_found": 1.0, "gamma": 0.95, "eta": 0.95, "gamma_obs": 0.949999988079071, "gamma_obs_pre": 0.009999999776482582, "eta_obs": 1.0, "costs": [1.0, 1.0, 1.0], "lbd": 150.0, "thresh": 0.5, "r_type": "individualized", "t_type": "acceptance", "eta_obs_individualized": NaN, "eta_obs_refits_batch0_mean": 0.968000054359436, "model_score": 0.994, "model_f1": 1.0, "model_refits_batch0_scores": [0.998, 0.998, 1.0, 0.994, 0.996], "model_refits_batch0_f1s": [0.99800796812749, 0.99800796812749, 1.0, 0.9939999999999999, 0.9960079840319361], "model_coef": NaN}