{"accuracy_pre": 0.75, "accuracy_post": 0.66, "recourse_seeking_ixs": [573, 968, 921, 778, 709, 704, 547, 933, 628, 619, 758, 867, 616, 887, 972, 947, 793, 729, 575, 808, 556, 775, 501, 931, 989, 652, 601, 527, 839, 731, 755, 657, 760, 773, 651, 568, 648, 641, 654, 937, 798, 502, 838, 552, 752, 587, 646, 567, 757, 529, 711, 768, 789, 837, 518, 880, 840, 876, 643, 500, 871, 536, 558, 608, 623, 761, 525, 603, 514, 999, 854, 598, 990, 988, 983, 687, 804, 785, 786, 914, 836, 830, 817, 879, 570, 998, 649, 576, 941, 845, 737, 763, 554, 563, 532, 863, 979, 955, 723, 513], "recourse_recommended_ixs": [573, 968, 921, 778, 709, 704, 547, 933, 628, 619, 758, 867, 616, 887, 972, 947, 793, 729, 575, 808, 556, 775, 501, 931, 989, 652, 601, 527, 839, 731, 755, 657, 760, 773, 651, 568, 648, 641, 654, 937, 798, 502, 838, 552, 752, 587, 646, 567, 757, 529, 711, 768, 789, 837, 518, 880, 840, 876, 643, 500, 871, 536, 558, 608, 623, 761, 525, 603, 514, 999, 854, 598, 990, 988, 983, 687, 804, 785, 786, 914, 836, 830, 817, 879, 570, 998, 649, 576, 941, 845, 737, 763, 554, 563, 532, 863, 979, 955, 723, 513], "perc_recomm_found": 1.0, "gamma": 0.75, "eta": 0.75, "gamma_obs": 0.6600000262260437, "gamma_obs_pre": 0.25, "eta_obs": 0.8, "costs": [1.0, 1.0], "lbd": 300.0, "thresh": 0.5, "r_type": "subpopulation", "t_type": "improvement", "eta_obs_individualized": NaN, "eta_obs_refits_batch0_mean": 0.722000002861023, "model_score": 0.774, "model_f1": 0.7961165048543689, "model_refits_batch0_scores": [0.83, 0.822, 0.816, 0.824, 0.822], "model_refits_batch0_f1s": [0.8268839103869655, 0.8118393234672305, 0.7973568281938326, 0.8095238095238094, 0.8086021505376344], "model_coef": NaN}