{"accuracy_pre": 0.86, "accuracy_post": 0.48, "recourse_seeking_ixs": [365, 205, 266, 258, 394, 395, 335, 251, 233, 203, 236, 276, 340, 301, 255, 377, 320, 227, 248, 313, 312, 374, 219, 298, 299, 285, 363, 387, 349, 275, 296, 323, 289, 341, 246, 344, 359, 381, 330, 334, 360, 293, 304, 332, 366, 386, 230, 200, 367, 210], "recourse_recommended_ixs": [365, 205, 266, 258, 394, 395, 335, 251, 233, 203, 236, 276, 340, 301, 255, 377, 320, 227, 248, 313, 312, 374, 219, 298, 299, 285, 363, 387, 349, 275, 296, 323, 289, 341, 246, 344, 359, 381, 330, 334, 360, 293, 304, 332, 366, 386, 230, 200, 367, 210], "perc_recomm_found": 1.0, "gamma": 0.9, "eta": 0.9, "gamma_obs": 0.47999998927116394, "gamma_obs_pre": 0.14000000059604645, "eta_obs": 1.0, "costs": [1.0, 1.0, 1.0], "lbd": 300.0, "thresh": 0.5, "r_type": "subpopulation", "t_type": "acceptance", "eta_obs_individualized": NaN, "eta_obs_refits_batch0_mean": 0.8919999003410339, "model_score": 0.89, "model_f1": 0.892156862745098, "model_refits_batch0_scores": [0.87, 0.855, 0.865, 0.865, 0.87], "model_refits_batch0_f1s": [0.8659793814432989, 0.8542713567839197, 0.8615384615384616, 0.8601036269430051, 0.87], "model_coef": [[-0.050108453450765505, 0.5121042441861384, 1.0732584937145846], [-0.1977041161520433]]}