{"accuracy_pre": 0.99, "accuracy_post": 0.99, "recourse_seeking_ixs": [1003, 1779, 1682, 1217, 1630, 1478, 1724, 1380, 1286, 1861, 1418, 1421, 1681, 1717, 1810, 1818, 1620, 1785, 1263, 1374, 1676, 1080, 1831, 1732, 1204, 1828, 1429, 1238, 1764, 1971, 1041, 1985, 1595, 1567, 1240, 1401, 1492, 1542, 1203, 1133, 1668, 1148, 1271, 1379, 1234, 1731, 1342, 1813, 1996, 1122, 1873, 1166, 1070, 1215, 1476, 1430, 1538, 1030, 1306, 1107, 1674, 1592, 1657, 1273, 1159, 1330, 1490, 1791, 1484, 1262, 1283, 1918, 1995, 1327, 1603, 1805, 1395, 1800, 1185, 1822, 1069, 1802, 1526, 1594, 1455, 1582, 1059, 1253, 1275, 1014, 1082, 1436, 1108, 1901, 1691, 1220, 1876, 1727, 1486, 1457], "recourse_recommended_ixs": [1003, 1779, 1682, 1217, 1630, 1478, 1724, 1380, 1286, 1861, 1418, 1421, 1681, 1717, 1810, 1818, 1620, 1785, 1263, 1374, 1676, 1080, 1831, 1732, 1204, 1828, 1429, 1238, 1764, 1971, 1041, 1985, 1595, 1567, 1240, 1401, 1492, 1542, 1203, 1133, 1668, 1148, 1271, 1379, 1234, 1731, 1342, 1813, 1996, 1122, 1873, 1166, 1070, 1215, 1476, 1430, 1538, 1030, 1306, 1107, 1674, 1592, 1657, 1273, 1159, 1330, 1490, 1791, 1484, 1262, 1283, 1918, 1995, 1327, 1603, 1805, 1395, 1800, 1185, 1822, 1069, 1802, 1526, 1594, 1455, 1582, 1059, 1253, 1275, 1014, 1082, 1436, 1108, 1901, 1691, 1220, 1876, 1727, 1486, 1457], "perc_recomm_found": 1.0, "gamma": 0.75, "eta": 0.75, "gamma_obs": 0.9900000095367432, "gamma_obs_pre": 0.009999999776482582, "eta_obs": 1.0, "costs": [1.0, 1.0, 1.0], "lbd": 150.0, "thresh": 0.5, "r_type": "individualized", "t_type": "counterfactual", "eta_obs_individualized": NaN, "eta_obs_refits_batch0_mean": 0.9539999961853027, "model_score": 0.987, "model_f1": 0.9958762886597937, "model_refits_batch0_scores": [0.998, 0.998, 0.995, 0.995, 0.998], "model_refits_batch0_f1s": [0.9979674796747968, 0.9979674796747968, 0.9949031600407746, 0.9949031600407746, 0.9979674796747968], "model_coef": NaN}