{"accuracy_pre": 0.98, "accuracy_post": 0.99, "recourse_seeking_ixs": [1292, 1204, 1157, 1463, 1025, 1796, 1961, 1486, 1283, 1313, 1637, 1031, 1708, 1309, 1954, 1828, 1298, 1476, 1791, 1858, 1206, 1842, 1556, 1750, 1582, 1772, 1883, 1447, 1529, 1194, 1016, 1934, 1856, 1652, 1802, 1474, 1495, 1415, 1231, 1011, 1744, 1894, 1048, 1084, 1296, 1293, 1642, 1199, 1692, 1717, 1492, 1308, 1139, 1295, 1211, 1357, 1823, 1428, 1170, 1443, 1316, 1554, 1284, 1014, 1983, 1848, 1700, 1245, 1145, 1033, 1212, 1519, 1952, 1739, 1602, 1936, 1889, 1507, 1020, 1361, 1873, 1470, 1628, 1629, 1687, 1607, 1996, 1930, 1683, 1649, 1233, 1147, 1437, 1000, 1759, 1627, 1781, 1259, 1695, 1322], "recourse_recommended_ixs": [1292, 1204, 1157, 1463, 1025, 1796, 1961, 1486, 1283, 1313, 1637, 1031, 1708, 1309, 1954, 1828, 1298, 1476, 1791, 1858, 1206, 1842, 1556, 1750, 1582, 1772, 1883, 1447, 1529, 1194, 1016, 1934, 1856, 1652, 1802, 1474, 1495, 1415, 1231, 1011, 1744, 1894, 1048, 1084, 1296, 1293, 1642, 1199, 1692, 1717, 1492, 1308, 1139, 1295, 1211, 1357, 1823, 1428, 1170, 1443, 1316, 1554, 1284, 1014, 1983, 1848, 1700, 1245, 1145, 1033, 1212, 1519, 1952, 1739, 1602, 1936, 1889, 1507, 1020, 1361, 1873, 1470, 1628, 1629, 1687, 1607, 1996, 1930, 1683, 1649, 1233, 1147, 1437, 1000, 1759, 1627, 1781, 1259, 1695, 1322], "perc_recomm_found": 1.0, "gamma": 0.95, "eta": 0.95, "gamma_obs": 1.0, "gamma_obs_pre": 0.0, "eta_obs": 0.99, "costs": [1.0, 1.0], "lbd": 150.0, "thresh": 0.5, "r_type": "individualized", "t_type": "improvement", "eta_obs_individualized": 1.0, "eta_obs_refits_batch0_mean": 0.9899999499320984, "model_score": 0.849, "model_f1": 0.9989440337909187, "model_refits_batch0_scores": [0.998, 0.998, 0.998, 0.998, 0.998], "model_refits_batch0_f1s": [0.9979879275653923, 0.9979879275653923, 0.9979879275653923, 0.9979879275653923, 0.9979879275653923], "model_coef": NaN}