{"accuracy_pre": 0.76, "accuracy_post": 0.31, "recourse_seeking_ixs": [251, 326, 295, 305, 456, 457, 380, 410, 449, 255, 491, 333, 388, 440, 389, 262, 450, 325, 353, 390, 285, 300, 286, 444, 257, 303, 312, 356, 416, 437, 399, 475, 489, 357, 409, 451, 422, 402, 401, 299, 369, 331, 438, 263, 340, 267, 276, 307, 466, 433, 328, 476, 423, 292, 477, 455, 392, 493, 278, 316, 306, 279, 420, 486, 413, 296, 268, 329, 463, 385, 439, 310, 428, 260, 252, 342, 452, 311, 258, 277, 319, 427, 415, 418, 382, 458, 436, 338, 349, 365, 367, 394, 291, 408, 324, 350, 265, 359, 442, 393], "recourse_recommended_ixs": [251, 326, 295, 305, 456, 457, 380, 410, 449, 255, 491, 333, 388, 440, 389, 262, 450, 325, 353, 390, 285, 300, 286, 444, 257, 303, 312, 356, 416, 437, 399, 475, 489, 357, 409, 451, 422, 402, 401, 299, 369, 331, 438, 263, 340, 267, 276, 307, 466, 433, 328, 476, 423, 292, 477, 455, 392, 493, 278, 316, 306, 279, 420, 486, 413, 296, 268, 329, 463, 385, 439, 310, 428, 260, 252, 342, 452, 311, 258, 277, 319, 427, 415, 418, 382, 458, 436, 338, 349, 365, 367, 394, 291, 408, 324, 350, 265, 359, 442, 393], "perc_recomm_found": 1.0, "gamma": 0.75, "eta": 0.75, "gamma_obs": 0.3100000023841858, "gamma_obs_pre": 0.23999999463558197, "eta_obs": 1.0, "costs": [1.0, 1.0, 1.0], "lbd": 100.0, "thresh": 0.5, "r_type": "individualized", "t_type": "acceptance", "eta_obs_individualized": NaN, "eta_obs_refits_batch0_mean": 0.5579999685287476, "model_score": 0.78, "model_f1": 0.751131221719457, "model_refits_batch0_scores": [0.76, 0.756, 0.788, 0.812, 0.752], "model_refits_batch0_f1s": [0.7321428571428571, 0.7381974248927038, 0.7763713080168777, 0.7982832618025751, 0.7256637168141593], "model_coef": NaN}