{"accuracy_pre": 0.85, "accuracy_post": 0.27, "recourse_seeking_ixs": [955, 509, 815, 947, 990, 911, 567, 983, 817, 848, 942, 809, 667, 785, 900, 555, 671, 585, 764, 927, 794, 562, 843, 746, 517, 639, 626, 728, 857, 919, 669, 892, 614, 982, 756, 761, 980, 851, 822, 681, 823, 763, 557, 505, 968, 811, 966, 981, 744, 953, 965, 551, 696, 561, 871, 895, 925, 804, 872, 648, 813, 874, 676, 641, 952, 526, 523, 975, 749, 513, 868, 683, 662, 878, 677, 670, 748, 633, 579, 998, 891, 831, 717, 791, 922, 702, 581, 875, 928, 890, 506, 986, 743, 819, 587, 914, 574, 739, 664, 889], "recourse_recommended_ixs": [955, 509, 815, 947, 990, 911, 567, 983, 817, 848, 942, 809, 667, 785, 900, 555, 671, 585, 764, 927, 794, 562, 843, 746, 517, 639, 626, 728, 857, 919, 669, 892, 614, 982, 756, 761, 980, 851, 822, 681, 823, 763, 557, 505, 968, 811, 966, 981, 744, 953, 965, 551, 696, 561, 871, 895, 925, 804, 872, 648, 813, 874, 676, 641, 952, 526, 523, 975, 749, 513, 868, 683, 662, 878, 677, 670, 748, 633, 579, 998, 891, 831, 717, 791, 922, 702, 581, 875, 928, 890, 506, 986, 743, 819, 587, 914, 574, 739, 664, 889], "perc_recomm_found": 1.0, "gamma": 0.95, "eta": 0.95, "gamma_obs": 0.27000001072883606, "gamma_obs_pre": 0.15000000596046448, "eta_obs": 1.0, "costs": [1.0, 1.0, 1.0], "lbd": 300.0, "thresh": 0.5, "r_type": "individualized", "t_type": "counterfactual", "eta_obs_individualized": NaN, "eta_obs_refits_batch0_mean": 0.3739999830722809, "model_score": 0.81, "model_f1": 0.8165680473372781, "model_refits_batch0_scores": [0.818, 0.816, 0.806, 0.824, 0.83], "model_refits_batch0_f1s": [0.7838479809976248, 0.7819905213270142, 0.762836185819071, 0.7914691943127962, 0.8081264108352144], "model_coef": NaN}