{"accuracy_pre": 1.0, "accuracy_post": 0.99, "recourse_seeking_ixs": [1303, 1992, 1227, 1030, 1319, 1661, 1660, 1189, 1327, 1883, 1216, 1567, 1254, 1177, 1998, 1742, 1977, 1746, 1607, 1677, 1257, 1312, 1077, 1594, 1827, 1855, 1569, 1649, 1014, 1687, 1427, 1806, 1150, 1070, 1060, 1568, 1879, 1761, 1625, 1276, 1711, 1201, 1902, 1985, 1081, 1884, 1707, 1210, 1971, 1492, 1205, 1284, 1040, 1287, 1557, 1664, 1331, 1642, 1440, 1892, 1214, 1814, 1591, 1026, 1962, 1084, 1370, 1923, 1667, 1766, 1900, 1563, 1447, 1459, 1012, 1505, 1858, 1439, 1619, 1438, 1575, 1178, 1685, 1133, 1302, 1895, 1206, 1931, 1433, 1437, 1659, 1504, 1313, 1198, 1831, 1344, 1982, 1093, 1696, 1896], "recourse_recommended_ixs": [1303, 1992, 1227, 1030, 1319, 1661, 1660, 1189, 1327, 1883, 1216, 1567, 1254, 1177, 1998, 1742, 1977, 1746, 1607, 1677, 1257, 1312, 1077, 1594, 1827, 1855, 1569, 1649, 1014, 1687, 1427, 1806, 1150, 1070, 1060, 1568, 1879, 1761, 1625, 1276, 1711, 1201, 1902, 1985, 1081, 1884, 1707, 1210, 1971, 1492, 1205, 1284, 1040, 1287, 1557, 1664, 1331, 1642, 1440, 1892, 1214, 1814, 1591, 1026, 1962, 1084, 1370, 1923, 1667, 1766, 1900, 1563, 1447, 1459, 1012, 1505, 1858, 1439, 1619, 1438, 1575, 1178, 1685, 1133, 1302, 1895, 1206, 1931, 1433, 1437, 1659, 1504, 1313, 1198, 1831, 1344, 1982, 1093, 1696, 1896], "perc_recomm_found": 1.0, "gamma": 0.95, "eta": 0.95, "gamma_obs": 1.0, "gamma_obs_pre": 0.0, "eta_obs": 0.99, "costs": [1.0, 1.0, 1.0], "lbd": 150.0, "thresh": 0.5, "r_type": "subpopulation", "t_type": "improvement", "eta_obs_individualized": NaN, "eta_obs_refits_batch0_mean": 0.9899999499320984, "model_score": 0.826, "model_f1": 1.0, "model_refits_batch0_scores": [0.999, 0.996, 0.996, 0.996, 0.996], "model_refits_batch0_f1s": [0.9990009990009989, 0.9959919839679359, 0.9959919839679359, 0.9959919839679359, 0.9959919839679359], "model_coef": NaN}