{"accuracy_pre": 1.0, "accuracy_post": 0.84, "recourse_seeking_ixs": [1545, 1881, 1703, 1110, 1006, 1142, 1227, 1418, 1292, 1008, 1696, 1537, 1523, 1643, 1708, 1273, 1185, 1613, 1586, 1350, 1752, 1117, 1464, 1070, 1901, 1082, 1661, 1888, 1430, 1083, 1174, 1630, 1100, 1494, 1555, 1218, 1337, 1381, 1810, 1046, 1262, 1794, 1188, 1421, 1164, 1776, 1172, 1974, 1978, 1636, 1640, 1800, 1059, 1005, 1602, 1165, 1811, 1268, 1577, 1977, 1482, 1094, 1013, 1063, 1412, 1518, 1102, 1386, 1455, 1486, 1423, 1677, 1620, 1036, 1356, 1864, 1105, 1028, 1038, 1041, 1671, 1554, 1091, 1658, 1113, 1895, 1263, 1320, 1003, 1730, 1862, 1306, 1230, 1688, 1533, 1129, 1433, 1244, 1521, 1291], "recourse_recommended_ixs": [1545, 1881, 1703, 1110, 1006, 1142, 1227, 1418, 1292, 1008, 1696, 1537, 1523, 1643, 1708, 1273, 1185, 1613, 1586, 1350, 1752, 1117, 1464, 1070, 1901, 1082, 1661, 1888, 1430, 1083, 1174, 1630, 1100, 1494, 1555, 1218, 1337, 1381, 1810, 1046, 1262, 1794, 1188, 1421, 1164, 1776, 1172, 1974, 1978, 1636, 1640, 1800, 1059, 1005, 1602, 1165, 1811, 1268, 1577, 1977, 1482, 1094, 1013, 1063, 1412, 1518, 1102, 1386, 1455, 1486, 1423, 1677, 1620, 1036, 1356, 1864, 1105, 1028, 1038, 1041, 1671, 1554, 1091, 1658, 1113, 1895, 1263, 1320, 1003, 1730, 1862, 1306, 1230, 1688, 1533, 1129, 1433, 1244, 1521, 1291], "perc_recomm_found": 1.0, "gamma": 0.95, "eta": 0.95, "gamma_obs": 0.9399999976158142, "gamma_obs_pre": 0.0, "eta_obs": 0.9, "costs": [1.0, 1.0, 1.0], "lbd": 150.0, "thresh": 0.5, "r_type": "subpopulation", "t_type": "acceptance", "eta_obs_individualized": NaN, "eta_obs_refits_batch0_mean": 0.6200000047683716, "model_score": 0.994, "model_f1": 0.9959100204498978, "model_refits_batch0_scores": [1.0, 0.996, 0.999, 0.996, 0.998], "model_refits_batch0_f1s": [1.0, 0.9959100204498978, 0.9989827060020345, 0.9959100204498978, 0.9979591836734694], "model_coef": NaN}