{"accuracy_pre": 0.83, "accuracy_post": 0.25, "recourse_seeking_ixs": [275, 335, 471, 359, 309, 401, 410, 252, 411, 316, 448, 381, 380, 366, 310, 383, 431, 339, 256, 465, 305, 493, 367, 439, 251, 290, 379, 356, 385, 422, 304, 459, 476, 267, 474, 318, 386, 484, 333, 486, 315, 321, 317, 285, 308, 416, 296, 325, 348, 415, 360, 402, 349, 344, 413, 491, 354, 293, 488, 412, 338, 434, 328, 407, 263, 258, 424, 280, 323, 395, 327, 357, 472, 365, 281, 274, 353, 370, 490, 355, 264, 426, 396, 368, 429, 291, 436, 437, 483, 400, 473, 254, 479, 282, 481, 292, 372, 387, 393, 299], "recourse_recommended_ixs": [275, 335, 471, 359, 309, 401, 410, 252, 411, 316, 448, 381, 380, 366, 310, 383, 431, 339, 256, 465, 305, 493, 367, 439, 251, 290, 379, 356, 385, 422, 304, 459, 476, 267, 474, 318, 386, 484, 333, 486, 315, 321, 317, 285, 308, 416, 296, 325, 348, 415, 360, 402, 349, 344, 413, 491, 354, 293, 488, 412, 338, 434, 328, 407, 263, 258, 424, 280, 323, 395, 327, 357, 472, 365, 281, 274, 353, 370, 490, 355, 264, 426, 396, 368, 429, 291, 436, 437, 483, 400, 473, 254, 479, 282, 481, 292, 372, 387, 393, 299], "perc_recomm_found": 1.0, "gamma": 0.75, "eta": 0.75, "gamma_obs": 0.25, "gamma_obs_pre": 0.17000000178813934, "eta_obs": 1.0, "costs": [1.0, 1.0, 1.0], "lbd": 100.0, "thresh": 0.5, "r_type": "individualized", "t_type": "counterfactual", "eta_obs_individualized": NaN, "eta_obs_refits_batch0_mean": 0.7699999809265137, "model_score": 0.832, "model_f1": 0.8333333333333334, "model_refits_batch0_scores": [0.824, 0.832, 0.824, 0.816, 0.808], "model_refits_batch0_f1s": [0.8253968253968254, 0.8278688524590164, 0.8267716535433071, 0.8114754098360656, 0.8080000000000002], "model_coef": NaN}