{"accuracy_pre": 0.99, "accuracy_post": 1.0, "recourse_seeking_ixs": [1483, 1629, 1158, 1692, 1791, 1139, 1589, 1495, 1858, 1146, 1194, 1074, 1662, 1482, 1578, 1695, 1731, 1145, 1838, 1348, 1114, 1351, 1739, 1590, 1622, 1717, 1714, 1998, 1904, 1492, 1460, 1556, 1879, 1005, 1975, 1161, 1978, 1928, 1542, 1981, 1829, 1693, 1256, 1240, 1768, 1151, 1804, 1278, 1704, 1873, 1954, 1502, 1900, 1099, 1659, 1777, 1193, 1001, 1607, 1091, 1513, 1743, 1529, 1170, 1368, 1016, 1484, 1284, 1724, 1357, 1580, 1894, 1301, 1189, 1926, 1147, 1385, 1051, 1466, 1361, 1048, 1239, 1992, 1859, 1738, 1452, 1557, 1615, 1668, 1488, 1011, 1570, 1316, 1637, 1437, 1428, 1093, 1332, 1916, 1562], "recourse_recommended_ixs": [1483, 1629, 1158, 1692, 1791, 1139, 1589, 1495, 1858, 1146, 1194, 1074, 1662, 1482, 1578, 1695, 1731, 1145, 1838, 1348, 1114, 1351, 1739, 1590, 1622, 1717, 1714, 1998, 1904, 1492, 1460, 1556, 1879, 1005, 1975, 1161, 1978, 1928, 1542, 1981, 1829, 1693, 1256, 1240, 1768, 1151, 1804, 1278, 1704, 1873, 1954, 1502, 1900, 1099, 1659, 1777, 1193, 1001, 1607, 1091, 1513, 1743, 1529, 1170, 1368, 1016, 1484, 1284, 1724, 1357, 1580, 1894, 1301, 1189, 1926, 1147, 1385, 1051, 1466, 1361, 1048, 1239, 1992, 1859, 1738, 1452, 1557, 1615, 1668, 1488, 1011, 1570, 1316, 1637, 1437, 1428, 1093, 1332, 1916, 1562], "perc_recomm_found": 1.0, "gamma": 0.95, "eta": 0.95, "gamma_obs": 1.0, "gamma_obs_pre": 0.009999999776482582, "eta_obs": 1.0, "costs": [1.0, 1.0, 1.0], "lbd": 150.0, "thresh": 0.5, "r_type": "subpopulation", "t_type": "acceptance", "eta_obs_individualized": NaN, "eta_obs_refits_batch0_mean": 0.9899999499320984, "model_score": 0.623, "model_f1": 0.9989417989417989, "model_refits_batch0_scores": [1.0, 1.0, 0.999, 0.997, 1.0], "model_refits_batch0_f1s": [1.0, 1.0, 0.9989929506545822, 0.9969909729187563, 1.0], "model_coef": NaN}