{"accuracy_pre": 0.92, "accuracy_post": 0.92, "recourse_seeking_ixs": [319, 258, 383, 323, 385, 295, 388, 250, 316, 365, 352, 354, 347, 353, 398, 229, 292, 337, 371, 270, 283, 207, 381, 378, 231, 336, 247, 286, 375, 256, 208, 281, 372, 251, 300, 330, 232, 215, 223, 259, 287, 384, 311, 298, 331, 205, 377, 362, 225, 279], "recourse_recommended_ixs": [319, 258, 383, 323, 385, 295, 388, 250, 316, 365, 352, 354, 347, 353, 398, 229, 292, 337, 371, 270, 283, 207, 381, 378, 231, 336, 247, 286, 375, 256, 208, 281, 372, 251, 300, 330, 232, 215, 223, 259, 287, 384, 311, 298, 331, 205, 377, 362, 225, 279], "perc_recomm_found": 1.0, "gamma": 0.85, "eta": 0.85, "gamma_obs": 0.9200000166893005, "gamma_obs_pre": 0.07999999821186066, "eta_obs": 1.0, "costs": [1.0, 1.0, 1.0], "lbd": 300.0, "thresh": 0.5, "r_type": "individualized", "t_type": "improvement", "eta_obs_individualized": 1.0, "eta_obs_refits_batch0_mean": 0.9079999923706055, "model_score": 0.845, "model_f1": 0.8502415458937198, "model_refits_batch0_scores": [0.855, 0.835, 0.855, 0.855, 0.835], "model_refits_batch0_f1s": [0.863849765258216, 0.8493150684931506, 0.863849765258216, 0.8625592417061612, 0.8465116279069766], "model_coef": [[0.47113413225600875, 1.0530472107018238, 1.0158754436583957], [0.10224988979482941]]}