{"accuracy_pre": 0.84, "accuracy_post": 0.18, "recourse_seeking_ixs": [381, 261, 264, 385, 345, 460, 440, 463, 490, 448, 288, 256, 442, 299, 487, 397, 346, 488, 363, 321, 278, 489, 259, 392, 474, 279, 486, 382, 425, 461, 471, 390, 313, 280, 479, 373, 364, 458, 319, 269, 324, 475, 336, 268, 359, 451, 413, 310, 340, 470, 334, 433, 356, 368, 498, 285, 481, 312, 266, 258, 452, 386, 252, 399, 450, 429, 331, 445, 343, 467, 499, 314, 371, 418, 282, 330, 431, 305, 375, 473, 329, 396, 484, 325, 406, 354, 271, 281, 344, 272, 423, 327, 273, 316, 349, 308, 376, 426, 437, 495], "recourse_recommended_ixs": [381, 261, 264, 385, 345, 460, 440, 463, 490, 448, 288, 256, 442, 299, 487, 397, 346, 488, 363, 321, 278, 489, 259, 392, 474, 279, 486, 382, 425, 461, 471, 390, 313, 280, 479, 373, 364, 458, 319, 269, 324, 475, 336, 268, 359, 451, 413, 310, 340, 470, 334, 433, 356, 368, 498, 285, 481, 312, 266, 258, 452, 386, 252, 399, 450, 429, 331, 445, 343, 467, 499, 314, 371, 418, 282, 330, 431, 305, 375, 473, 329, 396, 484, 325, 406, 354, 271, 281, 344, 272, 423, 327, 273, 316, 349, 308, 376, 426, 437, 495], "perc_recomm_found": 1.0, "gamma": 0.75, "eta": 0.75, "gamma_obs": 0.18000000715255737, "gamma_obs_pre": 0.1599999964237213, "eta_obs": 1.0, "costs": [1.0, 1.0, 1.0], "lbd": 100.0, "thresh": 0.5, "r_type": "individualized", "t_type": "acceptance", "eta_obs_individualized": NaN, "eta_obs_refits_batch0_mean": 0.5820000171661377, "model_score": 0.816, "model_f1": 0.8217054263565892, "model_refits_batch0_scores": [0.828, 0.856, 0.82, 0.84, 0.836], "model_refits_batch0_f1s": [0.8365019011406843, 0.8615384615384616, 0.8301886792452831, 0.8425196850393701, 0.8416988416988418], "model_coef": NaN}