{"accuracy_pre": 0.85, "accuracy_post": 0.69, "recourse_seeking_ixs": [504, 761, 667, 601, 621, 859, 744, 715, 903, 844, 552, 947, 828, 993, 649, 851, 885, 713, 956, 729, 547, 590, 734, 834, 542, 850, 617, 832, 897, 625, 770, 500, 786, 694, 988, 779, 588, 966, 937, 615, 507, 630, 886, 685, 782, 567, 807, 814, 503, 690, 874, 812, 592, 506, 691, 753, 826, 802, 548, 968, 889, 877, 869, 747, 854, 847, 706, 652, 925, 973, 992, 946, 749, 662, 705, 741, 603, 808, 776, 940, 751, 569, 784, 881, 820, 689, 791, 628, 640, 560, 692, 766, 759, 930, 792, 530, 516, 704, 564, 967], "recourse_recommended_ixs": [504, 761, 667, 601, 621, 859, 744, 715, 903, 844, 552, 947, 828, 993, 649, 851, 885, 713, 956, 729, 547, 590, 734, 834, 542, 850, 617, 832, 897, 625, 770, 500, 786, 694, 988, 779, 588, 966, 937, 615, 507, 630, 886, 685, 782, 567, 807, 814, 503, 690, 874, 812, 592, 506, 691, 753, 826, 802, 548, 968, 889, 877, 869, 747, 854, 847, 706, 652, 925, 973, 992, 946, 749, 662, 705, 741, 603, 808, 776, 940, 751, 569, 784, 881, 820, 689, 791, 628, 640, 560, 692, 766, 759, 930, 792, 530, 516, 704, 564, 967], "perc_recomm_found": 1.0, "gamma": 0.75, "eta": 0.75, "gamma_obs": 0.7099999785423279, "gamma_obs_pre": 0.15000000596046448, "eta_obs": 0.8, "costs": [1.0, 1.0], "lbd": 300.0, "thresh": 0.5, "r_type": "subpopulation", "t_type": "improvement", "eta_obs_individualized": NaN, "eta_obs_refits_batch0_mean": 0.7879999876022339, "model_score": 0.732, "model_f1": 0.7286821705426355, "model_refits_batch0_scores": [0.82, 0.828, 0.806, 0.818, 0.836], "model_refits_batch0_f1s": [0.7906976744186047, 0.8045454545454546, 0.7662650602409637, 0.7858823529411765, 0.8217391304347826], "model_coef": NaN}