{"accuracy_pre": 0.9, "accuracy_post": 0.62, "recourse_seeking_ixs": [220, 201, 234, 323, 337, 266, 267, 289, 283, 261, 206, 205, 282, 235, 219, 251, 357, 287, 310, 236, 265, 275, 203, 312, 216, 363, 348, 395, 303, 233, 320, 319, 285, 394, 256, 314, 279, 237, 331, 291, 330, 374, 248, 307, 340, 334, 335, 352, 359, 332], "recourse_recommended_ixs": [220, 201, 234, 323, 337, 266, 267, 289, 283, 261, 206, 205, 282, 235, 219, 251, 357, 287, 310, 236, 265, 275, 203, 312, 216, 363, 348, 395, 303, 233, 320, 319, 285, 394, 256, 314, 279, 237, 331, 291, 330, 374, 248, 307, 340, 334, 335, 352, 359, 332], "perc_recomm_found": 1.0, "gamma": 0.9, "eta": 0.9, "gamma_obs": 0.6200000047683716, "gamma_obs_pre": 0.10000000149011612, "eta_obs": 1.0, "costs": [1.0, 1.0, 1.0], "lbd": 300.0, "thresh": 0.5, "r_type": "individualized", "t_type": "counterfactual", "eta_obs_individualized": NaN, "eta_obs_refits_batch0_mean": 0.8679999113082886, "model_score": 0.89, "model_f1": 0.892156862745098, "model_refits_batch0_scores": [0.87, 0.855, 0.865, 0.865, 0.87], "model_refits_batch0_f1s": [0.8659793814432989, 0.8542713567839197, 0.8615384615384616, 0.8601036269430051, 0.87], "model_coef": [[-0.050108453450765505, 0.5121042441861384, 1.0732584937145846], [-0.1977041161520433]]}