{"accuracy_pre": 0.97, "accuracy_post": 0.34, "recourse_seeking_ixs": [899, 925, 748, 675, 865, 961, 834, 870, 896, 991, 829, 646, 773, 640, 577, 976, 782, 638, 543, 722, 806, 831, 504, 597, 654, 717, 880, 732, 655, 823, 758, 859, 738, 922, 572, 864, 579, 927, 750, 625, 540, 552, 745, 657, 623, 578, 846, 706, 539, 600, 897, 790, 718, 647, 716, 990, 663, 608, 844, 802, 954, 869, 571, 788, 713, 681, 687, 828, 546, 694, 984, 529, 949, 739, 665, 795, 820, 803, 837, 630, 888, 754, 697, 591, 651, 679, 810, 836, 902, 519, 586, 604, 601, 841, 955, 956, 698, 634, 926, 714], "recourse_recommended_ixs": [899, 925, 748, 675, 865, 961, 834, 870, 896, 991, 829, 646, 773, 640, 577, 976, 782, 638, 543, 722, 806, 831, 504, 597, 654, 717, 880, 732, 655, 823, 758, 859, 738, 922, 572, 864, 579, 927, 750, 625, 540, 552, 745, 657, 623, 578, 846, 706, 539, 600, 897, 790, 718, 647, 716, 990, 663, 608, 844, 802, 954, 869, 571, 788, 713, 681, 687, 828, 546, 694, 984, 529, 949, 739, 665, 795, 820, 803, 837, 630, 888, 754, 697, 591, 651, 679, 810, 836, 902, 519, 586, 604, 601, 841, 955, 956, 698, 634, 926, 714], "perc_recomm_found": 1.0, "gamma": 0.95, "eta": 0.95, "gamma_obs": 0.3400000035762787, "gamma_obs_pre": 0.029999999329447746, "eta_obs": 1.0, "costs": [1.0, 1.0, 1.0], "lbd": 300.0, "thresh": 0.5, "r_type": "subpopulation", "t_type": "acceptance", "eta_obs_individualized": NaN, "eta_obs_refits_batch0_mean": 0.6039999723434448, "model_score": 0.814, "model_f1": 0.8765432098765432, "model_refits_batch0_scores": [0.848, 0.848, 0.854, 0.86, 0.86], "model_refits_batch0_f1s": [0.8560606060606061, 0.8538461538461539, 0.858252427184466, 0.8622047244094487, 0.8653846153846154], "model_coef": [[0.4785356577166362, 0.5453121859304917, 1.0835655347085427], [0.2661836809075705]]}