{"accuracy_pre": 0.91, "accuracy_post": 0.15, "recourse_seeking_ixs": [318, 339, 250, 418, 334, 464, 300, 460, 332, 404, 258, 319, 259, 302, 297, 370, 407, 473, 375, 431, 388, 438, 392, 488, 496, 369, 263, 425, 461, 251, 377, 270, 363, 285, 295, 376, 419, 398, 315, 304, 262, 255, 342, 384, 366, 280, 381, 414, 360, 456, 457, 386, 486, 391, 371, 296, 401, 378, 429, 335, 442, 444, 434, 368, 379, 323, 465, 272, 445, 440, 267, 410, 422, 416, 361, 362, 455, 344, 417, 374, 350, 364, 358, 493, 462, 326, 357, 424, 485, 278, 435, 430, 477, 467, 498, 314, 415, 411, 320, 316], "recourse_recommended_ixs": [318, 339, 250, 418, 334, 464, 300, 460, 332, 404, 258, 319, 259, 302, 297, 370, 407, 473, 375, 431, 388, 438, 392, 488, 496, 369, 263, 425, 461, 251, 377, 270, 363, 285, 295, 376, 419, 398, 315, 304, 262, 255, 342, 384, 366, 280, 381, 414, 360, 456, 457, 386, 486, 391, 371, 296, 401, 378, 429, 335, 442, 444, 434, 368, 379, 323, 465, 272, 445, 440, 267, 410, 422, 416, 361, 362, 455, 344, 417, 374, 350, 364, 358, 493, 462, 326, 357, 424, 485, 278, 435, 430, 477, 467, 498, 314, 415, 411, 320, 316], "perc_recomm_found": 1.0, "gamma": 0.75, "eta": 0.75, "gamma_obs": 0.15000000596046448, "gamma_obs_pre": 0.09000000357627869, "eta_obs": 1.0, "costs": [1.0, 1.0, 1.0], "lbd": 100.0, "thresh": 0.5, "r_type": "individualized", "t_type": "acceptance", "eta_obs_individualized": NaN, "eta_obs_refits_batch0_mean": 0.9760000109672546, "model_score": 0.848, "model_f1": 0.8492063492063493, "model_refits_batch0_scores": [0.852, 0.848, 0.864, 0.84, 0.852], "model_refits_batch0_f1s": [0.8549019607843137, 0.8503937007874016, 0.8682170542635659, 0.8360655737704918, 0.8593155893536122], "model_coef": [[0.011319020608302553, -0.4655821875182411, 1.183147022904338], [-0.6228395093025708]]}