{"accuracy_pre": 0.8, "accuracy_post": 0.41, "recourse_seeking_ixs": [885, 502, 864, 587, 766, 951, 702, 639, 509, 758, 996, 673, 611, 979, 901, 689, 743, 731, 893, 732, 967, 714, 664, 994, 953, 784, 927, 596, 603, 795, 975, 937, 791, 761, 846, 824, 855, 938, 802, 982, 962, 724, 946, 676, 598, 560, 858, 941, 745, 851, 952, 547, 873, 613, 690, 948, 631, 668, 721, 681, 537, 642, 677, 760, 814, 904, 911, 686, 779, 878, 739, 512, 862, 786, 679, 602, 538, 520, 744, 942, 657, 770, 636, 610, 707, 934, 748, 590, 722, 853, 583, 789, 735, 540, 619, 703, 506, 886, 840, 755], "recourse_recommended_ixs": [885, 502, 864, 587, 766, 951, 702, 639, 509, 758, 996, 673, 611, 979, 901, 689, 743, 731, 893, 732, 967, 714, 664, 994, 953, 784, 927, 596, 603, 795, 975, 937, 791, 761, 846, 824, 855, 938, 802, 982, 962, 724, 946, 676, 598, 560, 858, 941, 745, 851, 952, 547, 873, 613, 690, 948, 631, 668, 721, 681, 537, 642, 677, 760, 814, 904, 911, 686, 779, 878, 739, 512, 862, 786, 679, 602, 538, 520, 744, 942, 657, 770, 636, 610, 707, 934, 748, 590, 722, 853, 583, 789, 735, 540, 619, 703, 506, 886, 840, 755], "perc_recomm_found": 1.0, "gamma": 0.75, "eta": 0.75, "gamma_obs": 0.27000001072883606, "gamma_obs_pre": 0.20000000298023224, "eta_obs": 0.98, "costs": [1.0, 1.0, 1.0], "lbd": 300.0, "thresh": 0.5, "r_type": "subpopulation", "t_type": "acceptance", "eta_obs_individualized": NaN, "eta_obs_refits_batch0_mean": 0.5, "model_score": 0.808, "model_f1": 0.8455598455598455, "model_refits_batch0_scores": [0.794, 0.788, 0.784, 0.8, 0.806], "model_refits_batch0_f1s": [0.7632183908045977, 0.7644444444444445, 0.742857142857143, 0.7641509433962264, 0.7820224719101123], "model_coef": NaN}