{"accuracy_pre": 1.0, "accuracy_post": 0.59, "recourse_seeking_ixs": [1281, 1127, 1020, 1642, 1299, 1568, 1529, 1978, 1374, 1288, 1361, 1956, 1044, 1276, 1144, 1338, 1961, 1958, 1391, 1371, 1981, 1141, 1581, 1007, 1733, 1851, 1384, 1923, 1295, 1005, 1665, 1193, 1158, 1322, 1594, 1507, 1889, 1096, 1905, 1074, 1538, 1337, 1260, 1513, 1286, 1634, 1881, 1146, 1244, 1324, 1420, 1804, 1907, 1561, 1453, 1226, 1359, 1466, 1700, 1776, 1821, 1906, 1245, 1006, 1379, 1579, 1701, 1280, 1309, 1903, 1805, 1520, 1443, 1002, 1864, 1345, 1356, 1323, 1170, 1296, 1106, 1868, 1256, 1094, 1282, 1973, 1450, 1047, 1869, 1474, 1362, 1483, 1344, 1951, 1065, 1128, 1496, 1171, 1565, 1218], "recourse_recommended_ixs": [1281, 1127, 1020, 1642, 1299, 1568, 1529, 1978, 1374, 1288, 1361, 1956, 1044, 1276, 1144, 1338, 1961, 1958, 1391, 1371, 1981, 1141, 1581, 1007, 1733, 1851, 1384, 1923, 1295, 1005, 1665, 1193, 1158, 1322, 1594, 1507, 1889, 1096, 1905, 1074, 1538, 1337, 1260, 1513, 1286, 1634, 1881, 1146, 1244, 1324, 1420, 1804, 1907, 1561, 1453, 1226, 1359, 1466, 1700, 1776, 1821, 1906, 1245, 1006, 1379, 1579, 1701, 1280, 1309, 1903, 1805, 1520, 1443, 1002, 1864, 1345, 1356, 1323, 1170, 1296, 1106, 1868, 1256, 1094, 1282, 1973, 1450, 1047, 1869, 1474, 1362, 1483, 1344, 1951, 1065, 1128, 1496, 1171, 1565, 1218], "perc_recomm_found": 1.0, "gamma": 0.75, "eta": 0.75, "gamma_obs": 0.5899999737739563, "gamma_obs_pre": 0.0, "eta_obs": 1.0, "costs": [1.0, 1.0, 1.0], "lbd": 150.0, "thresh": 0.5, "r_type": "individualized", "t_type": "acceptance", "eta_obs_individualized": NaN, "eta_obs_refits_batch0_mean": 0.9899999499320984, "model_score": 0.985, "model_f1": 1.0, "model_refits_batch0_scores": [1.0, 1.0, 0.999, 0.997, 1.0], "model_refits_batch0_f1s": [1.0, 1.0, 0.9989929506545822, 0.9969909729187563, 1.0], "model_coef": NaN}