{"accuracy_pre": 0.93, "accuracy_post": 0.35, "recourse_seeking_ixs": [628, 710, 621, 742, 811, 973, 663, 741, 865, 545, 947, 786, 612, 755, 649, 564, 590, 662, 640, 847, 529, 756, 897, 713, 609, 906, 706, 814, 885, 667, 702, 769, 968, 834, 759, 625, 956, 763, 617, 646, 762, 995, 874, 536, 507, 856, 774, 925, 549, 832, 808, 991, 988, 541, 563, 610, 816, 886, 772, 966, 530, 723, 877, 858, 863, 940, 544, 889, 817, 793, 517, 500, 836, 567, 551, 652, 503, 569, 987, 992, 729, 552, 820, 802, 823, 679, 642, 859, 592, 690, 784, 761, 733, 688, 778, 714, 584, 704, 626, 993], "recourse_recommended_ixs": [628, 710, 621, 742, 811, 973, 663, 741, 865, 545, 947, 786, 612, 755, 649, 564, 590, 662, 640, 847, 529, 756, 897, 713, 609, 906, 706, 814, 885, 667, 702, 769, 968, 834, 759, 625, 956, 763, 617, 646, 762, 995, 874, 536, 507, 856, 774, 925, 549, 832, 808, 991, 988, 541, 563, 610, 816, 886, 772, 966, 530, 723, 877, 858, 863, 940, 544, 889, 817, 793, 517, 500, 836, 567, 551, 652, 503, 569, 987, 992, 729, 552, 820, 802, 823, 679, 642, 859, 592, 690, 784, 761, 733, 688, 778, 714, 584, 704, 626, 993], "perc_recomm_found": 1.0, "gamma": 0.75, "eta": 0.75, "gamma_obs": 0.3499999940395355, "gamma_obs_pre": 0.07000000029802322, "eta_obs": 1.0, "costs": [1.0, 1.0, 1.0], "lbd": 300.0, "thresh": 0.5, "r_type": "individualized", "t_type": "acceptance", "eta_obs_individualized": NaN, "eta_obs_refits_batch0_mean": 0.3199999928474426, "model_score": 0.73, "model_f1": 0.8209255533199195, "model_refits_batch0_scores": [0.848, 0.852, 0.822, 0.838, 0.836], "model_refits_batch0_f1s": [0.8396624472573839, 0.8445378151260504, 0.8086021505376344, 0.8258064516129033, 0.8270042194092827], "model_coef": NaN}