{"accuracy_pre": 1.0, "accuracy_post": 1.0, "recourse_seeking_ixs": [1547, 1881, 1542, 1110, 1006, 1139, 1225, 1426, 1291, 1008, 1412, 1704, 1845, 1941, 1814, 1272, 1184, 1410, 1587, 1349, 1757, 1117, 1483, 1070, 1901, 1082, 1708, 1888, 1637, 1083, 1172, 1946, 1100, 1875, 1493, 1217, 1336, 1697, 1657, 1046, 1260, 1384, 1185, 1422, 1162, 1516, 1171, 1804, 1978, 1433, 1643, 1554, 1059, 1005, 1603, 1164, 1865, 1263, 1676, 1833, 1468, 1094, 1013, 1063, 1418, 1521, 1102, 1982, 1457, 1563, 1429, 1680, 1582, 1036, 1354, 1864, 1105, 1028, 1038, 1041, 1855, 1555, 1091, 1661, 1113, 1895, 1262, 1319, 1003, 1841, 1862, 1305, 1229, 1691, 1536, 1127, 1824, 1243, 1759, 1290], "recourse_recommended_ixs": [1547, 1881, 1542, 1110, 1006, 1139, 1225, 1426, 1291, 1008, 1412, 1704, 1845, 1941, 1814, 1272, 1184, 1410, 1587, 1349, 1757, 1117, 1483, 1070, 1901, 1082, 1708, 1888, 1637, 1083, 1172, 1946, 1100, 1875, 1493, 1217, 1336, 1697, 1657, 1046, 1260, 1384, 1185, 1422, 1162, 1516, 1171, 1804, 1978, 1433, 1643, 1554, 1059, 1005, 1603, 1164, 1865, 1263, 1676, 1833, 1468, 1094, 1013, 1063, 1418, 1521, 1102, 1982, 1457, 1563, 1429, 1680, 1582, 1036, 1354, 1864, 1105, 1028, 1038, 1041, 1855, 1555, 1091, 1661, 1113, 1895, 1262, 1319, 1003, 1841, 1862, 1305, 1229, 1691, 1536, 1127, 1824, 1243, 1759, 1290], "perc_recomm_found": 1.0, "gamma": 0.75, "eta": 0.75, "gamma_obs": 1.0, "gamma_obs_pre": 0.0, "eta_obs": 1.0, "costs": [1.0, 1.0, 1.0], "lbd": 150.0, "thresh": 0.5, "r_type": "individualized", "t_type": "acceptance", "eta_obs_individualized": NaN, "eta_obs_refits_batch0_mean": 0.6639999151229858, "model_score": 0.996, "model_f1": 0.9979508196721312, "model_refits_batch0_scores": [1.0, 0.996, 1.0, 0.996, 0.998], "model_refits_batch0_f1s": [1.0, 0.9959100204498978, 1.0, 0.9959100204498978, 0.9979591836734694], "model_coef": [[2.1650913559683787, 2.7063642005291455, 5.087964699962023], [0.0330270914912409]]}