{"accuracy_pre": 1.0, "accuracy_post": 1.0, "recourse_seeking_ixs": [1244, 1947, 1859, 1533, 1777, 1507, 1199, 1952, 1222, 1550, 1259, 1781, 1873, 1704, 1025, 1128, 1305, 1288, 1762, 1332, 1627, 1276, 1942, 1151, 1977, 1307, 1008, 1034, 1385, 1779, 1470, 1746, 1369, 1193, 1602, 1255, 1983, 1053, 1628, 1951, 1214, 1491, 1241, 1014, 1333, 1959, 1560, 1230, 1681, 1683, 1668, 1235, 1466, 1099, 1146, 1443, 1593, 1992, 1934, 1981, 1624, 1629, 1818, 1331, 1731, 1958, 1220, 1295, 1006, 1776, 1449, 1361, 1659, 1931, 1322, 1154, 1084, 1911, 1299, 1460, 1733, 1903, 1298, 1531, 1344, 1030, 1906, 1488, 1689, 1685, 1482, 1236, 1968, 1293, 1652, 1894, 1581, 1542, 1708, 1452], "recourse_recommended_ixs": [1244, 1947, 1859, 1533, 1777, 1507, 1199, 1952, 1222, 1550, 1259, 1781, 1873, 1704, 1025, 1128, 1305, 1288, 1762, 1332, 1627, 1276, 1942, 1151, 1977, 1307, 1008, 1034, 1385, 1779, 1470, 1746, 1369, 1193, 1602, 1255, 1983, 1053, 1628, 1951, 1214, 1491, 1241, 1014, 1333, 1959, 1560, 1230, 1681, 1683, 1668, 1235, 1466, 1099, 1146, 1443, 1593, 1992, 1934, 1981, 1624, 1629, 1818, 1331, 1731, 1958, 1220, 1295, 1006, 1776, 1449, 1361, 1659, 1931, 1322, 1154, 1084, 1911, 1299, 1460, 1733, 1903, 1298, 1531, 1344, 1030, 1906, 1488, 1689, 1685, 1482, 1236, 1968, 1293, 1652, 1894, 1581, 1542, 1708, 1452], "perc_recomm_found": 1.0, "gamma": 0.95, "eta": 0.95, "gamma_obs": 1.0, "gamma_obs_pre": 0.0, "eta_obs": 1.0, "costs": [1.0, 1.0, 1.0], "lbd": 150.0, "thresh": 0.5, "r_type": "subpopulation", "t_type": "improvement", "eta_obs_individualized": NaN, "eta_obs_refits_batch0_mean": 1.0, "model_score": 0.883, "model_f1": 0.9916317991631798, "model_refits_batch0_scores": [0.996, 0.999, 0.996, 0.998, 0.993], "model_refits_batch0_f1s": [0.995967741935484, 0.9989929506545822, 0.9959919839679359, 0.9979919678714859, 0.993006993006993], "model_coef": NaN}