{"accuracy_pre": 0.9, "accuracy_post": 0.97, "recourse_seeking_ixs": [785, 572, 763, 821, 937, 728, 617, 732, 926, 912, 645, 799, 704, 837, 943, 741, 556, 558, 976, 735, 584, 776, 654, 801, 796, 914, 909, 686, 960, 973, 954, 555, 823, 921, 994, 628, 842, 723, 550, 880, 681, 990, 737, 868, 760, 727, 803, 883, 923, 519, 547, 902, 538, 701, 739, 625, 616, 746, 969, 668, 638, 507, 777, 773, 596, 967, 718, 865, 847, 544, 640, 637, 684, 901, 655, 890, 852, 831, 977, 622, 984, 762, 944, 713, 964, 712, 755, 743, 905, 946, 522, 597, 893, 854, 602, 764, 521, 793, 679, 886], "recourse_recommended_ixs": [785, 572, 763, 821, 937, 728, 617, 732, 926, 912, 645, 799, 704, 837, 943, 741, 556, 558, 976, 735, 584, 776, 654, 801, 796, 914, 909, 686, 960, 973, 954, 555, 823, 921, 994, 628, 842, 723, 550, 880, 681, 990, 737, 868, 760, 727, 803, 883, 923, 519, 547, 902, 538, 701, 739, 625, 616, 746, 969, 668, 638, 507, 777, 773, 596, 967, 718, 865, 847, 544, 640, 637, 684, 901, 655, 890, 852, 831, 977, 622, 984, 762, 944, 713, 964, 712, 755, 743, 905, 946, 522, 597, 893, 854, 602, 764, 521, 793, 679, 886], "perc_recomm_found": 1.0, "gamma": 0.95, "eta": 0.95, "gamma_obs": 0.9700000286102295, "gamma_obs_pre": 0.10000000149011612, "eta_obs": 1.0, "costs": [1.0, 1.0], "lbd": 300.0, "thresh": 0.5, "r_type": "subpopulation", "t_type": "improvement", "eta_obs_individualized": NaN, "eta_obs_refits_batch0_mean": 0.9940000772476196, "model_score": 0.868, "model_f1": 0.8910505836575875, "model_refits_batch0_scores": [0.818, 0.816, 0.806, 0.824, 0.83], "model_refits_batch0_f1s": [0.7838479809976248, 0.7819905213270142, 0.762836185819071, 0.7914691943127962, 0.8081264108352144], "model_coef": NaN}