{"accuracy_pre": 0.81, "accuracy_post": 0.32, "recourse_seeking_ixs": [517, 545, 876, 893, 714, 513, 656, 594, 888, 874, 709, 966, 976, 829, 609, 913, 946, 749, 507, 825, 779, 698, 959, 944, 702, 729, 915, 502, 566, 665, 534, 573, 815, 659, 515, 899, 964, 746, 904, 585, 635, 703, 927, 716, 671, 802, 852, 782, 770, 577, 530, 989, 590, 514, 606, 634, 704, 781, 853, 610, 826, 838, 543, 516, 628, 774, 687, 550, 936, 791, 569, 837, 541, 722, 565, 540, 667, 972, 613, 728, 948, 568, 981, 701, 679, 816, 926, 806, 539, 943, 642, 720, 846, 795, 741, 522, 721, 658, 750, 777], "recourse_recommended_ixs": [517, 545, 876, 893, 714, 513, 656, 594, 888, 874, 709, 966, 976, 829, 609, 913, 946, 749, 507, 825, 779, 698, 959, 944, 702, 729, 915, 502, 566, 665, 534, 573, 815, 659, 515, 899, 964, 746, 904, 585, 635, 703, 927, 716, 671, 802, 852, 782, 770, 577, 530, 989, 590, 514, 606, 634, 704, 781, 853, 610, 826, 838, 543, 516, 628, 774, 687, 550, 936, 791, 569, 837, 541, 722, 565, 540, 667, 972, 613, 728, 948, 568, 981, 701, 679, 816, 926, 806, 539, 943, 642, 720, 846, 795, 741, 522, 721, 658, 750, 777], "perc_recomm_found": 1.0, "gamma": 0.75, "eta": 0.75, "gamma_obs": 0.27000001072883606, "gamma_obs_pre": 0.1899999976158142, "eta_obs": 0.89, "costs": [1.0, 1.0, 1.0], "lbd": 300.0, "thresh": 0.5, "r_type": "individualized", "t_type": "counterfactual", "eta_obs_individualized": NaN, "eta_obs_refits_batch0_mean": 0.36799997091293335, "model_score": 0.86, "model_f1": 0.8333333333333334, "model_refits_batch0_scores": [0.854, 0.858, 0.832, 0.844, 0.848], "model_refits_batch0_f1s": [0.8450106157112527, 0.8473118279569892, 0.8242677824267782, 0.8374999999999999, 0.8442622950819672], "model_coef": NaN}