{"accuracy_pre": 1.0, "accuracy_post": 1.0, "recourse_seeking_ixs": [1244, 1945, 1858, 1533, 1776, 1507, 1199, 1951, 1222, 1550, 1259, 1779, 1869, 1700, 1025, 1128, 1305, 1288, 1761, 1332, 1627, 1276, 1937, 1151, 1977, 1307, 1008, 1034, 1385, 1777, 1470, 1744, 1369, 1193, 1602, 1255, 1983, 1053, 1628, 1947, 1214, 1491, 1241, 1014, 1333, 1958, 1560, 1230, 1680, 1681, 1666, 1235, 1466, 1099, 1146, 1443, 1593, 1992, 1933, 1981, 1624, 1629, 1809, 1331, 1724, 1954, 1220, 1295, 1006, 1772, 1449, 1361, 1655, 1930, 1322, 1154, 1084, 1907, 1299, 1460, 1731, 1902, 1298, 1531, 1344, 1030, 1905, 1488, 1688, 1684, 1482, 1236, 1968, 1293, 1651, 1890, 1581, 1542, 1704, 1452], "recourse_recommended_ixs": [1244, 1945, 1858, 1533, 1776, 1507, 1199, 1951, 1222, 1550, 1259, 1779, 1869, 1700, 1025, 1128, 1305, 1288, 1761, 1332, 1627, 1276, 1937, 1151, 1977, 1307, 1008, 1034, 1385, 1777, 1470, 1744, 1369, 1193, 1602, 1255, 1983, 1053, 1628, 1947, 1214, 1491, 1241, 1014, 1333, 1958, 1560, 1230, 1680, 1681, 1666, 1235, 1466, 1099, 1146, 1443, 1593, 1992, 1933, 1981, 1624, 1629, 1809, 1331, 1724, 1954, 1220, 1295, 1006, 1772, 1449, 1361, 1655, 1930, 1322, 1154, 1084, 1907, 1299, 1460, 1731, 1902, 1298, 1531, 1344, 1030, 1905, 1488, 1688, 1684, 1482, 1236, 1968, 1293, 1651, 1890, 1581, 1542, 1704, 1452], "perc_recomm_found": 1.0, "gamma": 0.75, "eta": 0.75, "gamma_obs": 1.0, "gamma_obs_pre": 0.0, "eta_obs": 1.0, "costs": [1.0, 1.0, 1.0], "lbd": 150.0, "thresh": 0.5, "r_type": "individualized", "t_type": "improvement", "eta_obs_individualized": 1.0, "eta_obs_refits_batch0_mean": 1.0, "model_score": 0.876, "model_f1": 0.9937369519832986, "model_refits_batch0_scores": [0.999, 0.995, 0.999, 0.997, 1.0], "model_refits_batch0_f1s": [0.9989929506545822, 0.9949443882709809, 0.9989929506545822, 0.9969727547931382, 1.0], "model_coef": NaN}