{"accuracy_pre": 0.89, "accuracy_post": 0.89, "recourse_seeking_ixs": [548, 885, 662, 824, 566, 735, 632, 844, 599, 829, 663, 857, 943, 646, 724, 748, 832, 941, 739, 511, 877, 520, 547, 536, 820, 518, 546, 821, 707, 615, 806, 818, 980, 657, 690, 689, 804, 571, 625, 565, 868, 578, 594, 601, 778, 871, 750, 772, 830, 801, 990, 746, 966, 670, 570, 808, 740, 970, 660, 760, 654, 588, 836, 737, 959, 669, 936, 676, 977, 542, 951, 603, 909, 870, 733, 838, 800, 798, 699, 713, 799, 903, 742, 629, 802, 503, 665, 574, 907, 586, 904, 618, 633, 975, 978, 757, 636, 722, 863, 961], "recourse_recommended_ixs": [548, 885, 662, 824, 566, 735, 632, 844, 599, 829, 663, 857, 943, 646, 724, 748, 832, 941, 739, 511, 877, 520, 547, 536, 820, 518, 546, 821, 707, 615, 806, 818, 980, 657, 690, 689, 804, 571, 625, 565, 868, 578, 594, 601, 778, 871, 750, 772, 830, 801, 990, 746, 966, 670, 570, 808, 740, 970, 660, 760, 654, 588, 836, 737, 959, 669, 936, 676, 977, 542, 951, 603, 909, 870, 733, 838, 800, 798, 699, 713, 799, 903, 742, 629, 802, 503, 665, 574, 907, 586, 904, 618, 633, 975, 978, 757, 636, 722, 863, 961], "perc_recomm_found": 1.0, "gamma": 0.95, "eta": 0.95, "gamma_obs": 0.8899999856948853, "gamma_obs_pre": 0.10999999940395355, "eta_obs": 1.0, "costs": [1.0, 1.0], "lbd": 300.0, "thresh": 0.5, "r_type": "subpopulation", "t_type": "improvement", "eta_obs_individualized": NaN, "eta_obs_refits_batch0_mean": 1.0, "model_score": 0.826, "model_f1": 0.8187633262260128, "model_refits_batch0_scores": [0.828, 0.828, 0.794, 0.826, 0.834], "model_refits_batch0_f1s": [0.8027522935779817, 0.8063063063063063, 0.7518072289156627, 0.7962529274004684, 0.814317673378076], "model_coef": [[0.17212440209313498, 0.30563951578550236, 0.8015383947950182], [-0.48917069650178224]]}