{"accuracy_pre": 0.98, "accuracy_post": 1.0, "recourse_seeking_ixs": [1057, 1709, 1404, 1911, 1708, 1594, 1186, 1119, 1412, 1132, 1324, 1193, 1237, 1983, 1841, 1205, 1588, 1737, 1928, 1852, 1145, 1788, 1540, 1629, 1806, 1460, 1427, 1953, 1649, 1987, 1372, 1899, 1861, 1150, 1560, 1189, 1452, 1446, 1340, 1638, 1391, 1627, 1564, 1176, 1930, 1082, 1438, 1034, 1574, 1770, 1070, 1238, 1285, 1420, 1400, 1382, 1605, 1213, 1030, 1771, 1387, 1468, 1587, 1929, 1856, 1356, 1900, 1231, 1618, 1484, 1233, 1921, 1431, 1593, 1054, 1385, 1467, 1652, 1993, 1289, 1977, 1143, 1320, 1725, 1363, 1733, 1472, 1100, 1816, 1274, 1426, 1906, 1571, 1884, 1660, 1971, 1519, 1922, 1723, 1168], "recourse_recommended_ixs": [1057, 1709, 1404, 1911, 1708, 1594, 1186, 1119, 1412, 1132, 1324, 1193, 1237, 1983, 1841, 1205, 1588, 1737, 1928, 1852, 1145, 1788, 1540, 1629, 1806, 1460, 1427, 1953, 1649, 1987, 1372, 1899, 1861, 1150, 1560, 1189, 1452, 1446, 1340, 1638, 1391, 1627, 1564, 1176, 1930, 1082, 1438, 1034, 1574, 1770, 1070, 1238, 1285, 1420, 1400, 1382, 1605, 1213, 1030, 1771, 1387, 1468, 1587, 1929, 1856, 1356, 1900, 1231, 1618, 1484, 1233, 1921, 1431, 1593, 1054, 1385, 1467, 1652, 1993, 1289, 1977, 1143, 1320, 1725, 1363, 1733, 1472, 1100, 1816, 1274, 1426, 1906, 1571, 1884, 1660, 1971, 1519, 1922, 1723, 1168], "perc_recomm_found": 1.0, "gamma": 0.95, "eta": 0.95, "gamma_obs": 1.0, "gamma_obs_pre": 0.019999999552965164, "eta_obs": 1.0, "costs": [1.0, 1.0], "lbd": 150.0, "thresh": 0.5, "r_type": "subpopulation", "t_type": "improvement", "eta_obs_individualized": NaN, "eta_obs_refits_batch0_mean": 1.0, "model_score": 0.992, "model_f1": 0.9990167158308751, "model_refits_batch0_scores": [0.998, 0.998, 1.0, 0.994, 0.996], "model_refits_batch0_f1s": [0.99800796812749, 0.99800796812749, 1.0, 0.9939999999999999, 0.9960079840319361], "model_coef": NaN}