{"accuracy_pre": 0.81, "accuracy_post": 0.39, "recourse_seeking_ixs": [770, 997, 648, 882, 994, 656, 551, 521, 691, 900, 921, 953, 960, 886, 577, 549, 718, 924, 992, 990, 702, 983, 637, 897, 731, 977, 622, 746, 557, 913, 616, 638, 777, 838, 943, 534, 597, 615, 686, 690, 967, 555, 860, 920, 966, 764, 776, 520, 510, 663, 779, 821, 766, 973, 874, 758, 511, 847, 757, 814, 818, 901, 739, 947, 954, 712, 633, 735, 668, 632, 572, 831, 727, 513, 605, 599, 571, 654, 728, 851, 607, 783, 861, 964, 617, 684, 681, 576, 613, 995, 509, 773, 801, 593, 969, 533, 508, 672, 569, 823], "recourse_recommended_ixs": [770, 997, 648, 882, 994, 656, 551, 521, 691, 900, 921, 953, 960, 886, 577, 549, 718, 924, 992, 990, 702, 983, 637, 897, 731, 977, 622, 746, 557, 913, 616, 638, 777, 838, 943, 534, 597, 615, 686, 690, 967, 555, 860, 920, 966, 764, 776, 520, 510, 663, 779, 821, 766, 973, 874, 758, 511, 847, 757, 814, 818, 901, 739, 947, 954, 712, 633, 735, 668, 632, 572, 831, 727, 513, 605, 599, 571, 654, 728, 851, 607, 783, 861, 964, 617, 684, 681, 576, 613, 995, 509, 773, 801, 593, 969, 533, 508, 672, 569, 823], "perc_recomm_found": 1.0, "gamma": 0.75, "eta": 0.75, "gamma_obs": 0.3799999952316284, "gamma_obs_pre": 0.1899999976158142, "eta_obs": 0.99, "costs": [1.0, 1.0, 1.0], "lbd": 300.0, "thresh": 0.5, "r_type": "individualized", "t_type": "acceptance", "eta_obs_individualized": NaN, "eta_obs_refits_batch0_mean": 0.41999998688697815, "model_score": 0.868, "model_f1": 0.8910505836575875, "model_refits_batch0_scores": [0.818, 0.816, 0.806, 0.824, 0.83], "model_refits_batch0_f1s": [0.7838479809976248, 0.7819905213270142, 0.762836185819071, 0.7914691943127962, 0.8081264108352144], "model_coef": NaN}