{"accuracy_pre": 1.0, "accuracy_post": 0.39, "recourse_seeking_ixs": [1165, 1194, 1483, 1239, 1889, 1741, 1304, 1158, 1883, 1428, 1278, 1248, 1838, 1422, 1937, 1296, 1724, 1900, 1012, 1554, 1313, 1089, 1326, 1578, 1240, 1488, 1981, 1357, 1459, 1896, 1739, 1602, 1145, 1593, 1053, 1683, 1680, 1859, 1010, 1693, 1453, 1549, 1858, 1011, 1295, 1622, 1093, 1579, 1293, 1289, 1796, 1034, 1612, 1531, 1106, 1717, 1960, 1114, 1969, 1201, 1642, 1084, 1222, 1398, 1529, 1903, 1777, 1008, 1057, 1947, 1820, 1284, 1542, 1546, 1437, 1111, 1873, 1301, 1513, 1288, 1245, 1998, 1049, 1415, 1759, 1916, 1216, 1689, 1590, 1687, 1627, 1316, 1823, 1235, 1704, 1373, 1829, 1253, 1005, 1193], "recourse_recommended_ixs": [1165, 1194, 1483, 1239, 1889, 1741, 1304, 1158, 1883, 1428, 1278, 1248, 1838, 1422, 1937, 1296, 1724, 1900, 1012, 1554, 1313, 1089, 1326, 1578, 1240, 1488, 1981, 1357, 1459, 1896, 1739, 1602, 1145, 1593, 1053, 1683, 1680, 1859, 1010, 1693, 1453, 1549, 1858, 1011, 1295, 1622, 1093, 1579, 1293, 1289, 1796, 1034, 1612, 1531, 1106, 1717, 1960, 1114, 1969, 1201, 1642, 1084, 1222, 1398, 1529, 1903, 1777, 1008, 1057, 1947, 1820, 1284, 1542, 1546, 1437, 1111, 1873, 1301, 1513, 1288, 1245, 1998, 1049, 1415, 1759, 1916, 1216, 1689, 1590, 1687, 1627, 1316, 1823, 1235, 1704, 1373, 1829, 1253, 1005, 1193], "perc_recomm_found": 1.0, "gamma": 0.75, "eta": 0.75, "gamma_obs": 1.0, "gamma_obs_pre": 0.0, "eta_obs": 0.76, "costs": [1.0, 1.0, 1.0], "lbd": 150.0, "thresh": 0.5, "r_type": "subpopulation", "t_type": "acceptance", "eta_obs_individualized": NaN, "eta_obs_refits_batch0_mean": 0.5720000267028809, "model_score": 0.795, "model_f1": 0.9926701570680629, "model_refits_batch0_scores": [0.996, 0.999, 0.996, 0.998, 0.993], "model_refits_batch0_f1s": [0.995967741935484, 0.9989929506545822, 0.9959919839679359, 0.9979919678714859, 0.993006993006993], "model_coef": NaN}