{"accuracy_pre": 0.09, "accuracy_post": 0.75, "recourse_seeking_ixs": [1295, 1030, 1476, 1644, 1570, 1452, 1357, 1268, 1293, 1741, 1695, 1203, 1515, 1558, 1074, 1615, 1093, 1014, 1998, 1509, 1662, 1424, 1809, 1961, 1918, 1439, 1099, 1975, 1738, 1666, 1904, 1848, 1537, 1301, 1313, 1072, 1776, 1422, 1373, 1959, 1659, 1708, 1199, 1637, 1933, 1281, 1331, 1512, 1807, 1838, 1516, 1750, 1307, 1278, 1567, 1589, 1141, 1466, 1355, 1486, 1568, 1954, 1858, 1911, 1127, 1008, 1219, 1049, 1193, 1494, 1111, 1236, 1937, 1214, 1488, 1947, 1560, 1582, 1481, 1305, 1583, 1288, 1777, 1894, 1724, 1298, 1884, 1147, 1304, 1051, 1284, 1449, 1890, 1016, 1055, 1047, 1220, 1680, 1250, 1255], "recourse_recommended_ixs": [1295, 1030, 1476, 1644, 1570, 1452, 1357, 1268, 1293, 1741, 1695, 1203, 1515, 1558, 1074, 1615, 1093, 1014, 1998, 1509, 1662, 1424, 1809, 1961, 1918, 1439, 1099, 1975, 1738, 1666, 1904, 1848, 1537, 1301, 1313, 1072, 1776, 1422, 1373, 1959, 1659, 1708, 1199, 1637, 1933, 1281, 1331, 1512, 1807, 1838, 1516, 1750, 1307, 1278, 1567, 1589, 1141, 1466, 1355, 1486, 1568, 1954, 1858, 1911, 1127, 1008, 1219, 1049, 1193, 1494, 1111, 1236, 1937, 1214, 1488, 1947, 1560, 1582, 1481, 1305, 1583, 1288, 1777, 1894, 1724, 1298, 1884, 1147, 1304, 1051, 1284, 1449, 1890, 1016, 1055, 1047, 1220, 1680, 1250, 1255], "perc_recomm_found": 1.0, "gamma": 0.75, "eta": 0.75, "gamma_obs": 1.0, "gamma_obs_pre": 0.9100000262260437, "eta_obs": 0.75, "costs": [1.0, 1.0], "lbd": 150.0, "thresh": 0.5, "r_type": "subpopulation", "t_type": "improvement", "eta_obs_individualized": NaN, "eta_obs_refits_batch0_mean": 0.7799999713897705, "model_score": 0.149, "model_f1": 0.9967637540453074, "model_refits_batch0_scores": [0.998, 0.998, 0.998, 0.998, 0.998], "model_refits_batch0_f1s": [0.9979879275653923, 0.9979879275653923, 0.9979879275653923, 0.9979879275653923, 0.9979879275653923], "model_coef": NaN}