{"accuracy_pre": 1.0, "accuracy_post": 1.0, "recourse_seeking_ixs": [1602, 1439, 1858, 1742, 1562, 1730, 1109, 1581, 1179, 1685, 1622, 1014, 1559, 1131, 1288, 1683, 1843, 1856, 1743, 1147, 1000, 1714, 1845, 1126, 1542, 1096, 1089, 1240, 1241, 1127, 1453, 1267, 1409, 1518, 1062, 1005, 1323, 1474, 1840, 1762, 1211, 1259, 1190, 1047, 1002, 1883, 1434, 1157, 1146, 1348, 1561, 1093, 1015, 1280, 1384, 1405, 1904, 1758, 1250, 1655, 1744, 1479, 1900, 1910, 1556, 1295, 1761, 1538, 1199, 1331, 1829, 1031, 1965, 1372, 1996, 1930, 1750, 1701, 1879, 1371, 1398, 1902, 1074, 1144, 1464, 1351, 1896, 1094, 1373, 1020, 1578, 1859, 1992, 1034, 1072, 1980, 1500, 1476, 1344, 1572], "recourse_recommended_ixs": [1602, 1439, 1858, 1742, 1562, 1730, 1109, 1581, 1179, 1685, 1622, 1014, 1559, 1131, 1288, 1683, 1843, 1856, 1743, 1147, 1000, 1714, 1845, 1126, 1542, 1096, 1089, 1240, 1241, 1127, 1453, 1267, 1409, 1518, 1062, 1005, 1323, 1474, 1840, 1762, 1211, 1259, 1190, 1047, 1002, 1883, 1434, 1157, 1146, 1348, 1561, 1093, 1015, 1280, 1384, 1405, 1904, 1758, 1250, 1655, 1744, 1479, 1900, 1910, 1556, 1295, 1761, 1538, 1199, 1331, 1829, 1031, 1965, 1372, 1996, 1930, 1750, 1701, 1879, 1371, 1398, 1902, 1074, 1144, 1464, 1351, 1896, 1094, 1373, 1020, 1578, 1859, 1992, 1034, 1072, 1980, 1500, 1476, 1344, 1572], "perc_recomm_found": 1.0, "gamma": 0.95, "eta": 0.95, "gamma_obs": 1.0, "gamma_obs_pre": 0.0, "eta_obs": 1.0, "costs": [1.0, 1.0, 1.0], "lbd": 150.0, "thresh": 0.5, "r_type": "individualized", "t_type": "improvement", "eta_obs_individualized": 1.0, "eta_obs_refits_batch0_mean": 1.0, "model_score": 0.929, "model_f1": 0.9947862356621481, "model_refits_batch0_scores": [0.999, 0.995, 0.999, 0.997, 1.0], "model_refits_batch0_f1s": [0.9989929506545822, 0.9949443882709809, 0.9989929506545822, 0.9969727547931382, 1.0], "model_coef": NaN}