{"accuracy_pre": 1.0, "accuracy_post": 0.63, "recourse_seeking_ixs": [1733, 1606, 1579, 1947, 1507, 1692, 1374, 1036, 1115, 1608, 1333, 1345, 1231, 1456, 1422, 1443, 1840, 1973, 1369, 1003, 1099, 1934, 1966, 1030, 1201, 1218, 1668, 1546, 1594, 1286, 1560, 1356, 1704, 1845, 1772, 1533, 1194, 1729, 1959, 1688, 1242, 1828, 1743, 1229, 1008, 1391, 1072, 1683, 1440, 1157, 1098, 1259, 1020, 1612, 1588, 1230, 1731, 1996, 1993, 1590, 1044, 1034, 1448, 1501, 1602, 1570, 1520, 1455, 1528, 1903, 1171, 1592, 1802, 1049, 1804, 1305, 1353, 1273, 1938, 1956, 1805, 1219, 1119, 1720, 1033, 1768, 1510, 1490, 1623, 1267, 1025, 1839, 1384, 1223, 1750, 1246, 1744, 1276, 1048, 1796], "recourse_recommended_ixs": [1733, 1606, 1579, 1947, 1507, 1692, 1374, 1036, 1115, 1608, 1333, 1345, 1231, 1456, 1422, 1443, 1840, 1973, 1369, 1003, 1099, 1934, 1966, 1030, 1201, 1218, 1668, 1546, 1594, 1286, 1560, 1356, 1704, 1845, 1772, 1533, 1194, 1729, 1959, 1688, 1242, 1828, 1743, 1229, 1008, 1391, 1072, 1683, 1440, 1157, 1098, 1259, 1020, 1612, 1588, 1230, 1731, 1996, 1993, 1590, 1044, 1034, 1448, 1501, 1602, 1570, 1520, 1455, 1528, 1903, 1171, 1592, 1802, 1049, 1804, 1305, 1353, 1273, 1938, 1956, 1805, 1219, 1119, 1720, 1033, 1768, 1510, 1490, 1623, 1267, 1025, 1839, 1384, 1223, 1750, 1246, 1744, 1276, 1048, 1796], "perc_recomm_found": 1.0, "gamma": 0.75, "eta": 0.75, "gamma_obs": 0.9900000095367432, "gamma_obs_pre": 0.0, "eta_obs": 1.0, "costs": [1.0, 1.0, 1.0], "lbd": 150.0, "thresh": 0.5, "r_type": "individualized", "t_type": "acceptance", "eta_obs_individualized": NaN, "eta_obs_refits_batch0_mean": 0.7519999742507935, "model_score": 0.985, "model_f1": 0.9916317991631798, "model_refits_batch0_scores": [0.996, 0.999, 0.996, 0.998, 0.993], "model_refits_batch0_f1s": [0.995967741935484, 0.9989929506545822, 0.9959919839679359, 0.9979919678714859, 0.993006993006993], "model_coef": NaN}