{"accuracy_pre": 0.88, "accuracy_post": 0.75, "recourse_seeking_ixs": [861, 971, 859, 864, 934, 963, 838, 904, 547, 928, 839, 917, 528, 968, 819, 756, 952, 925, 704, 569, 597, 759, 575, 939, 649, 701, 788, 852, 584, 776, 685, 984, 596, 720, 651, 954, 849, 850, 880, 927, 622, 529, 693, 608, 699, 523, 501, 690, 778, 834, 752, 617, 749, 680, 663, 628, 777, 512, 800, 670, 851, 626, 679, 541, 799, 791, 973, 823, 893, 505, 717, 516, 558, 536, 769, 538, 525, 865, 677, 732, 806, 843, 763, 835, 771, 836, 537, 998, 514, 707, 661, 580, 883, 561, 734, 570, 504, 932, 549, 946], "recourse_recommended_ixs": [861, 971, 859, 864, 934, 963, 838, 904, 547, 928, 839, 917, 528, 968, 819, 756, 952, 925, 704, 569, 597, 759, 575, 939, 649, 701, 788, 852, 584, 776, 685, 984, 596, 720, 651, 954, 849, 850, 880, 927, 622, 529, 693, 608, 699, 523, 501, 690, 778, 834, 752, 617, 749, 680, 663, 628, 777, 512, 800, 670, 851, 626, 679, 541, 799, 791, 973, 823, 893, 505, 717, 516, 558, 536, 769, 538, 525, 865, 677, 732, 806, 843, 763, 835, 771, 836, 537, 998, 514, 707, 661, 580, 883, 561, 734, 570, 504, 932, 549, 946], "perc_recomm_found": 1.0, "gamma": 0.75, "eta": 0.75, "gamma_obs": 0.8500000238418579, "gamma_obs_pre": 0.11999999731779099, "eta_obs": 0.86, "costs": [1.0, 1.0, 1.0], "lbd": 300.0, "thresh": 0.5, "r_type": "subpopulation", "t_type": "improvement", "eta_obs_individualized": NaN, "eta_obs_refits_batch0_mean": 0.874000072479248, "model_score": 0.868, "model_f1": 0.8686868686868687, "model_refits_batch0_scores": [0.854, 0.858, 0.832, 0.844, 0.848], "model_refits_batch0_f1s": [0.8450106157112527, 0.8473118279569892, 0.8242677824267782, 0.8374999999999999, 0.8442622950819672], "model_coef": NaN}