{"accuracy_pre": 1.0, "accuracy_post": 1.0, "recourse_seeking_ixs": [1457, 1903, 1466, 1502, 1295, 1091, 1000, 1883, 1562, 1998, 1348, 1089, 1375, 1048, 1036, 1351, 1010, 1959, 1557, 1879, 1316, 1717, 1268, 1211, 1245, 1580, 1051, 1904, 1781, 1248, 1305, 1147, 1146, 1809, 1589, 1803, 1685, 1859, 1714, 1695, 1495, 1688, 1906, 1978, 1693, 1494, 1890, 1437, 1960, 1114, 1847, 1704, 1319, 1281, 1158, 1804, 1098, 1109, 1042, 1747, 1353, 1954, 1739, 1443, 1099, 1629, 1662, 1403, 1542, 1668, 1896, 1853, 1731, 1823, 1900, 1093, 1272, 1304, 1194, 1189, 1738, 1368, 1549, 1777, 1894, 1554, 1529, 1578, 1976, 1968, 1981, 1214, 1474, 1460, 1937, 1680, 1476, 1119, 1005, 1743], "recourse_recommended_ixs": [1457, 1903, 1466, 1502, 1295, 1091, 1000, 1883, 1562, 1998, 1348, 1089, 1375, 1048, 1036, 1351, 1010, 1959, 1557, 1879, 1316, 1717, 1268, 1211, 1245, 1580, 1051, 1904, 1781, 1248, 1305, 1147, 1146, 1809, 1589, 1803, 1685, 1859, 1714, 1695, 1495, 1688, 1906, 1978, 1693, 1494, 1890, 1437, 1960, 1114, 1847, 1704, 1319, 1281, 1158, 1804, 1098, 1109, 1042, 1747, 1353, 1954, 1739, 1443, 1099, 1629, 1662, 1403, 1542, 1668, 1896, 1853, 1731, 1823, 1900, 1093, 1272, 1304, 1194, 1189, 1738, 1368, 1549, 1777, 1894, 1554, 1529, 1578, 1976, 1968, 1981, 1214, 1474, 1460, 1937, 1680, 1476, 1119, 1005, 1743], "perc_recomm_found": 1.0, "gamma": 0.95, "eta": 0.95, "gamma_obs": 1.0, "gamma_obs_pre": 0.0, "eta_obs": 1.0, "costs": [1.0, 1.0, 1.0], "lbd": 150.0, "thresh": 0.5, "r_type": "individualized", "t_type": "acceptance", "eta_obs_individualized": NaN, "eta_obs_refits_batch0_mean": 0.9620000123977661, "model_score": 0.688, "model_f1": 0.9978813559322034, "model_refits_batch0_scores": [0.999, 0.997, 0.998, 0.999, 0.993], "model_refits_batch0_f1s": [0.9989949748743718, 0.9969727547931382, 0.9979919678714859, 0.9989929506545822, 0.993006993006993], "model_coef": [[2.0946568951974145, 2.6183211165157094, 4.922443678360561], [-0.014944425291116755]]}