{"accuracy_pre": 0.83, "accuracy_post": 0.75, "recourse_seeking_ixs": [254, 332, 325, 349, 491, 290, 368, 421, 356, 411, 285, 360, 438, 425, 481, 480, 428, 345, 391, 497, 444, 307, 358, 381, 324, 331, 436, 484, 486, 423, 469, 457, 397, 440, 446, 392, 301, 306, 341, 347, 458, 399, 460, 261, 433, 296, 395, 384, 251, 283, 413, 362, 380, 287, 344, 487, 320, 302, 250, 297, 316, 474, 437, 294, 390, 452, 450, 371, 276, 414, 475, 430, 343, 456, 422, 318, 465, 396, 402, 366, 472, 442, 354, 299, 363, 252, 266, 369, 435, 461, 348, 398, 269, 470, 459, 462, 268, 256, 464, 333], "recourse_recommended_ixs": [254, 332, 325, 349, 491, 290, 368, 421, 356, 411, 285, 360, 438, 425, 481, 480, 428, 345, 391, 497, 444, 307, 358, 381, 324, 331, 436, 484, 486, 423, 469, 457, 397, 440, 446, 392, 301, 306, 341, 347, 458, 399, 460, 261, 433, 296, 395, 384, 251, 283, 413, 362, 380, 287, 344, 487, 320, 302, 250, 297, 316, 474, 437, 294, 390, 452, 450, 371, 276, 414, 475, 430, 343, 456, 422, 318, 465, 396, 402, 366, 472, 442, 354, 299, 363, 252, 266, 369, 435, 461, 348, 398, 269, 470, 459, 462, 268, 256, 464, 333], "perc_recomm_found": 1.0, "gamma": 0.75, "eta": 0.75, "gamma_obs": 0.75, "gamma_obs_pre": 0.17000000178813934, "eta_obs": 0.9, "costs": [1.0, 1.0], "lbd": 100.0, "thresh": 0.5, "r_type": "subpopulation", "t_type": "improvement", "eta_obs_individualized": NaN, "eta_obs_refits_batch0_mean": 0.8479999303817749, "model_score": 0.844, "model_f1": 0.8602150537634409, "model_refits_batch0_scores": [0.82, 0.836, 0.82, 0.832, 0.808], "model_refits_batch0_f1s": [0.8314606741573034, 0.859106529209622, 0.8314606741573034, 0.8521126760563381, 0.8195488721804511], "model_coef": [[0.3649762780376191, -0.16135842680610266, 1.1404697713857248], [-0.3137067525883348]]}