{"accuracy_pre": 0.99, "accuracy_post": 0.08, "recourse_seeking_ixs": [1639, 1892, 1036, 1771, 1340, 1751, 1611, 1757, 1523, 1452, 1439, 1040, 1303, 1319, 1856, 1087, 1864, 1769, 1023, 1585, 1245, 1057, 1533, 1913, 1076, 1667, 1675, 1075, 1033, 1116, 1276, 1823, 1210, 1884, 1588, 1312, 1352, 1254, 1841, 1485, 1781, 1836, 1233, 1572, 1088, 1316, 1942, 1223, 1029, 1237, 1814, 1659, 1363, 1147, 1568, 1962, 1105, 1883, 1852, 1004, 1801, 1935, 1470, 1618, 1039, 1996, 1624, 1938, 1761, 1924, 1219, 1733, 1310, 1161, 1679, 1766, 1915, 1899, 1587, 1186, 1642, 1564, 1977, 1621, 1369, 1362, 1798, 1933, 1926, 1386, 1099, 1709, 1457, 1199, 1443, 1231, 1603, 1861, 1860, 1699], "recourse_recommended_ixs": [1639, 1892, 1036, 1771, 1340, 1751, 1611, 1757, 1523, 1452, 1439, 1040, 1303, 1319, 1856, 1087, 1864, 1769, 1023, 1585, 1245, 1057, 1533, 1913, 1076, 1667, 1675, 1075, 1033, 1116, 1276, 1823, 1210, 1884, 1588, 1312, 1352, 1254, 1841, 1485, 1781, 1836, 1233, 1572, 1088, 1316, 1942, 1223, 1029, 1237, 1814, 1659, 1363, 1147, 1568, 1962, 1105, 1883, 1852, 1004, 1801, 1935, 1470, 1618, 1039, 1996, 1624, 1938, 1761, 1924, 1219, 1733, 1310, 1161, 1679, 1766, 1915, 1899, 1587, 1186, 1642, 1564, 1977, 1621, 1369, 1362, 1798, 1933, 1926, 1386, 1099, 1709, 1457, 1199, 1443, 1231, 1603, 1861, 1860, 1699], "perc_recomm_found": 1.0, "gamma": 0.95, "eta": 0.95, "gamma_obs": 0.07000000029802322, "gamma_obs_pre": 0.009999999776482582, "eta_obs": 0.97, "costs": [1.0, 1.0, 1.0], "lbd": 150.0, "thresh": 0.5, "r_type": "individualized", "t_type": "counterfactual", "eta_obs_individualized": NaN, "eta_obs_refits_batch0_mean": 0.4179999828338623, "model_score": 0.994, "model_f1": 0.9930624380574826, "model_refits_batch0_scores": [0.998, 0.998, 0.998, 0.998, 0.998], "model_refits_batch0_f1s": [0.99800796812749, 0.99800796812749, 0.99800796812749, 0.99800796812749, 0.99800796812749], "model_coef": [[-1.4772435662888521, -1.846554638080656, 3.532578813399066], [-1.7375217910702037]]}