{"accuracy_pre": 0.98, "accuracy_post": 0.16, "recourse_seeking_ixs": [219, 367, 254, 281, 333, 337, 394, 334, 382, 253, 258, 216, 207, 365, 288, 343, 317, 220, 325, 396, 298, 374, 384, 348, 214, 247, 242, 289, 379, 310, 346, 330, 370, 296, 320, 255, 307, 327, 264, 266, 369, 364, 338, 314, 322, 353, 211, 225, 246, 351], "recourse_recommended_ixs": [219, 367, 254, 281, 333, 337, 394, 334, 382, 253, 258, 216, 207, 365, 288, 343, 317, 220, 325, 396, 298, 374, 384, 348, 214, 247, 242, 289, 379, 310, 346, 330, 370, 296, 320, 255, 307, 327, 264, 266, 369, 364, 338, 314, 322, 353, 211, 225, 246, 351], "perc_recomm_found": 1.0, "gamma": 0.75, "eta": 0.75, "gamma_obs": 0.1599999964237213, "gamma_obs_pre": 0.019999999552965164, "eta_obs": 1.0, "costs": [1.0, 1.0, 1.0], "lbd": 300.0, "thresh": 0.5, "r_type": "subpopulation", "t_type": "acceptance", "eta_obs_individualized": NaN, "eta_obs_refits_batch0_mean": 0.628000020980835, "model_score": 0.85, "model_f1": 0.8571428571428571, "model_refits_batch0_scores": [0.85, 0.815, 0.8, 0.845, 0.86], "model_refits_batch0_f1s": [0.8571428571428571, 0.8294930875576036, 0.8148148148148148, 0.8502415458937198, 0.8653846153846154], "model_coef": [[0.05864341800356626, 0.4888691119353773, 0.6425110721738136], [-0.10469144681029367]]}