{"accuracy_pre": 0.8, "accuracy_post": 0.43, "recourse_seeking_ixs": [826, 931, 831, 912, 850, 648, 887, 769, 709, 657, 597, 647, 654, 886, 975, 634, 907, 747, 968, 966, 772, 896, 549, 759, 693, 945, 877, 811, 930, 989, 711, 627, 539, 982, 603, 643, 701, 687, 856, 765, 590, 815, 799, 756, 718, 987, 865, 581, 780, 626, 967, 646, 832, 620, 802, 524, 685, 923, 637, 592, 942, 988, 996, 571, 965, 760, 563, 510, 904, 926, 821, 552, 874, 714, 871, 947, 916, 767, 778, 621, 928, 921, 791, 793, 869, 601, 680, 919, 771, 843, 855, 625, 511, 995, 862, 998, 532, 733, 585, 863], "recourse_recommended_ixs": [826, 931, 831, 912, 850, 648, 887, 769, 709, 657, 597, 647, 654, 886, 975, 634, 907, 747, 968, 966, 772, 896, 549, 759, 693, 945, 877, 811, 930, 989, 711, 627, 539, 982, 603, 643, 701, 687, 856, 765, 590, 815, 799, 756, 718, 987, 865, 581, 780, 626, 967, 646, 832, 620, 802, 524, 685, 923, 637, 592, 942, 988, 996, 571, 965, 760, 563, 510, 904, 926, 821, 552, 874, 714, 871, 947, 916, 767, 778, 621, 928, 921, 791, 793, 869, 601, 680, 919, 771, 843, 855, 625, 511, 995, 862, 998, 532, 733, 585, 863], "perc_recomm_found": 1.0, "gamma": 0.95, "eta": 0.95, "gamma_obs": 0.3100000023841858, "gamma_obs_pre": 0.20000000298023224, "eta_obs": 0.87, "costs": [1.0, 1.0, 1.0], "lbd": 300.0, "thresh": 0.5, "r_type": "individualized", "t_type": "counterfactual", "eta_obs_individualized": NaN, "eta_obs_refits_batch0_mean": 0.3620000183582306, "model_score": 0.782, "model_f1": 0.8007380073800738, "model_refits_batch0_scores": [0.804, 0.782, 0.782, 0.786, 0.806], "model_refits_batch0_f1s": [0.8016194331983807, 0.7705263157894737, 0.7714884696016772, 0.7737843551797039, 0.7966457023060797], "model_coef": NaN}