{"accuracy_pre": 0.84, "accuracy_post": 0.74, "recourse_seeking_ixs": [294, 382, 307, 492, 322, 317, 340, 346, 493, 396, 271, 440, 339, 300, 479, 259, 357, 419, 385, 352, 316, 462, 283, 328, 373, 324, 372, 407, 380, 491, 447, 448, 434, 451, 446, 388, 359, 370, 421, 394, 345, 424, 362, 476, 353, 475, 464, 486, 366, 263, 347, 295, 400, 251, 309, 409, 375, 430, 313, 281, 467, 338, 406, 302, 250, 490, 482, 293, 397, 417, 454, 461, 480, 305, 330, 358, 299, 473, 450, 404, 469, 458, 342, 274, 429, 292, 291, 438, 272, 392, 356, 457, 256, 268, 420, 433, 355, 414, 428, 315], "recourse_recommended_ixs": [294, 382, 307, 492, 322, 317, 340, 346, 493, 396, 271, 440, 339, 300, 479, 259, 357, 419, 385, 352, 316, 462, 283, 328, 373, 324, 372, 407, 380, 491, 447, 448, 434, 451, 446, 388, 359, 370, 421, 394, 345, 424, 362, 476, 353, 475, 464, 486, 366, 263, 347, 295, 400, 251, 309, 409, 375, 430, 313, 281, 467, 338, 406, 302, 250, 490, 482, 293, 397, 417, 454, 461, 480, 305, 330, 358, 299, 473, 450, 404, 469, 458, 342, 274, 429, 292, 291, 438, 272, 392, 356, 457, 256, 268, 420, 433, 355, 414, 428, 315], "perc_recomm_found": 1.0, "gamma": 0.75, "eta": 0.75, "gamma_obs": 0.75, "gamma_obs_pre": 0.1599999964237213, "eta_obs": 0.94, "costs": [1.0, 1.0], "lbd": 100.0, "thresh": 0.5, "r_type": "individualized", "t_type": "improvement", "eta_obs_individualized": 0.81, "eta_obs_refits_batch0_mean": 0.9380000233650208, "model_score": 0.84, "model_f1": 0.8181818181818181, "model_refits_batch0_scores": [0.832, 0.836, 0.832, 0.824, 0.836], "model_refits_batch0_f1s": [0.8125000000000001, 0.8127853881278538, 0.8235294117647058, 0.7924528301886792, 0.8225108225108225], "model_coef": NaN}