{"accuracy_pre": 0.99, "accuracy_post": 0.95, "recourse_seeking_ixs": [1253, 1428, 1723, 1103, 1267, 1858, 1071, 1522, 1859, 1362, 1344, 1659, 1357, 1936, 1531, 1030, 1685, 1354, 1025, 1582, 1607, 1942, 1288, 1655, 1146, 1768, 1654, 1361, 1304, 1628, 1065, 1007, 1601, 1000, 1529, 1733, 1132, 1324, 1736, 1099, 1496, 1302, 1336, 1714, 1930, 1271, 1492, 1975, 1194, 1084, 1960, 1977, 1560, 1069, 1157, 1958, 1218, 1836, 1305, 1902, 1326, 1883, 1313, 1792, 1934, 1578, 1413, 1665, 1681, 1042, 1579, 1139, 1422, 1926, 1717, 1651, 1565, 1308, 1808, 1486, 1528, 1238, 1356, 1549, 1366, 1278, 1190, 1869, 1567, 1490, 1502, 1911, 1900, 1507, 1931, 1260, 1072, 1467, 1470, 1542], "recourse_recommended_ixs": [1253, 1428, 1723, 1103, 1267, 1858, 1071, 1522, 1859, 1362, 1344, 1659, 1357, 1936, 1531, 1030, 1685, 1354, 1025, 1582, 1607, 1942, 1288, 1655, 1146, 1768, 1654, 1361, 1304, 1628, 1065, 1007, 1601, 1000, 1529, 1733, 1132, 1324, 1736, 1099, 1496, 1302, 1336, 1714, 1930, 1271, 1492, 1975, 1194, 1084, 1960, 1977, 1560, 1069, 1157, 1958, 1218, 1836, 1305, 1902, 1326, 1883, 1313, 1792, 1934, 1578, 1413, 1665, 1681, 1042, 1579, 1139, 1422, 1926, 1717, 1651, 1565, 1308, 1808, 1486, 1528, 1238, 1356, 1549, 1366, 1278, 1190, 1869, 1567, 1490, 1502, 1911, 1900, 1507, 1931, 1260, 1072, 1467, 1470, 1542], "perc_recomm_found": 1.0, "gamma": 0.95, "eta": 0.95, "gamma_obs": 1.0, "gamma_obs_pre": 0.009999999776482582, "eta_obs": 0.95, "costs": [1.0, 1.0], "lbd": 150.0, "thresh": 0.5, "r_type": "subpopulation", "t_type": "improvement", "eta_obs_individualized": NaN, "eta_obs_refits_batch0_mean": 0.9559999704360962, "model_score": 0.975, "model_f1": 0.9989462592202318, "model_refits_batch0_scores": [0.999, 0.999, 0.997, 0.996, 0.998], "model_refits_batch0_f1s": [0.9989929506545822, 0.9989929506545822, 0.9969727547931382, 0.995983935742972, 0.9979838709677419], "model_coef": NaN}