{"accuracy_pre": 0.17, "accuracy_post": 0.53, "recourse_seeking_ixs": [1743, 1496, 1191, 1610, 1219, 1286, 1116, 1467, 1695, 1197, 1167, 1545, 1680, 1884, 1462, 1953, 1036, 1745, 1941, 1724, 1798, 1603, 1120, 1607, 1097, 1660, 1552, 1494, 1391, 1901, 1835, 1487, 1527, 1366, 1778, 1529, 1061, 1555, 1503, 1838, 1287, 1824, 1443, 1214, 1237, 1542, 1807, 1502, 1369, 1033, 1933, 1308, 1540, 1376, 1805, 1757, 1926, 1575, 1103, 1848, 1291, 1563, 1112, 1576, 1386, 1827, 1689, 1785, 1195, 1635, 1206, 1234, 1282, 1306, 1517, 1978, 1717, 1747, 1329, 1227, 1697, 1086, 1886, 1373, 1950, 1992, 1769, 1303, 1111, 1051, 1316, 1492, 1567, 1930, 1955, 1639, 1433, 1814, 1115, 1633], "recourse_recommended_ixs": [1743, 1496, 1191, 1610, 1219, 1286, 1116, 1467, 1695, 1197, 1167, 1545, 1680, 1884, 1462, 1953, 1036, 1745, 1941, 1724, 1798, 1603, 1120, 1607, 1097, 1660, 1552, 1494, 1391, 1901, 1835, 1487, 1527, 1366, 1778, 1529, 1061, 1555, 1503, 1838, 1287, 1824, 1443, 1214, 1237, 1542, 1807, 1502, 1369, 1033, 1933, 1308, 1540, 1376, 1805, 1757, 1926, 1575, 1103, 1848, 1291, 1563, 1112, 1576, 1386, 1827, 1689, 1785, 1195, 1635, 1206, 1234, 1282, 1306, 1517, 1978, 1717, 1747, 1329, 1227, 1697, 1086, 1886, 1373, 1950, 1992, 1769, 1303, 1111, 1051, 1316, 1492, 1567, 1930, 1955, 1639, 1433, 1814, 1115, 1633], "perc_recomm_found": 1.0, "gamma": 0.95, "eta": 0.95, "gamma_obs": 0.8100000023841858, "gamma_obs_pre": 0.8299999833106995, "eta_obs": 1.0, "costs": [1.0, 1.0, 1.0], "lbd": 150.0, "thresh": 0.5, "r_type": "subpopulation", "t_type": "acceptance", "eta_obs_individualized": NaN, "eta_obs_refits_batch0_mean": 0.5740000009536743, "model_score": 0.168, "model_f1": 0.9871414441147379, "model_refits_batch0_scores": [0.998, 0.998, 0.999, 0.998, 0.998], "model_refits_batch0_f1s": [0.99800796812749, 0.99800796812749, 0.9990069513406157, 0.99800796812749, 0.99800796812749], "model_coef": NaN}