{"accuracy_pre": 0.84, "accuracy_post": 0.3, "recourse_seeking_ixs": [291, 370, 387, 298, 332, 236, 336, 271, 354, 335, 222, 395, 337, 308, 270, 334, 242, 245, 219, 284, 345, 357, 303, 393, 381, 206, 247, 338, 363, 302, 250, 372, 314, 390, 249, 349, 355, 209, 389, 391, 207, 371, 295, 287, 232, 279, 396, 257, 283, 324], "recourse_recommended_ixs": [291, 370, 387, 298, 332, 236, 336, 271, 354, 335, 222, 395, 337, 308, 270, 334, 242, 245, 219, 284, 345, 357, 303, 393, 381, 206, 247, 338, 363, 302, 250, 372, 314, 390, 249, 349, 355, 209, 389, 391, 207, 371, 295, 287, 232, 279, 396, 257, 283, 324], "perc_recomm_found": 1.0, "gamma": 0.95, "eta": 0.95, "gamma_obs": 0.30000001192092896, "gamma_obs_pre": 0.1599999964237213, "eta_obs": 1.0, "costs": [1.0, 1.0, 1.0], "lbd": 300.0, "thresh": 0.5, "r_type": "individualized", "t_type": "acceptance", "eta_obs_individualized": NaN, "eta_obs_refits_batch0_mean": 0.6600000262260437, "model_score": 0.86, "model_f1": 0.8585858585858587, "model_refits_batch0_scores": [0.86, 0.845, 0.845, 0.855, 0.86], "model_refits_batch0_f1s": [0.8679245283018868, 0.845771144278607, 0.8502415458937197, 0.8527918781725888, 0.8613861386138614], "model_coef": [[0.16985827254192942, 0.14025447266518756, 1.0578971553425696], [-0.6346130562925294]]}