{"accuracy_pre": 1.0, "accuracy_post": 0.45, "recourse_seeking_ixs": [1014, 1796, 1293, 1459, 1578, 1772, 1259, 1165, 1520, 1791, 1894, 1447, 1683, 1777, 1319, 1373, 1588, 1214, 1464, 1486, 1874, 1203, 1977, 1201, 1170, 1890, 1150, 1615, 1496, 1001, 1301, 1742, 1594, 1422, 1708, 1764, 1011, 1543, 1750, 1106, 1728, 1662, 1546, 1375, 1440, 1223, 1131, 1954, 1233, 1070, 1937, 1858, 1623, 1344, 1485, 1299, 1453, 1803, 1911, 1730, 1612, 1626, 1744, 1128, 1567, 1904, 1256, 1072, 1443, 1494, 1279, 1965, 1151, 1839, 1879, 1337, 1476, 1212, 1038, 1622, 1008, 1558, 1267, 1231, 1119, 1281, 1592, 1980, 1488, 1161, 1309, 1537, 1562, 1204, 1903, 1345, 1905, 1916, 1739, 1681], "recourse_recommended_ixs": [1014, 1796, 1293, 1459, 1578, 1772, 1259, 1165, 1520, 1791, 1894, 1447, 1683, 1777, 1319, 1373, 1588, 1214, 1464, 1486, 1874, 1203, 1977, 1201, 1170, 1890, 1150, 1615, 1496, 1001, 1301, 1742, 1594, 1422, 1708, 1764, 1011, 1543, 1750, 1106, 1728, 1662, 1546, 1375, 1440, 1223, 1131, 1954, 1233, 1070, 1937, 1858, 1623, 1344, 1485, 1299, 1453, 1803, 1911, 1730, 1612, 1626, 1744, 1128, 1567, 1904, 1256, 1072, 1443, 1494, 1279, 1965, 1151, 1839, 1879, 1337, 1476, 1212, 1038, 1622, 1008, 1558, 1267, 1231, 1119, 1281, 1592, 1980, 1488, 1161, 1309, 1537, 1562, 1204, 1903, 1345, 1905, 1916, 1739, 1681], "perc_recomm_found": 1.0, "gamma": 0.75, "eta": 0.75, "gamma_obs": 0.9800000190734863, "gamma_obs_pre": 0.0, "eta_obs": 1.0, "costs": [1.0, 1.0, 1.0], "lbd": 150.0, "thresh": 0.5, "r_type": "individualized", "t_type": "counterfactual", "eta_obs_individualized": NaN, "eta_obs_refits_batch0_mean": 0.6660000085830688, "model_score": 0.918, "model_f1": 0.9916317991631798, "model_refits_batch0_scores": [0.996, 0.999, 0.996, 0.998, 0.993], "model_refits_batch0_f1s": [0.995967741935484, 0.9989929506545822, 0.9959919839679359, 0.9979919678714859, 0.993006993006993], "model_coef": NaN}