{"accuracy_pre": 0.98, "accuracy_post": 0.02, "recourse_seeking_ixs": [378, 374, 275, 230, 303, 371, 338, 234, 219, 348, 245, 201, 319, 381, 293, 360, 229, 216, 375, 286, 345, 318, 273, 352, 298, 222, 291, 270, 263, 255, 309, 241, 390, 237, 317, 299, 331, 395, 305, 224, 232, 238, 228, 384, 203, 308, 307, 246, 297, 373], "recourse_recommended_ixs": [378, 374, 275, 230, 303, 371, 338, 234, 219, 348, 245, 201, 319, 381, 293, 360, 229, 216, 375, 286, 345, 318, 273, 352, 298, 222, 291, 270, 263, 255, 309, 241, 390, 237, 317, 299, 331, 395, 305, 224, 232, 238, 228, 384, 203, 308, 307, 246, 297, 373], "perc_recomm_found": 1.0, "gamma": 0.85, "eta": 0.85, "gamma_obs": 0.02, "gamma_obs_pre": 0.02, "eta_obs": 1.0, "costs": [5.0, 5.0, 0.0001, 0.01, 0.1], "lbd": 300.0, "thresh": 0.5, "r_type": "individualized", "t_type": "acceptance", "eta_obs_individualized": NaN, "eta_obs_refits_batch0_mean": 0.8119999999999999, "model_score": 0.99, "model_f1": 0.9924242424242424, "model_refits_batch0_scores": [0.985, 0.99, 0.98, 0.99, 0.98], "model_refits_batch0_f1s": [0.9885057471264368, 0.9923664122137404, 0.9847328244274809, 0.9924242424242424, 0.9848484848484849], "model_coef": [[-0.20416728819721927, 0.3789173175978646, 0.013919862508394712, -0.517451313053269, 0.9092118263075646], [-9.368161423491328]]}