{"accuracy_pre": 0.99, "accuracy_post": 0.99, "recourse_seeking_ixs": [1818, 1542, 1543, 1510, 1366, 1733, 1457, 1302, 1332, 1495, 1474, 1336, 1916, 1858, 1961, 1235, 1470, 1567, 1501, 1627, 1301, 1257, 1455, 1486, 1316, 1934, 1642, 1079, 1368, 1560, 1796, 1464, 1522, 1494, 1334, 1372, 1913, 1714, 1701, 1558, 1240, 1972, 1581, 1344, 1883, 1119, 1324, 1361, 1333, 1467, 1212, 1283, 1518, 1805, 1245, 1654, 1634, 1821, 1007, 1983, 1792, 1746, 1556, 1218, 1072, 1590, 1179, 1440, 1541, 1084, 1868, 1965, 1741, 1074, 1828, 1001, 1202, 1942, 1229, 1201, 1304, 1747, 1165, 1935, 1307, 1371, 1612, 1637, 1622, 1233, 1220, 1684, 1894, 1459, 1491, 1825, 1864, 1951, 1559, 1736], "recourse_recommended_ixs": [1818, 1542, 1543, 1510, 1366, 1733, 1457, 1302, 1332, 1495, 1474, 1336, 1916, 1858, 1961, 1235, 1470, 1567, 1501, 1627, 1301, 1257, 1455, 1486, 1316, 1934, 1642, 1079, 1368, 1560, 1796, 1464, 1522, 1494, 1334, 1372, 1913, 1714, 1701, 1558, 1240, 1972, 1581, 1344, 1883, 1119, 1324, 1361, 1333, 1467, 1212, 1283, 1518, 1805, 1245, 1654, 1634, 1821, 1007, 1983, 1792, 1746, 1556, 1218, 1072, 1590, 1179, 1440, 1541, 1084, 1868, 1965, 1741, 1074, 1828, 1001, 1202, 1942, 1229, 1201, 1304, 1747, 1165, 1935, 1307, 1371, 1612, 1637, 1622, 1233, 1220, 1684, 1894, 1459, 1491, 1825, 1864, 1951, 1559, 1736], "perc_recomm_found": 1.0, "gamma": 0.95, "eta": 0.95, "gamma_obs": 1.0, "gamma_obs_pre": 0.009999999776482582, "eta_obs": 0.99, "costs": [1.0, 1.0], "lbd": 150.0, "thresh": 0.5, "r_type": "individualized", "t_type": "improvement", "eta_obs_individualized": 0.99, "eta_obs_refits_batch0_mean": 0.9899999499320984, "model_score": 0.974, "model_f1": 0.9731958762886598, "model_refits_batch0_scores": [0.998, 0.998, 0.998, 0.998, 0.998], "model_refits_batch0_f1s": [0.9979879275653923, 0.9979879275653923, 0.9979879275653923, 0.9979879275653923, 0.9979879275653923], "model_coef": NaN}