{"accuracy_pre": 0.7, "accuracy_post": 0.38, "recourse_seeking_ixs": [363, 245, 332, 304, 376, 271, 328, 226, 204, 207, 278, 221, 303, 333, 339, 224, 371, 275, 233, 261, 234, 348, 242, 294, 211, 382, 389, 361, 206, 210, 313, 324, 293, 273, 235, 345, 317, 316, 203, 369, 314, 201, 241, 296, 200, 370, 390, 350, 342, 349], "recourse_recommended_ixs": [363, 245, 332, 304, 376, 271, 328, 226, 204, 207, 278, 221, 303, 333, 339, 224, 371, 275, 233, 261, 234, 348, 242, 294, 211, 382, 389, 361, 206, 210, 313, 324, 293, 273, 235, 345, 317, 316, 203, 369, 314, 201, 241, 296, 200, 370, 390, 350, 342, 349], "perc_recomm_found": 1.0, "gamma": 0.85, "eta": 0.85, "gamma_obs": 0.3799999952316284, "gamma_obs_pre": 0.30000001192092896, "eta_obs": 1.0, "costs": [1.0, 1.0, 1.0], "lbd": 300.0, "thresh": 0.5, "r_type": "individualized", "t_type": "acceptance", "eta_obs_individualized": NaN, "eta_obs_refits_batch0_mean": 0.699999988079071, "model_score": 0.815, "model_f1": 0.827906976744186, "model_refits_batch0_scores": [0.845, 0.815, 0.825, 0.81, 0.84], "model_refits_batch0_f1s": [0.8646288209606988, 0.827906976744186, 0.8372093023255814, 0.820754716981132, 0.8608695652173912], "model_coef": [[0.0892843387739253, 0.17933814221519087, 0.8723300412911987], [-0.5136139243909458]]}