{"accuracy_pre": 0.65, "accuracy_post": 0.43, "recourse_seeking_ixs": [593, 679, 784, 807, 716, 885, 602, 758, 752, 750, 811, 552, 704, 899, 827, 681, 803, 617, 510, 629, 640, 744, 970, 880, 591, 648, 528, 773, 937, 653, 545, 768, 997, 562, 712, 733, 787, 724, 663, 906, 598, 742, 810, 655, 740, 619, 555, 513, 788, 631, 905, 930, 840, 933, 822, 559, 912, 685, 649, 774, 800, 616, 590, 623, 947, 779, 942, 956, 536, 767, 718, 876, 976, 765, 797, 543, 809, 934, 625, 882, 608, 884, 957, 973, 734, 732, 994, 747, 908, 709, 564, 868, 506, 694, 727, 888, 517, 898, 500, 950], "recourse_recommended_ixs": [593, 679, 784, 807, 716, 885, 602, 758, 752, 750, 811, 552, 704, 899, 827, 681, 803, 617, 510, 629, 640, 744, 970, 880, 591, 648, 528, 773, 937, 653, 545, 768, 997, 562, 712, 733, 787, 724, 663, 906, 598, 742, 810, 655, 740, 619, 555, 513, 788, 631, 905, 930, 840, 933, 822, 559, 912, 685, 649, 774, 800, 616, 590, 623, 947, 779, 942, 956, 536, 767, 718, 876, 976, 765, 797, 543, 809, 934, 625, 882, 608, 884, 957, 973, 734, 732, 994, 747, 908, 709, 564, 868, 506, 694, 727, 888, 517, 898, 500, 950], "perc_recomm_found": 1.0, "gamma": 0.95, "eta": 0.95, "gamma_obs": 0.36000001430511475, "gamma_obs_pre": 0.3499999940395355, "eta_obs": 0.99, "costs": [1.0, 1.0, 1.0], "lbd": 300.0, "thresh": 0.5, "r_type": "subpopulation", "t_type": "acceptance", "eta_obs_individualized": NaN, "eta_obs_refits_batch0_mean": 0.5920000076293945, "model_score": 0.742, "model_f1": 0.7860696517412935, "model_refits_batch0_scores": [0.728, 0.742, 0.722, 0.738, 0.73], "model_refits_batch0_f1s": [0.7740863787375415, 0.794912559618442, 0.7623931623931623, 0.7805695142378559, 0.773109243697479], "model_coef": NaN}