{"accuracy_pre": 0.96, "accuracy_post": 0.41, "recourse_seeking_ixs": [598, 775, 885, 955, 766, 936, 609, 696, 659, 975, 796, 755, 681, 779, 856, 584, 941, 690, 731, 915, 934, 611, 840, 718, 537, 826, 760, 907, 864, 938, 594, 670, 744, 524, 595, 953, 636, 996, 982, 851, 540, 739, 767, 761, 842, 979, 830, 623, 795, 967, 596, 526, 635, 774, 677, 874, 508, 674, 514, 632, 962, 605, 811, 924, 709, 777, 858, 843, 570, 947, 685, 527, 615, 506, 911, 707, 736, 522, 748, 896, 770, 823, 612, 920, 904, 580, 563, 620, 604, 998, 557, 538, 944, 735, 656, 852, 946, 650, 746, 653], "recourse_recommended_ixs": [598, 775, 885, 955, 766, 936, 609, 696, 659, 975, 796, 755, 681, 779, 856, 584, 941, 690, 731, 915, 934, 611, 840, 718, 537, 826, 760, 907, 864, 938, 594, 670, 744, 524, 595, 953, 636, 996, 982, 851, 540, 739, 767, 761, 842, 979, 830, 623, 795, 967, 596, 526, 635, 774, 677, 874, 508, 674, 514, 632, 962, 605, 811, 924, 709, 777, 858, 843, 570, 947, 685, 527, 615, 506, 911, 707, 736, 522, 748, 896, 770, 823, 612, 920, 904, 580, 563, 620, 604, 998, 557, 538, 944, 735, 656, 852, 946, 650, 746, 653], "perc_recomm_found": 1.0, "gamma": 0.75, "eta": 0.75, "gamma_obs": 0.3700000047683716, "gamma_obs_pre": 0.03999999910593033, "eta_obs": 0.96, "costs": [1.0, 1.0, 1.0], "lbd": 300.0, "thresh": 0.5, "r_type": "subpopulation", "t_type": "counterfactual", "eta_obs_individualized": NaN, "eta_obs_refits_batch0_mean": 0.5080000162124634, "model_score": 0.874, "model_f1": 0.8937007874015749, "model_refits_batch0_scores": [0.868, 0.852, 0.858, 0.858, 0.848], "model_refits_batch0_f1s": [0.858974358974359, 0.8412017167381973, 0.8459869848156182, 0.8432671081677705, 0.8325991189427313], "model_coef": NaN}