{"accuracy_pre": 0.95, "accuracy_post": 0.42, "recourse_seeking_ixs": [644, 715, 630, 747, 811, 973, 680, 744, 863, 547, 956, 786, 625, 756, 663, 569, 610, 679, 649, 847, 529, 759, 992, 721, 617, 947, 713, 814, 881, 688, 706, 770, 968, 834, 761, 640, 965, 766, 628, 662, 763, 995, 869, 536, 506, 856, 778, 927, 552, 832, 808, 991, 988, 541, 567, 621, 816, 885, 774, 966, 530, 732, 874, 857, 859, 941, 544, 889, 817, 793, 516, 500, 836, 588, 556, 667, 503, 590, 987, 924, 733, 560, 820, 802, 823, 689, 652, 858, 615, 702, 784, 762, 741, 691, 780, 723, 592, 710, 642, 993], "recourse_recommended_ixs": [644, 715, 630, 747, 811, 973, 680, 744, 863, 547, 956, 786, 625, 756, 663, 569, 610, 679, 649, 847, 529, 759, 992, 721, 617, 947, 713, 814, 881, 688, 706, 770, 968, 834, 761, 640, 965, 766, 628, 662, 763, 995, 869, 536, 506, 856, 778, 927, 552, 832, 808, 991, 988, 541, 567, 621, 816, 885, 774, 966, 530, 732, 874, 857, 859, 941, 544, 889, 817, 793, 516, 500, 836, 588, 556, 667, 503, 590, 987, 924, 733, 560, 820, 802, 823, 689, 652, 858, 615, 702, 784, 762, 741, 691, 780, 723, 592, 710, 642, 993], "perc_recomm_found": 1.0, "gamma": 0.95, "eta": 0.95, "gamma_obs": 0.41999998688697815, "gamma_obs_pre": 0.05000000074505806, "eta_obs": 1.0, "costs": [1.0, 1.0, 1.0], "lbd": 300.0, "thresh": 0.5, "r_type": "individualized", "t_type": "acceptance", "eta_obs_individualized": NaN, "eta_obs_refits_batch0_mean": 0.5140000581741333, "model_score": 0.748, "model_f1": 0.8247422680412372, "model_refits_batch0_scores": [0.868, 0.852, 0.858, 0.858, 0.848], "model_refits_batch0_f1s": [0.858974358974359, 0.8412017167381973, 0.8459869848156182, 0.8432671081677705, 0.8325991189427313], "model_coef": NaN}