{"accuracy_pre": 0.77, "accuracy_post": 0.96, "recourse_seeking_ixs": [691, 636, 538, 701, 522, 705, 637, 626, 960, 825, 844, 753, 897, 802, 714, 889, 697, 791, 795, 647, 559, 972, 540, 898, 980, 760, 910, 600, 682, 756, 687, 905, 780, 816, 994, 824, 732, 823, 952, 605, 670, 841, 961, 596, 615, 986, 676, 688, 861, 550, 646, 788, 675, 772, 660, 618, 869, 523, 573, 602, 727, 890, 813, 562, 502, 751, 775, 610, 877, 873, 580, 614, 810, 728, 616, 946, 771, 833, 895, 964, 885, 804, 812, 951, 591, 860, 578, 606, 840, 971, 864, 539, 526, 722, 740, 870, 724, 563, 504, 878], "recourse_recommended_ixs": [691, 636, 538, 701, 522, 705, 637, 626, 960, 825, 844, 753, 897, 802, 714, 889, 697, 791, 795, 647, 559, 972, 540, 898, 980, 760, 910, 600, 682, 756, 687, 905, 780, 816, 994, 824, 732, 823, 952, 605, 670, 841, 961, 596, 615, 986, 676, 688, 861, 550, 646, 788, 675, 772, 660, 618, 869, 523, 573, 602, 727, 890, 813, 562, 502, 751, 775, 610, 877, 873, 580, 614, 810, 728, 616, 946, 771, 833, 895, 964, 885, 804, 812, 951, 591, 860, 578, 606, 840, 971, 864, 539, 526, 722, 740, 870, 724, 563, 504, 878], "perc_recomm_found": 1.0, "gamma": 0.95, "eta": 0.95, "gamma_obs": 0.9599999785423279, "gamma_obs_pre": 0.23000000417232513, "eta_obs": 0.99, "costs": [1.0, 1.0], "lbd": 300.0, "thresh": 0.5, "r_type": "individualized", "t_type": "improvement", "eta_obs_individualized": 0.97, "eta_obs_refits_batch0_mean": 0.9440000653266907, "model_score": 0.796, "model_f1": 0.81453154875717, "model_refits_batch0_scores": [0.794, 0.788, 0.784, 0.8, 0.806], "model_refits_batch0_f1s": [0.7632183908045977, 0.7644444444444445, 0.742857142857143, 0.7641509433962264, 0.7820224719101123], "model_coef": NaN}