{"accuracy_pre": 0.99, "accuracy_post": 0.1, "recourse_seeking_ixs": [1336, 1541, 1772, 1236, 1474, 1978, 1693, 1373, 1158, 1280, 1250, 1556, 1743, 1746, 1863, 1688, 1975, 1316, 1647, 1980, 1538, 1645, 1818, 1238, 1470, 1202, 1910, 1284, 1889, 1084, 1452, 1652, 1996, 1630, 1607, 1099, 1720, 1847, 1502, 1436, 1010, 1403, 1222, 1637, 1736, 1934, 1385, 1014, 1331, 1298, 1695, 1907, 1602, 1212, 1687, 1512, 1057, 1680, 1821, 1170, 1089, 1157, 1374, 1741, 1353, 1998, 1659, 1642, 1768, 1658, 1728, 1463, 1218, 1276, 1085, 1906, 1879, 1838, 1415, 1031, 1947, 1301, 1154, 1750, 1654, 1634, 1968, 1742, 1662, 1234, 1425, 1244, 1567, 1379, 1296, 1072, 1131, 1094, 1338, 1473], "recourse_recommended_ixs": [1336, 1541, 1772, 1236, 1474, 1978, 1693, 1373, 1158, 1280, 1250, 1556, 1743, 1746, 1863, 1688, 1975, 1316, 1647, 1980, 1538, 1645, 1818, 1238, 1470, 1202, 1910, 1284, 1889, 1084, 1452, 1652, 1996, 1630, 1607, 1099, 1720, 1847, 1502, 1436, 1010, 1403, 1222, 1637, 1736, 1934, 1385, 1014, 1331, 1298, 1695, 1907, 1602, 1212, 1687, 1512, 1057, 1680, 1821, 1170, 1089, 1157, 1374, 1741, 1353, 1998, 1659, 1642, 1768, 1658, 1728, 1463, 1218, 1276, 1085, 1906, 1879, 1838, 1415, 1031, 1947, 1301, 1154, 1750, 1654, 1634, 1968, 1742, 1662, 1234, 1425, 1244, 1567, 1379, 1296, 1072, 1131, 1094, 1338, 1473], "perc_recomm_found": 1.0, "gamma": 0.75, "eta": 0.75, "gamma_obs": 0.05999999865889549, "gamma_obs_pre": 0.009999999776482582, "eta_obs": 0.94, "costs": [1.0, 1.0, 1.0], "lbd": 150.0, "thresh": 0.5, "r_type": "individualized", "t_type": "counterfactual", "eta_obs_individualized": NaN, "eta_obs_refits_batch0_mean": 0.6399999856948853, "model_score": 0.969, "model_f1": 0.9678756476683938, "model_refits_batch0_scores": [0.998, 0.998, 0.998, 0.998, 0.998], "model_refits_batch0_f1s": [0.9979879275653923, 0.9979879275653923, 0.9979879275653923, 0.9979879275653923, 0.9979879275653923], "model_coef": [[-2.3825008588811247, -2.9781260199919783, 3.5658733069994097], [-1.936896338597984]]}