{"inv": 0.5161290322580645, "val_m2": 0.4838709677419355, "val_m1": 1.0}