{"accuracy_pre": 0.8064516129032258, "accuracy_post": 0.3548387096774194, "recourse_seeking_ixs": [180, 167, 166, 112, 145, 196, 174, 113, 132, 110, 100, 125, 121, 182, 150, 115, 107, 152, 190, 104, 139, 126, 119, 101, 164, 103, 123, 177, 194, 185, 184], "recourse_recommended_ixs": [180, 167, 166, 112, 145, 196, 174, 113, 132, 110, 100, 125, 121, 182, 150, 115, 107, 152, 190, 104, 139, 126, 119, 101, 164, 103, 123, 177, 194, 185, 184], "perc_recomm_found": 1.0, "gamma": 0.75, "eta": 0.75, "gamma_obs": 0.35483869910240173, "gamma_obs_pre": 0.19354838132858276, "eta_obs": 1.0, "costs": [1.0, 1.0, 1.0], "lbd": 50.0, "thresh": 0.5, "r_type": "subpopulation", "t_type": "acceptance", "eta_obs_individualized": NaN, "eta_obs_refits_batch0_mean": 0.8193548321723938, "model_score": 0.84, "model_f1": 0.8854961832061069, "model_refits_batch0_scores": [0.76, 0.74, 0.72, 0.77, 0.78], "model_refits_batch0_f1s": [0.7777777777777777, 0.7719298245614036, 0.75, 0.7722772277227722, 0.7708333333333333], "model_coef": [[0.40369860139718966, 0.10964738981360939, 1.098398996722711], [-0.311438634657002]]}