{"accuracy_pre": 0.84, "accuracy_post": 0.84, "recourse_seeking_ixs": [348, 224, 220, 205, 200, 289, 378, 379, 318, 217, 335, 370, 328, 331, 233, 226, 250, 264, 229, 232, 350, 202, 316, 301, 346, 369, 339, 371, 244, 283, 288, 239, 261, 257, 323, 234, 255, 213, 211, 352, 357, 292, 298, 273, 277, 228, 256, 286, 315, 280], "recourse_recommended_ixs": [348, 224, 220, 205, 200, 289, 378, 379, 318, 217, 335, 370, 328, 331, 233, 226, 250, 264, 229, 232, 350, 202, 316, 301, 346, 369, 339, 371, 244, 283, 288, 239, 261, 257, 323, 234, 255, 213, 211, 352, 357, 292, 298, 273, 277, 228, 256, 286, 315, 280], "perc_recomm_found": 1.0, "gamma": 0.85, "eta": 0.85, "gamma_obs": 0.8399999737739563, "gamma_obs_pre": 0.1599999964237213, "eta_obs": 1.0, "costs": [1.0, 1.0, 1.0], "lbd": 300.0, "thresh": 0.5, "r_type": "subpopulation", "t_type": "improvement", "eta_obs_individualized": NaN, "eta_obs_refits_batch0_mean": 0.9239999651908875, "model_score": 0.905, "model_f1": 0.9064039408866995, "model_refits_batch0_scores": [0.9, 0.91, 0.91, 0.905, 0.905], "model_refits_batch0_f1s": [0.9019607843137256, 0.911764705882353, 0.911764705882353, 0.9054726368159205, 0.9073170731707318], "model_coef": [[1.089027674976202, 0.6654537494231874, 1.7076410682394085], [-0.20622991040945868]]}