{"accuracy_pre": 0.86, "accuracy_post": 0.76, "recourse_seeking_ixs": [661, 660, 904, 930, 744, 523, 819, 979, 972, 860, 896, 865, 884, 805, 868, 665, 631, 553, 622, 597, 999, 706, 585, 686, 995, 740, 573, 767, 678, 650, 793, 546, 991, 694, 636, 964, 855, 663, 733, 768, 651, 846, 657, 953, 967, 673, 539, 931, 835, 529, 638, 662, 659, 580, 893, 812, 569, 601, 833, 798, 535, 787, 845, 577, 824, 957, 974, 815, 588, 810, 672, 664, 939, 933, 858, 903, 653, 947, 889, 917, 747, 626, 990, 644, 718, 998, 980, 666, 715, 549, 823, 560, 897, 807, 630, 559, 692, 541, 951, 804], "recourse_recommended_ixs": [661, 660, 904, 930, 744, 523, 819, 979, 972, 860, 896, 865, 884, 805, 868, 665, 631, 553, 622, 597, 999, 706, 585, 686, 995, 740, 573, 767, 678, 650, 793, 546, 991, 694, 636, 964, 855, 663, 733, 768, 651, 846, 657, 953, 967, 673, 539, 931, 835, 529, 638, 662, 659, 580, 893, 812, 569, 833, 798, 535, 787, 845, 577, 824, 957, 974, 815, 588, 810, 672, 664, 939, 933, 858, 903, 653, 947, 889, 917, 747, 626, 990, 644, 718, 998, 980, 666, 715, 549, 823, 560, 897, 807, 630, 559, 692, 541, 951, 804], "perc_recomm_found": 0.99, "gamma": 0.75, "eta": 0.75, "gamma_obs": 0.7777777910232544, "gamma_obs_pre": 0.13131313025951385, "eta_obs": 0.9797979797979798, "costs": [1.0, 1.0, 1.0], "lbd": 300.0, "thresh": 0.5, "r_type": "subpopulation", "t_type": "improvement", "eta_obs_individualized": NaN, "eta_obs_refits_batch0_mean": 0.9252525568008423, "model_score": 0.862, "model_f1": 0.8728813559322035, "model_refits_batch0_scores": [0.86, 0.85, 0.838, 0.826, 0.826], "model_refits_batch0_f1s": [0.8504273504273505, 0.8351648351648353, 0.8235294117647058, 0.8062360801781737, 0.8027210884353743], "model_coef": NaN}