{"accuracy_pre": 0.88, "accuracy_post": 0.72, "recourse_seeking_ixs": [239, 356, 349, 246, 393, 327, 276, 321, 252, 361, 257, 370, 379, 265, 352, 386, 389, 351, 310, 345, 353, 232, 256, 303, 329, 287, 254, 342, 267, 210, 268, 373, 381, 348, 211, 314, 255, 221, 307, 368, 240, 201, 316, 328, 212, 203, 227, 281, 291, 260], "recourse_recommended_ixs": [239, 356, 349, 246, 393, 327, 276, 321, 252, 361, 257, 370, 379, 265, 352, 386, 389, 351, 310, 345, 353, 232, 256, 303, 329, 287, 254, 342, 267, 210, 268, 373, 381, 348, 211, 314, 255, 221, 307, 368, 240, 201, 316, 328, 212, 203, 227, 281, 291, 260], "perc_recomm_found": 1.0, "gamma": 0.75, "eta": 0.75, "gamma_obs": 0.7599999904632568, "gamma_obs_pre": 0.11999999731779099, "eta_obs": 0.96, "costs": [1.0, 1.0, 1.0], "lbd": 300.0, "thresh": 0.5, "r_type": "individualized", "t_type": "improvement", "eta_obs_individualized": 1.0, "eta_obs_refits_batch0_mean": 0.8639999628067017, "model_score": 0.89, "model_f1": 0.888888888888889, "model_refits_batch0_scores": [0.91, 0.88, 0.885, 0.895, 0.905], "model_refits_batch0_f1s": [0.9081632653061225, 0.8811881188118811, 0.8878048780487805, 0.8911917098445595, 0.9045226130653267], "model_coef": [[1.0725123715533602, 0.2180381731278218, 1.6860843883037773], [0.3237274772452617]]}