{"accuracy_pre": 0.97, "accuracy_post": 0.98, "recourse_seeking_ixs": [1352, 1622, 1682, 1427, 1243, 1103, 1423, 1911, 1846, 1995, 1483, 1408, 1230, 1810, 1732, 1175, 1008, 1211, 1683, 1700, 1147, 1671, 1830, 1927, 1838, 1222, 1855, 1235, 1431, 1881, 1566, 1657, 1570, 1170, 1646, 1234, 1105, 1901, 1137, 1635, 1204, 1594, 1351, 1063, 1630, 1661, 1897, 1802, 1862, 1763, 1841, 1005, 1822, 1364, 1271, 1917, 1127, 1219, 1043, 1502, 1623, 1342, 1829, 1453, 1011, 1593, 1329, 1297, 1865, 1480, 1451, 1536, 1521, 1952, 1942, 1686, 1636, 1961, 1941, 1009, 1615, 1966, 1111, 1493, 1278, 1174, 1069, 1091, 1878, 1747, 1794, 1298, 1240, 1122, 1620, 1554, 1373, 1381, 1498, 1039], "recourse_recommended_ixs": [1352, 1622, 1682, 1427, 1243, 1103, 1423, 1911, 1846, 1995, 1483, 1408, 1230, 1810, 1732, 1175, 1008, 1211, 1683, 1700, 1147, 1671, 1830, 1927, 1838, 1222, 1855, 1235, 1431, 1881, 1566, 1657, 1570, 1170, 1646, 1234, 1105, 1901, 1137, 1635, 1204, 1594, 1351, 1063, 1630, 1661, 1897, 1802, 1862, 1763, 1841, 1005, 1822, 1364, 1271, 1917, 1127, 1219, 1043, 1502, 1623, 1342, 1829, 1453, 1011, 1593, 1329, 1297, 1865, 1480, 1451, 1536, 1521, 1952, 1942, 1686, 1636, 1961, 1941, 1009, 1966, 1111, 1493, 1278, 1174, 1069, 1091, 1878, 1747, 1794, 1298, 1240, 1122, 1620, 1554, 1373, 1381, 1498, 1039], "perc_recomm_found": 0.99, "gamma": 0.95, "eta": 0.95, "gamma_obs": 1.0, "gamma_obs_pre": 0.020202020183205605, "eta_obs": 0.98989898989899, "costs": [1.0, 1.0], "lbd": 150.0, "thresh": 0.5, "r_type": "individualized", "t_type": "improvement", "eta_obs_individualized": 0.7575757575757576, "eta_obs_refits_batch0_mean": 0.9919191598892212, "model_score": 0.814, "model_f1": 0.997907949790795, "model_refits_batch0_scores": [0.998, 0.998, 0.995, 0.995, 0.998], "model_refits_batch0_f1s": [0.9979674796747968, 0.9979674796747968, 0.9949031600407746, 0.9949031600407746, 0.9979674796747968], "model_coef": NaN}