{"accuracy_pre": 0.76, "accuracy_post": 0.68, "recourse_seeking_ixs": [339, 295, 449, 432, 343, 497, 434, 287, 450, 396, 482, 358, 387, 296, 461, 374, 436, 385, 267, 433, 278, 407, 340, 378, 493, 467, 478, 412, 371, 459, 362, 300, 405, 499, 352, 485, 490, 414, 423, 328, 474, 366, 475, 494, 261, 390, 428, 400, 276, 320, 363, 397, 294, 462, 262, 491, 275, 422, 280, 471, 335, 305, 415, 368, 288, 332, 326, 338, 285, 344, 348, 492, 298, 327, 330, 313, 430, 317, 425, 253, 398, 479, 345, 282, 402, 323, 309, 369, 281, 470, 448, 329, 315, 341, 370, 301, 465, 271, 350, 263], "recourse_recommended_ixs": [339, 295, 449, 432, 343, 497, 434, 287, 450, 396, 482, 358, 387, 296, 461, 374, 436, 385, 267, 433, 278, 407, 340, 378, 493, 467, 478, 412, 371, 459, 362, 300, 405, 499, 352, 485, 490, 414, 423, 328, 474, 366, 475, 494, 261, 390, 428, 400, 276, 320, 363, 397, 294, 462, 262, 491, 275, 422, 280, 471, 305, 415, 368, 288, 332, 326, 338, 285, 344, 348, 492, 298, 327, 330, 313, 430, 317, 425, 253, 398, 479, 345, 282, 402, 323, 309, 369, 281, 470, 448, 329, 315, 341, 370, 301, 465, 271, 350, 263], "perc_recomm_found": 0.99, "gamma": 0.75, "eta": 0.75, "gamma_obs": 0.7777777910232544, "gamma_obs_pre": 0.24242424964904785, "eta_obs": 0.8181818181818182, "costs": [1.0, 1.0], "lbd": 100.0, "thresh": 0.5, "r_type": "individualized", "t_type": "improvement", "eta_obs_individualized": 0.7676767676767676, "eta_obs_refits_batch0_mean": 0.8282828330993652, "model_score": 0.76, "model_f1": 0.7540983606557378, "model_refits_batch0_scores": [0.736, 0.732, 0.792, 0.748, 0.748], "model_refits_batch0_f1s": [0.7272727272727272, 0.7148936170212765, 0.7903225806451613, 0.7469879518072289, 0.7469879518072289], "model_coef": NaN}