{"accuracy_pre": 0.92, "accuracy_post": 0.92, "recourse_seeking_ixs": [381, 233, 330, 367, 223, 237, 208, 260, 323, 388, 256, 328, 354, 396, 294, 364, 290, 356, 245, 226, 273, 320, 284, 361, 201, 259, 246, 321, 277, 306, 244, 262, 372, 393, 253, 217, 350, 387, 240, 272, 333, 340, 249, 264, 301, 271, 345, 230, 265, 362], "recourse_recommended_ixs": [381, 233, 330, 367, 223, 237, 208, 260, 323, 388, 256, 328, 354, 396, 294, 364, 290, 356, 245, 226, 273, 320, 284, 361, 201, 259, 246, 321, 277, 306, 244, 262, 372, 393, 253, 217, 350, 387, 240, 272, 333, 340, 249, 264, 301, 271, 345, 230, 265, 362], "perc_recomm_found": 1.0, "gamma": 0.85, "eta": 0.85, "gamma_obs": 0.9200000166893005, "gamma_obs_pre": 0.07999999821186066, "eta_obs": 1.0, "costs": [1.0, 1.0, 1.0], "lbd": 300.0, "thresh": 0.5, "r_type": "individualized", "t_type": "improvement", "eta_obs_individualized": 1.0, "eta_obs_refits_batch0_mean": 0.8719999194145203, "model_score": 0.905, "model_f1": 0.9082125603864734, "model_refits_batch0_scores": [0.89, 0.915, 0.915, 0.895, 0.895], "model_refits_batch0_f1s": [0.8932038834951457, 0.914572864321608, 0.9186602870813397, 0.8965517241379312, 0.8965517241379312], "model_coef": [[0.3535066930002383, 0.7070133860004766, 1.099513163201904], [0.008396747112791904]]}