{"accuracy_pre": 0.82, "accuracy_post": 0.24, "recourse_seeking_ixs": [547, 880, 799, 994, 706, 530, 632, 751, 675, 894, 714, 690, 526, 764, 962, 677, 545, 660, 789, 987, 613, 914, 542, 843, 682, 569, 761, 956, 747, 616, 925, 991, 700, 771, 567, 966, 742, 674, 637, 552, 854, 933, 964, 710, 583, 992, 975, 778, 601, 627, 759, 827, 951, 897, 781, 919, 622, 666, 757, 640, 792, 598, 555, 535, 886, 596, 720, 507, 523, 737, 503, 931, 705, 913, 851, 773, 557, 698, 858, 695, 544, 907, 576, 744, 901, 812, 935, 556, 866, 599, 823, 796, 618, 559, 566, 718, 810, 986, 584, 574], "recourse_recommended_ixs": [547, 880, 799, 994, 706, 530, 632, 751, 675, 894, 714, 690, 526, 764, 962, 677, 545, 660, 789, 987, 613, 914, 542, 843, 682, 569, 761, 956, 747, 616, 925, 991, 700, 771, 567, 966, 742, 674, 637, 552, 854, 933, 964, 710, 583, 992, 975, 778, 601, 627, 759, 827, 951, 897, 781, 919, 622, 666, 757, 640, 792, 598, 555, 535, 886, 596, 720, 507, 523, 737, 503, 931, 705, 913, 851, 773, 557, 698, 858, 695, 544, 907, 576, 744, 901, 812, 935, 556, 866, 599, 823, 796, 618, 559, 566, 718, 810, 986, 584, 574], "perc_recomm_found": 1.0, "gamma": 0.75, "eta": 0.75, "gamma_obs": 0.2199999988079071, "gamma_obs_pre": 0.18000000715255737, "eta_obs": 0.96, "costs": [1.0, 1.0, 1.0], "lbd": 300.0, "thresh": 0.5, "r_type": "subpopulation", "t_type": "acceptance", "eta_obs_individualized": NaN, "eta_obs_refits_batch0_mean": 0.31800001859664917, "model_score": 0.812, "model_f1": 0.8693957115009747, "model_refits_batch0_scores": [0.794, 0.79, 0.778, 0.774, 0.806], "model_refits_batch0_f1s": [0.7935871743486975, 0.7789473684210526, 0.7633262260127932, 0.7670103092783506, 0.7931769722814498], "model_coef": NaN}