{"accuracy_pre": 0.76, "accuracy_post": 0.27, "recourse_seeking_ixs": [483, 463, 392, 411, 331, 399, 440, 264, 254, 374, 332, 476, 395, 267, 471, 456, 464, 291, 300, 409, 268, 323, 441, 358, 379, 304, 458, 353, 412, 274, 351, 498, 493, 404, 389, 310, 272, 334, 370, 287, 410, 318, 406, 396, 279, 308, 327, 499, 320, 391, 449, 337, 325, 256, 266, 459, 284, 413, 285, 317, 376, 373, 257, 460, 385, 343, 340, 251, 419, 407, 313, 450, 344, 333, 393, 253, 338, 321, 467, 403, 364, 377, 495, 397, 365, 384, 255, 398, 452, 479, 492, 324, 445, 283, 408, 433, 260, 480, 481, 424], "recourse_recommended_ixs": [483, 463, 392, 411, 331, 399, 440, 264, 254, 374, 332, 476, 395, 267, 471, 456, 464, 291, 300, 409, 268, 323, 441, 358, 379, 304, 458, 353, 412, 274, 351, 498, 493, 404, 389, 310, 272, 334, 370, 287, 410, 318, 406, 396, 279, 308, 327, 499, 320, 391, 449, 337, 325, 256, 266, 459, 284, 413, 285, 317, 376, 373, 257, 460, 385, 343, 340, 251, 419, 407, 313, 450, 344, 333, 393, 253, 338, 321, 467, 403, 364, 377, 495, 397, 365, 384, 255, 398, 452, 479, 492, 324, 445, 283, 408, 433, 260, 480, 481, 424], "perc_recomm_found": 1.0, "gamma": 0.75, "eta": 0.75, "gamma_obs": 0.2800000011920929, "gamma_obs_pre": 0.23999999463558197, "eta_obs": 0.99, "costs": [1.0, 1.0, 1.0], "lbd": 100.0, "thresh": 0.5, "r_type": "subpopulation", "t_type": "acceptance", "eta_obs_individualized": NaN, "eta_obs_refits_batch0_mean": 0.5, "model_score": 0.752, "model_f1": 0.7500000000000001, "model_refits_batch0_scores": [0.8, 0.76, 0.768, 0.784, 0.776], "model_refits_batch0_f1s": [0.8, 0.7560975609756099, 0.7542372881355932, 0.7610619469026549, 0.7741935483870968], "model_coef": NaN}