{"accuracy_pre": 0.99, "accuracy_post": 0.06, "recourse_seeking_ixs": [1202, 1658, 1267, 1855, 1528, 1970, 1331, 1002, 1858, 1133, 1746, 1485, 1055, 1314, 1319, 1598, 1344, 1290, 1741, 1212, 1242, 1103, 1911, 1182, 1387, 1446, 1313, 1397, 1535, 1814, 1552, 1585, 1817, 1302, 1410, 1574, 1938, 1258, 1529, 1219, 1111, 1072, 1291, 1184, 1731, 1517, 1954, 1420, 1206, 1697, 1495, 1150, 1827, 1934, 1159, 1201, 1907, 1004, 1462, 1651, 1443, 1587, 1807, 1735, 1973, 1742, 1786, 1216, 1696, 1888, 1660, 1458, 1093, 1245, 1532, 1036, 1356, 1369, 1084, 1839, 1293, 1655, 1865, 1991, 1223, 1575, 1191, 1076, 1650, 1931, 1859, 1861, 1045, 1537, 1013, 1170, 1225, 1087, 1276, 1968], "recourse_recommended_ixs": [1202, 1658, 1267, 1855, 1528, 1970, 1331, 1002, 1858, 1133, 1746, 1485, 1055, 1314, 1319, 1598, 1344, 1290, 1741, 1212, 1242, 1103, 1911, 1182, 1387, 1446, 1313, 1397, 1535, 1814, 1552, 1585, 1817, 1302, 1410, 1574, 1938, 1258, 1529, 1219, 1111, 1072, 1291, 1184, 1731, 1517, 1954, 1420, 1206, 1697, 1495, 1150, 1827, 1934, 1159, 1201, 1907, 1004, 1462, 1651, 1443, 1587, 1807, 1735, 1973, 1742, 1786, 1216, 1696, 1888, 1660, 1458, 1093, 1245, 1532, 1036, 1356, 1369, 1084, 1839, 1293, 1655, 1865, 1991, 1223, 1575, 1191, 1076, 1650, 1931, 1859, 1861, 1045, 1537, 1013, 1170, 1225, 1087, 1276, 1968], "perc_recomm_found": 1.0, "gamma": 0.75, "eta": 0.75, "gamma_obs": 0.03999999910593033, "gamma_obs_pre": 0.009999999776482582, "eta_obs": 0.96, "costs": [1.0, 1.0, 1.0], "lbd": 150.0, "thresh": 0.5, "r_type": "individualized", "t_type": "counterfactual", "eta_obs_individualized": NaN, "eta_obs_refits_batch0_mean": 0.4039999842643738, "model_score": 0.994, "model_f1": 0.9930624380574826, "model_refits_batch0_scores": [0.998, 0.998, 0.998, 0.998, 0.998], "model_refits_batch0_f1s": [0.99800796812749, 0.99800796812749, 0.99800796812749, 0.99800796812749, 0.99800796812749], "model_coef": [[-1.4772435662888521, -1.846554638080656, 3.532578813399066], [-1.7375217910702037]]}