{"accuracy_pre": 0.91, "accuracy_post": 0.27, "recourse_seeking_ixs": [520, 882, 962, 575, 787, 717, 687, 911, 620, 904, 638, 908, 989, 631, 683, 920, 984, 999, 508, 671, 792, 790, 788, 596, 963, 527, 965, 587, 900, 907, 777, 623, 529, 500, 616, 822, 729, 562, 875, 507, 838, 586, 680, 530, 927, 903, 649, 600, 966, 643, 780, 831, 663, 767, 681, 503, 799, 991, 512, 560, 961, 768, 970, 968, 980, 604, 800, 688, 666, 756, 583, 791, 708, 686, 745, 824, 555, 509, 657, 926, 645, 690, 647, 953, 627, 641, 795, 712, 803, 664, 695, 748, 691, 517, 847, 665, 710, 650, 582, 590], "recourse_recommended_ixs": [520, 882, 962, 575, 787, 717, 687, 911, 620, 904, 638, 908, 989, 631, 683, 920, 984, 999, 508, 671, 792, 790, 788, 596, 963, 527, 965, 587, 900, 907, 777, 623, 529, 500, 616, 822, 729, 562, 875, 507, 838, 586, 680, 530, 927, 903, 649, 600, 966, 643, 780, 831, 663, 767, 681, 503, 799, 991, 512, 560, 961, 768, 970, 968, 980, 604, 800, 688, 666, 756, 583, 791, 708, 686, 745, 824, 555, 509, 657, 926, 645, 690, 647, 953, 627, 641, 795, 712, 803, 664, 695, 748, 691, 517, 847, 665, 710, 650, 582, 590], "perc_recomm_found": 1.0, "gamma": 0.75, "eta": 0.75, "gamma_obs": 0.25999999046325684, "gamma_obs_pre": 0.09000000357627869, "eta_obs": 0.87, "costs": [1.0, 1.0, 1.0], "lbd": 300.0, "thresh": 0.5, "r_type": "subpopulation", "t_type": "acceptance", "eta_obs_individualized": NaN, "eta_obs_refits_batch0_mean": 0.3799999952316284, "model_score": 0.718, "model_f1": 0.7605633802816901, "model_refits_batch0_scores": [0.796, 0.788, 0.812, 0.74, 0.776], "model_refits_batch0_f1s": [0.7943548387096774, 0.7845528455284553, 0.8016877637130803, 0.75, 0.7575757575757576], "model_coef": NaN}