{"accuracy_pre": 0.97, "accuracy_post": 1.0, "recourse_seeking_ixs": [1819, 1476, 1696, 1034, 1902, 1572, 1523, 1320, 1533, 1841, 1332, 1469, 1856, 1716, 1725, 1285, 1996, 1484, 1567, 1603, 1865, 1013, 1363, 1977, 1063, 1443, 1099, 1719, 1784, 1931, 1635, 1431, 1638, 1433, 1826, 1072, 1426, 1236, 1650, 1968, 1289, 1888, 1840, 1147, 1055, 1539, 1166, 1016, 1983, 1641, 1191, 1538, 1574, 1145, 1006, 1821, 1645, 1316, 1895, 1295, 1276, 1899, 1990, 1225, 1770, 1170, 1568, 1067, 1625, 1835, 1400, 1071, 1437, 1404, 1366, 1986, 1971, 1978, 1159, 1025, 1935, 1161, 1388, 1529, 1097, 1713, 1560, 1791, 1314, 1914, 1726, 1199, 1906, 1795, 1282, 1112, 1184, 1896, 1853, 1057], "recourse_recommended_ixs": [1819, 1476, 1696, 1034, 1902, 1572, 1523, 1320, 1533, 1841, 1332, 1469, 1856, 1716, 1725, 1285, 1996, 1484, 1567, 1603, 1865, 1013, 1363, 1977, 1063, 1443, 1099, 1719, 1784, 1931, 1635, 1431, 1638, 1433, 1826, 1072, 1426, 1236, 1650, 1968, 1289, 1888, 1840, 1147, 1055, 1539, 1166, 1016, 1983, 1641, 1191, 1538, 1574, 1145, 1006, 1821, 1645, 1316, 1895, 1295, 1276, 1899, 1990, 1225, 1770, 1170, 1568, 1067, 1625, 1835, 1400, 1071, 1437, 1404, 1366, 1986, 1971, 1978, 1159, 1025, 1935, 1161, 1388, 1529, 1097, 1713, 1560, 1791, 1314, 1914, 1726, 1199, 1906, 1795, 1282, 1112, 1184, 1896, 1853, 1057], "perc_recomm_found": 1.0, "gamma": 0.95, "eta": 0.95, "gamma_obs": 1.0, "gamma_obs_pre": 0.029999999329447746, "eta_obs": 1.0, "costs": [1.0, 1.0, 1.0], "lbd": 150.0, "thresh": 0.5, "r_type": "individualized", "t_type": "counterfactual", "eta_obs_individualized": NaN, "eta_obs_refits_batch0_mean": 0.9420000314712524, "model_score": 0.992, "model_f1": 1.0, "model_refits_batch0_scores": [0.993, 1.0, 0.996, 0.996, 0.994], "model_refits_batch0_f1s": [0.992964824120603, 1.0, 0.9959919839679359, 0.9959919839679359, 0.9939759036144578], "model_coef": NaN}