{"accuracy_pre": 0.93, "accuracy_post": 0.85, "recourse_seeking_ixs": [877, 997, 832, 672, 626, 551, 830, 681, 522, 622, 584, 673, 734, 727, 865, 754, 683, 959, 889, 605, 565, 930, 775, 749, 517, 706, 562, 883, 619, 766, 608, 951, 991, 882, 780, 609, 521, 887, 621, 699, 808, 692, 970, 779, 631, 546, 980, 523, 598, 725, 976, 765, 811, 961, 962, 500, 911, 653, 778, 752, 503, 803, 524, 934, 510, 694, 944, 942, 697, 569, 827, 851, 899, 758, 615, 643, 508, 701, 846, 695, 806, 750, 657, 897, 728, 635, 740, 640, 945, 908, 586, 722, 732, 649, 668, 730, 860, 678, 724, 591], "recourse_recommended_ixs": [877, 997, 832, 672, 626, 551, 830, 681, 522, 622, 584, 673, 734, 727, 865, 754, 683, 959, 889, 605, 565, 930, 775, 749, 517, 706, 562, 883, 619, 766, 608, 991, 882, 780, 609, 521, 887, 621, 699, 808, 692, 970, 779, 631, 546, 980, 523, 598, 725, 976, 765, 811, 961, 962, 500, 911, 653, 778, 752, 503, 803, 524, 934, 510, 694, 944, 942, 697, 569, 827, 851, 899, 758, 615, 643, 508, 701, 846, 695, 806, 750, 657, 897, 728, 635, 740, 640, 945, 908, 586, 722, 732, 649, 668, 730, 860, 678, 724, 591], "perc_recomm_found": 0.99, "gamma": 0.95, "eta": 0.95, "gamma_obs": 0.9494949579238892, "gamma_obs_pre": 0.06060606241226196, "eta_obs": 0.9090909090909091, "costs": [1.0, 1.0, 1.0], "lbd": 300.0, "thresh": 0.5, "r_type": "subpopulation", "t_type": "improvement", "eta_obs_individualized": NaN, "eta_obs_refits_batch0_mean": 0.9131313562393188, "model_score": 0.796, "model_f1": 0.8681541582150102, "model_refits_batch0_scores": [0.848, 0.852, 0.822, 0.838, 0.836], "model_refits_batch0_f1s": [0.8396624472573839, 0.8445378151260504, 0.8086021505376344, 0.8258064516129033, 0.8270042194092827], "model_coef": NaN}