{"accuracy_pre": 0.86, "accuracy_post": 0.32, "recourse_seeking_ixs": [263, 269, 341, 312, 226, 310, 359, 294, 293, 379, 280, 250, 373, 257, 295, 305, 233, 393, 268, 304, 221, 248, 260, 396, 337, 367, 215, 279, 244, 237, 205, 317, 318, 202, 352, 338, 329, 271, 267, 320, 324, 282, 243, 368, 281, 343, 328, 259, 296, 355], "recourse_recommended_ixs": [263, 269, 341, 312, 226, 310, 359, 294, 293, 379, 280, 250, 373, 257, 295, 305, 233, 393, 268, 304, 221, 248, 260, 396, 337, 367, 215, 279, 244, 237, 205, 317, 318, 202, 352, 338, 329, 271, 267, 320, 324, 282, 243, 368, 281, 343, 328, 259, 296, 355], "perc_recomm_found": 1.0, "gamma": 0.9, "eta": 0.9, "gamma_obs": 0.3199999928474426, "gamma_obs_pre": 0.14000000059604645, "eta_obs": 1.0, "costs": [1.0, 1.0, 1.0], "lbd": 300.0, "thresh": 0.5, "r_type": "individualized", "t_type": "acceptance", "eta_obs_individualized": NaN, "eta_obs_refits_batch0_mean": 0.6520000100135803, "model_score": 0.82, "model_f1": 0.8043478260869565, "model_refits_batch0_scores": [0.825, 0.855, 0.825, 0.825, 0.81], "model_refits_batch0_f1s": [0.8128342245989306, 0.8497409326424871, 0.8044692737430168, 0.8167539267015707, 0.797872340425532], "model_coef": [[-0.03469255131631568, 0.297972323148673, 0.8210151570344043], [-0.3943902837117776]]}