{"accuracy_pre": 0.15, "accuracy_post": 0.89, "recourse_seeking_ixs": [1254, 1733, 1363, 1077, 1295, 1504, 1746, 1115, 1257, 1527, 1102, 1907, 1221, 1503, 1270, 1061, 1019, 1642, 1715, 1274, 1557, 1572, 1469, 1836, 1915, 1313, 1639, 1143, 1210, 1983, 1769, 1591, 1709, 1495, 1585, 1227, 1041, 1282, 1809, 1752, 1284, 1872, 1978, 1898, 1470, 1737, 1502, 1831, 1310, 1410, 1518, 1785, 1988, 1385, 1801, 1201, 1784, 1535, 1732, 1036, 1533, 1840, 1713, 1110, 1289, 1145, 1006, 1953, 1848, 1899, 1842, 1798, 1900, 1372, 1658, 1685, 1529, 1817, 1344, 1438, 1206, 1811, 1901, 1523, 1727, 1331, 1633, 1097, 1152, 1841, 1212, 1651, 1991, 1942, 1949, 1317, 1326, 1859, 1241, 1892], "recourse_recommended_ixs": [1254, 1733, 1077, 1746, 1115, 1257, 1527, 1102, 1907, 1221, 1503, 1270, 1061, 1019, 1274, 1557, 1572, 1469, 1313, 1639, 1143, 1210, 1983, 1769, 1591, 1709, 1495, 1585, 1227, 1282, 1809, 1752, 1284, 1872, 1978, 1898, 1502, 1831, 1310, 1410, 1518, 1785, 1988, 1385, 1801, 1201, 1784, 1535, 1732, 1036, 1533, 1840, 1713, 1110, 1289, 1006, 1953, 1848, 1899, 1842, 1798, 1900, 1372, 1658, 1685, 1529, 1817, 1344, 1438, 1206, 1811, 1901, 1523, 1727, 1331, 1633, 1097, 1152, 1212, 1991, 1942, 1949, 1317, 1326, 1859, 1241, 1892], "perc_recomm_found": 0.87, "gamma": 0.95, "eta": 0.95, "gamma_obs": 1.0, "gamma_obs_pre": 0.8505747318267822, "eta_obs": 1.0, "costs": [1.0, 1.0], "lbd": 150.0, "thresh": 0.5, "r_type": "subpopulation", "t_type": "improvement", "eta_obs_individualized": NaN, "eta_obs_refits_batch0_mean": 1.0, "model_score": 0.168, "model_f1": 0.9871414441147379, "model_refits_batch0_scores": [0.998, 0.998, 0.999, 0.998, 0.998], "model_refits_batch0_f1s": [0.99800796812749, 0.99800796812749, 0.9990069513406157, 0.99800796812749, 0.99800796812749], "model_coef": NaN}