{"accuracy_pre": 0.84, "accuracy_post": 0.41, "recourse_seeking_ixs": [763, 600, 921, 657, 864, 757, 552, 724, 796, 522, 913, 859, 740, 714, 747, 822, 722, 515, 986, 718, 662, 810, 609, 717, 895, 528, 562, 952, 961, 501, 706, 964, 539, 865, 911, 818, 892, 925, 567, 835, 504, 753, 605, 988, 973, 646, 889, 840, 684, 693, 826, 745, 710, 883, 899, 845, 573, 878, 791, 580, 569, 998, 611, 547, 928, 628, 951, 736, 772, 602, 906, 873, 774, 930, 764, 812, 732, 647, 541, 553, 687, 705, 775, 898, 990, 694, 626, 885, 695, 856, 770, 807, 816, 531, 636, 936, 793, 922, 950, 742], "recourse_recommended_ixs": [763, 600, 921, 657, 864, 757, 552, 724, 796, 522, 913, 859, 740, 714, 747, 822, 722, 515, 986, 718, 662, 810, 609, 717, 895, 528, 562, 952, 961, 501, 706, 964, 539, 865, 911, 818, 892, 925, 567, 835, 504, 753, 605, 988, 973, 646, 889, 840, 684, 693, 826, 745, 710, 883, 899, 845, 573, 878, 791, 580, 569, 998, 611, 547, 928, 628, 951, 736, 772, 602, 906, 873, 774, 930, 764, 812, 732, 647, 541, 553, 687, 705, 775, 898, 990, 694, 626, 885, 695, 856, 770, 807, 816, 531, 636, 936, 793, 922, 950, 742], "perc_recomm_found": 1.0, "gamma": 0.95, "eta": 0.95, "gamma_obs": 0.3700000047683716, "gamma_obs_pre": 0.1599999964237213, "eta_obs": 0.92, "costs": [1.0, 1.0, 1.0], "lbd": 300.0, "thresh": 0.5, "r_type": "subpopulation", "t_type": "counterfactual", "eta_obs_individualized": NaN, "eta_obs_refits_batch0_mean": 0.5440000295639038, "model_score": 0.798, "model_f1": 0.8030888030888031, "model_refits_batch0_scores": [0.778, 0.794, 0.784, 0.802, 0.806], "model_refits_batch0_f1s": [0.7412587412587412, 0.7736263736263737, 0.7440758293838863, 0.7724137931034482, 0.7868131868131869], "model_coef": NaN}