{"accuracy_pre": 1.0, "accuracy_post": 0.96, "recourse_seeking_ixs": [283, 202, 322, 217, 208, 362, 205, 325, 225, 303, 244, 337, 267, 253, 340, 238, 262, 297, 293, 248, 296, 224, 277, 392, 228, 219, 351, 242, 394, 317, 382, 356, 390, 216, 367, 349, 338, 332, 236, 384, 200, 371, 339, 251, 263, 347, 396, 235, 227, 326], "recourse_recommended_ixs": [283, 202, 322, 217, 208, 362, 205, 325, 225, 303, 244, 337, 267, 253, 340, 238, 262, 297, 293, 248, 296, 224, 277, 392, 228, 219, 351, 242, 394, 317, 382, 356, 390, 216, 367, 349, 338, 332, 236, 384, 200, 371, 339, 251, 263, 347, 396, 235, 227, 326], "perc_recomm_found": 1.0, "gamma": 0.85, "eta": 0.85, "gamma_obs": 0.94, "gamma_obs_pre": 0.0, "eta_obs": 0.9, "costs": [5.0, 5.0], "lbd": 300.0, "thresh": 0.5, "r_type": "individualized", "t_type": "improvement", "eta_obs_individualized": 0.94, "eta_obs_refits_batch0_mean": 0.9, "model_score": 1.0, "model_f1": 1.0, "model_refits_batch0_scores": [1.0, 1.0, 1.0, 1.0, 1.0], "model_refits_batch0_f1s": [1.0, 1.0, 1.0, 1.0, 1.0], "model_coef": [[-1.5993085870025386e-05, 4.4832218659505406e-05, 0.027561909976115444, 7.124567944101945e-05, 0.0002743780694399988], [-15.29119042839106]]}