{"accuracy_pre": 0.84, "accuracy_post": 0.95, "recourse_seeking_ixs": [899, 880, 739, 963, 691, 627, 558, 696, 993, 523, 763, 584, 897, 762, 801, 571, 680, 556, 717, 746, 796, 902, 672, 967, 983, 536, 663, 990, 997, 929, 599, 783, 567, 860, 757, 640, 764, 521, 511, 992, 920, 909, 641, 702, 513, 846, 822, 736, 753, 797, 940, 728, 625, 999, 743, 835, 655, 814, 733, 766, 935, 580, 793, 924, 514, 723, 602, 578, 645, 707, 851, 616, 735, 951, 626, 943, 678, 583, 617, 886, 510, 786, 694, 597, 964, 534, 509, 577, 820, 957, 637, 770, 684, 900, 517, 727, 965, 722, 519, 948], "recourse_recommended_ixs": [899, 880, 739, 963, 691, 627, 558, 696, 993, 523, 763, 584, 897, 762, 801, 571, 680, 556, 717, 746, 796, 902, 672, 967, 983, 536, 663, 990, 997, 929, 599, 783, 567, 860, 757, 640, 764, 521, 511, 992, 920, 909, 641, 702, 513, 846, 822, 736, 753, 797, 940, 728, 625, 999, 743, 835, 655, 814, 733, 766, 935, 580, 793, 924, 514, 723, 602, 578, 645, 707, 851, 616, 735, 951, 626, 943, 678, 583, 617, 886, 510, 786, 694, 597, 964, 534, 509, 577, 820, 957, 637, 770, 684, 900, 517, 727, 965, 722, 519, 948], "perc_recomm_found": 1.0, "gamma": 0.95, "eta": 0.95, "gamma_obs": 0.949999988079071, "gamma_obs_pre": 0.1599999964237213, "eta_obs": 0.99, "costs": [1.0, 1.0, 1.0], "lbd": 300.0, "thresh": 0.5, "r_type": "subpopulation", "t_type": "improvement", "eta_obs_individualized": NaN, "eta_obs_refits_batch0_mean": 0.9620000123977661, "model_score": 0.878, "model_f1": 0.8606557377049181, "model_refits_batch0_scores": [0.86, 0.85, 0.838, 0.826, 0.826], "model_refits_batch0_f1s": [0.8504273504273505, 0.8351648351648353, 0.8235294117647058, 0.8062360801781737, 0.8027210884353743], "model_coef": NaN}