{"accuracy_pre": 0.99, "accuracy_post": 1.0, "recourse_seeking_ixs": [1057, 1711, 1410, 1913, 1709, 1595, 1189, 1128, 1414, 1133, 1327, 1195, 1238, 1983, 1842, 1206, 1591, 1738, 1928, 1855, 1146, 1789, 1541, 1631, 1807, 1464, 1433, 1953, 1650, 1987, 1373, 1900, 1864, 1159, 1561, 1191, 1457, 1452, 1342, 1639, 1397, 1629, 1565, 1177, 1930, 1082, 1440, 1034, 1575, 1771, 1070, 1242, 1287, 1426, 1404, 1383, 1606, 1214, 1030, 1773, 1388, 1470, 1588, 1929, 1858, 1360, 1901, 1233, 1619, 1486, 1234, 1922, 1434, 1594, 1054, 1386, 1469, 1655, 1993, 1290, 1977, 1145, 1324, 1726, 1364, 1734, 1476, 1101, 1817, 1276, 1431, 1907, 1572, 1886, 1661, 1971, 1520, 1923, 1725, 1170], "recourse_recommended_ixs": [1057, 1711, 1410, 1913, 1709, 1595, 1189, 1128, 1414, 1133, 1327, 1195, 1238, 1983, 1842, 1206, 1591, 1738, 1928, 1855, 1146, 1789, 1541, 1631, 1807, 1464, 1433, 1953, 1650, 1987, 1373, 1900, 1864, 1159, 1561, 1191, 1457, 1452, 1342, 1639, 1397, 1629, 1565, 1177, 1930, 1082, 1440, 1034, 1575, 1771, 1070, 1242, 1287, 1426, 1404, 1383, 1606, 1214, 1030, 1773, 1388, 1470, 1588, 1929, 1858, 1360, 1901, 1233, 1619, 1486, 1234, 1922, 1434, 1594, 1054, 1386, 1469, 1655, 1993, 1290, 1977, 1145, 1324, 1726, 1364, 1734, 1476, 1101, 1817, 1276, 1431, 1907, 1572, 1886, 1661, 1971, 1520, 1923, 1725, 1170], "perc_recomm_found": 1.0, "gamma": 0.75, "eta": 0.75, "gamma_obs": 1.0, "gamma_obs_pre": 0.009999999776482582, "eta_obs": 1.0, "costs": [1.0, 1.0], "lbd": 150.0, "thresh": 0.5, "r_type": "individualized", "t_type": "improvement", "eta_obs_individualized": 1.0, "eta_obs_refits_batch0_mean": 1.0, "model_score": 0.994, "model_f1": 0.9930624380574826, "model_refits_batch0_scores": [0.998, 0.998, 0.998, 0.998, 0.998], "model_refits_batch0_f1s": [0.99800796812749, 0.99800796812749, 0.99800796812749, 0.99800796812749, 0.99800796812749], "model_coef": [[-1.4772435662888521, -1.846554638080656, 3.532578813399066], [-1.7375217910702037]]}