{"accuracy_pre": 0.9, "accuracy_post": 0.96, "recourse_seeking_ixs": [948, 843, 878, 501, 597, 569, 766, 596, 638, 759, 667, 772, 956, 727, 624, 851, 582, 904, 980, 758, 756, 553, 587, 706, 633, 880, 840, 652, 928, 745, 653, 646, 914, 862, 556, 978, 822, 641, 670, 899, 975, 961, 785, 767, 916, 592, 968, 932, 676, 645, 982, 909, 894, 752, 844, 643, 529, 934, 778, 936, 721, 876, 628, 847, 560, 810, 617, 523, 744, 784, 977, 992, 974, 602, 967, 937, 941, 729, 954, 890, 603, 680, 541, 558, 877, 806, 998, 601, 549, 925, 642, 522, 707, 614, 673, 966, 971, 679, 791, 950], "recourse_recommended_ixs": [948, 843, 878, 501, 597, 569, 766, 596, 638, 759, 667, 772, 956, 727, 624, 851, 582, 904, 980, 758, 756, 553, 587, 706, 633, 880, 840, 652, 928, 745, 653, 646, 914, 862, 556, 978, 822, 641, 670, 899, 975, 961, 785, 767, 916, 592, 968, 932, 676, 645, 982, 909, 894, 752, 844, 643, 529, 934, 778, 936, 721, 876, 628, 847, 560, 810, 617, 523, 744, 784, 977, 992, 974, 602, 967, 937, 941, 729, 954, 890, 603, 680, 541, 558, 877, 806, 998, 601, 549, 925, 642, 522, 707, 614, 673, 966, 971, 679, 791, 950], "perc_recomm_found": 1.0, "gamma": 0.95, "eta": 0.95, "gamma_obs": 0.9599999785423279, "gamma_obs_pre": 0.10000000149011612, "eta_obs": 1.0, "costs": [1.0, 1.0], "lbd": 300.0, "thresh": 0.5, "r_type": "individualized", "t_type": "improvement", "eta_obs_individualized": 0.98, "eta_obs_refits_batch0_mean": 1.0, "model_score": 0.834, "model_f1": 0.8266129032258065, "model_refits_batch0_scores": [0.83, 0.822, 0.816, 0.824, 0.822], "model_refits_batch0_f1s": [0.8268839103869655, 0.8118393234672305, 0.7973568281938326, 0.8095238095238094, 0.8086021505376344], "model_coef": NaN}