{"accuracy_pre": 0.8, "accuracy_post": 0.92, "recourse_seeking_ixs": [200, 215, 319, 343, 333, 205, 214, 393, 255, 359, 248, 233, 258, 337, 372, 287, 238, 204, 397, 304, 387, 360, 379, 355, 326, 207, 362, 257, 259, 260, 285, 305, 398, 376, 256, 332, 282, 211, 201, 236, 213, 394, 318, 307, 226, 217, 391, 294, 289, 374], "recourse_recommended_ixs": [200, 215, 319, 343, 333, 205, 214, 393, 255, 359, 248, 233, 258, 337, 372, 287, 238, 204, 397, 304, 387, 360, 379, 355, 326, 207, 362, 257, 259, 260, 285, 305, 398, 376, 256, 332, 282, 211, 201, 236, 213, 394, 318, 307, 226, 217, 391, 294, 289, 374], "perc_recomm_found": 1.0, "gamma": 0.9, "eta": 0.9, "gamma_obs": 0.9200000166893005, "gamma_obs_pre": 0.20000000298023224, "eta_obs": 1.0, "costs": [1.0, 1.0], "lbd": 300.0, "thresh": 0.5, "r_type": "subpopulation", "t_type": "improvement", "eta_obs_individualized": NaN, "eta_obs_refits_batch0_mean": 1.0, "model_score": 0.82, "model_f1": 0.8043478260869565, "model_refits_batch0_scores": [0.825, 0.855, 0.825, 0.825, 0.81], "model_refits_batch0_f1s": [0.8128342245989306, 0.8497409326424871, 0.8044692737430168, 0.8167539267015707, 0.797872340425532], "model_coef": [[-0.03469255131631568, 0.297972323148673, 0.8210151570344043], [-0.3943902837117776]]}