{"accuracy_pre": 0.9, "accuracy_post": 0.24, "recourse_seeking_ixs": [394, 294, 267, 365, 277, 220, 332, 260, 391, 372, 214, 251, 327, 287, 233, 354, 384, 395, 396, 256, 259, 299, 234, 209, 263, 238, 382, 302, 223, 386, 337, 298, 236, 347, 355, 206, 207, 323, 225, 360, 262, 393, 202, 362, 297, 248, 324, 309, 352, 293], "recourse_recommended_ixs": [394, 294, 267, 365, 277, 220, 332, 260, 391, 372, 214, 251, 327, 287, 233, 354, 384, 395, 396, 256, 259, 299, 234, 209, 263, 238, 382, 302, 223, 386, 337, 298, 236, 347, 355, 206, 207, 323, 225, 360, 262, 393, 202, 362, 297, 248, 324, 309, 352, 293], "perc_recomm_found": 1.0, "gamma": 0.95, "eta": 0.95, "gamma_obs": 0.23999999463558197, "gamma_obs_pre": 0.10000000149011612, "eta_obs": 1.0, "costs": [1.0, 1.0, 1.0], "lbd": 300.0, "thresh": 0.5, "r_type": "individualized", "t_type": "acceptance", "eta_obs_individualized": NaN, "eta_obs_refits_batch0_mean": 0.7760000228881836, "model_score": 0.88, "model_f1": 0.875, "model_refits_batch0_scores": [0.885, 0.86, 0.875, 0.875, 0.85], "model_refits_batch0_f1s": [0.882051282051282, 0.851063829787234, 0.8704663212435233, 0.8663101604278074, 0.8529411764705883], "model_coef": [[0.3892079494959561, -0.05093963321306583, 0.8190394109383161], [-0.2865466860483544]]}