{"accuracy_pre": 1.0, "accuracy_post": 0.44, "recourse_seeking_ixs": [1847, 1366, 1906, 1972, 1647, 1978, 1542, 1580, 1730, 1016, 1248, 1313, 1918, 1111, 1772, 1199, 1337, 1572, 1779, 1768, 1014, 1708, 1025, 1880, 1374, 1246, 1420, 1238, 1506, 1959, 1758, 1840, 1006, 1330, 1649, 1296, 1012, 1608, 1103, 1931, 1295, 1303, 1668, 1691, 1956, 1415, 1098, 1385, 1284, 1450, 1903, 1916, 1666, 1585, 1933, 1171, 1011, 1275, 1394, 1267, 1222, 1630, 1204, 1902, 1231, 1424, 1448, 1240, 1319, 1382, 1398, 1223, 1980, 1823, 1131, 1720, 1148, 1734, 1502, 1874, 1070, 1241, 1762, 1189, 1717, 1306, 1280, 1954, 1560, 1036, 1470, 1836, 1562, 1299, 1488, 1031, 1681, 1147, 1094, 1979], "recourse_recommended_ixs": [1847, 1366, 1906, 1972, 1647, 1978, 1542, 1580, 1730, 1016, 1248, 1313, 1918, 1111, 1772, 1199, 1337, 1572, 1779, 1768, 1014, 1708, 1025, 1880, 1374, 1246, 1420, 1238, 1506, 1959, 1758, 1840, 1006, 1330, 1649, 1296, 1012, 1608, 1103, 1931, 1295, 1303, 1668, 1691, 1956, 1415, 1098, 1385, 1284, 1450, 1903, 1916, 1666, 1585, 1933, 1171, 1011, 1275, 1394, 1267, 1222, 1630, 1204, 1902, 1231, 1424, 1448, 1240, 1319, 1382, 1398, 1223, 1980, 1823, 1131, 1720, 1148, 1734, 1502, 1874, 1070, 1241, 1762, 1189, 1717, 1306, 1280, 1954, 1560, 1036, 1470, 1836, 1562, 1299, 1488, 1031, 1681, 1147, 1094, 1979], "perc_recomm_found": 1.0, "gamma": 0.95, "eta": 0.95, "gamma_obs": 1.0, "gamma_obs_pre": 0.0, "eta_obs": 1.0, "costs": [1.0, 1.0, 1.0], "lbd": 150.0, "thresh": 0.5, "r_type": "individualized", "t_type": "acceptance", "eta_obs_individualized": NaN, "eta_obs_refits_batch0_mean": 0.656000018119812, "model_score": 0.985, "model_f1": 0.9926701570680629, "model_refits_batch0_scores": [0.996, 0.999, 0.996, 0.998, 0.993], "model_refits_batch0_f1s": [0.995967741935484, 0.9989929506545822, 0.9959919839679359, 0.9979919678714859, 0.993006993006993], "model_coef": NaN}