{"accuracy_pre": 1.0, "accuracy_post": 1.0, "recourse_seeking_ixs": [1542, 1443, 1906, 1025, 1295, 1983, 1255, 1324, 1220, 1476, 1578, 1362, 1391, 1903, 1098, 1357, 1572, 1165, 1863, 1954, 1634, 1689, 1579, 1194, 1977, 1145, 1219, 1334, 1127, 1823, 1284, 1741, 1942, 1624, 1669, 1543, 1305, 1190, 1008, 1034, 1150, 1695, 1292, 1685, 1809, 1818, 1212, 1869, 1053, 1742, 1933, 1820, 1437, 1331, 1447, 1385, 1226, 1326, 1533, 1014, 1233, 1089, 1484, 1240, 1758, 1966, 1907, 1470, 1492, 1945, 1296, 1720, 1313, 1306, 1874, 1006, 1250, 1567, 1981, 1467, 1239, 1513, 1890, 1151, 1078, 1316, 1161, 1303, 1708, 1992, 1568, 1589, 1671, 1344, 1030, 1905, 1652, 1615, 1353, 1776], "recourse_recommended_ixs": [1542, 1443, 1906, 1025, 1295, 1983, 1255, 1324, 1220, 1476, 1578, 1362, 1391, 1903, 1098, 1357, 1572, 1165, 1863, 1954, 1634, 1689, 1579, 1194, 1977, 1145, 1219, 1334, 1127, 1823, 1284, 1741, 1942, 1624, 1669, 1543, 1305, 1190, 1008, 1034, 1150, 1695, 1292, 1685, 1809, 1818, 1212, 1869, 1053, 1742, 1933, 1820, 1437, 1331, 1447, 1385, 1226, 1326, 1533, 1014, 1233, 1089, 1484, 1240, 1758, 1966, 1907, 1470, 1492, 1945, 1296, 1720, 1313, 1306, 1874, 1006, 1250, 1567, 1981, 1467, 1239, 1513, 1890, 1151, 1078, 1316, 1161, 1303, 1708, 1992, 1568, 1589, 1671, 1344, 1030, 1905, 1652, 1615, 1353, 1776], "perc_recomm_found": 1.0, "gamma": 0.75, "eta": 0.75, "gamma_obs": 1.0, "gamma_obs_pre": 0.0, "eta_obs": 1.0, "costs": [1.0, 1.0, 1.0], "lbd": 150.0, "thresh": 0.5, "r_type": "subpopulation", "t_type": "improvement", "eta_obs_individualized": NaN, "eta_obs_refits_batch0_mean": 1.0, "model_score": 0.883, "model_f1": 0.9916317991631798, "model_refits_batch0_scores": [0.999, 0.997, 0.998, 0.999, 0.993], "model_refits_batch0_f1s": [0.9989949748743718, 0.9969727547931382, 0.9979919678714859, 0.9989929506545822, 0.993006993006993], "model_coef": [[2.0946568951974145, 2.6183211165157094, 4.922443678360561], [-0.014944425291116755]]}