{"accuracy_pre": 0.88, "accuracy_post": 0.37, "recourse_seeking_ixs": [964, 937, 833, 522, 527, 777, 778, 559, 924, 566, 603, 734, 562, 918, 560, 934, 947, 753, 645, 958, 620, 925, 580, 594, 832, 509, 526, 567, 547, 761, 507, 797, 502, 763, 504, 948, 532, 789, 841, 935, 693, 756, 622, 988, 696, 864, 838, 724, 521, 646, 661, 604, 642, 813, 825, 747, 858, 607, 595, 808, 835, 945, 627, 798, 764, 714, 707, 859, 760, 921, 523, 515, 941, 919, 829, 817, 731, 812, 978, 799, 882, 678, 906, 865, 920, 732, 713, 680, 501, 685, 982, 981, 869, 950, 967, 751, 581, 717, 927, 782], "recourse_recommended_ixs": [964, 937, 833, 522, 527, 777, 778, 559, 924, 566, 603, 734, 562, 918, 560, 934, 947, 753, 645, 958, 620, 925, 580, 594, 832, 509, 526, 567, 547, 761, 507, 797, 502, 763, 504, 948, 532, 789, 841, 935, 693, 756, 622, 988, 696, 864, 838, 724, 521, 646, 661, 604, 642, 813, 825, 747, 858, 607, 595, 808, 835, 945, 627, 798, 764, 714, 707, 859, 760, 921, 523, 515, 941, 919, 829, 817, 731, 812, 978, 799, 882, 678, 906, 865, 920, 732, 713, 680, 501, 685, 982, 981, 869, 950, 967, 751, 581, 717, 927, 782], "perc_recomm_found": 1.0, "gamma": 0.95, "eta": 0.95, "gamma_obs": 0.23000000417232513, "gamma_obs_pre": 0.11999999731779099, "eta_obs": 1.0, "costs": [1.0, 1.0, 1.0], "lbd": 300.0, "thresh": 0.5, "r_type": "individualized", "t_type": "acceptance", "eta_obs_individualized": NaN, "eta_obs_refits_batch0_mean": 0.39000001549720764, "model_score": 0.818, "model_f1": 0.8266666666666668, "model_refits_batch0_scores": [0.81, 0.802, 0.812, 0.784, 0.816], "model_refits_batch0_f1s": [0.8210922787193974, 0.8135593220338984, 0.8226415094339623, 0.7954545454545454, 0.8217054263565892], "model_coef": NaN}