{"accuracy_pre": 1.0, "accuracy_post": 0.94, "recourse_seeking_ixs": [241, 318, 240, 371, 227, 223, 368, 245, 294, 325, 333, 248, 217, 307, 344, 221, 264, 231, 362, 283, 366, 266, 382, 275, 317, 268, 377, 397, 312, 226, 258, 351, 228, 399, 234, 345, 273, 238, 207, 332, 357, 389, 300, 239, 218, 214, 297, 242, 281, 253], "recourse_recommended_ixs": [241, 318, 240, 371, 227, 223, 368, 245, 294, 325, 333, 248, 217, 307, 344, 221, 264, 231, 362, 283, 366, 266, 382, 275, 317, 268, 377, 397, 312, 226, 258, 351, 228, 399, 234, 345, 273, 238, 207, 332, 357, 389, 300, 239, 218, 214, 297, 242, 281, 253], "perc_recomm_found": 1.0, "gamma": 0.75, "eta": 0.75, "gamma_obs": 0.94, "gamma_obs_pre": 0.0, "eta_obs": 0.88, "costs": [5.0, 5.0], "lbd": 300.0, "thresh": 0.5, "r_type": "individualized", "t_type": "improvement", "eta_obs_individualized": 0.94, "eta_obs_refits_batch0_mean": 0.8879999999999999, "model_score": 0.99, "model_f1": 0.9923664122137404, "model_refits_batch0_scores": [0.99, 0.995, 0.975, 0.945, 0.99], "model_refits_batch0_f1s": [0.9923664122137404, 0.9961977186311787, 0.9808429118773947, 0.9581749049429659, 0.9923664122137404], "model_coef": [[-0.4757321466379837, 0.6196026974685456, 0.006259128767234332, 0.2523618187508713, 0.9209356525717065], [-13.266759959537207]]}