{"accuracy_pre": 1.0, "accuracy_post": 0.95, "recourse_seeking_ixs": [1452, 1439, 1387, 1624, 1090, 1973, 1884, 1168, 1528, 1797, 1597, 1352, 1379, 1801, 1987, 1470, 1499, 1093, 1552, 1840, 1046, 1811, 1302, 1928, 1177, 1179, 1690, 1186, 1248, 1618, 1238, 1784, 1065, 1841, 1856, 1913, 1457, 1914, 1746, 1401, 1075, 1595, 1571, 1306, 1446, 1184, 1627, 1911, 1875, 1533, 1234, 1014, 1778, 1588, 1182, 1786, 1598, 1284, 1404, 1999, 1437, 1773, 1010, 1865, 1950, 1696, 1953, 1748, 1347, 1520, 1935, 1356, 1159, 1572, 1933, 1517, 1771, 1820, 1103, 1481, 1529, 1274, 1440, 1694, 1036, 1147, 1149, 1112, 1237, 1276, 1568, 1414, 1892, 1569, 1961, 1970, 1132, 1224, 1744, 1824], "recourse_recommended_ixs": [1452, 1439, 1387, 1624, 1090, 1973, 1884, 1168, 1528, 1797, 1597, 1352, 1379, 1801, 1987, 1470, 1499, 1093, 1552, 1840, 1046, 1811, 1302, 1928, 1177, 1179, 1690, 1186, 1248, 1618, 1238, 1784, 1065, 1841, 1856, 1913, 1457, 1914, 1746, 1401, 1075, 1595, 1571, 1306, 1446, 1184, 1627, 1911, 1875, 1533, 1234, 1014, 1778, 1588, 1182, 1786, 1598, 1284, 1404, 1999, 1437, 1773, 1010, 1865, 1950, 1696, 1953, 1748, 1347, 1520, 1935, 1356, 1159, 1572, 1933, 1517, 1771, 1820, 1103, 1481, 1529, 1274, 1440, 1694, 1036, 1147, 1149, 1112, 1237, 1276, 1568, 1414, 1892, 1569, 1961, 1970, 1132, 1224, 1744, 1824], "perc_recomm_found": 1.0, "gamma": 0.95, "eta": 0.95, "gamma_obs": 0.949999988079071, "gamma_obs_pre": 0.0, "eta_obs": 1.0, "costs": [1.0, 1.0, 1.0], "lbd": 150.0, "thresh": 0.5, "r_type": "individualized", "t_type": "acceptance", "eta_obs_individualized": NaN, "eta_obs_refits_batch0_mean": 0.9520000219345093, "model_score": 0.991, "model_f1": 1.0, "model_refits_batch0_scores": [0.997, 0.994, 0.996, 0.994, 0.996], "model_refits_batch0_f1s": [0.9970089730807578, 0.9939999999999999, 0.9960079840319361, 0.9939999999999999, 0.9960079840319361], "model_coef": NaN}