{"accuracy_pre": 1.0, "accuracy_post": 0.91, "recourse_seeking_ixs": [1752, 1794, 1369, 1348, 1223, 1529, 1288, 1913, 1824, 1952, 1738, 1940, 1994, 1454, 1699, 1214, 1102, 1025, 1591, 1896, 1801, 1852, 1150, 1391, 1617, 1888, 1734, 1683, 1225, 1105, 1459, 1985, 1282, 1084, 1572, 1528, 1633, 1366, 1145, 1045, 1202, 1263, 1314, 1289, 1831, 1541, 1741, 1969, 1209, 1751, 1764, 1270, 1016, 1725, 1621, 1184, 1539, 1469, 1771, 1907, 1462, 1955, 1093, 1356, 1575, 1520, 1915, 1100, 1364, 1998, 1935, 1690, 1899, 1840, 1319, 1186, 1540, 1859, 1324, 1376, 1923, 1588, 1178, 1594, 1949, 1731, 1827, 1076, 1611, 1836, 1961, 1821, 1468, 1277, 1099, 1033, 1458, 1197, 1571, 1481], "recourse_recommended_ixs": [1752, 1794, 1369, 1348, 1223, 1529, 1288, 1913, 1824, 1952, 1738, 1940, 1994, 1454, 1699, 1214, 1102, 1025, 1591, 1896, 1801, 1852, 1150, 1391, 1617, 1888, 1734, 1683, 1225, 1105, 1459, 1985, 1282, 1084, 1572, 1528, 1633, 1366, 1145, 1045, 1202, 1263, 1314, 1289, 1831, 1541, 1741, 1969, 1209, 1751, 1764, 1270, 1016, 1725, 1621, 1184, 1539, 1469, 1771, 1907, 1462, 1955, 1093, 1356, 1575, 1520, 1915, 1100, 1364, 1998, 1935, 1690, 1899, 1840, 1319, 1186, 1540, 1859, 1324, 1376, 1923, 1588, 1178, 1594, 1949, 1731, 1827, 1076, 1611, 1836, 1961, 1821, 1468, 1277, 1099, 1033, 1458, 1197, 1571, 1481], "perc_recomm_found": 1.0, "gamma": 0.75, "eta": 0.75, "gamma_obs": 1.0, "gamma_obs_pre": 0.0, "eta_obs": 0.91, "costs": [1.0, 1.0, 1.0], "lbd": 150.0, "thresh": 0.5, "r_type": "subpopulation", "t_type": "acceptance", "eta_obs_individualized": NaN, "eta_obs_refits_batch0_mean": 0.6420000195503235, "model_score": 0.991, "model_f1": 0.9990069513406157, "model_refits_batch0_scores": [0.993, 0.998, 0.993, 0.993, 0.994], "model_refits_batch0_f1s": [0.992964824120603, 0.99800796812749, 0.992964824120603, 0.992964824120603, 0.9939759036144578], "model_coef": [[2.1377692770335646, 2.6722115933152057, 5.023757780492131], [-0.08763295293312978]]}