{"accuracy_pre": 0.88, "accuracy_post": 0.2, "recourse_seeking_ixs": [341, 367, 382, 354, 340, 242, 279, 347, 311, 210, 214, 256, 381, 272, 331, 390, 281, 232, 338, 378, 245, 241, 250, 363, 324, 269, 319, 278, 243, 234, 240, 380, 358, 317, 362, 295, 307, 335, 328, 212, 229, 263, 301, 211, 252, 275, 320, 306, 215, 361], "recourse_recommended_ixs": [341, 367, 382, 354, 340, 242, 279, 347, 311, 210, 214, 256, 381, 272, 331, 390, 281, 232, 338, 378, 245, 241, 250, 363, 324, 269, 319, 278, 243, 234, 240, 380, 358, 317, 362, 295, 307, 335, 328, 212, 229, 263, 301, 211, 252, 275, 320, 306, 215, 361], "perc_recomm_found": 1.0, "gamma": 0.95, "eta": 0.95, "gamma_obs": 0.20000000298023224, "gamma_obs_pre": 0.11999999731779099, "eta_obs": 1.0, "costs": [1.0, 1.0, 1.0], "lbd": 300.0, "thresh": 0.5, "r_type": "individualized", "t_type": "counterfactual", "eta_obs_individualized": NaN, "eta_obs_refits_batch0_mean": 0.7919999957084656, "model_score": 0.875, "model_f1": 0.8780487804878048, "model_refits_batch0_scores": [0.855, 0.865, 0.875, 0.86, 0.865], "model_refits_batch0_f1s": [0.862559241706161, 0.8682926829268293, 0.8768472906403941, 0.8640776699029127, 0.8682926829268293], "model_coef": [[0.452635204991619, 0.16060568576669998, 1.0671520552226303], [-0.5292932973234105]]}