{"accuracy_pre": 0.88, "accuracy_post": 0.79, "recourse_seeking_ixs": [562, 587, 571, 911, 615, 686, 655, 900, 696, 748, 978, 580, 928, 810, 749, 843, 549, 524, 634, 744, 702, 815, 709, 804, 947, 794, 857, 728, 564, 699, 716, 953, 983, 846, 574, 675, 581, 645, 878, 944, 961, 585, 956, 681, 612, 817, 557, 848, 955, 823, 942, 897, 718, 694, 791, 986, 544, 629, 584, 671, 785, 597, 644, 966, 836, 743, 889, 903, 555, 708, 674, 814, 813, 798, 563, 746, 556, 668, 822, 639, 934, 919, 712, 509, 683, 554, 809, 951, 519, 980, 742, 870, 803, 558, 881, 853, 963, 820, 505, 925], "recourse_recommended_ixs": [562, 587, 571, 911, 615, 686, 655, 900, 696, 748, 978, 580, 928, 810, 749, 843, 549, 524, 634, 744, 702, 815, 709, 804, 947, 794, 857, 728, 564, 699, 716, 953, 983, 846, 574, 675, 581, 645, 878, 944, 961, 585, 956, 681, 612, 817, 557, 848, 955, 823, 942, 897, 718, 694, 791, 986, 544, 629, 584, 671, 785, 597, 644, 966, 836, 743, 889, 903, 555, 708, 674, 814, 813, 798, 563, 746, 556, 668, 822, 639, 934, 919, 712, 509, 683, 554, 809, 951, 519, 980, 742, 870, 803, 558, 881, 853, 963, 820, 505, 925], "perc_recomm_found": 1.0, "gamma": 0.75, "eta": 0.75, "gamma_obs": 0.800000011920929, "gamma_obs_pre": 0.11999999731779099, "eta_obs": 0.99, "costs": [1.0, 1.0], "lbd": 300.0, "thresh": 0.5, "r_type": "individualized", "t_type": "improvement", "eta_obs_individualized": 0.77, "eta_obs_refits_batch0_mean": 0.9860000610351562, "model_score": 0.802, "model_f1": 0.8138195777351247, "model_refits_batch0_scores": [0.82, 0.828, 0.806, 0.818, 0.836], "model_refits_batch0_f1s": [0.7906976744186047, 0.8045454545454546, 0.7662650602409637, 0.7858823529411765, 0.8217391304347826], "model_coef": NaN}