{"accuracy_pre": 0.94, "accuracy_post": 0.96, "recourse_seeking_ixs": [397, 291, 238, 208, 255, 368, 396, 242, 388, 348, 395, 272, 311, 399, 344, 375, 297, 382, 226, 299, 207, 287, 361, 352, 220, 275, 276, 389, 364, 269, 204, 301, 378, 265, 339, 318, 270, 261, 379, 308, 350, 298, 280, 355, 224, 262, 331, 202, 360, 385], "recourse_recommended_ixs": [397, 291, 238, 208, 255, 368, 396, 242, 388, 348, 395, 272, 311, 399, 344, 375, 297, 382, 226, 299, 207, 287, 361, 352, 220, 275, 276, 389, 364, 269, 204, 301, 378, 265, 339, 318, 270, 261, 379, 308, 350, 298, 280, 355, 224, 262, 331, 202, 360, 385], "perc_recomm_found": 1.0, "gamma": 0.95, "eta": 0.95, "gamma_obs": 0.9599999785423279, "gamma_obs_pre": 0.05999999865889549, "eta_obs": 1.0, "costs": [1.0, 1.0, 1.0], "lbd": 300.0, "thresh": 0.5, "r_type": "subpopulation", "t_type": "improvement", "eta_obs_individualized": NaN, "eta_obs_refits_batch0_mean": 0.972000002861023, "model_score": 0.88, "model_f1": 0.8846153846153846, "model_refits_batch0_scores": [0.83, 0.865, 0.87, 0.88, 0.85], "model_refits_batch0_f1s": [0.826530612244898, 0.8695652173913043, 0.8712871287128714, 0.883495145631068, 0.8557692307692307], "model_coef": [[-0.027413339841056893, 0.924730769272787, 1.555533137226968], [0.3547870215765537]]}