ix,goal_cost,intv_cost
107,1.0,1.5899999719113111
129,1.0,0.63
172,1.0,1.2
110,1.0,1.290000008419156
121,1.0,0.9
193,1.0,2.609999969601631
169,1.0,3.2399999275803566
158,1.0,5.070000112056732
163,1.0,1.9000000357627869
111,1.0,0.9300000071525574
123,1.0,2.56
