{"accuracy_pre": 1.0, "accuracy_post": 0.65, "recourse_seeking_ixs": [1958, 1510, 1805, 1284, 1580, 1297, 1918, 1014, 1211, 1555, 1613, 1963, 1657, 1468, 1171, 1418, 1961, 1243, 1271, 1531, 1492, 1234, 1298, 1275, 1351, 1521, 1985, 1978, 1880, 1215, 1129, 1199, 1276, 1257, 1337, 1675, 1233, 1342, 1938, 1304, 1008, 1980, 1821, 1593, 1897, 1088, 1219, 1515, 1493, 1455, 1594, 1321, 1006, 1829, 1080, 1844, 1911, 1217, 1855, 1708, 1952, 1733, 1542, 1103, 1996, 1498, 1882, 1737, 1292, 1841, 1863, 1283, 1800, 1567, 1144, 1974, 1209, 1319, 1059, 1429, 1104, 1622, 1454, 1906, 1390, 1118, 1791, 1329, 1763, 1605, 1185, 1977, 1802, 1184, 1024, 1339, 1697, 1378, 1137, 1814], "recourse_recommended_ixs": [1958, 1510, 1805, 1284, 1580, 1297, 1918, 1014, 1211, 1555, 1613, 1963, 1657, 1468, 1171, 1418, 1961, 1243, 1271, 1531, 1492, 1234, 1298, 1275, 1351, 1521, 1985, 1978, 1880, 1215, 1129, 1199, 1276, 1257, 1337, 1675, 1233, 1342, 1938, 1304, 1008, 1980, 1821, 1593, 1897, 1088, 1219, 1515, 1493, 1455, 1594, 1321, 1006, 1829, 1080, 1844, 1911, 1217, 1855, 1708, 1952, 1733, 1542, 1103, 1996, 1498, 1882, 1737, 1292, 1841, 1863, 1283, 1800, 1567, 1144, 1974, 1209, 1319, 1059, 1429, 1104, 1622, 1454, 1906, 1390, 1118, 1791, 1329, 1763, 1605, 1185, 1977, 1802, 1184, 1024, 1339, 1697, 1378, 1137, 1814], "perc_recomm_found": 1.0, "gamma": 0.75, "eta": 0.75, "gamma_obs": 0.6499999761581421, "gamma_obs_pre": 0.0, "eta_obs": 1.0, "costs": [1.0, 1.0, 1.0], "lbd": 150.0, "thresh": 0.5, "r_type": "individualized", "t_type": "counterfactual", "eta_obs_individualized": NaN, "eta_obs_refits_batch0_mean": 0.8020000457763672, "model_score": 0.87, "model_f1": 0.9979253112033196, "model_refits_batch0_scores": [0.998, 0.998, 0.998, 0.998, 0.998], "model_refits_batch0_f1s": [0.9979674796747968, 0.9979674796747968, 0.9979674796747968, 0.9979674796747968, 0.9979674796747968], "model_coef": NaN}