{"accuracy_pre": 1.0, "accuracy_post": 0.99, "recourse_seeking_ixs": [1321, 1931, 1813, 1091, 1347, 1027, 1077, 1501, 1359, 1465, 1449, 1378, 1632, 1390, 1231, 1155, 1429, 1975, 1430, 1367, 1674, 1918, 1306, 1381, 1309, 1846, 1595, 1710, 1676, 1982, 1761, 1364, 1240, 1693, 1763, 1816, 1302, 1620, 1451, 1436, 1977, 1808, 1166, 1082, 1235, 1202, 1805, 1020, 1011, 1925, 1498, 1490, 1148, 1737, 1446, 1905, 1927, 1180, 1946, 1014, 1802, 1791, 1132, 1509, 1841, 1283, 1171, 1006, 1962, 1145, 1402, 1859, 1147, 1219, 1137, 1736, 1046, 1895, 1395, 1531, 1994, 1878, 1673, 1963, 1103, 1088, 1260, 1661, 1373, 1463, 1218, 1821, 1369, 1769, 1351, 1672, 1467, 1853, 1593, 1496], "recourse_recommended_ixs": [1321, 1931, 1813, 1091, 1347, 1027, 1077, 1501, 1359, 1465, 1449, 1378, 1632, 1390, 1231, 1155, 1429, 1975, 1430, 1367, 1674, 1918, 1306, 1381, 1309, 1846, 1595, 1710, 1676, 1982, 1761, 1364, 1240, 1693, 1763, 1816, 1302, 1620, 1451, 1436, 1977, 1808, 1166, 1082, 1235, 1202, 1805, 1020, 1011, 1925, 1498, 1490, 1148, 1737, 1446, 1905, 1927, 1180, 1946, 1014, 1802, 1791, 1132, 1509, 1841, 1283, 1171, 1006, 1962, 1145, 1402, 1859, 1147, 1219, 1137, 1736, 1046, 1895, 1395, 1531, 1994, 1878, 1673, 1963, 1103, 1088, 1260, 1661, 1373, 1463, 1218, 1821, 1369, 1769, 1351, 1672, 1467, 1853, 1593, 1496], "perc_recomm_found": 1.0, "gamma": 0.75, "eta": 0.75, "gamma_obs": 1.0, "gamma_obs_pre": 0.0, "eta_obs": 0.99, "costs": [1.0, 1.0, 1.0], "lbd": 150.0, "thresh": 0.5, "r_type": "subpopulation", "t_type": "improvement", "eta_obs_individualized": NaN, "eta_obs_refits_batch0_mean": 0.9899999499320984, "model_score": 0.996, "model_f1": 1.0, "model_refits_batch0_scores": [1.0, 1.0, 0.997, 0.997, 1.0], "model_refits_batch0_f1s": [1.0, 1.0, 0.9969356486210419, 0.9969356486210419, 1.0], "model_coef": NaN}