{"accuracy_pre": 0.73, "accuracy_post": 0.98, "recourse_seeking_ixs": [783, 584, 991, 802, 817, 704, 832, 863, 609, 662, 884, 912, 620, 613, 855, 788, 853, 576, 676, 994, 697, 979, 893, 805, 811, 632, 658, 834, 915, 854, 939, 852, 622, 927, 537, 685, 816, 573, 904, 859, 647, 926, 628, 771, 796, 819, 675, 957, 794, 968, 719, 888, 747, 782, 595, 761, 755, 668, 607, 947, 822, 634, 806, 867, 680, 694, 975, 691, 505, 898, 687, 512, 860, 654, 967, 963, 517, 578, 812, 604, 901, 858, 560, 946, 765, 906, 574, 720, 521, 703, 718, 940, 920, 716, 615, 897, 701, 934, 864, 642], "recourse_recommended_ixs": [783, 584, 991, 802, 817, 704, 832, 863, 609, 662, 884, 912, 620, 613, 855, 788, 853, 576, 676, 994, 697, 979, 893, 805, 811, 632, 658, 834, 915, 854, 939, 852, 622, 927, 537, 685, 816, 573, 904, 859, 647, 926, 628, 771, 796, 819, 675, 957, 794, 968, 719, 888, 747, 782, 595, 761, 755, 668, 607, 947, 822, 634, 806, 867, 680, 694, 975, 691, 505, 898, 687, 512, 860, 654, 967, 963, 517, 578, 812, 604, 901, 858, 560, 946, 765, 906, 574, 720, 521, 703, 718, 940, 920, 716, 615, 897, 701, 934, 864, 642], "perc_recomm_found": 1.0, "gamma": 0.95, "eta": 0.95, "gamma_obs": 0.9800000190734863, "gamma_obs_pre": 0.27000001072883606, "eta_obs": 1.0, "costs": [1.0, 1.0], "lbd": 300.0, "thresh": 0.5, "r_type": "individualized", "t_type": "improvement", "eta_obs_individualized": 1.0, "eta_obs_refits_batch0_mean": 0.9959999918937683, "model_score": 0.806, "model_f1": 0.8611111111111112, "model_refits_batch0_scores": [0.814, 0.808, 0.822, 0.758, 0.796], "model_refits_batch0_f1s": [0.8074534161490684, 0.8064516129032259, 0.8126315789473685, 0.7575150300601203, 0.782051282051282], "model_coef": NaN}