{"accuracy_pre": 0.84, "accuracy_post": 0.58, "recourse_seeking_ixs": [378, 312, 300, 216, 392, 359, 335, 342, 250, 326, 361, 339, 204, 340, 399, 333, 200, 379, 238, 220, 202, 242, 254, 231, 218, 279, 309, 298, 313, 203, 329, 265, 355, 261, 296, 228, 390, 328, 377, 367, 369, 272, 293, 391, 269, 287, 327, 352, 252, 347], "recourse_recommended_ixs": [378, 312, 300, 216, 392, 359, 335, 342, 250, 326, 361, 339, 204, 340, 399, 333, 200, 379, 238, 220, 202, 242, 254, 231, 218, 279, 309, 298, 313, 203, 329, 265, 355, 261, 296, 228, 390, 328, 377, 367, 369, 272, 293, 391, 269, 287, 327, 352, 252, 347], "perc_recomm_found": 1.0, "gamma": 0.95, "eta": 0.95, "gamma_obs": 0.5799999833106995, "gamma_obs_pre": 0.1599999964237213, "eta_obs": 1.0, "costs": [1.0, 1.0, 1.0], "lbd": 300.0, "thresh": 0.5, "r_type": "individualized", "t_type": "counterfactual", "eta_obs_individualized": NaN, "eta_obs_refits_batch0_mean": 0.8840000033378601, "model_score": 0.9, "model_f1": 0.9056603773584906, "model_refits_batch0_scores": [0.905, 0.895, 0.89, 0.895, 0.895], "model_refits_batch0_f1s": [0.9140271493212669, 0.900473933649289, 0.8981481481481481, 0.9014084507042254, 0.8985507246376812], "model_coef": [[0.7965064020343948, 0.21539398773124335, 1.3147597064760808], [-0.2964631371152807]]}