{"accuracy_pre": 0.92, "accuracy_post": 0.96, "recourse_seeking_ixs": [362, 263, 282, 337, 324, 229, 293, 238, 326, 397, 360, 309, 207, 251, 223, 269, 352, 349, 290, 375, 281, 298, 255, 345, 355, 248, 315, 225, 346, 396, 256, 236, 393, 347, 232, 308, 211, 327, 252, 264, 395, 385, 247, 294, 297, 214, 291, 372, 286, 381], "recourse_recommended_ixs": [362, 263, 282, 337, 324, 229, 293, 238, 326, 397, 360, 309, 207, 251, 223, 269, 352, 349, 290, 375, 281, 298, 255, 345, 355, 248, 315, 225, 346, 396, 256, 236, 393, 347, 232, 308, 211, 327, 252, 264, 395, 385, 247, 294, 297, 214, 291, 372, 286, 381], "perc_recomm_found": 1.0, "gamma": 0.95, "eta": 0.95, "gamma_obs": 0.9599999785423279, "gamma_obs_pre": 0.07999999821186066, "eta_obs": 1.0, "costs": [1.0, 1.0], "lbd": 300.0, "thresh": 0.5, "r_type": "subpopulation", "t_type": "improvement", "eta_obs_individualized": NaN, "eta_obs_refits_batch0_mean": 1.0, "model_score": 0.88, "model_f1": 0.875, "model_refits_batch0_scores": [0.885, 0.86, 0.875, 0.875, 0.85], "model_refits_batch0_f1s": [0.882051282051282, 0.851063829787234, 0.8704663212435233, 0.8663101604278074, 0.8529411764705883], "model_coef": [[0.3892079494959561, -0.05093963321306583, 0.8190394109383161], [-0.2865466860483544]]}