{"accuracy_pre": 0.79, "accuracy_post": 0.78, "recourse_seeking_ixs": [267, 377, 268, 353, 447, 464, 277, 289, 371, 297, 253, 441, 401, 476, 287, 388, 499, 288, 319, 462, 451, 482, 458, 446, 375, 357, 352, 299, 323, 271, 412, 427, 301, 494, 460, 330, 386, 493, 425, 346, 372, 351, 385, 498, 404, 349, 333, 316, 317, 396, 497, 424, 366, 265, 326, 273, 419, 389, 443, 387, 432, 483, 395, 260, 406, 384, 467, 445, 348, 306, 408, 407, 355, 313, 320, 488, 490, 259, 402, 324, 365, 311, 334, 393, 339, 381, 342, 340, 254, 455, 479, 468, 383, 261, 278, 421, 251, 350, 496, 302], "recourse_recommended_ixs": [267, 377, 268, 353, 447, 464, 277, 289, 371, 297, 253, 441, 401, 476, 287, 388, 499, 288, 319, 462, 451, 482, 458, 446, 375, 357, 352, 299, 323, 271, 412, 427, 301, 494, 460, 330, 386, 493, 425, 346, 372, 351, 385, 498, 404, 349, 333, 316, 317, 396, 497, 424, 366, 265, 326, 273, 419, 389, 443, 387, 432, 483, 395, 260, 406, 384, 467, 445, 348, 306, 408, 407, 355, 313, 320, 488, 490, 259, 402, 324, 365, 311, 334, 393, 339, 381, 342, 340, 254, 455, 479, 468, 383, 261, 278, 421, 251, 350, 496, 302], "perc_recomm_found": 1.0, "gamma": 0.75, "eta": 0.75, "gamma_obs": 0.8100000023841858, "gamma_obs_pre": 0.20999999344348907, "eta_obs": 0.81, "costs": [1.0, 1.0], "lbd": 100.0, "thresh": 0.5, "r_type": "subpopulation", "t_type": "improvement", "eta_obs_individualized": NaN, "eta_obs_refits_batch0_mean": 0.7959999442100525, "model_score": 0.8, "model_f1": 0.7916666666666666, "model_refits_batch0_scores": [0.8, 0.796, 0.792, 0.8, 0.812], "model_refits_batch0_f1s": [0.7916666666666666, 0.7901234567901234, 0.7833333333333333, 0.7933884297520661, 0.8], "model_coef": [[-0.10360710355820973, -0.4840985551564463, 1.2888307442029043], [-0.6215992533679852]]}