{"accuracy_pre": 0.92, "accuracy_post": 0.5, "recourse_seeking_ixs": [291, 350, 226, 256, 229, 219, 387, 319, 207, 389, 201, 394, 332, 213, 234, 294, 396, 311, 243, 293, 309, 254, 253, 246, 262, 223, 239, 305, 236, 364, 333, 362, 353, 393, 380, 383, 245, 209, 343, 249, 286, 300, 388, 227, 204, 328, 241, 330, 273, 301], "recourse_recommended_ixs": [291, 350, 226, 256, 229, 219, 387, 319, 207, 389, 201, 394, 332, 213, 234, 294, 396, 311, 243, 293, 309, 254, 253, 246, 262, 223, 239, 305, 236, 364, 333, 362, 353, 393, 380, 383, 245, 209, 343, 249, 286, 300, 388, 227, 204, 328, 241, 330, 273, 301], "perc_recomm_found": 1.0, "gamma": 0.85, "eta": 0.85, "gamma_obs": 0.5, "gamma_obs_pre": 0.07999999821186066, "eta_obs": 1.0, "costs": [1.0, 1.0, 1.0], "lbd": 300.0, "thresh": 0.5, "r_type": "individualized", "t_type": "acceptance", "eta_obs_individualized": NaN, "eta_obs_refits_batch0_mean": 0.36800000071525574, "model_score": 0.905, "model_f1": 0.9082125603864734, "model_refits_batch0_scores": [0.89, 0.915, 0.915, 0.895, 0.895], "model_refits_batch0_f1s": [0.8932038834951457, 0.914572864321608, 0.9186602870813397, 0.8965517241379312, 0.8965517241379312], "model_coef": [[0.3535066930002383, 0.7070133860004766, 1.099513163201904], [0.008396747112791904]]}