{"accuracy_pre": 0.93, "accuracy_post": 0.28, "recourse_seeking_ixs": [871, 861, 614, 501, 547, 523, 729, 747, 659, 784, 562, 610, 935, 739, 858, 942, 826, 500, 874, 868, 715, 604, 663, 572, 708, 943, 530, 731, 544, 750, 907, 862, 567, 711, 686, 785, 707, 938, 933, 820, 683, 946, 894, 513, 679, 629, 924, 734, 994, 857, 852, 538, 702, 778, 763, 870, 549, 643, 514, 830, 661, 893, 792, 566, 782, 560, 817, 915, 569, 609, 987, 574, 725, 606, 985, 504, 627, 923, 975, 529, 665, 590, 640, 515, 822, 691, 855, 759, 726, 801, 533, 539, 621, 794, 795, 512, 931, 668, 796, 995], "recourse_recommended_ixs": [871, 861, 614, 501, 547, 523, 729, 747, 659, 784, 562, 610, 935, 739, 858, 942, 826, 500, 874, 868, 715, 604, 663, 572, 708, 943, 530, 731, 544, 750, 907, 862, 567, 711, 686, 785, 707, 938, 933, 820, 683, 946, 894, 513, 679, 629, 924, 734, 994, 857, 852, 538, 702, 778, 763, 870, 549, 643, 514, 830, 661, 893, 792, 566, 782, 560, 817, 915, 569, 609, 987, 574, 725, 606, 985, 504, 627, 923, 975, 529, 665, 590, 640, 515, 822, 691, 855, 759, 726, 801, 533, 539, 621, 794, 795, 512, 931, 668, 796, 995], "perc_recomm_found": 1.0, "gamma": 0.95, "eta": 0.95, "gamma_obs": 0.27000001072883606, "gamma_obs_pre": 0.07000000029802322, "eta_obs": 0.99, "costs": [1.0, 1.0, 1.0], "lbd": 300.0, "thresh": 0.5, "r_type": "subpopulation", "t_type": "acceptance", "eta_obs_individualized": NaN, "eta_obs_refits_batch0_mean": 0.4139999747276306, "model_score": 0.858, "model_f1": 0.8814968814968814, "model_refits_batch0_scores": [0.854, 0.858, 0.832, 0.844, 0.848], "model_refits_batch0_f1s": [0.8450106157112527, 0.8473118279569892, 0.8242677824267782, 0.8374999999999999, 0.8442622950819672], "model_coef": NaN}