{"accuracy_pre": 1.0, "accuracy_post": 0.62, "recourse_seeking_ixs": [1792, 1242, 1759, 1080, 1383, 1814, 1350, 1463, 1072, 1263, 1810, 1335, 1936, 1257, 1909, 1994, 1247, 1409, 1026, 1873, 1861, 1791, 1800, 1455, 1244, 1184, 1804, 1453, 1580, 1036, 1859, 1360, 1952, 1402, 1430, 1555, 1073, 1587, 1767, 1802, 1386, 1122, 1491, 1996, 1799, 1980, 1855, 1149, 1492, 1219, 1286, 1552, 1630, 1144, 1853, 1510, 1918, 1152, 1865, 1204, 1672, 1429, 1467, 1170, 1043, 1657, 1103, 1661, 1111, 1828, 1285, 1133, 1164, 1807, 1971, 1215, 1776, 1061, 1472, 1707, 1881, 1537, 1880, 1748, 1764, 1677, 1025, 1482, 1614, 1284, 1065, 1176, 1563, 1917, 1223, 1681, 1676, 1536, 1674, 1418], "recourse_recommended_ixs": [1792, 1242, 1759, 1080, 1383, 1814, 1350, 1463, 1072, 1263, 1810, 1335, 1936, 1257, 1909, 1994, 1247, 1409, 1026, 1873, 1861, 1791, 1800, 1455, 1244, 1184, 1804, 1453, 1580, 1036, 1859, 1360, 1952, 1402, 1430, 1555, 1073, 1587, 1767, 1802, 1386, 1122, 1491, 1996, 1799, 1980, 1855, 1149, 1492, 1219, 1286, 1552, 1630, 1144, 1853, 1510, 1918, 1152, 1865, 1204, 1672, 1429, 1467, 1170, 1043, 1657, 1103, 1661, 1111, 1828, 1285, 1133, 1164, 1807, 1971, 1215, 1776, 1061, 1472, 1707, 1881, 1537, 1880, 1748, 1764, 1677, 1025, 1482, 1614, 1284, 1065, 1176, 1563, 1917, 1223, 1681, 1676, 1536, 1674, 1418], "perc_recomm_found": 1.0, "gamma": 0.75, "eta": 0.75, "gamma_obs": 0.6499999761581421, "gamma_obs_pre": 0.0, "eta_obs": 0.95, "costs": [1.0, 1.0, 1.0], "lbd": 150.0, "thresh": 0.5, "r_type": "subpopulation", "t_type": "acceptance", "eta_obs_individualized": NaN, "eta_obs_refits_batch0_mean": 0.8779999613761902, "model_score": 0.941, "model_f1": 1.0, "model_refits_batch0_scores": [1.0, 1.0, 0.997, 0.997, 1.0], "model_refits_batch0_f1s": [1.0, 1.0, 0.9969356486210419, 0.9969356486210419, 1.0], "model_coef": NaN}