{"accuracy_pre": 0.93, "accuracy_post": 0.67, "recourse_seeking_ixs": [681, 592, 594, 650, 731, 723, 771, 946, 696, 509, 642, 920, 985, 886, 722, 589, 786, 746, 611, 842, 843, 603, 858, 915, 979, 547, 774, 621, 732, 854, 548, 927, 602, 595, 524, 586, 502, 662, 954, 890, 585, 540, 737, 721, 770, 615, 584, 646, 604, 659, 999, 759, 983, 953, 709, 830, 778, 862, 748, 948, 975, 856, 795, 767, 670, 537, 811, 777, 635, 926, 632, 707, 630, 840, 832, 938, 744, 609, 546, 512, 852, 952, 616, 894, 657, 888, 714, 631, 846, 824, 745, 734, 916, 994, 526, 947, 761, 936, 819, 879], "recourse_recommended_ixs": [681, 592, 594, 650, 731, 723, 771, 946, 696, 509, 642, 920, 985, 886, 722, 589, 786, 746, 611, 842, 843, 603, 858, 915, 979, 547, 774, 621, 732, 854, 548, 927, 602, 595, 524, 586, 502, 662, 954, 890, 585, 540, 737, 721, 770, 615, 584, 646, 604, 659, 999, 759, 983, 953, 709, 830, 778, 862, 748, 948, 975, 856, 795, 767, 670, 537, 811, 777, 635, 926, 632, 707, 630, 840, 832, 938, 744, 609, 546, 512, 852, 952, 616, 894, 657, 888, 714, 631, 846, 824, 745, 734, 916, 994, 526, 947, 761, 936, 819], "perc_recomm_found": 0.99, "gamma": 0.75, "eta": 0.75, "gamma_obs": 0.7272727489471436, "gamma_obs_pre": 0.07070706784725189, "eta_obs": 0.9292929292929293, "costs": [1.0, 1.0, 1.0], "lbd": 300.0, "thresh": 0.5, "r_type": "individualized", "t_type": "improvement", "eta_obs_individualized": 1.0, "eta_obs_refits_batch0_mean": 0.8282827138900757, "model_score": 0.848, "model_f1": 0.8333333333333334, "model_refits_batch0_scores": [0.86, 0.85, 0.838, 0.826, 0.826], "model_refits_batch0_f1s": [0.8504273504273505, 0.8351648351648353, 0.8235294117647058, 0.8062360801781737, 0.8027210884353743], "model_coef": NaN}