{"accuracy_pre": 0.8461538461538461, "accuracy_post": 0.15384615384615385, "recourse_seeking_ixs": [186, 118, 112, 107, 115, 189, 176, 149, 143, 117, 188, 133, 134, 167, 180, 103, 171, 196, 169, 137, 152, 163, 129, 145, 100, 155], "recourse_recommended_ixs": [186, 118, 112, 107, 115, 189, 176, 149, 143, 117, 188, 133, 134, 167, 180, 103, 171, 196, 169, 137, 152, 163, 129, 145, 100, 155], "perc_recomm_found": 1.0, "gamma": 0.75, "eta": 0.75, "gamma_obs": 0.1538461595773697, "gamma_obs_pre": 0.1538461595773697, "eta_obs": 1.0, "costs": [1.0, 1.0, 1.0], "lbd": 50.0, "thresh": 0.5, "r_type": "individualized", "t_type": "acceptance", "eta_obs_individualized": NaN, "eta_obs_refits_batch0_mean": 0.8076923489570618, "model_score": 0.84, "model_f1": 0.8721804511278195, "model_refits_batch0_scores": [0.76, 0.74, 0.72, 0.77, 0.78], "model_refits_batch0_f1s": [0.7777777777777777, 0.7719298245614036, 0.75, 0.7722772277227722, 0.7708333333333333], "model_coef": [[0.40369860139718966, 0.10964738981360939, 1.098398996722711], [-0.311438634657002]]}