{"accuracy_pre": 0.99, "accuracy_post": 1.0, "recourse_seeking_ixs": [1820, 1902, 1151, 1823, 1506, 1174, 1519, 1206, 1654, 1213, 1305, 1890, 1276, 1808, 1634, 1194, 1128, 1281, 1034, 1248, 1975, 1622, 1462, 1507, 1330, 1301, 1954, 1403, 1546, 1199, 1951, 1450, 1233, 1662, 1996, 1928, 1229, 1099, 1581, 1154, 1728, 1126, 1637, 1380, 1059, 1069, 1549, 1543, 1150, 1466, 1146, 1974, 1659, 1973, 1369, 1001, 1529, 1158, 1863, 1007, 1385, 1463, 1003, 1334, 1048, 1977, 1666, 1796, 1881, 1651, 1541, 1688, 1537, 1802, 1331, 1580, 1825, 1686, 1803, 1711, 1133, 1594, 1011, 1689, 1100, 1601, 1842, 1562, 1006, 1093, 1474, 1391, 1894, 1144, 1449, 1014, 1859, 1701, 1096, 1455], "recourse_recommended_ixs": [1820, 1902, 1151, 1823, 1506, 1174, 1519, 1206, 1654, 1213, 1305, 1890, 1276, 1808, 1634, 1194, 1128, 1281, 1034, 1248, 1975, 1622, 1462, 1507, 1330, 1301, 1954, 1403, 1546, 1199, 1951, 1450, 1233, 1662, 1996, 1928, 1229, 1099, 1581, 1154, 1728, 1126, 1637, 1380, 1059, 1069, 1549, 1543, 1150, 1466, 1146, 1974, 1659, 1973, 1369, 1001, 1529, 1158, 1863, 1007, 1385, 1463, 1003, 1334, 1048, 1977, 1666, 1796, 1881, 1651, 1541, 1688, 1537, 1802, 1331, 1580, 1825, 1686, 1803, 1711, 1133, 1594, 1011, 1689, 1100, 1601, 1842, 1562, 1006, 1093, 1474, 1391, 1894, 1144, 1449, 1014, 1859, 1701, 1096, 1455], "perc_recomm_found": 1.0, "gamma": 0.95, "eta": 0.95, "gamma_obs": 1.0, "gamma_obs_pre": 0.009999999776482582, "eta_obs": 1.0, "costs": [1.0, 1.0], "lbd": 150.0, "thresh": 0.5, "r_type": "subpopulation", "t_type": "improvement", "eta_obs_individualized": NaN, "eta_obs_refits_batch0_mean": 1.0, "model_score": 0.969, "model_f1": 0.9957356076759062, "model_refits_batch0_scores": [0.998, 0.998, 0.998, 0.998, 0.998], "model_refits_batch0_f1s": [0.9979879275653923, 0.9979879275653923, 0.9979879275653923, 0.9979879275653923, 0.9979879275653923], "model_coef": NaN}