{"accuracy_pre": 0.83, "accuracy_post": 0.21, "recourse_seeking_ixs": [964, 871, 552, 751, 639, 558, 775, 710, 662, 615, 700, 841, 937, 515, 568, 833, 526, 856, 688, 560, 761, 808, 817, 581, 785, 812, 957, 701, 637, 743, 947, 592, 562, 617, 721, 658, 948, 598, 507, 566, 522, 567, 924, 541, 831, 506, 647, 502, 973, 504, 904, 753, 527, 880, 685, 939, 896, 636, 858, 799, 782, 746, 794, 926, 993, 959, 513, 732, 599, 829, 834, 988, 778, 605, 594, 845, 912, 622, 954, 838, 756, 909, 763, 981, 737, 921, 791, 760, 521, 920, 835, 509, 943, 832, 865, 777, 750, 725, 720, 950], "recourse_recommended_ixs": [964, 871, 552, 751, 639, 558, 775, 710, 662, 615, 700, 841, 937, 515, 568, 833, 526, 856, 688, 560, 761, 808, 817, 581, 785, 812, 957, 701, 637, 743, 947, 592, 562, 617, 721, 658, 948, 598, 507, 566, 522, 567, 924, 541, 831, 506, 647, 502, 973, 504, 904, 753, 527, 880, 685, 939, 896, 636, 858, 799, 782, 746, 794, 926, 993, 959, 513, 732, 599, 829, 834, 988, 778, 605, 594, 845, 912, 622, 954, 838, 756, 909, 763, 981, 737, 921, 791, 760, 521, 920, 835, 509, 943, 832, 865, 777, 750, 725, 720, 950], "perc_recomm_found": 1.0, "gamma": 0.95, "eta": 0.95, "gamma_obs": 0.20999999344348907, "gamma_obs_pre": 0.17000000178813934, "eta_obs": 0.98, "costs": [1.0, 1.0, 1.0], "lbd": 300.0, "thresh": 0.5, "r_type": "individualized", "t_type": "counterfactual", "eta_obs_individualized": NaN, "eta_obs_refits_batch0_mean": 0.421999990940094, "model_score": 0.822, "model_f1": 0.8172484599589321, "model_refits_batch0_scores": [0.824, 0.822, 0.818, 0.804, 0.816], "model_refits_batch0_f1s": [0.8189300411522634, 0.8179959100204499, 0.8115942028985509, 0.7983539094650206, 0.8], "model_coef": [[-0.15516047170550962, 0.3887020845851001, 0.7972309199062461], [-0.34300633791006724]]}