{"accuracy_pre": 0.83, "accuracy_post": 0.25, "recourse_seeking_ixs": [880, 613, 715, 632, 997, 885, 837, 666, 529, 751, 690, 568, 933, 572, 543, 737, 901, 878, 663, 717, 919, 598, 932, 839, 636, 714, 993, 744, 754, 651, 618, 975, 548, 677, 581, 687, 990, 992, 776, 606, 724, 908, 796, 943, 794, 685, 846, 961, 621, 734, 596, 551, 534, 658, 812, 537, 956, 591, 789, 503, 925, 526, 541, 523, 694, 500, 695, 899, 879, 860, 554, 817, 718, 669, 540, 667, 574, 897, 800, 758, 991, 854, 597, 808, 807, 614, 556, 566, 700, 731, 951, 582, 573, 769, 527, 954, 620, 586, 838, 547], "recourse_recommended_ixs": [880, 613, 715, 632, 997, 885, 837, 666, 529, 751, 690, 568, 933, 572, 543, 737, 901, 878, 663, 717, 919, 598, 932, 839, 636, 714, 993, 744, 754, 651, 618, 975, 548, 677, 581, 687, 990, 992, 776, 606, 724, 908, 796, 943, 794, 685, 846, 961, 621, 734, 596, 551, 534, 658, 812, 537, 956, 591, 789, 503, 925, 526, 541, 523, 694, 500, 695, 899, 879, 860, 554, 817, 718, 669, 540, 667, 574, 897, 800, 758, 991, 854, 597, 808, 807, 614, 556, 566, 700, 731, 951, 582, 573, 769, 527, 954, 620, 586, 838, 547], "perc_recomm_found": 1.0, "gamma": 0.75, "eta": 0.75, "gamma_obs": 0.25, "gamma_obs_pre": 0.17000000178813934, "eta_obs": 0.96, "costs": [1.0, 1.0, 1.0], "lbd": 300.0, "thresh": 0.5, "r_type": "subpopulation", "t_type": "acceptance", "eta_obs_individualized": NaN, "eta_obs_refits_batch0_mean": 0.39399999380111694, "model_score": 0.852, "model_f1": 0.8796844181459567, "model_refits_batch0_scores": [0.822, 0.82, 0.814, 0.828, 0.83], "model_refits_batch0_f1s": [0.8202020202020203, 0.8170731707317074, 0.8128772635814889, 0.822314049586777, 0.8261758691206543], "model_coef": [[0.4193815735163298, -0.17430836989550566, 0.8740051248645054], [-0.5287631658814632]]}