{"accuracy_pre": 0.86, "accuracy_post": 0.2, "recourse_seeking_ixs": [752, 817, 933, 744, 894, 942, 898, 871, 564, 931, 501, 732, 926, 879, 936, 533, 850, 789, 572, 528, 715, 624, 877, 943, 696, 544, 699, 923, 685, 515, 984, 549, 500, 606, 567, 639, 870, 547, 878, 784, 776, 731, 919, 702, 862, 924, 875, 656, 600, 822, 701, 551, 722, 918, 514, 847, 697, 649, 920, 757, 993, 813, 660, 665, 772, 779, 610, 718, 726, 686, 576, 678, 655, 830, 566, 909, 562, 869, 915, 941, 569, 605, 679, 574, 838, 604, 858, 982, 504, 621, 737, 961, 532, 801, 583, 637, 523, 973, 930, 713], "recourse_recommended_ixs": [752, 817, 933, 744, 894, 942, 898, 871, 564, 931, 501, 732, 926, 879, 936, 533, 850, 789, 572, 528, 715, 624, 877, 943, 696, 544, 699, 923, 685, 515, 984, 549, 500, 606, 567, 639, 870, 547, 878, 784, 776, 731, 919, 702, 862, 924, 875, 656, 600, 822, 701, 551, 722, 918, 514, 847, 697, 649, 920, 757, 993, 813, 660, 665, 772, 779, 610, 718, 726, 686, 576, 678, 655, 830, 566, 909, 562, 869, 915, 941, 569, 605, 679, 574, 838, 604, 858, 982, 504, 621, 737, 961, 532, 801, 583, 637, 523, 973, 930, 713], "perc_recomm_found": 1.0, "gamma": 0.95, "eta": 0.95, "gamma_obs": 0.1899999976158142, "gamma_obs_pre": 0.14000000059604645, "eta_obs": 0.93, "costs": [1.0, 1.0, 1.0], "lbd": 300.0, "thresh": 0.5, "r_type": "subpopulation", "t_type": "counterfactual", "eta_obs_individualized": NaN, "eta_obs_refits_batch0_mean": 0.2759999632835388, "model_score": 0.834, "model_f1": 0.8639308855291576, "model_refits_batch0_scores": [0.824, 0.81, 0.816, 0.818, 0.816], "model_refits_batch0_f1s": [0.8181818181818183, 0.7921225382932165, 0.7991266375545851, 0.7982261640798226, 0.800865800865801], "model_coef": NaN}