r_type,t_type,x1_mean,x2_mean,x3_mean,causes_mean,non-causes_mean,x1_std,x2_std,x3_std,causes_std,non-causes_std
individualized,acceptance,0.32171717171717173,0.6065656565656566,1.8237373737373739,2.7520202020202023,0.0,0.019284730395996798,0.4106933325073383,0.3392684051147577,0.09070965778857751,0.0
individualized,counterfactual,0.21060606060606057,0.5924242424242425,2.247979797979798,3.0510101010101014,0.0,0.06499668392724832,0.48068976135206726,0.18213356485108056,0.23355951257373828,0.0
individualized,improvement,2.004,1.666,,3.67,0.0,0.015556349186104216,0.19233304448274077,,0.1767766952966369,0.0
subpopulation,acceptance,0.26220707070707067,0.574979797979798,2.1560606060606062,2.993247474747475,0.0,0.029405642607525415,0.5360155101103602,0.3621243818803835,0.20329677083750186,0.0
subpopulation,counterfactual,0.21060606060606057,0.5924242424242425,2.247979797979798,3.0510101010101014,0.0,0.06499668392724832,0.48068976135206726,0.18213356485108056,0.23355951257373828,0.0
subpopulation,improvement,2.1915,1.4285,,3.62,0.0,0.12232947314527275,0.22273863607376274,,0.10040916292848999,0.0
