{"accuracy_pre": 0.71, "accuracy_post": 0.3, "recourse_seeking_ixs": [465, 325, 394, 462, 265, 319, 458, 288, 427, 324, 285, 272, 435, 433, 408, 407, 333, 268, 297, 439, 423, 418, 278, 437, 440, 283, 456, 306, 380, 251, 449, 256, 326, 344, 492, 289, 267, 307, 362, 296, 389, 392, 250, 447, 252, 485, 342, 262, 300, 356, 438, 451, 346, 420, 328, 457, 316, 436, 476, 261, 340, 266, 355, 349, 415, 498, 258, 425, 269, 332, 391, 295, 281, 286, 426, 452, 428, 393, 310, 494, 350, 402, 489, 353, 490, 497, 336, 475, 339, 464, 347, 329, 357, 264, 410, 417, 367, 305, 354, 312], "recourse_recommended_ixs": [465, 325, 394, 462, 265, 319, 458, 288, 427, 324, 285, 272, 435, 433, 408, 407, 333, 268, 297, 439, 423, 418, 278, 437, 440, 283, 456, 306, 380, 251, 449, 256, 326, 344, 492, 289, 267, 307, 362, 296, 389, 392, 250, 447, 252, 485, 342, 262, 300, 356, 438, 451, 346, 420, 328, 457, 316, 436, 476, 261, 340, 266, 355, 349, 415, 498, 258, 425, 269, 332, 391, 295, 281, 286, 426, 452, 428, 393, 310, 494, 350, 402, 489, 353, 490, 497, 336, 475, 339, 464, 347, 329, 357, 264, 410, 417, 367, 305, 354, 312], "perc_recomm_found": 1.0, "gamma": 0.75, "eta": 0.75, "gamma_obs": 0.28999999165534973, "gamma_obs_pre": 0.28999999165534973, "eta_obs": 0.99, "costs": [1.0, 1.0, 1.0], "lbd": 100.0, "thresh": 0.5, "r_type": "subpopulation", "t_type": "acceptance", "eta_obs_individualized": NaN, "eta_obs_refits_batch0_mean": 0.5479999780654907, "model_score": 0.78, "model_f1": 0.751131221719457, "model_refits_batch0_scores": [0.76, 0.756, 0.788, 0.812, 0.752], "model_refits_batch0_f1s": [0.7321428571428571, 0.7381974248927038, 0.7763713080168777, 0.7982832618025751, 0.7256637168141593], "model_coef": NaN}