{"accuracy_pre": 0.83, "accuracy_post": 0.41, "recourse_seeking_ixs": [685, 524, 677, 804, 525, 895, 882, 582, 515, 784, 708, 517, 876, 956, 544, 533, 684, 523, 547, 893, 670, 543, 849, 671, 880, 863, 812, 738, 870, 638, 508, 886, 549, 766, 531, 789, 930, 510, 593, 566, 918, 993, 998, 837, 679, 747, 580, 924, 720, 745, 635, 948, 780, 844, 563, 808, 703, 823, 846, 807, 959, 700, 987, 866, 628, 756, 709, 848, 958, 608, 669, 751, 841, 990, 589, 723, 744, 999, 986, 965, 939, 879, 529, 883, 904, 798, 557, 785, 657, 762, 858, 861, 818, 639, 803, 512, 796, 981, 614, 645], "recourse_recommended_ixs": [685, 524, 677, 804, 525, 895, 882, 582, 515, 784, 708, 517, 876, 956, 544, 533, 684, 523, 547, 893, 670, 543, 849, 671, 880, 863, 812, 738, 870, 638, 508, 886, 549, 766, 531, 789, 930, 510, 593, 566, 918, 993, 998, 837, 679, 747, 580, 924, 720, 745, 635, 948, 780, 844, 563, 808, 703, 823, 846, 807, 959, 700, 987, 866, 628, 756, 709, 848, 958, 608, 669, 751, 841, 990, 589, 723, 744, 999, 986, 965, 939, 879, 529, 883, 904, 798, 557, 785, 657, 762, 858, 861, 818, 639, 803, 512, 796, 981, 614, 645], "perc_recomm_found": 1.0, "gamma": 0.75, "eta": 0.75, "gamma_obs": 0.4099999964237213, "gamma_obs_pre": 0.17000000178813934, "eta_obs": 1.0, "costs": [1.0, 1.0, 1.0], "lbd": 300.0, "thresh": 0.5, "r_type": "individualized", "t_type": "acceptance", "eta_obs_individualized": NaN, "eta_obs_refits_batch0_mean": 0.4699999690055847, "model_score": 0.7, "model_f1": 0.6917960088691797, "model_refits_batch0_scores": [0.824, 0.81, 0.816, 0.818, 0.816], "model_refits_batch0_f1s": [0.8181818181818183, 0.7921225382932165, 0.7991266375545851, 0.7982261640798226, 0.800865800865801], "model_coef": NaN}