{"accuracy_pre": 0.14, "accuracy_post": 0.9, "recourse_seeking_ixs": [1568, 1240, 1951, 1549, 1918, 1724, 1014, 1779, 1067, 1983, 1402, 1382, 1620, 1170, 1685, 1080, 1947, 1655, 1405, 1398, 1293, 1157, 1630, 1578, 1222, 1089, 1606, 1437, 1945, 1292, 1420, 1133, 1282, 1241, 1379, 1145, 1051, 1025, 1015, 1750, 1348, 1072, 1659, 1554, 1494, 1807, 1443, 1960, 1681, 1307, 1346, 1146, 1331, 1847, 1024, 1842, 1323, 1820, 1141, 1479, 1180, 1880, 1680, 1212, 1319, 1665, 1031, 1500, 1858, 1373, 1486, 1279, 1747, 1758, 1800, 1969, 1168, 1140, 1447, 1890, 1002, 1733, 1091, 1582, 1012, 1284, 1214, 1669, 1250, 1623, 1048, 1965, 1962, 1644, 1106, 1053, 1492, 1360, 1205, 1562], "recourse_recommended_ixs": [1568, 1240, 1951, 1549, 1918, 1724, 1014, 1779, 1067, 1983, 1402, 1382, 1620, 1170, 1685, 1080, 1947, 1655, 1405, 1398, 1293, 1157, 1630, 1578, 1222, 1089, 1606, 1437, 1945, 1292, 1420, 1133, 1282, 1241, 1379, 1145, 1051, 1025, 1015, 1750, 1348, 1072, 1659, 1554, 1494, 1807, 1443, 1960, 1681, 1307, 1346, 1146, 1331, 1847, 1024, 1842, 1323, 1820, 1141, 1479, 1180, 1880, 1680, 1212, 1319, 1665, 1031, 1500, 1858, 1373, 1486, 1279, 1747, 1758, 1800, 1969, 1168, 1140, 1447, 1890, 1002, 1733, 1091, 1582, 1012, 1284, 1214, 1669, 1250, 1623, 1048, 1965, 1962, 1644, 1106, 1053, 1492, 1360, 1205, 1562], "perc_recomm_found": 1.0, "gamma": 0.95, "eta": 0.95, "gamma_obs": 0.8999999761581421, "gamma_obs_pre": 0.8700000047683716, "eta_obs": 1.0, "costs": [1.0, 1.0, 1.0], "lbd": 150.0, "thresh": 0.5, "r_type": "individualized", "t_type": "acceptance", "eta_obs_individualized": NaN, "eta_obs_refits_batch0_mean": 1.0, "model_score": 0.15, "model_f1": 0.9564315352697096, "model_refits_batch0_scores": [0.998, 0.998, 0.998, 0.998, 0.998], "model_refits_batch0_f1s": [0.9979879275653923, 0.9979879275653923, 0.9979879275653923, 0.9979879275653923, 0.9979879275653923], "model_coef": NaN}