{"accuracy_pre": 0.94, "accuracy_post": 0.42, "recourse_seeking_ixs": [897, 628, 846, 555, 507, 985, 924, 948, 712, 694, 843, 748, 910, 927, 911, 870, 671, 609, 814, 784, 958, 587, 994, 859, 579, 633, 977, 830, 520, 788, 954, 901, 591, 803, 850, 595, 771, 899, 625, 923, 809, 881, 556, 946, 889, 714, 893, 829, 541, 750, 662, 692, 647, 723, 817, 853, 592, 963, 837, 907, 827, 793, 583, 789, 982, 729, 787, 886, 782, 543, 988, 645, 752, 568, 674, 945, 813, 743, 681, 575, 704, 586, 563, 797, 986, 836, 950, 526, 736, 756, 594, 717, 773, 926, 693, 996, 876, 959, 521, 792], "recourse_recommended_ixs": [897, 628, 846, 555, 507, 985, 924, 948, 712, 694, 843, 748, 910, 927, 911, 870, 671, 609, 814, 784, 958, 587, 994, 859, 579, 633, 977, 830, 520, 788, 954, 901, 591, 803, 850, 595, 771, 899, 625, 923, 809, 881, 556, 946, 889, 714, 893, 829, 541, 750, 662, 692, 647, 723, 817, 853, 592, 963, 837, 907, 827, 793, 583, 789, 982, 729, 787, 886, 782, 543, 988, 645, 752, 568, 674, 945, 813, 743, 681, 575, 704, 586, 563, 797, 986, 836, 950, 526, 736, 756, 594, 717, 773, 926, 693, 996, 876, 959, 521, 792], "perc_recomm_found": 1.0, "gamma": 0.95, "eta": 0.95, "gamma_obs": 0.41999998688697815, "gamma_obs_pre": 0.05999999865889549, "eta_obs": 1.0, "costs": [1.0, 1.0, 1.0], "lbd": 300.0, "thresh": 0.5, "r_type": "individualized", "t_type": "acceptance", "eta_obs_individualized": NaN, "eta_obs_refits_batch0_mean": 0.42799997329711914, "model_score": 0.876, "model_f1": 0.909090909090909, "model_refits_batch0_scores": [0.848, 0.846, 0.848, 0.856, 0.854], "model_refits_batch0_f1s": [0.8597785977859778, 0.8522072936660269, 0.8560606060606061, 0.855421686746988, 0.8560157790927022], "model_coef": NaN}