{"accuracy_pre": 0.94, "accuracy_post": 0.92, "recourse_seeking_ixs": [309, 396, 202, 255, 242, 339, 397, 280, 223, 343, 298, 323, 334, 270, 362, 201, 254, 333, 305, 370, 307, 316, 263, 239, 377, 341, 392, 273, 218, 278, 204, 253, 301, 246, 212, 213, 315, 300, 359, 356, 237, 373, 289, 219, 311, 331, 332, 387, 320, 258], "recourse_recommended_ixs": [309, 396, 202, 255, 242, 339, 397, 280, 223, 343, 298, 323, 334, 270, 362, 201, 254, 333, 305, 370, 307, 316, 263, 239, 377, 341, 392, 273, 218, 278, 204, 253, 301, 246, 212, 213, 315, 300, 359, 356, 237, 373, 289, 219, 311, 331, 332, 387, 320, 258], "perc_recomm_found": 1.0, "gamma": 0.9, "eta": 0.9, "gamma_obs": 0.9200000166893005, "gamma_obs_pre": 0.05999999865889549, "eta_obs": 1.0, "costs": [1.0, 1.0, 1.0], "lbd": 300.0, "thresh": 0.5, "r_type": "subpopulation", "t_type": "improvement", "eta_obs_individualized": NaN, "eta_obs_refits_batch0_mean": 0.8719999194145203, "model_score": 0.89, "model_f1": 0.8854166666666667, "model_refits_batch0_scores": [0.895, 0.9, 0.885, 0.9, 0.885], "model_refits_batch0_f1s": [0.8911917098445595, 0.8969072164948454, 0.8783068783068784, 0.8936170212765957, 0.877005347593583], "model_coef": [[0.5562951945848923, 0.8524372481559553, 1.2220424615268621], [-0.12647821144284876]]}