{"accuracy_pre": 1.0, "accuracy_post": 0.99, "recourse_seeking_ixs": [1585, 1386, 1111, 1923, 1977, 1116, 1741, 1437, 1166, 1433, 1007, 1572, 1130, 1661, 1797, 1344, 1233, 1541, 1642, 1404, 1639, 1287, 1681, 1452, 1618, 1177, 1607, 1819, 1088, 1462, 1467, 1203, 1940, 1888, 1308, 1400, 1629, 1070, 1907, 1112, 1884, 1626, 1597, 1147, 1267, 1906, 1331, 1285, 1372, 1902, 1744, 1533, 1076, 1046, 1236, 1081, 1426, 1753, 1567, 1179, 1660, 1883, 1002, 1440, 1989, 1484, 1332, 1638, 1105, 1174, 1210, 1778, 1603, 1764, 1725, 1415, 1110, 1039, 1801, 1225, 1168, 1458, 1929, 1645, 1931, 1075, 1149, 1895, 1934, 1346, 1387, 1814, 1324, 1485, 1435, 1568, 1376, 1899, 1806, 1362], "recourse_recommended_ixs": [1585, 1386, 1111, 1923, 1977, 1116, 1741, 1437, 1166, 1433, 1007, 1572, 1130, 1661, 1797, 1344, 1233, 1541, 1642, 1404, 1639, 1287, 1681, 1452, 1618, 1177, 1607, 1819, 1088, 1462, 1467, 1203, 1940, 1888, 1308, 1400, 1629, 1070, 1907, 1112, 1884, 1626, 1597, 1147, 1267, 1906, 1331, 1285, 1372, 1902, 1744, 1533, 1076, 1046, 1236, 1081, 1426, 1753, 1567, 1179, 1660, 1883, 1002, 1440, 1989, 1484, 1332, 1638, 1105, 1174, 1210, 1778, 1603, 1764, 1725, 1415, 1110, 1039, 1801, 1225, 1168, 1458, 1929, 1645, 1931, 1075, 1149, 1895, 1934, 1346, 1387, 1814, 1324, 1485, 1435, 1568, 1376, 1899, 1806, 1362], "perc_recomm_found": 1.0, "gamma": 0.75, "eta": 0.75, "gamma_obs": 1.0, "gamma_obs_pre": 0.0, "eta_obs": 0.99, "costs": [1.0, 1.0], "lbd": 150.0, "thresh": 0.5, "r_type": "subpopulation", "t_type": "improvement", "eta_obs_individualized": NaN, "eta_obs_refits_batch0_mean": 0.9959999918937683, "model_score": 0.993, "model_f1": 0.9960474308300395, "model_refits_batch0_scores": [0.998, 0.998, 1.0, 0.998, 0.998], "model_refits_batch0_f1s": [0.99800796812749, 0.99800796812749, 1.0, 0.99800796812749, 0.99800796812749], "model_coef": NaN}