{"accuracy_pre": 0.9, "accuracy_post": 0.5, "recourse_seeking_ixs": [373, 240, 286, 238, 241, 290, 227, 253, 209, 291, 376, 313, 332, 224, 356, 260, 377, 393, 218, 353, 361, 399, 396, 392, 250, 325, 379, 312, 343, 305, 285, 318, 221, 273, 397, 279, 255, 234, 323, 226, 362, 351, 314, 243, 275, 251, 387, 389, 257, 345], "recourse_recommended_ixs": [373, 240, 286, 238, 241, 290, 227, 253, 209, 291, 376, 313, 332, 224, 356, 260, 377, 393, 218, 353, 361, 399, 396, 392, 250, 325, 379, 312, 343, 305, 285, 318, 221, 273, 397, 279, 255, 234, 323, 226, 362, 351, 314, 243, 275, 251, 387, 389, 257, 345], "perc_recomm_found": 1.0, "gamma": 0.95, "eta": 0.95, "gamma_obs": 0.5, "gamma_obs_pre": 0.10000000149011612, "eta_obs": 1.0, "costs": [1.0, 1.0, 1.0], "lbd": 300.0, "thresh": 0.5, "r_type": "subpopulation", "t_type": "acceptance", "eta_obs_individualized": NaN, "eta_obs_refits_batch0_mean": 0.2800000309944153, "model_score": 0.845, "model_f1": 0.8516746411483254, "model_refits_batch0_scores": [0.85, 0.85, 0.84, 0.855, 0.855], "model_refits_batch0_f1s": [0.8543689320388349, 0.8529411764705882, 0.8476190476190476, 0.863849765258216, 0.8599033816425121], "model_coef": [[0.9870510950269237, 0.9001554042683111, 1.2525626248485802], [0.0609816155517503]]}