{"accuracy_pre": 0.15, "accuracy_post": 0.9, "recourse_seeking_ixs": [1150, 1498, 1915, 1113, 1219, 1170, 1832, 1646, 1168, 1451, 1084, 1172, 1844, 1063, 1918, 1243, 1387, 1242, 1218, 1490, 1137, 1447, 1457, 1925, 1036, 1081, 1016, 1728, 1547, 1707, 1468, 1484, 1288, 1039, 1453, 1111, 1450, 1357, 1115, 1386, 1785, 1533, 1492, 1094, 1635, 1395, 1799, 1975, 1588, 1179, 1270, 1322, 1782, 1122, 1006, 1669, 1061, 1253, 1436, 1127, 1185, 1211, 1347, 1495, 1757, 1485, 1159, 1148, 1493, 1810, 1620, 1339, 1229, 1906, 1726, 1660, 1390, 1901, 1661, 1765, 1755, 1455, 1311, 1369, 1320, 1423, 1286, 1402, 1026, 1192, 1787, 1354, 1742, 1936, 1291, 1735, 1307, 1788, 1459, 1321], "recourse_recommended_ixs": [1150, 1498, 1915, 1113, 1219, 1170, 1832, 1646, 1168, 1451, 1084, 1172, 1844, 1063, 1918, 1243, 1387, 1242, 1218, 1490, 1137, 1447, 1457, 1925, 1036, 1081, 1016, 1728, 1547, 1707, 1468, 1484, 1288, 1039, 1453, 1111, 1450, 1357, 1115, 1386, 1785, 1533, 1492, 1094, 1635, 1395, 1799, 1975, 1588, 1179, 1270, 1322, 1782, 1122, 1006, 1669, 1061, 1253, 1436, 1127, 1185, 1211, 1347, 1495, 1757, 1485, 1159, 1148, 1493, 1810, 1620, 1339, 1229, 1906, 1726, 1660, 1390, 1901, 1661, 1765, 1755, 1455, 1311, 1369, 1320, 1423, 1286, 1402, 1026, 1192, 1787, 1354, 1742, 1936, 1291, 1735, 1307, 1788, 1459, 1321], "perc_recomm_found": 1.0, "gamma": 0.75, "eta": 0.75, "gamma_obs": 1.0, "gamma_obs_pre": 0.8500000238418579, "eta_obs": 0.9, "costs": [1.0, 1.0], "lbd": 150.0, "thresh": 0.5, "r_type": "individualized", "t_type": "improvement", "eta_obs_individualized": 0.57, "eta_obs_refits_batch0_mean": 0.9020000696182251, "model_score": 0.145, "model_f1": 0.9880715705765408, "model_refits_batch0_scores": [0.998, 0.998, 0.998, 0.998, 0.998], "model_refits_batch0_f1s": [0.9979674796747968, 0.9979674796747968, 0.9979674796747968, 0.9979674796747968, 0.9979674796747968], "model_coef": NaN}