{"accuracy_pre": 0.25, "accuracy_post": 0.81, "recourse_seeking_ixs": [1202, 1424, 1226, 1873, 1458, 1975, 1863, 1333, 1661, 1259, 1214, 1203, 1630, 1657, 1537, 1164, 1866, 1888, 1776, 1453, 1428, 1016, 1652, 1802, 1865, 1733, 1211, 1209, 1253, 1895, 1694, 1472, 1201, 1154, 1347, 1533, 1977, 1108, 1814, 1161, 1794, 1742, 1272, 1635, 1836, 1790, 1512, 1061, 1504, 1763, 1518, 1137, 1891, 1542, 1562, 1062, 1503, 1463, 1799, 1293, 1454, 1074, 1650, 1926, 1283, 1627, 1304, 1335, 1882, 1889, 1192, 1489, 1674, 1649, 1945, 1166, 1875, 1735, 1881, 1476, 1351, 1700, 1791, 1431, 1018, 1988, 1406, 1482, 1339, 1011, 1498, 1499, 1115, 1728, 1787, 1379, 1298, 1883, 1890, 1233], "recourse_recommended_ixs": [1202, 1424, 1226, 1873, 1458, 1975, 1863, 1333, 1661, 1259, 1214, 1203, 1630, 1657, 1537, 1164, 1866, 1888, 1776, 1453, 1428, 1016, 1652, 1802, 1865, 1733, 1211, 1209, 1253, 1895, 1694, 1472, 1201, 1154, 1347, 1533, 1977, 1108, 1814, 1161, 1794, 1742, 1272, 1635, 1836, 1790, 1512, 1061, 1504, 1763, 1518, 1137, 1891, 1542, 1562, 1062, 1503, 1463, 1799, 1293, 1454, 1074, 1650, 1926, 1283, 1627, 1304, 1335, 1882, 1889, 1192, 1489, 1674, 1649, 1945, 1166, 1875, 1735, 1881, 1476, 1351, 1700, 1791, 1431, 1018, 1988, 1406, 1482, 1339, 1011, 1498, 1499, 1115, 1728, 1787, 1379, 1298, 1883, 1890, 1233], "perc_recomm_found": 1.0, "gamma": 0.95, "eta": 0.95, "gamma_obs": 0.8199999928474426, "gamma_obs_pre": 0.75, "eta_obs": 0.99, "costs": [1.0, 1.0, 1.0], "lbd": 150.0, "thresh": 0.5, "r_type": "subpopulation", "t_type": "acceptance", "eta_obs_individualized": NaN, "eta_obs_refits_batch0_mean": 0.9600000381469727, "model_score": 0.166, "model_f1": 0.9880715705765408, "model_refits_batch0_scores": [0.998, 0.998, 0.998, 0.998, 0.998], "model_refits_batch0_f1s": [0.9979674796747968, 0.9979674796747968, 0.9979674796747968, 0.9979674796747968, 0.9979674796747968], "model_coef": NaN}