{"accuracy_pre": 0.89, "accuracy_post": 0.81, "recourse_seeking_ixs": [297, 285, 320, 326, 378, 493, 369, 388, 386, 262, 434, 263, 465, 334, 377, 429, 259, 410, 255, 370, 455, 371, 339, 452, 398, 418, 280, 404, 487, 430, 302, 250, 304, 361, 498, 295, 374, 460, 314, 308, 425, 270, 325, 473, 392, 424, 367, 391, 486, 464, 362, 496, 462, 416, 422, 363, 251, 375, 364, 272, 414, 415, 448, 335, 456, 359, 488, 376, 438, 267, 407, 431, 384, 278, 350, 480, 268, 366, 344, 342, 435, 442, 319, 401, 300, 279, 318, 357, 444, 445, 360, 461, 368, 437, 477, 307, 296, 467, 436, 277], "recourse_recommended_ixs": [297, 285, 320, 326, 378, 493, 369, 388, 386, 262, 434, 263, 465, 334, 377, 429, 259, 410, 255, 370, 455, 371, 339, 452, 398, 418, 280, 404, 487, 430, 302, 250, 304, 361, 498, 295, 374, 460, 314, 308, 425, 270, 325, 473, 392, 424, 367, 391, 486, 464, 362, 496, 462, 416, 422, 363, 251, 375, 364, 272, 414, 415, 448, 335, 456, 359, 488, 376, 438, 267, 407, 431, 384, 278, 350, 480, 268, 366, 344, 342, 435, 442, 319, 401, 300, 279, 318, 357, 444, 445, 360, 461, 368, 437, 477, 307, 296, 467, 436, 277], "perc_recomm_found": 1.0, "gamma": 0.75, "eta": 0.75, "gamma_obs": 0.8199999928474426, "gamma_obs_pre": 0.10999999940395355, "eta_obs": 0.85, "costs": [1.0, 1.0], "lbd": 100.0, "thresh": 0.5, "r_type": "individualized", "t_type": "improvement", "eta_obs_individualized": 0.81, "eta_obs_refits_batch0_mean": 0.8559999465942383, "model_score": 0.848, "model_f1": 0.8492063492063493, "model_refits_batch0_scores": [0.852, 0.848, 0.864, 0.84, 0.852], "model_refits_batch0_f1s": [0.8549019607843137, 0.8503937007874016, 0.8682170542635659, 0.8360655737704918, 0.8593155893536122], "model_coef": [[0.011319020608302553, -0.4655821875182411, 1.183147022904338], [-0.6228395093025708]]}