{"accuracy_pre": 0.79, "accuracy_post": 0.44, "recourse_seeking_ixs": [972, 705, 546, 797, 997, 930, 723, 875, 665, 666, 903, 684, 661, 885, 984, 843, 975, 563, 730, 982, 779, 597, 901, 809, 688, 805, 717, 848, 913, 931, 691, 873, 871, 608, 710, 534, 879, 627, 555, 925, 778, 833, 777, 994, 651, 675, 892, 846, 694, 786, 603, 792, 840, 856, 584, 713, 729, 570, 714, 921, 560, 736, 806, 821, 980, 917, 509, 822, 538, 502, 633, 756, 599, 747, 759, 616, 999, 702, 664, 535, 645, 531, 575, 673, 965, 874, 676, 852, 914, 657, 628, 594, 990, 526, 811, 670, 704, 545, 648, 854], "recourse_recommended_ixs": [972, 705, 546, 797, 997, 930, 723, 875, 665, 666, 903, 684, 661, 885, 984, 843, 975, 563, 730, 982, 779, 597, 901, 809, 688, 805, 717, 848, 913, 931, 691, 873, 871, 608, 710, 534, 879, 627, 555, 925, 778, 833, 777, 994, 651, 675, 892, 846, 694, 786, 603, 792, 840, 856, 584, 713, 729, 570, 714, 921, 560, 736, 806, 821, 980, 917, 509, 822, 538, 502, 633, 756, 599, 747, 759, 616, 999, 702, 664, 535, 645, 531, 575, 673, 965, 874, 676, 852, 914, 657, 628, 594, 990, 526, 811, 670, 704, 545, 648, 854], "perc_recomm_found": 1.0, "gamma": 0.75, "eta": 0.75, "gamma_obs": 0.3199999928474426, "gamma_obs_pre": 0.20999999344348907, "eta_obs": 1.0, "costs": [1.0, 1.0, 1.0], "lbd": 300.0, "thresh": 0.5, "r_type": "individualized", "t_type": "acceptance", "eta_obs_individualized": NaN, "eta_obs_refits_batch0_mean": 0.5479999780654907, "model_score": 0.808, "model_f1": 0.8522072936660269, "model_refits_batch0_scores": [0.856, 0.846, 0.85, 0.846, 0.866], "model_refits_batch0_f1s": [0.8481012658227849, 0.832244008714597, 0.8414376321353065, 0.8372093023255814, 0.8635437881873727], "model_coef": NaN}