{"accuracy_pre": 0.84, "accuracy_post": 0.26, "recourse_seeking_ixs": [405, 256, 344, 460, 421, 410, 447, 251, 486, 487, 402, 300, 264, 381, 399, 419, 459, 476, 328, 475, 395, 351, 317, 276, 495, 347, 385, 375, 253, 274, 346, 413, 332, 363, 259, 298, 250, 353, 359, 491, 411, 327, 423, 368, 299, 370, 466, 482, 401, 474, 326, 412, 265, 309, 387, 302, 320, 338, 427, 420, 313, 339, 392, 454, 266, 361, 284, 289, 453, 400, 488, 396, 377, 307, 258, 484, 374, 254, 496, 440, 292, 355, 472, 430, 441, 438, 408, 268, 404, 489, 323, 493, 321, 432, 372, 324, 477, 376, 450, 442], "recourse_recommended_ixs": [405, 256, 344, 460, 421, 410, 447, 251, 486, 487, 402, 300, 264, 381, 399, 419, 459, 476, 328, 475, 395, 351, 317, 276, 495, 347, 385, 375, 253, 274, 346, 413, 332, 363, 259, 298, 250, 353, 359, 491, 411, 327, 423, 368, 299, 370, 466, 482, 401, 474, 326, 412, 265, 309, 387, 302, 320, 338, 427, 420, 313, 339, 392, 454, 266, 361, 284, 289, 453, 400, 488, 396, 377, 307, 258, 484, 374, 254, 496, 440, 292, 355, 472, 430, 441, 438, 408, 268, 404, 489, 323, 493, 321, 432, 372, 324, 477, 376, 450, 442], "perc_recomm_found": 1.0, "gamma": 0.75, "eta": 0.75, "gamma_obs": 0.25999999046325684, "gamma_obs_pre": 0.1599999964237213, "eta_obs": 1.0, "costs": [1.0, 1.0, 1.0], "lbd": 100.0, "thresh": 0.5, "r_type": "individualized", "t_type": "acceptance", "eta_obs_individualized": NaN, "eta_obs_refits_batch0_mean": 0.5879999399185181, "model_score": 0.82, "model_f1": 0.8051948051948051, "model_refits_batch0_scores": [0.824, 0.828, 0.82, 0.824, 0.824], "model_refits_batch0_f1s": [0.8053097345132744, 0.8122270742358079, 0.8085106382978724, 0.8086956521739128, 0.8053097345132744], "model_coef": NaN}