{"accuracy_pre": 0.91, "accuracy_post": 0.81, "recourse_seeking_ixs": [763, 688, 619, 896, 703, 953, 978, 817, 607, 838, 967, 979, 668, 921, 581, 720, 578, 926, 624, 670, 638, 809, 890, 613, 647, 714, 654, 522, 726, 743, 993, 649, 755, 502, 661, 567, 563, 663, 939, 500, 733, 753, 552, 829, 739, 771, 715, 833, 605, 954, 568, 791, 760, 808, 797, 604, 566, 794, 897, 886, 678, 560, 891, 983, 615, 746, 565, 697, 710, 606, 721, 623, 717, 914, 734, 774, 509, 934, 909, 599, 865, 893, 798, 575, 592, 986, 627, 802, 521, 782, 637, 507, 658, 882, 948, 853, 900, 864, 837, 761], "recourse_recommended_ixs": [763, 688, 619, 896, 703, 953, 978, 817, 607, 838, 967, 979, 668, 921, 581, 720, 578, 926, 624, 670, 638, 809, 890, 613, 647, 714, 654, 522, 726, 743, 993, 649, 755, 502, 661, 567, 563, 663, 939, 500, 733, 753, 552, 829, 739, 771, 715, 833, 605, 954, 568, 791, 760, 808, 797, 604, 566, 794, 897, 886, 678, 560, 891, 983, 615, 746, 565, 697, 710, 606, 721, 623, 717, 914, 734, 774, 509, 934, 909, 599, 865, 893, 798, 575, 592, 986, 627, 802, 521, 782, 637, 507, 658, 882, 948, 853, 900, 864, 837, 761], "perc_recomm_found": 1.0, "gamma": 0.75, "eta": 0.75, "gamma_obs": 0.800000011920929, "gamma_obs_pre": 0.09000000357627869, "eta_obs": 0.99, "costs": [1.0, 1.0, 1.0], "lbd": 300.0, "thresh": 0.5, "r_type": "subpopulation", "t_type": "improvement", "eta_obs_individualized": NaN, "eta_obs_refits_batch0_mean": 0.9860000610351562, "model_score": 0.864, "model_f1": 0.8752556237218813, "model_refits_batch0_scores": [0.848, 0.846, 0.848, 0.856, 0.854], "model_refits_batch0_f1s": [0.8597785977859778, 0.8522072936660269, 0.8560606060606061, 0.855421686746988, 0.8560157790927022], "model_coef": NaN}