{"accuracy_pre": 1.0, "accuracy_post": 1.0, "recourse_seeking_ixs": [1930, 1353, 1593, 1578, 1222, 1998, 1496, 1361, 1686, 1762, 1428, 1248, 1524, 1916, 1182, 1538, 1194, 1933, 1510, 1695, 1016, 1239, 1993, 1014, 1256, 1170, 1096, 1634, 1368, 1345, 1979, 1331, 1905, 1579, 1260, 1025, 1439, 1412, 1100, 1500, 1422, 1847, 1758, 1520, 1006, 1334, 1379, 1203, 1012, 1612, 1958, 1952, 1301, 1230, 1868, 1316, 1313, 1220, 1900, 1552, 1843, 1791, 1768, 1236, 1494, 1148, 1543, 1109, 1669, 1463, 1954, 1011, 1764, 1731, 1448, 1558, 1245, 1161, 1460, 1890, 1965, 1304, 1425, 1240, 1259, 1594, 1128, 1902, 1147, 1479, 1803, 1409, 1070, 1894, 1549, 1292, 1720, 1828, 1960, 1947], "recourse_recommended_ixs": [1930, 1353, 1593, 1578, 1222, 1998, 1496, 1361, 1686, 1762, 1428, 1248, 1524, 1916, 1182, 1538, 1194, 1933, 1510, 1695, 1016, 1239, 1993, 1014, 1256, 1170, 1096, 1634, 1368, 1345, 1979, 1331, 1905, 1579, 1260, 1025, 1439, 1412, 1100, 1500, 1422, 1847, 1758, 1520, 1006, 1334, 1379, 1203, 1012, 1612, 1958, 1952, 1301, 1230, 1868, 1316, 1313, 1220, 1900, 1552, 1843, 1791, 1768, 1236, 1494, 1148, 1543, 1109, 1669, 1463, 1954, 1011, 1764, 1731, 1448, 1558, 1245, 1161, 1460, 1890, 1965, 1304, 1425, 1240, 1259, 1594, 1128, 1902, 1147, 1479, 1803, 1409, 1070, 1894, 1549, 1292, 1720, 1828, 1960, 1947], "perc_recomm_found": 1.0, "gamma": 0.95, "eta": 0.95, "gamma_obs": 1.0, "gamma_obs_pre": 0.0, "eta_obs": 1.0, "costs": [1.0, 1.0], "lbd": 150.0, "thresh": 0.5, "r_type": "individualized", "t_type": "improvement", "eta_obs_individualized": 1.0, "eta_obs_refits_batch0_mean": 1.0, "model_score": 0.971, "model_f1": 0.9989304812834224, "model_refits_batch0_scores": [0.999, 0.999, 0.997, 0.998, 0.998], "model_refits_batch0_f1s": [0.9989929506545822, 0.9989929506545822, 0.9969727547931382, 0.9979879275653923, 0.9979838709677419], "model_coef": NaN}