{"accuracy_pre": 0.91, "accuracy_post": 0.35, "recourse_seeking_ixs": [746, 739, 740, 852, 620, 611, 539, 827, 841, 837, 572, 906, 701, 880, 975, 657, 744, 831, 661, 591, 874, 717, 735, 741, 575, 713, 777, 829, 991, 754, 716, 507, 910, 793, 875, 665, 534, 582, 571, 601, 574, 745, 529, 675, 733, 612, 785, 865, 640, 864, 579, 810, 543, 577, 655, 846, 546, 629, 718, 950, 689, 633, 959, 605, 687, 658, 540, 538, 812, 654, 518, 888, 552, 748, 623, 711, 671, 506, 902, 774, 683, 790, 998, 820, 976, 721, 954, 510, 806, 825, 995, 965, 692, 600, 519, 533, 919, 715, 714, 769], "recourse_recommended_ixs": [746, 739, 740, 852, 620, 611, 539, 827, 841, 837, 572, 906, 701, 880, 975, 657, 744, 831, 661, 591, 874, 717, 735, 741, 575, 713, 777, 829, 991, 754, 716, 507, 910, 793, 875, 665, 534, 582, 571, 601, 574, 745, 529, 675, 733, 612, 785, 865, 640, 864, 579, 810, 543, 577, 655, 846, 546, 629, 718, 950, 689, 633, 959, 605, 687, 658, 540, 538, 812, 654, 518, 888, 552, 748, 623, 711, 671, 506, 902, 774, 683, 790, 998, 820, 976, 721, 954, 510, 806, 825, 995, 965, 692, 600, 519, 533, 919, 715, 714, 769], "perc_recomm_found": 1.0, "gamma": 0.95, "eta": 0.95, "gamma_obs": 0.23999999463558197, "gamma_obs_pre": 0.09000000357627869, "eta_obs": 1.0, "costs": [1.0, 1.0, 1.0], "lbd": 300.0, "thresh": 0.5, "r_type": "individualized", "t_type": "acceptance", "eta_obs_individualized": NaN, "eta_obs_refits_batch0_mean": 0.5020000338554382, "model_score": 0.782, "model_f1": 0.8463157894736841, "model_refits_batch0_scores": [0.81, 0.802, 0.812, 0.784, 0.816], "model_refits_batch0_f1s": [0.8210922787193974, 0.8135593220338984, 0.8226415094339623, 0.7954545454545454, 0.8217054263565892], "model_coef": NaN}