{"accuracy_pre": 0.83, "accuracy_post": 0.24, "recourse_seeking_ixs": [304, 328, 474, 407, 264, 368, 335, 337, 424, 267, 310, 470, 355, 437, 448, 290, 305, 312, 287, 465, 365, 455, 486, 296, 373, 429, 395, 349, 359, 385, 416, 413, 251, 483, 439, 401, 402, 428, 479, 379, 354, 263, 367, 254, 321, 323, 333, 493, 498, 427, 252, 370, 292, 274, 348, 383, 255, 356, 431, 282, 434, 459, 447, 380, 336, 490, 393, 299, 386, 339, 285, 436, 319, 324, 256, 266, 344, 421, 412, 353, 372, 291, 411, 473, 366, 293, 381, 426, 481, 454, 488, 360, 275, 476, 280, 308, 471, 315, 387, 281], "recourse_recommended_ixs": [304, 328, 474, 407, 264, 368, 335, 337, 424, 267, 310, 470, 355, 437, 448, 290, 305, 312, 287, 465, 365, 455, 486, 296, 373, 429, 395, 349, 359, 385, 416, 413, 251, 483, 439, 401, 402, 428, 479, 379, 354, 263, 367, 254, 321, 323, 333, 493, 498, 427, 252, 370, 292, 274, 348, 383, 255, 356, 431, 282, 434, 459, 447, 380, 336, 490, 393, 299, 386, 339, 285, 436, 319, 324, 256, 266, 344, 421, 412, 353, 372, 291, 411, 473, 366, 293, 381, 426, 481, 454, 488, 360, 275, 476, 280, 308, 471, 315, 387, 281], "perc_recomm_found": 1.0, "gamma": 0.75, "eta": 0.75, "gamma_obs": 0.23999999463558197, "gamma_obs_pre": 0.18000000715255737, "eta_obs": 1.0, "costs": [1.0, 1.0, 1.0], "lbd": 100.0, "thresh": 0.5, "r_type": "individualized", "t_type": "acceptance", "eta_obs_individualized": NaN, "eta_obs_refits_batch0_mean": 0.7739999890327454, "model_score": 0.832, "model_f1": 0.8333333333333334, "model_refits_batch0_scores": [0.824, 0.832, 0.824, 0.816, 0.808], "model_refits_batch0_f1s": [0.8253968253968254, 0.8278688524590164, 0.8267716535433071, 0.8114754098360656, 0.8080000000000002], "model_coef": NaN}