{"accuracy_pre": 0.9, "accuracy_post": 0.5, "recourse_seeking_ixs": [953, 512, 966, 945, 943, 696, 862, 721, 521, 761, 961, 668, 952, 902, 585, 823, 891, 903, 615, 689, 568, 925, 809, 579, 787, 846, 763, 571, 506, 990, 756, 648, 832, 983, 900, 843, 563, 684, 576, 928, 982, 874, 897, 708, 875, 751, 544, 746, 675, 880, 726, 519, 981, 878, 851, 785, 804, 817, 532, 971, 662, 600, 669, 998, 944, 699, 819, 694, 712, 883, 606, 989, 986, 890, 510, 815, 713, 808, 620, 592, 872, 686, 813, 850, 836, 677, 602, 517, 644, 951, 645, 634, 762, 564, 826, 651, 654, 728, 810, 641], "recourse_recommended_ixs": [953, 512, 966, 945, 943, 696, 862, 721, 521, 761, 961, 668, 952, 902, 585, 823, 891, 903, 615, 689, 568, 925, 809, 579, 787, 846, 763, 571, 506, 990, 756, 648, 832, 983, 900, 843, 563, 684, 576, 928, 982, 874, 897, 708, 875, 751, 544, 746, 675, 880, 726, 519, 981, 878, 851, 785, 804, 817, 532, 971, 662, 600, 669, 998, 944, 699, 819, 694, 712, 883, 606, 989, 986, 890, 510, 815, 713, 808, 620, 592, 872, 686, 813, 850, 836, 677, 602, 517, 644, 951, 645, 634, 762, 564, 826, 651, 654, 728, 810, 641], "perc_recomm_found": 1.0, "gamma": 0.75, "eta": 0.75, "gamma_obs": 0.49000000953674316, "gamma_obs_pre": 0.10000000149011612, "eta_obs": 0.99, "costs": [1.0, 1.0, 1.0], "lbd": 300.0, "thresh": 0.5, "r_type": "subpopulation", "t_type": "acceptance", "eta_obs_individualized": NaN, "eta_obs_refits_batch0_mean": 0.4959999620914459, "model_score": 0.844, "model_f1": 0.8663967611336032, "model_refits_batch0_scores": [0.866, 0.864, 0.86, 0.856, 0.852], "model_refits_batch0_f1s": [0.8552915766738661, 0.8547008547008548, 0.8430493273542601, 0.8378378378378378, 0.8348214285714286], "model_coef": [[0.687721670390012, 1.0293311246961712, 0.9718462232035527], [-0.013664388085315504]]}