{"accuracy_pre": 0.9, "accuracy_post": 0.5, "recourse_seeking_ixs": [331, 229, 305, 318, 296, 339, 361, 252, 273, 321, 280, 208, 396, 274, 304, 338, 323, 207, 284, 211, 367, 315, 234, 213, 226, 370, 312, 356, 310, 336, 251, 277, 359, 380, 271, 355, 300, 393, 319, 275, 232, 357, 325, 301, 272, 307, 349, 233, 353, 326], "recourse_recommended_ixs": [331, 229, 305, 318, 296, 339, 361, 252, 273, 321, 280, 208, 396, 274, 304, 338, 323, 207, 284, 211, 367, 315, 234, 213, 226, 370, 312, 356, 310, 336, 251, 277, 359, 380, 271, 355, 300, 393, 319, 275, 232, 357, 325, 301, 272, 307, 349, 233, 353, 326], "perc_recomm_found": 1.0, "gamma": 0.75, "eta": 0.75, "gamma_obs": 0.5, "gamma_obs_pre": 0.10000000149011612, "eta_obs": 1.0, "costs": [1.0, 1.0, 1.0], "lbd": 300.0, "thresh": 0.5, "r_type": "individualized", "t_type": "acceptance", "eta_obs_individualized": NaN, "eta_obs_refits_batch0_mean": 0.7360000610351562, "model_score": 0.87, "model_f1": 0.8505747126436781, "model_refits_batch0_scores": [0.875, 0.875, 0.87, 0.875, 0.855], "model_refits_batch0_f1s": [0.8538011695906433, 0.8603351955307263, 0.8452380952380953, 0.8538011695906433, 0.8304093567251463], "model_coef": [[0.6189032503937344, 0.8304628547788736, 1.2502856571743606], [-0.2857744472837757]]}