{"accuracy_pre": 1.0, "accuracy_post": 0.96, "recourse_seeking_ixs": [1403, 1057, 1036, 1305, 1842, 1537, 1119, 1926, 1348, 1851, 1750, 1443, 1589, 1309, 1823, 1688, 1323, 1250, 1791, 1422, 1298, 1559, 1379, 1685, 1954, 1781, 1668, 1556, 1966, 1353, 1879, 1307, 1189, 1802, 1968, 1560, 1853, 1284, 1671, 1488, 1975, 1858, 1204, 1568, 1519, 1111, 1170, 1883, 1693, 1847, 1762, 1695, 1179, 1158, 1607, 1513, 1326, 1606, 1772, 1089, 1106, 1961, 1889, 1977, 1680, 1281, 1983, 1708, 1331, 1074, 1292, 1479, 1030, 1567, 1874, 1270, 1391, 1615, 1570, 1423, 1144, 1911, 1202, 1622, 1147, 1322, 1231, 1651, 1483, 1010, 1494, 1549, 1507, 1457, 1894, 1796, 1248, 1214, 1324, 1439], "recourse_recommended_ixs": [1403, 1057, 1036, 1305, 1842, 1537, 1119, 1926, 1348, 1851, 1750, 1443, 1589, 1309, 1823, 1688, 1323, 1250, 1791, 1422, 1298, 1559, 1379, 1685, 1954, 1781, 1668, 1556, 1966, 1353, 1879, 1307, 1189, 1802, 1968, 1560, 1853, 1284, 1671, 1488, 1975, 1858, 1204, 1568, 1519, 1111, 1170, 1883, 1693, 1847, 1762, 1695, 1179, 1158, 1607, 1513, 1326, 1606, 1772, 1089, 1106, 1961, 1889, 1977, 1680, 1281, 1983, 1708, 1331, 1074, 1292, 1479, 1030, 1567, 1874, 1270, 1391, 1615, 1570, 1423, 1144, 1911, 1202, 1622, 1147, 1322, 1231, 1651, 1483, 1010, 1494, 1549, 1507, 1457, 1894, 1796, 1248, 1214, 1324, 1439], "perc_recomm_found": 1.0, "gamma": 0.95, "eta": 0.95, "gamma_obs": 1.0, "gamma_obs_pre": 0.0, "eta_obs": 0.96, "costs": [1.0, 1.0], "lbd": 150.0, "thresh": 0.5, "r_type": "subpopulation", "t_type": "improvement", "eta_obs_individualized": NaN, "eta_obs_refits_batch0_mean": 0.9779999852180481, "model_score": 0.754, "model_f1": 0.9967982924226253, "model_refits_batch0_scores": [0.998, 0.998, 0.998, 0.998, 0.998], "model_refits_batch0_f1s": [0.9979879275653923, 0.9979879275653923, 0.9979879275653923, 0.9979879275653923, 0.9979879275653923], "model_coef": NaN}