{"accuracy_pre": 0.98, "accuracy_post": 0.96, "recourse_seeking_ixs": [1253, 1681, 1975, 1103, 1267, 1439, 1071, 1490, 1542, 1366, 1344, 1791, 1357, 1880, 1684, 1030, 1686, 1354, 1025, 1585, 1476, 1459, 1288, 1658, 1146, 1776, 1655, 1361, 1304, 1665, 1065, 1007, 1853, 1000, 1531, 1385, 1132, 1324, 1560, 1099, 1592, 1302, 1336, 1717, 1838, 1271, 1952, 1804, 1194, 1084, 1602, 1931, 1561, 1069, 1157, 1422, 1218, 1829, 1305, 1900, 1326, 1743, 1313, 1794, 1933, 1579, 1628, 1680, 1470, 1042, 1580, 1139, 1424, 1923, 1720, 1652, 1567, 1308, 1856, 1428, 1529, 1238, 1356, 1550, 1500, 1278, 1190, 1795, 1637, 1549, 1506, 1910, 1896, 1954, 1930, 1260, 1072, 1608, 1474, 1543], "recourse_recommended_ixs": [1253, 1681, 1975, 1103, 1267, 1439, 1071, 1490, 1542, 1366, 1344, 1791, 1357, 1880, 1684, 1030, 1686, 1354, 1025, 1585, 1476, 1459, 1288, 1658, 1146, 1776, 1655, 1361, 1304, 1665, 1065, 1007, 1853, 1000, 1531, 1385, 1132, 1324, 1560, 1099, 1592, 1302, 1336, 1717, 1838, 1271, 1952, 1804, 1194, 1084, 1602, 1931, 1561, 1069, 1157, 1422, 1218, 1829, 1305, 1900, 1326, 1743, 1313, 1794, 1933, 1579, 1628, 1680, 1470, 1042, 1580, 1139, 1424, 1923, 1720, 1652, 1567, 1308, 1856, 1428, 1529, 1238, 1356, 1550, 1500, 1278, 1190, 1795, 1637, 1549, 1506, 1910, 1896, 1954, 1930, 1260, 1072, 1608, 1474, 1543], "perc_recomm_found": 1.0, "gamma": 0.95, "eta": 0.95, "gamma_obs": 1.0, "gamma_obs_pre": 0.019999999552965164, "eta_obs": 0.97, "costs": [1.0, 1.0], "lbd": 150.0, "thresh": 0.5, "r_type": "individualized", "t_type": "improvement", "eta_obs_individualized": 1.0, "eta_obs_refits_batch0_mean": 0.9739999771118164, "model_score": 0.969, "model_f1": 0.9989462592202318, "model_refits_batch0_scores": [0.999, 0.999, 0.997, 0.998, 0.998], "model_refits_batch0_f1s": [0.9989929506545822, 0.9989929506545822, 0.9969727547931382, 0.9979879275653923, 0.9979838709677419], "model_coef": NaN}