{"accuracy_pre": 0.3, "accuracy_post": 0.73, "recourse_seeking_ixs": [1483, 1650, 1651, 1375, 1436, 1959, 1012, 1838, 1484, 1387, 1126, 1190, 1293, 1307, 1067, 1423, 1781, 1671, 1057, 1080, 1521, 1717, 1284, 1988, 1789, 1557, 1158, 1695, 1408, 1681, 1516, 1074, 1127, 1486, 1420, 1459, 1343, 1747, 1890, 1235, 1818, 1466, 1807, 1804, 1113, 1151, 1049, 1022, 1013, 1220, 1961, 1244, 1193, 1062, 1316, 1323, 1679, 1740, 1914, 1580, 1779, 1402, 1593, 1310, 1120, 1147, 1775, 1391, 1020, 1141, 1821, 1258, 1187, 1202, 1883, 1816, 1939, 1025, 1884, 1403, 1851, 1379, 1532, 1550, 1451, 1313, 1620, 1800, 1976, 1171, 1119, 1441, 1222, 1531, 1002, 1528, 1724, 1081, 1567, 1011], "recourse_recommended_ixs": [1483, 1650, 1651, 1375, 1436, 1959, 1012, 1838, 1484, 1387, 1126, 1190, 1293, 1307, 1067, 1423, 1781, 1671, 1057, 1080, 1521, 1717, 1284, 1988, 1789, 1557, 1158, 1695, 1408, 1681, 1516, 1074, 1127, 1486, 1420, 1459, 1343, 1747, 1890, 1235, 1818, 1466, 1807, 1804, 1113, 1151, 1049, 1022, 1013, 1220, 1961, 1244, 1193, 1062, 1316, 1323, 1679, 1740, 1914, 1580, 1779, 1402, 1593, 1310, 1120, 1147, 1775, 1391, 1020, 1141, 1821, 1258, 1187, 1202, 1883, 1816, 1939, 1025, 1884, 1403, 1851, 1379, 1532, 1550, 1451, 1313, 1620, 1800, 1976, 1171, 1119, 1441, 1222, 1531, 1002, 1528, 1724, 1081, 1567, 1011], "perc_recomm_found": 1.0, "gamma": 0.95, "eta": 0.95, "gamma_obs": 0.6299999952316284, "gamma_obs_pre": 0.699999988079071, "eta_obs": 0.9, "costs": [1.0, 1.0, 1.0], "lbd": 150.0, "thresh": 0.5, "r_type": "individualized", "t_type": "counterfactual", "eta_obs_individualized": NaN, "eta_obs_refits_batch0_mean": 0.6119999885559082, "model_score": 0.277, "model_f1": 0.9914163090128755, "model_refits_batch0_scores": [0.998, 0.998, 0.998, 0.998, 0.998], "model_refits_batch0_f1s": [0.9979879275653923, 0.9979879275653923, 0.9979879275653923, 0.9979879275653923, 0.9979879275653923], "model_coef": [[-2.3825008588811247, -2.9781260199919783, 3.5658733069994097], [-1.936896338597984]]}