{"accuracy_pre": 1.0, "accuracy_post": 1.0, "recourse_seeking_ixs": [1075, 1658, 1923, 1940, 1216, 1034, 1369, 1090, 1362, 1629, 1860, 1529, 1162, 1675, 1657, 1859, 1836, 1685, 1110, 1274, 1102, 1284, 1234, 1495, 1988, 1687, 1289, 1902, 1438, 1415, 1562, 1408, 1954, 1504, 1801, 1931, 1606, 1281, 1170, 1457, 1953, 1642, 1221, 1231, 1697, 1576, 1517, 1892, 1492, 1840, 1349, 1189, 1560, 1372, 1633, 1659, 1044, 1855, 1537, 1081, 1383, 1344, 1791, 1070, 1468, 1084, 1955, 1077, 1708, 1319, 1150, 1452, 1971, 1219, 1210, 1680, 1161, 1646, 1276, 1773, 1435, 1363, 1057, 1258, 1177, 1610, 1028, 1317, 1295, 1588, 1379, 1872, 1055, 1464, 1731, 1071, 1131, 1267, 1097, 1717], "recourse_recommended_ixs": [1075, 1658, 1923, 1940, 1216, 1034, 1369, 1090, 1362, 1629, 1860, 1529, 1162, 1675, 1657, 1859, 1836, 1685, 1110, 1274, 1102, 1284, 1234, 1495, 1988, 1687, 1289, 1902, 1438, 1415, 1562, 1408, 1954, 1504, 1801, 1931, 1606, 1281, 1170, 1457, 1953, 1642, 1221, 1231, 1697, 1576, 1517, 1892, 1492, 1840, 1349, 1189, 1560, 1372, 1633, 1659, 1044, 1855, 1537, 1081, 1383, 1344, 1791, 1070, 1468, 1084, 1955, 1077, 1708, 1319, 1150, 1452, 1971, 1219, 1210, 1680, 1161, 1646, 1276, 1773, 1435, 1363, 1057, 1258, 1177, 1610, 1028, 1317, 1295, 1588, 1379, 1872, 1055, 1464, 1731, 1071, 1131, 1267, 1097, 1717], "perc_recomm_found": 1.0, "gamma": 0.95, "eta": 0.95, "gamma_obs": 1.0, "gamma_obs_pre": 0.0, "eta_obs": 1.0, "costs": [1.0, 1.0, 1.0], "lbd": 150.0, "thresh": 0.5, "r_type": "subpopulation", "t_type": "acceptance", "eta_obs_individualized": NaN, "eta_obs_refits_batch0_mean": 0.5360000133514404, "model_score": 0.729, "model_f1": 0.9990069513406157, "model_refits_batch0_scores": [0.981, 0.998, 0.993, 0.989, 0.994], "model_refits_batch0_f1s": [0.9806714140386571, 0.99800796812749, 0.992964824120603, 0.9889001009081735, 0.9939759036144578], "model_coef": NaN}