{"inv": 0.9893617021276596, "val_m2": 0.010638297872340425, "val_m1": 1.0}