{"accuracy_pre": 0.99, "accuracy_post": 0.99, "recourse_seeking_ixs": [1031, 1025, 1482, 1883, 1211, 1245, 1385, 1821, 1700, 1794, 1165, 1422, 1851, 1642, 1652, 1398, 1459, 1537, 1296, 1133, 1578, 1558, 1529, 1283, 1842, 1154, 1934, 1259, 1293, 1823, 1323, 1906, 1011, 1743, 1452, 1048, 1078, 1845, 1276, 1295, 1744, 1230, 1714, 1206, 1519, 1194, 1284, 1820, 1874, 1612, 1655, 1313, 1014, 1204, 1853, 1016, 1298, 1496, 1231, 1144, 1203, 1193, 1033, 1863, 1582, 1838, 1556, 1436, 1693, 1443, 1681, 1309, 1020, 1255, 1531, 1762, 1292, 1629, 1903, 1983, 1952, 1692, 1649, 1146, 1777, 1000, 1751, 1627, 1362, 1322, 1500, 1319, 1916, 1549, 1630, 1093, 1490, 1353, 1954, 1492], "recourse_recommended_ixs": [1031, 1025, 1482, 1883, 1211, 1245, 1385, 1821, 1700, 1794, 1165, 1422, 1851, 1642, 1652, 1398, 1459, 1537, 1296, 1133, 1578, 1558, 1529, 1283, 1842, 1154, 1934, 1259, 1293, 1823, 1323, 1906, 1011, 1743, 1452, 1048, 1078, 1845, 1276, 1295, 1744, 1230, 1714, 1206, 1519, 1194, 1284, 1820, 1874, 1612, 1655, 1313, 1014, 1204, 1853, 1016, 1298, 1496, 1231, 1144, 1203, 1193, 1033, 1863, 1582, 1838, 1556, 1436, 1693, 1443, 1681, 1309, 1020, 1255, 1531, 1762, 1292, 1629, 1903, 1983, 1952, 1692, 1649, 1146, 1777, 1000, 1751, 1627, 1362, 1322, 1500, 1319, 1916, 1549, 1630, 1093, 1490, 1353, 1954, 1492], "perc_recomm_found": 1.0, "gamma": 0.95, "eta": 0.95, "gamma_obs": 1.0, "gamma_obs_pre": 0.009999999776482582, "eta_obs": 0.99, "costs": [1.0, 1.0], "lbd": 150.0, "thresh": 0.5, "r_type": "subpopulation", "t_type": "improvement", "eta_obs_individualized": NaN, "eta_obs_refits_batch0_mean": 0.9899999499320984, "model_score": 0.849, "model_f1": 0.9989462592202318, "model_refits_batch0_scores": [0.999, 0.999, 0.997, 0.996, 0.998], "model_refits_batch0_f1s": [0.9989929506545822, 0.9989929506545822, 0.9969727547931382, 0.995983935742972, 0.9979838709677419], "model_coef": NaN}