{"accuracy_pre": 1.0, "accuracy_post": 0.97, "recourse_seeking_ixs": [1509, 1478, 1209, 1304, 1799, 1271, 1070, 1433, 1242, 1081, 1477, 1987, 1872, 1614, 1674, 1836, 1105, 1859, 1946, 1937, 1652, 1844, 1897, 1084, 1730, 1717, 1567, 1107, 1402, 1246, 1640, 1367, 1816, 1941, 1137, 1518, 1669, 1955, 1547, 1383, 1091, 1737, 1238, 1533, 1432, 1880, 1537, 1672, 1691, 1524, 1499, 1223, 1733, 1034, 1486, 1800, 1430, 1875, 1344, 1436, 1805, 1230, 1697, 1472, 1761, 1975, 1188, 1073, 1818, 1229, 1845, 1994, 1291, 1276, 1204, 1829, 1384, 1031, 1195, 1421, 1724, 1349, 1605, 1335, 1536, 1088, 1455, 1763, 1041, 1740, 1149, 1923, 1100, 1637, 1878, 1821, 1423, 1483, 1449, 1408], "recourse_recommended_ixs": [1509, 1478, 1209, 1304, 1799, 1271, 1070, 1433, 1242, 1081, 1477, 1987, 1872, 1614, 1674, 1836, 1105, 1859, 1946, 1937, 1652, 1844, 1897, 1084, 1730, 1717, 1567, 1107, 1402, 1246, 1640, 1367, 1816, 1941, 1137, 1518, 1669, 1955, 1547, 1383, 1091, 1737, 1238, 1533, 1432, 1880, 1537, 1672, 1691, 1524, 1499, 1223, 1733, 1034, 1486, 1800, 1430, 1875, 1344, 1436, 1805, 1230, 1697, 1472, 1761, 1975, 1188, 1073, 1818, 1229, 1845, 1994, 1291, 1276, 1204, 1829, 1384, 1031, 1195, 1421, 1724, 1349, 1605, 1335, 1536, 1088, 1455, 1763, 1041, 1740, 1149, 1923, 1100, 1637, 1878, 1821, 1423, 1483, 1449, 1408], "perc_recomm_found": 1.0, "gamma": 0.75, "eta": 0.75, "gamma_obs": 1.0, "gamma_obs_pre": 0.0, "eta_obs": 0.97, "costs": [1.0, 1.0, 1.0], "lbd": 150.0, "thresh": 0.5, "r_type": "subpopulation", "t_type": "improvement", "eta_obs_individualized": NaN, "eta_obs_refits_batch0_mean": 0.9700000882148743, "model_score": 0.955, "model_f1": 0.9959100204498978, "model_refits_batch0_scores": [1.0, 0.996, 0.999, 0.996, 0.998], "model_refits_batch0_f1s": [1.0, 0.9959100204498978, 0.9989827060020345, 0.9959100204498978, 0.9979591836734694], "model_coef": NaN}