{"accuracy_pre": 0.88, "accuracy_post": 0.92, "recourse_seeking_ixs": [303, 361, 387, 375, 311, 331, 379, 260, 316, 219, 380, 279, 285, 367, 261, 315, 392, 309, 243, 250, 335, 300, 376, 347, 357, 385, 207, 267, 341, 325, 289, 232, 398, 282, 287, 222, 268, 395, 284, 236, 399, 326, 354, 262, 227, 266, 220, 329, 302, 397], "recourse_recommended_ixs": [303, 361, 387, 375, 311, 331, 379, 260, 316, 219, 380, 279, 285, 367, 261, 315, 392, 309, 243, 250, 335, 300, 376, 347, 357, 385, 207, 267, 341, 325, 289, 232, 398, 282, 287, 222, 268, 395, 284, 236, 399, 326, 354, 262, 227, 266, 220, 329, 302, 397], "perc_recomm_found": 1.0, "gamma": 0.9, "eta": 0.9, "gamma_obs": 0.9200000166893005, "gamma_obs_pre": 0.11999999731779099, "eta_obs": 1.0, "costs": [1.0, 1.0, 1.0], "lbd": 300.0, "thresh": 0.5, "r_type": "individualized", "t_type": "improvement", "eta_obs_individualized": 1.0, "eta_obs_refits_batch0_mean": 0.9079999923706055, "model_score": 0.89, "model_f1": 0.8877551020408163, "model_refits_batch0_scores": [0.84, 0.855, 0.88, 0.885, 0.845], "model_refits_batch0_f1s": [0.8415841584158416, 0.8585365853658536, 0.88, 0.8820512820512821, 0.8502415458937197], "model_coef": [[0.8474104227032697, 0.7756070219700436, 1.2042186432986548], [0.03265532277233811]]}