{"accuracy_pre": 0.83, "accuracy_post": 0.35, "recourse_seeking_ixs": [886, 502, 864, 584, 767, 954, 690, 631, 509, 760, 995, 664, 605, 979, 904, 685, 745, 732, 894, 735, 969, 714, 661, 987, 957, 785, 936, 592, 596, 796, 975, 939, 795, 762, 846, 826, 855, 941, 807, 982, 967, 728, 948, 670, 594, 546, 858, 944, 748, 851, 955, 540, 873, 610, 686, 953, 622, 662, 721, 676, 536, 632, 673, 761, 816, 905, 914, 684, 782, 878, 744, 512, 862, 789, 674, 595, 537, 518, 746, 946, 654, 771, 630, 604, 703, 937, 755, 585, 722, 853, 578, 791, 737, 538, 613, 696, 506, 888, 840, 758], "recourse_recommended_ixs": [886, 502, 864, 584, 767, 954, 690, 631, 509, 760, 995, 664, 605, 979, 904, 685, 745, 732, 894, 735, 969, 714, 661, 987, 957, 785, 936, 592, 596, 796, 975, 939, 795, 762, 846, 826, 855, 941, 807, 982, 967, 728, 948, 670, 594, 546, 858, 944, 748, 851, 955, 540, 873, 610, 686, 953, 622, 662, 721, 676, 536, 632, 673, 761, 816, 905, 914, 684, 782, 878, 744, 512, 862, 789, 674, 595, 537, 518, 746, 946, 654, 771, 630, 604, 703, 937, 755, 585, 722, 853, 578, 791, 737, 538, 613, 696, 506, 888, 840, 758], "perc_recomm_found": 1.0, "gamma": 0.95, "eta": 0.95, "gamma_obs": 0.3499999940395355, "gamma_obs_pre": 0.17000000178813934, "eta_obs": 1.0, "costs": [1.0, 1.0, 1.0], "lbd": 300.0, "thresh": 0.5, "r_type": "individualized", "t_type": "acceptance", "eta_obs_individualized": NaN, "eta_obs_refits_batch0_mean": 0.4179999828338623, "model_score": 0.816, "model_f1": 0.8833652007648183, "model_refits_batch0_scores": [0.818, 0.816, 0.806, 0.824, 0.83], "model_refits_batch0_f1s": [0.7838479809976248, 0.7819905213270142, 0.762836185819071, 0.7914691943127962, 0.8081264108352144], "model_coef": NaN}