{"accuracy_pre": 0.86, "accuracy_post": 0.25, "recourse_seeking_ixs": [445, 343, 312, 370, 429, 396, 474, 491, 368, 371, 268, 250, 351, 276, 281, 462, 486, 322, 390, 253, 356, 300, 277, 495, 301, 460, 436, 497, 376, 408, 270, 251, 336, 333, 365, 293, 263, 313, 360, 282, 267, 314, 418, 472, 375, 289, 389, 378, 487, 440, 442, 444, 433, 318, 437, 283, 295, 499, 310, 483, 403, 446, 456, 258, 454, 256, 391, 303, 292, 306, 492, 363, 422, 309, 261, 430, 362, 315, 425, 426, 328, 331, 401, 420, 405, 342, 329, 338, 393, 284, 260, 398, 290, 481, 438, 332, 467, 280, 484, 265], "recourse_recommended_ixs": [445, 343, 312, 370, 429, 396, 474, 491, 368, 371, 268, 250, 351, 276, 281, 462, 486, 322, 390, 253, 356, 300, 277, 495, 301, 460, 436, 497, 376, 408, 270, 251, 336, 333, 365, 293, 263, 313, 360, 282, 267, 314, 418, 472, 375, 289, 389, 378, 487, 440, 442, 444, 433, 318, 437, 283, 295, 499, 310, 483, 403, 446, 456, 258, 454, 256, 391, 303, 292, 306, 492, 363, 422, 309, 261, 430, 362, 315, 425, 426, 328, 331, 401, 420, 405, 342, 329, 338, 393, 284, 260, 398, 290, 481, 438, 332, 467, 280, 484, 265], "perc_recomm_found": 1.0, "gamma": 0.75, "eta": 0.75, "gamma_obs": 0.25, "gamma_obs_pre": 0.14000000059604645, "eta_obs": 1.0, "costs": [1.0, 1.0, 1.0], "lbd": 100.0, "thresh": 0.5, "r_type": "individualized", "t_type": "acceptance", "eta_obs_individualized": NaN, "eta_obs_refits_batch0_mean": 0.5759999752044678, "model_score": 0.816, "model_f1": 0.7909090909090909, "model_refits_batch0_scores": [0.82, 0.824, 0.82, 0.824, 0.808], "model_refits_batch0_f1s": [0.8034934497816594, 0.7924528301886793, 0.7945205479452055, 0.794392523364486, 0.7777777777777778], "model_coef": NaN}