{"accuracy_pre": 0.9, "accuracy_post": 0.74, "recourse_seeking_ixs": [788, 973, 666, 888, 897, 642, 857, 767, 876, 968, 852, 941, 943, 801, 807, 588, 752, 651, 597, 781, 985, 647, 808, 553, 643, 638, 596, 982, 637, 741, 844, 600, 917, 769, 934, 838, 984, 727, 675, 909, 529, 758, 920, 649, 851, 866, 626, 561, 756, 690, 622, 523, 878, 890, 584, 843, 971, 992, 932, 606, 977, 902, 661, 949, 740, 676, 607, 835, 559, 736, 998, 603, 549, 926, 645, 522, 800, 924, 972, 693, 956, 728, 978, 980, 780, 883, 744, 525, 721, 673, 859, 701, 954, 658, 861, 937, 590, 893, 825, 925], "recourse_recommended_ixs": [788, 973, 666, 888, 897, 642, 857, 767, 876, 968, 852, 941, 943, 801, 807, 588, 752, 651, 597, 781, 985, 647, 808, 553, 643, 638, 596, 982, 637, 741, 844, 600, 917, 769, 934, 838, 984, 727, 675, 909, 529, 758, 920, 649, 851, 866, 626, 561, 756, 690, 622, 523, 878, 890, 584, 843, 971, 992, 932, 606, 977, 902, 661, 949, 740, 676, 607, 835, 559, 736, 998, 603, 549, 926, 645, 522, 800, 924, 972, 693, 956, 728, 978, 980, 780, 883, 744, 525, 721, 673, 859, 701, 954, 658, 861, 937, 590, 893, 825, 925], "perc_recomm_found": 1.0, "gamma": 0.75, "eta": 0.75, "gamma_obs": 0.699999988079071, "gamma_obs_pre": 0.10000000149011612, "eta_obs": 0.92, "costs": [1.0, 1.0], "lbd": 300.0, "thresh": 0.5, "r_type": "subpopulation", "t_type": "improvement", "eta_obs_individualized": NaN, "eta_obs_refits_batch0_mean": 0.8899999856948853, "model_score": 0.826, "model_f1": 0.8309572301425662, "model_refits_batch0_scores": [0.822, 0.82, 0.814, 0.828, 0.83], "model_refits_batch0_f1s": [0.8202020202020203, 0.8170731707317074, 0.8128772635814889, 0.822314049586777, 0.8261758691206543], "model_coef": [[0.4193815735163298, -0.17430836989550566, 0.8740051248645054], [-0.5287631658814632]]}