{"accuracy_pre": 1.0, "accuracy_post": 0.41, "recourse_seeking_ixs": [1340, 1792, 1921, 1342, 1408, 1344, 1554, 1763, 1897, 1161, 1286, 1233, 1028, 1996, 1747, 1767, 1450, 1172, 1788, 1246, 1810, 1480, 1790, 1083, 1041, 1807, 1147, 1595, 1802, 1504, 1838, 1740, 1467, 1987, 1118, 1383, 1238, 1154, 1630, 1298, 1671, 1977, 1185, 1941, 1836, 1863, 1657, 1367, 1786, 1502, 1499, 1229, 1708, 1069, 1396, 1791, 1816, 1872, 1430, 1782, 1222, 1406, 1761, 1091, 1027, 1352, 1586, 1831, 1454, 1493, 1521, 1369, 1498, 1292, 1382, 1244, 1044, 1290, 1696, 1000, 1776, 1971, 1283, 1144, 1204, 1917, 1614, 1218, 1321, 1107, 1799, 1024, 1643, 1947, 1304, 1223, 1447, 1531, 1171, 1380], "recourse_recommended_ixs": [1340, 1792, 1921, 1342, 1408, 1344, 1554, 1763, 1897, 1161, 1286, 1233, 1028, 1996, 1747, 1767, 1450, 1172, 1788, 1246, 1810, 1480, 1790, 1083, 1041, 1807, 1147, 1595, 1802, 1504, 1838, 1740, 1467, 1987, 1118, 1383, 1238, 1154, 1630, 1298, 1671, 1977, 1185, 1941, 1836, 1863, 1657, 1367, 1786, 1502, 1499, 1229, 1708, 1069, 1396, 1791, 1816, 1872, 1430, 1782, 1222, 1406, 1761, 1091, 1027, 1352, 1586, 1831, 1454, 1493, 1521, 1369, 1498, 1292, 1382, 1244, 1044, 1290, 1696, 1000, 1776, 1971, 1283, 1144, 1204, 1917, 1614, 1218, 1321, 1107, 1799, 1024, 1643, 1947, 1304, 1223, 1447, 1531, 1171, 1380], "perc_recomm_found": 1.0, "gamma": 0.75, "eta": 0.75, "gamma_obs": 0.4000000059604645, "gamma_obs_pre": 0.0, "eta_obs": 0.99, "costs": [1.0, 1.0, 1.0], "lbd": 150.0, "thresh": 0.5, "r_type": "individualized", "t_type": "counterfactual", "eta_obs_individualized": NaN, "eta_obs_refits_batch0_mean": 0.7860000133514404, "model_score": 0.889, "model_f1": 0.9948506694129764, "model_refits_batch0_scores": [0.998, 0.998, 0.998, 0.998, 0.998], "model_refits_batch0_f1s": [0.9979674796747968, 0.9979674796747968, 0.9979674796747968, 0.9979674796747968, 0.9979674796747968], "model_coef": NaN}