{"accuracy_pre": 0.87, "accuracy_post": 0.35, "recourse_seeking_ixs": [827, 976, 825, 561, 619, 551, 528, 913, 521, 811, 934, 814, 990, 838, 682, 758, 709, 608, 999, 500, 750, 861, 564, 579, 565, 953, 548, 962, 997, 961, 771, 621, 646, 522, 889, 728, 545, 800, 605, 860, 734, 692, 983, 919, 900, 681, 629, 788, 517, 899, 712, 830, 609, 846, 945, 942, 665, 883, 733, 966, 668, 886, 732, 622, 678, 730, 944, 519, 626, 823, 902, 699, 956, 598, 677, 718, 688, 503, 573, 523, 857, 511, 994, 600, 911, 727, 568, 859, 867, 810, 752, 615, 636, 508, 694, 892, 685, 754, 941, 970], "recourse_recommended_ixs": [827, 976, 825, 561, 619, 551, 528, 913, 521, 811, 934, 814, 990, 838, 682, 758, 709, 608, 999, 500, 750, 861, 564, 579, 565, 953, 548, 962, 997, 961, 771, 621, 646, 522, 889, 728, 545, 800, 605, 860, 734, 692, 983, 919, 900, 681, 629, 788, 517, 899, 712, 830, 609, 846, 945, 942, 665, 883, 733, 966, 668, 886, 732, 622, 678, 730, 944, 519, 626, 823, 902, 699, 956, 598, 677, 718, 688, 503, 573, 523, 857, 511, 994, 600, 911, 727, 568, 859, 867, 810, 752, 615, 636, 508, 694, 892, 685, 754, 941, 970], "perc_recomm_found": 1.0, "gamma": 0.95, "eta": 0.95, "gamma_obs": 0.3499999940395355, "gamma_obs_pre": 0.12999999523162842, "eta_obs": 1.0, "costs": [1.0, 1.0, 1.0], "lbd": 300.0, "thresh": 0.5, "r_type": "individualized", "t_type": "acceptance", "eta_obs_individualized": NaN, "eta_obs_refits_batch0_mean": 0.484000027179718, "model_score": 0.784, "model_f1": 0.8076109936575052, "model_refits_batch0_scores": [0.82, 0.828, 0.806, 0.818, 0.836], "model_refits_batch0_f1s": [0.7906976744186047, 0.8045454545454546, 0.7662650602409637, 0.7858823529411765, 0.8217391304347826], "model_coef": NaN}