{"accuracy_pre": 1.0, "accuracy_post": 0.11, "recourse_seeking_ixs": [1624, 1561, 1302, 1540, 1263, 1472, 1569, 1697, 1572, 1427, 1842, 1888, 1039, 1816, 1040, 1182, 1791, 1360, 1964, 1795, 1651, 1753, 1373, 1457, 1128, 1667, 1072, 1983, 1254, 1344, 1734, 1938, 1418, 1858, 1303, 1649, 1611, 1826, 1928, 1484, 1962, 1317, 1650, 1314, 1219, 1401, 1701, 1452, 1658, 1481, 1585, 1340, 1872, 1748, 1287, 1023, 1101, 1063, 1597, 1468, 1875, 1007, 1742, 1100, 1568, 1045, 1563, 1923, 1537, 1533, 1133, 1499, 1196, 1690, 1744, 1621, 1118, 1660, 1385, 1603, 1939, 1065, 1681, 1751, 1149, 1610, 1786, 1414, 1638, 1014, 1075, 1617, 1735, 1588, 1922, 1781, 1404, 1168, 1806, 1495], "recourse_recommended_ixs": [1624, 1561, 1302, 1540, 1263, 1472, 1569, 1697, 1572, 1427, 1842, 1888, 1039, 1816, 1040, 1182, 1791, 1360, 1964, 1795, 1651, 1753, 1373, 1457, 1128, 1667, 1072, 1983, 1254, 1344, 1734, 1938, 1418, 1858, 1303, 1649, 1611, 1826, 1928, 1484, 1962, 1317, 1650, 1314, 1219, 1401, 1701, 1452, 1658, 1481, 1585, 1340, 1872, 1748, 1287, 1023, 1101, 1063, 1597, 1468, 1875, 1007, 1742, 1100, 1568, 1045, 1563, 1923, 1537, 1533, 1133, 1499, 1196, 1690, 1744, 1621, 1118, 1660, 1385, 1603, 1939, 1065, 1681, 1751, 1149, 1610, 1786, 1414, 1638, 1014, 1075, 1617, 1735, 1588, 1922, 1781, 1404, 1168, 1806, 1495], "perc_recomm_found": 1.0, "gamma": 0.95, "eta": 0.95, "gamma_obs": 0.10999999940395355, "gamma_obs_pre": 0.0, "eta_obs": 1.0, "costs": [1.0, 1.0, 1.0], "lbd": 150.0, "thresh": 0.5, "r_type": "individualized", "t_type": "counterfactual", "eta_obs_individualized": NaN, "eta_obs_refits_batch0_mean": 0.5080000162124634, "model_score": 0.997, "model_f1": 0.9970149253731343, "model_refits_batch0_scores": [0.998, 0.998, 0.998, 0.998, 0.998], "model_refits_batch0_f1s": [0.99800796812749, 0.99800796812749, 0.99800796812749, 0.99800796812749, 0.99800796812749], "model_coef": [[-1.4772435662888521, -1.846554638080656, 3.532578813399066], [-1.7375217910702037]]}