r_type,t_type,eta_mean,gamma_mean,perc_recomm_found_mean,eta_obs_mean,eta_obs_individualized_mean,eta_obs_refits_batch0_mean_mean,gamma_obs_mean,intv-cost_mean,eta_std,gamma_std,perc_recomm_found_std,eta_obs_std,eta_obs_individualized_std,eta_obs_refits_batch0_mean_std,gamma_obs_std,intv-cost_std
individualized,acceptance,0.9,0.9,1.0,1.0,,0.6216666499773661,0.23333333432674408,2.2418333333333336,0.0,0.0,0.0,0.0,,0.18293533580748028,0.04041452454595987,0.08434650753489067
individualized,counterfactual,0.9,0.9,1.0,0.9733333333333333,,0.559666633605957,0.16666666666666666,2.344666666666667,0.0,0.0,0.0,0.0028867513459481316,,0.21732998318030763,0.02362907819432601,0.11680575042922056
individualized,improvement,0.9,0.9,1.0,0.9933333333333333,0.9283333333333333,0.9926666816075643,0.878333330154419,2.909333333333333,0.0,0.0,0.0,0.0028867513459481316,0.023629078131263002,0.004041434264995435,0.010408320071173668,0.03789569016832053
subpopulation,acceptance,0.9,0.9,1.0,0.9683333333333333,,0.5596666733423868,0.17833333214124045,2.2758333333333334,0.0,0.0,0.0,0.005773502691896262,,0.21198424761732373,0.033291639428651196,0.24969297814182392
subpopulation,improvement,0.9,0.9,1.0,0.9733333333333333,,0.9730000297228495,0.878333330154419,2.7851666666666666,0.0,0.0,0.0,0.00763762615825974,,0.009848879274086784,0.014433742964637562,0.19390740917595994
