{"accuracy_pre": 0.86, "accuracy_post": 0.22, "recourse_seeking_ixs": [204, 381, 294, 394, 393, 250, 271, 224, 220, 279, 379, 338, 241, 319, 376, 295, 264, 237, 269, 304, 332, 310, 363, 248, 362, 226, 361, 391, 396, 215, 244, 374, 233, 373, 260, 329, 341, 282, 378, 397, 383, 268, 317, 257, 261, 372, 318, 234, 324, 355], "recourse_recommended_ixs": [204, 381, 294, 394, 393, 250, 271, 224, 220, 279, 379, 338, 241, 319, 376, 295, 264, 237, 269, 304, 332, 310, 363, 248, 362, 226, 361, 391, 396, 215, 244, 374, 233, 373, 260, 329, 341, 282, 378, 397, 383, 268, 317, 257, 261, 372, 318, 234, 324, 355], "perc_recomm_found": 1.0, "gamma": 0.9, "eta": 0.9, "gamma_obs": 0.2199999988079071, "gamma_obs_pre": 0.14000000059604645, "eta_obs": 1.0, "costs": [1.0, 1.0, 1.0], "lbd": 300.0, "thresh": 0.5, "r_type": "subpopulation", "t_type": "acceptance", "eta_obs_individualized": NaN, "eta_obs_refits_batch0_mean": 0.5960000157356262, "model_score": 0.82, "model_f1": 0.8043478260869565, "model_refits_batch0_scores": [0.825, 0.855, 0.825, 0.825, 0.81], "model_refits_batch0_f1s": [0.8128342245989306, 0.8497409326424871, 0.8044692737430168, 0.8167539267015707, 0.797872340425532], "model_coef": [[-0.03469255131631568, 0.297972323148673, 0.8210151570344043], [-0.3943902837117776]]}