{"accuracy_pre": 0.86, "accuracy_post": 0.77, "recourse_seeking_ixs": [262, 469, 284, 438, 480, 310, 419, 335, 299, 342, 351, 386, 462, 383, 261, 328, 344, 478, 364, 266, 473, 293, 451, 395, 418, 260, 263, 375, 464, 298, 365, 271, 446, 366, 384, 414, 307, 397, 285, 347, 252, 258, 420, 472, 273, 389, 363, 412, 387, 388, 423, 255, 410, 331, 305, 296, 436, 349, 281, 320, 309, 339, 278, 404, 476, 346, 421, 370, 415, 488, 426, 267, 292, 300, 376, 283, 286, 288, 377, 268, 357, 482, 455, 291, 452, 457, 442, 427, 321, 315, 492, 282, 360, 317, 458, 448, 378, 394, 467, 381], "recourse_recommended_ixs": [262, 469, 284, 438, 480, 310, 419, 335, 299, 342, 351, 386, 462, 383, 261, 328, 344, 478, 364, 266, 473, 293, 451, 395, 418, 260, 263, 375, 464, 298, 365, 271, 446, 366, 384, 414, 307, 397, 285, 347, 252, 258, 420, 472, 273, 389, 363, 412, 387, 388, 423, 255, 410, 331, 305, 296, 436, 349, 281, 320, 309, 339, 278, 404, 476, 346, 421, 370, 415, 488, 426, 267, 292, 300, 376, 283, 286, 288, 377, 268, 357, 482, 455, 291, 452, 457, 442, 427, 321, 315, 492, 282, 360, 317, 458, 448, 378, 394, 467, 381], "perc_recomm_found": 1.0, "gamma": 0.75, "eta": 0.75, "gamma_obs": 0.699999988079071, "gamma_obs_pre": 0.14000000059604645, "eta_obs": 0.91, "costs": [1.0, 1.0], "lbd": 100.0, "thresh": 0.5, "r_type": "subpopulation", "t_type": "improvement", "eta_obs_individualized": NaN, "eta_obs_refits_batch0_mean": 0.8859999775886536, "model_score": 0.824, "model_f1": 0.837037037037037, "model_refits_batch0_scores": [0.812, 0.82, 0.784, 0.836, 0.808], "model_refits_batch0_f1s": [0.8278388278388279, 0.8339483394833948, 0.8085106382978723, 0.8416988416988418, 0.8273381294964028], "model_coef": [[0.09097419487409555, 0.08853412233391754, 1.0793593427296273], [-0.3133312201887632]]}