{"accuracy_pre": 0.77, "accuracy_post": 0.47, "recourse_seeking_ixs": [751, 543, 601, 620, 780, 528, 903, 523, 823, 828, 541, 788, 687, 666, 630, 663, 954, 909, 761, 871, 578, 885, 566, 919, 632, 984, 683, 733, 716, 935, 616, 717, 568, 651, 738, 548, 987, 596, 773, 988, 790, 855, 902, 609, 757, 964, 950, 858, 889, 693, 759, 816, 997, 715, 648, 593, 551, 534, 668, 810, 537, 962, 589, 926, 503, 519, 661, 500, 993, 685, 698, 796, 554, 897, 764, 675, 540, 794, 572, 702, 900, 809, 931, 990, 866, 594, 861, 724, 613, 555, 561, 709, 735, 714, 581, 569, 776, 526, 913, 618], "recourse_recommended_ixs": [751, 543, 601, 620, 780, 528, 903, 523, 823, 828, 541, 788, 687, 666, 630, 663, 954, 909, 761, 871, 578, 885, 566, 919, 632, 984, 683, 733, 716, 935, 616, 717, 568, 651, 738, 548, 987, 596, 773, 988, 790, 855, 902, 609, 757, 964, 950, 858, 889, 693, 759, 816, 997, 715, 648, 593, 551, 534, 668, 810, 537, 962, 589, 926, 503, 519, 661, 500, 993, 685, 698, 796, 554, 897, 764, 675, 540, 794, 572, 702, 900, 809, 931, 990, 866, 594, 861, 724, 613, 555, 561, 709, 735, 714, 581, 569, 776, 526, 913, 618], "perc_recomm_found": 1.0, "gamma": 0.75, "eta": 0.75, "gamma_obs": 0.3799999952316284, "gamma_obs_pre": 0.23000000417232513, "eta_obs": 0.9, "costs": [1.0, 1.0, 1.0], "lbd": 300.0, "thresh": 0.5, "r_type": "subpopulation", "t_type": "acceptance", "eta_obs_individualized": NaN, "eta_obs_refits_batch0_mean": 0.4480000138282776, "model_score": 0.866, "model_f1": 0.8966861598440548, "model_refits_batch0_scores": [0.856, 0.846, 0.85, 0.846, 0.866], "model_refits_batch0_f1s": [0.8481012658227849, 0.832244008714597, 0.8414376321353065, 0.8372093023255814, 0.8635437881873727], "model_coef": NaN}