{"accuracy_pre": 0.96, "accuracy_post": 0.38, "recourse_seeking_ixs": [795, 934, 955, 873, 502, 823, 610, 941, 758, 755, 595, 642, 735, 709, 612, 586, 759, 673, 684, 896, 885, 953, 878, 798, 707, 830, 967, 982, 602, 767, 864, 646, 905, 947, 596, 846, 538, 842, 743, 848, 631, 526, 960, 999, 686, 983, 751, 886, 702, 737, 996, 854, 546, 771, 911, 761, 948, 715, 799, 509, 676, 807, 962, 598, 527, 518, 723, 879, 661, 636, 609, 681, 936, 732, 587, 696, 851, 579, 926, 748, 537, 616, 506, 816, 731, 916, 524, 739, 814, 915, 828, 613, 952, 901, 584, 568, 621, 605, 998, 560], "recourse_recommended_ixs": [795, 934, 955, 873, 502, 823, 610, 941, 758, 755, 595, 642, 735, 709, 612, 586, 759, 673, 684, 896, 885, 953, 878, 798, 707, 830, 967, 982, 602, 767, 864, 646, 905, 947, 596, 846, 538, 842, 743, 848, 631, 526, 960, 999, 686, 983, 751, 886, 702, 737, 996, 854, 546, 771, 911, 761, 948, 715, 799, 509, 676, 807, 962, 598, 527, 518, 723, 879, 661, 636, 609, 681, 936, 732, 587, 696, 851, 579, 926, 748, 537, 616, 506, 816, 731, 916, 524, 739, 814, 915, 828, 613, 952, 901, 584, 568, 621, 605, 998, 560], "perc_recomm_found": 1.0, "gamma": 0.95, "eta": 0.95, "gamma_obs": 0.20999999344348907, "gamma_obs_pre": 0.03999999910593033, "eta_obs": 0.96, "costs": [1.0, 1.0, 1.0], "lbd": 300.0, "thresh": 0.5, "r_type": "subpopulation", "t_type": "counterfactual", "eta_obs_individualized": NaN, "eta_obs_refits_batch0_mean": 0.4560000002384186, "model_score": 0.888, "model_f1": 0.88671875, "model_refits_batch0_scores": [0.86, 0.85, 0.838, 0.826, 0.826], "model_refits_batch0_f1s": [0.8504273504273505, 0.8351648351648353, 0.8235294117647058, 0.8062360801781737, 0.8027210884353743], "model_coef": NaN}