{"accuracy_pre": 0.81, "accuracy_post": 0.22, "recourse_seeking_ixs": [786, 927, 955, 862, 502, 822, 605, 939, 755, 752, 592, 631, 731, 702, 610, 584, 758, 663, 674, 891, 883, 953, 873, 791, 696, 827, 967, 975, 596, 766, 858, 632, 896, 946, 594, 842, 540, 832, 739, 843, 622, 536, 960, 995, 677, 979, 748, 885, 686, 735, 986, 852, 546, 770, 901, 761, 947, 704, 795, 509, 668, 798, 962, 595, 537, 518, 715, 874, 654, 630, 604, 673, 936, 724, 585, 685, 846, 578, 920, 746, 538, 613, 506, 811, 722, 905, 527, 737, 809, 904, 826, 611, 951, 893, 580, 564, 619, 603, 994, 560], "recourse_recommended_ixs": [786, 927, 955, 862, 502, 822, 605, 939, 755, 752, 592, 631, 731, 702, 610, 584, 758, 663, 674, 891, 883, 953, 873, 791, 696, 827, 967, 975, 596, 766, 858, 632, 896, 946, 594, 842, 540, 832, 739, 843, 622, 536, 960, 995, 677, 979, 748, 885, 686, 735, 986, 852, 546, 770, 901, 761, 947, 704, 795, 509, 668, 798, 962, 595, 537, 518, 715, 874, 654, 630, 604, 673, 936, 724, 585, 685, 846, 578, 920, 746, 538, 613, 506, 811, 722, 905, 527, 737, 809, 904, 826, 611, 951, 893, 580, 564, 619, 603, 994, 560], "perc_recomm_found": 1.0, "gamma": 0.95, "eta": 0.95, "gamma_obs": 0.2199999988079071, "gamma_obs_pre": 0.1899999976158142, "eta_obs": 1.0, "costs": [1.0, 1.0, 1.0], "lbd": 300.0, "thresh": 0.5, "r_type": "subpopulation", "t_type": "acceptance", "eta_obs_individualized": NaN, "eta_obs_refits_batch0_mean": 0.6799999475479126, "model_score": 0.81, "model_f1": 0.888030888030888, "model_refits_batch0_scores": [0.828, 0.828, 0.794, 0.826, 0.834], "model_refits_batch0_f1s": [0.8027522935779817, 0.8063063063063063, 0.7518072289156627, 0.7962529274004684, 0.814317673378076], "model_coef": [[0.17212440209313498, 0.30563951578550236, 0.8015383947950182], [-0.48917069650178224]]}