{"accuracy_pre": 0.82, "accuracy_post": 0.28, "recourse_seeking_ixs": [294, 203, 258, 373, 335, 330, 341, 293, 340, 371, 236, 243, 377, 270, 312, 264, 272, 298, 339, 300, 253, 329, 252, 380, 200, 383, 291, 385, 390, 242, 337, 309, 379, 397, 348, 372, 378, 391, 395, 260, 290, 345, 368, 241, 234, 315, 342, 301, 354, 332], "recourse_recommended_ixs": [294, 203, 258, 373, 335, 330, 341, 293, 340, 371, 236, 243, 377, 270, 312, 264, 272, 298, 339, 300, 253, 329, 252, 380, 200, 383, 291, 385, 390, 242, 337, 309, 379, 397, 348, 372, 378, 391, 395, 260, 290, 345, 368, 241, 234, 315, 342, 301, 354, 332], "perc_recomm_found": 1.0, "gamma": 0.9, "eta": 0.9, "gamma_obs": 0.2800000011920929, "gamma_obs_pre": 0.18000000715255737, "eta_obs": 1.0, "costs": [1.0, 1.0, 1.0], "lbd": 300.0, "thresh": 0.5, "r_type": "individualized", "t_type": "acceptance", "eta_obs_individualized": NaN, "eta_obs_refits_batch0_mean": 0.3959999978542328, "model_score": 0.82, "model_f1": 0.7804878048780488, "model_refits_batch0_scores": [0.8, 0.81, 0.815, 0.81, 0.805], "model_refits_batch0_f1s": [0.7468354430379747, 0.759493670886076, 0.7784431137724551, 0.7625000000000001, 0.7607361963190183], "model_coef": [[0.02260722935085026, 0.19040615693601223, 0.6777748981822612], [-0.6662360638079102]]}