{"accuracy_pre": 0.98, "accuracy_post": 0.93, "recourse_seeking_ixs": [1486, 1542, 1736, 1250, 1437, 1733, 1457, 1302, 1332, 1519, 1216, 1226, 1916, 1463, 1905, 1570, 1470, 1567, 1935, 1386, 1687, 1211, 1464, 1235, 1972, 1747, 1642, 1078, 1368, 1412, 1781, 1804, 1282, 1623, 1840, 1372, 1791, 1742, 1375, 1452, 1326, 1322, 1711, 1864, 1723, 1115, 1541, 1344, 1333, 1255, 1246, 1348, 1362, 1434, 1809, 1746, 1423, 1436, 1007, 1484, 1361, 1658, 1199, 1219, 1071, 1496, 1913, 1848, 1369, 1079, 1759, 1978, 1629, 1072, 1825, 1001, 1934, 1969, 1556, 1174, 1201, 1628, 1890, 1161, 1230, 1305, 1666, 1462, 1637, 1622, 1233, 1974, 1357, 1894, 1869, 1695, 1292, 1863, 1281, 1818], "recourse_recommended_ixs": [1486, 1542, 1736, 1250, 1437, 1733, 1457, 1302, 1332, 1519, 1216, 1226, 1916, 1463, 1905, 1570, 1470, 1567, 1935, 1386, 1687, 1211, 1464, 1235, 1972, 1747, 1642, 1078, 1368, 1412, 1781, 1804, 1282, 1623, 1840, 1372, 1791, 1742, 1375, 1452, 1326, 1322, 1711, 1864, 1723, 1115, 1541, 1344, 1333, 1255, 1246, 1348, 1362, 1434, 1809, 1746, 1423, 1436, 1007, 1484, 1361, 1658, 1199, 1219, 1496, 1913, 1848, 1369, 1079, 1759, 1978, 1629, 1072, 1825, 1001, 1934, 1969, 1556, 1174, 1201, 1628, 1890, 1161, 1230, 1305, 1666, 1462, 1637, 1622, 1233, 1974, 1357, 1894, 1869, 1695, 1292, 1863, 1281, 1818], "perc_recomm_found": 0.99, "gamma": 0.75, "eta": 0.75, "gamma_obs": 1.0, "gamma_obs_pre": 0.010101010091602802, "eta_obs": 0.9393939393939394, "costs": [1.0, 1.0], "lbd": 150.0, "thresh": 0.5, "r_type": "subpopulation", "t_type": "improvement", "eta_obs_individualized": NaN, "eta_obs_refits_batch0_mean": 0.9393938779830933, "model_score": 0.97, "model_f1": 0.9989417989417989, "model_refits_batch0_scores": [0.999, 0.999, 0.997, 0.998, 0.998], "model_refits_batch0_f1s": [0.9989929506545822, 0.9989929506545822, 0.9969727547931382, 0.9979879275653923, 0.9979838709677419], "model_coef": NaN}