{"accuracy_pre": 0.9, "accuracy_post": 0.44, "recourse_seeking_ixs": [337, 372, 268, 234, 339, 338, 298, 220, 332, 397, 213, 264, 217, 310, 211, 208, 202, 313, 236, 221, 265, 203, 377, 227, 246, 271, 241, 329, 274, 345, 361, 292, 379, 282, 374, 350, 281, 209, 340, 240, 279, 386, 244, 231, 307, 251, 365, 267, 354, 346], "recourse_recommended_ixs": [337, 372, 268, 234, 339, 338, 298, 220, 332, 397, 213, 264, 217, 310, 211, 208, 202, 313, 236, 221, 265, 203, 377, 227, 246, 271, 241, 329, 274, 345, 361, 292, 379, 282, 374, 350, 281, 209, 340, 240, 279, 386, 244, 231, 307, 251, 365, 267, 354, 346], "perc_recomm_found": 1.0, "gamma": 0.95, "eta": 0.95, "gamma_obs": 0.4399999976158142, "gamma_obs_pre": 0.10000000149011612, "eta_obs": 1.0, "costs": [1.0, 1.0, 1.0], "lbd": 300.0, "thresh": 0.5, "r_type": "individualized", "t_type": "counterfactual", "eta_obs_individualized": NaN, "eta_obs_refits_batch0_mean": 0.6480000019073486, "model_score": 0.88, "model_f1": 0.8857142857142858, "model_refits_batch0_scores": [0.9, 0.875, 0.89, 0.875, 0.875], "model_refits_batch0_f1s": [0.903846153846154, 0.8768472906403941, 0.8981481481481481, 0.8792270531400966, 0.8815165876777251], "model_coef": [[0.4649170591786886, 0.9001312728421814, 1.295518963328292], [0.07671517222498235]]}