{"accuracy_pre": 0.89, "accuracy_post": 0.7, "recourse_seeking_ixs": [426, 290, 368, 370, 430, 462, 270, 354, 422, 407, 256, 327, 281, 483, 341, 286, 321, 455, 333, 435, 479, 352, 277, 271, 482, 377, 436, 425, 468, 315, 466, 461, 409, 458, 361, 360, 442, 347, 258, 470, 384, 365, 386, 424, 467, 448, 498, 459, 366, 328, 376, 301, 294, 404, 454, 340, 272, 295, 346, 369, 474, 379, 273, 373, 408, 330, 356, 308, 433, 345, 338, 469, 313, 444, 414, 446, 254, 464, 401, 335, 419, 284, 463, 395, 382, 453, 406, 390, 291, 269, 280, 307, 342, 415, 253, 447, 266, 293, 410, 351], "recourse_recommended_ixs": [426, 290, 368, 370, 430, 462, 270, 354, 422, 407, 256, 327, 281, 483, 341, 286, 321, 455, 333, 435, 479, 352, 277, 271, 482, 377, 436, 425, 468, 315, 466, 461, 409, 458, 361, 360, 442, 347, 258, 470, 384, 365, 386, 424, 467, 448, 498, 459, 366, 328, 376, 301, 294, 404, 454, 340, 272, 295, 346, 369, 474, 379, 273, 373, 408, 330, 356, 308, 433, 345, 338, 469, 313, 444, 414, 446, 254, 464, 401, 335, 419, 284, 463, 395, 382, 453, 406, 390, 291, 269, 280, 307, 342, 415, 253, 447, 266, 293, 410, 351], "perc_recomm_found": 1.0, "gamma": 0.75, "eta": 0.75, "gamma_obs": 0.7099999785423279, "gamma_obs_pre": 0.10999999940395355, "eta_obs": 0.89, "costs": [1.0, 1.0], "lbd": 100.0, "thresh": 0.5, "r_type": "subpopulation", "t_type": "improvement", "eta_obs_individualized": NaN, "eta_obs_refits_batch0_mean": 0.8520000576972961, "model_score": 0.824, "model_f1": 0.8370370370370371, "model_refits_batch0_scores": [0.824, 0.816, 0.812, 0.812, 0.812], "model_refits_batch0_f1s": [0.8370370370370371, 0.8308823529411764, 0.8199233716475095, 0.8212927756653993, 0.8171206225680934], "model_coef": [[0.4686956329121448, 0.3009492700343433, 0.7838336038431756], [-0.4018181489572338]]}