{"accuracy_pre": 0.83, "accuracy_post": 0.5, "recourse_seeking_ixs": [678, 521, 692, 654, 551, 528, 925, 953, 706, 614, 931, 602, 727, 694, 564, 838, 716, 554, 990, 622, 685, 899, 500, 788, 563, 917, 615, 827, 983, 575, 998, 605, 732, 548, 889, 640, 962, 522, 655, 742, 540, 728, 600, 865, 970, 960, 999, 712, 768, 881, 814, 822, 941, 517, 919, 997, 821, 607, 847, 887, 749, 672, 780, 750, 908, 886, 616, 679, 746, 842, 519, 621, 758, 586, 734, 944, 704, 806, 853, 591, 668, 730, 683, 503, 569, 523, 859, 510, 952, 592, 733, 905, 912, 807, 817, 568, 942, 966, 897, 754], "recourse_recommended_ixs": [678, 521, 692, 654, 551, 528, 925, 953, 706, 614, 931, 602, 727, 694, 564, 838, 716, 554, 990, 622, 685, 899, 500, 788, 563, 917, 615, 827, 983, 575, 998, 605, 732, 548, 889, 640, 962, 522, 655, 742, 540, 728, 600, 865, 970, 960, 999, 712, 768, 881, 814, 822, 941, 517, 919, 997, 821, 607, 847, 887, 749, 672, 780, 750, 908, 886, 616, 679, 746, 842, 519, 621, 758, 586, 734, 944, 704, 806, 853, 591, 668, 730, 683, 503, 569, 523, 859, 510, 952, 592, 733, 905, 912, 807, 817, 568, 942, 966, 897, 754], "perc_recomm_found": 1.0, "gamma": 0.95, "eta": 0.95, "gamma_obs": 0.4099999964237213, "gamma_obs_pre": 0.17000000178813934, "eta_obs": 1.0, "costs": [1.0, 1.0, 1.0], "lbd": 300.0, "thresh": 0.5, "r_type": "individualized", "t_type": "acceptance", "eta_obs_individualized": NaN, "eta_obs_refits_batch0_mean": 0.5359999537467957, "model_score": 0.766, "model_f1": 0.754880694143167, "model_refits_batch0_scores": [0.794, 0.788, 0.784, 0.8, 0.806], "model_refits_batch0_f1s": [0.7632183908045977, 0.7644444444444445, 0.742857142857143, 0.7641509433962264, 0.7820224719101123], "model_coef": NaN}