{"accuracy_pre": 0.93, "accuracy_post": 0.35, "recourse_seeking_ixs": [651, 802, 969, 705, 645, 605, 830, 991, 637, 687, 844, 798, 730, 811, 666, 881, 871, 738, 735, 765, 902, 761, 646, 667, 722, 793, 887, 813, 621, 599, 789, 870, 684, 549, 985, 951, 960, 920, 631, 764, 807, 935, 635, 662, 760, 737, 585, 861, 556, 622, 682, 734, 601, 520, 959, 676, 723, 948, 731, 826, 523, 938, 978, 658, 728, 906, 700, 554, 524, 748, 643, 756, 718, 615, 702, 905, 993, 850, 868, 575, 982, 614, 834, 513, 588, 597, 949, 882, 619, 642, 940, 975, 528, 892, 623, 929, 606, 652, 714, 754], "recourse_recommended_ixs": [651, 802, 969, 705, 645, 605, 830, 991, 637, 687, 844, 798, 730, 811, 666, 881, 871, 738, 735, 765, 902, 761, 646, 667, 722, 793, 887, 813, 621, 599, 789, 870, 684, 549, 985, 951, 960, 920, 631, 764, 807, 935, 635, 662, 760, 737, 585, 861, 556, 622, 682, 734, 601, 520, 959, 676, 723, 948, 731, 826, 523, 938, 978, 658, 728, 906, 700, 554, 524, 748, 643, 756, 718, 615, 702, 905, 993, 850, 868, 575, 982, 614, 834, 513, 588, 597, 949, 882, 619, 642, 940, 975, 528, 892, 623, 929, 606, 652, 714, 754], "perc_recomm_found": 1.0, "gamma": 0.75, "eta": 0.75, "gamma_obs": 0.3499999940395355, "gamma_obs_pre": 0.07000000029802322, "eta_obs": 1.0, "costs": [1.0, 1.0, 1.0], "lbd": 300.0, "thresh": 0.5, "r_type": "individualized", "t_type": "acceptance", "eta_obs_individualized": NaN, "eta_obs_refits_batch0_mean": 0.4039999842643738, "model_score": 0.858, "model_f1": 0.8588235294117647, "model_refits_batch0_scores": [0.854, 0.858, 0.832, 0.844, 0.848], "model_refits_batch0_f1s": [0.8450106157112527, 0.8473118279569892, 0.8242677824267782, 0.8374999999999999, 0.8442622950819672], "model_coef": NaN}