{"accuracy_pre": 0.86, "accuracy_post": 0.3, "recourse_seeking_ixs": [871, 552, 754, 858, 764, 912, 936, 650, 602, 829, 687, 967, 597, 736, 969, 615, 658, 685, 620, 919, 865, 529, 690, 632, 847, 537, 656, 817, 553, 561, 613, 600, 973, 791, 813, 781, 909, 747, 915, 654, 612, 704, 607, 921, 701, 801, 669, 774, 692, 854, 893, 560, 594, 926, 555, 731, 822, 554, 716, 584, 993, 712, 922, 779, 901, 675, 930, 758, 614, 503, 894, 800, 582, 903, 509, 990, 864, 918, 711, 533, 816, 625, 907, 724, 952, 603, 505, 980, 790, 867, 733, 546, 595, 580, 932, 691, 765, 662, 649, 694], "recourse_recommended_ixs": [871, 552, 754, 858, 764, 912, 936, 650, 602, 829, 687, 967, 597, 736, 969, 615, 658, 685, 620, 919, 865, 529, 690, 632, 847, 537, 656, 817, 553, 561, 613, 600, 973, 791, 813, 781, 909, 747, 915, 654, 612, 704, 607, 921, 701, 801, 669, 774, 692, 854, 893, 560, 594, 926, 555, 731, 822, 554, 716, 584, 993, 712, 922, 779, 901, 675, 930, 758, 614, 503, 894, 800, 582, 903, 509, 990, 864, 918, 711, 533, 816, 625, 907, 724, 952, 603, 505, 980, 790, 867, 733, 546, 595, 580, 932, 691, 765, 662, 649, 694], "perc_recomm_found": 1.0, "gamma": 0.75, "eta": 0.75, "gamma_obs": 0.25, "gamma_obs_pre": 0.14000000059604645, "eta_obs": 0.93, "costs": [1.0, 1.0, 1.0], "lbd": 300.0, "thresh": 0.5, "r_type": "subpopulation", "t_type": "acceptance", "eta_obs_individualized": NaN, "eta_obs_refits_batch0_mean": 0.47999995946884155, "model_score": 0.818, "model_f1": 0.8906560636182901, "model_refits_batch0_scores": [0.824, 0.822, 0.818, 0.804, 0.816], "model_refits_batch0_f1s": [0.8189300411522634, 0.8179959100204499, 0.8115942028985509, 0.7983539094650206, 0.8], "model_coef": [[-0.15516047170550962, 0.3887020845851001, 0.7972309199062461], [-0.34300633791006724]]}