{"accuracy_pre": 1.0, "accuracy_post": 0.99, "recourse_seeking_ixs": [1456, 1848, 1147, 1128, 1462, 1868, 1202, 1356, 1821, 1096, 1182, 1764, 1490, 1823, 1488, 1751, 1805, 1869, 1199, 1951, 1306, 1900, 1042, 1305, 1005, 1268, 1829, 1282, 1779, 1049, 1960, 1244, 1085, 1440, 1242, 1501, 1235, 1581, 1326, 1843, 1655, 1776, 1132, 1298, 1484, 1704, 1437, 1964, 1482, 1627, 1777, 1808, 1961, 1720, 1256, 1133, 1284, 1668, 1904, 1354, 1693, 1930, 1174, 1851, 1903, 1796, 1057, 1473, 1923, 1109, 1253, 1513, 1299, 1292, 1470, 1706, 1336, 1937, 1624, 1030, 1968, 1928, 1255, 1189, 1781, 1474, 1239, 1246, 1011, 1628, 1332, 1565, 1460, 1397, 1491, 1250, 1894, 1141, 1572, 1905], "recourse_recommended_ixs": [1456, 1848, 1147, 1128, 1462, 1868, 1202, 1356, 1821, 1096, 1182, 1764, 1490, 1823, 1488, 1751, 1805, 1869, 1199, 1951, 1306, 1900, 1042, 1305, 1005, 1268, 1829, 1282, 1779, 1049, 1960, 1244, 1085, 1440, 1242, 1501, 1235, 1581, 1326, 1843, 1655, 1776, 1132, 1298, 1484, 1704, 1437, 1964, 1482, 1627, 1777, 1808, 1961, 1720, 1256, 1133, 1284, 1668, 1904, 1354, 1693, 1930, 1174, 1851, 1903, 1796, 1057, 1473, 1923, 1109, 1253, 1513, 1299, 1292, 1470, 1706, 1336, 1937, 1624, 1030, 1968, 1928, 1255, 1189, 1781, 1474, 1239, 1246, 1011, 1628, 1332, 1565, 1460, 1397, 1491, 1250, 1894, 1141, 1572, 1905], "perc_recomm_found": 1.0, "gamma": 0.95, "eta": 0.95, "gamma_obs": 1.0, "gamma_obs_pre": 0.0, "eta_obs": 0.99, "costs": [1.0, 1.0], "lbd": 150.0, "thresh": 0.5, "r_type": "individualized", "t_type": "improvement", "eta_obs_individualized": 1.0, "eta_obs_refits_batch0_mean": 0.9899999499320984, "model_score": 0.971, "model_f1": 0.9989304812834224, "model_refits_batch0_scores": [0.999, 0.999, 0.997, 0.996, 0.998], "model_refits_batch0_f1s": [0.9989929506545822, 0.9989929506545822, 0.9969727547931382, 0.995983935742972, 0.9979838709677419], "model_coef": NaN}