{"accuracy_pre": 1.0, "accuracy_post": 1.0, "recourse_seeking_ixs": [342, 326, 340, 336, 222, 293, 245, 348, 227, 353, 396, 377, 385, 246, 317, 255, 362, 308, 357, 260, 325, 256, 387, 294, 333, 272, 213, 299, 201, 338, 355, 394, 323, 264, 341, 390, 315, 337, 380, 332, 306, 219, 292, 316, 331, 203, 366, 225, 239, 386], "recourse_recommended_ixs": [342, 326, 340, 336, 222, 293, 245, 348, 227, 353, 396, 377, 385, 246, 317, 255, 362, 308, 357, 260, 325, 256, 387, 294, 333, 272, 213, 299, 201, 338, 355, 394, 323, 264, 341, 390, 315, 337, 380, 332, 306, 219, 292, 316, 331, 203, 366, 225, 239, 386], "perc_recomm_found": 1.0, "gamma": 0.9, "eta": 0.9, "gamma_obs": 1.0, "gamma_obs_pre": 0.0, "eta_obs": 1.0, "costs": [5.0, 5.0], "lbd": 300.0, "thresh": 0.5, "r_type": "individualized", "t_type": "improvement", "eta_obs_individualized": 1.0, "eta_obs_refits_batch0_mean": 1.0, "model_score": 1.0, "model_f1": 1.0, "model_refits_batch0_scores": [0.99, 0.985, 0.995, 0.99, 0.995], "model_refits_batch0_f1s": [0.9922480620155039, 0.9883268482490272, 0.9961389961389961, 0.9923076923076923, 0.9961389961389961], "model_coef": [[-0.6741585866818789, 1.1691084567973464, 0.008229735672963746, -0.1565836406360455, 0.5217323163254624], [-7.458784042199183]]}