{"accuracy_pre": 0.9, "accuracy_post": 0.26, "recourse_seeking_ixs": [218, 285, 223, 270, 308, 279, 201, 242, 269, 267, 237, 254, 294, 322, 280, 379, 274, 319, 341, 292, 345, 372, 390, 321, 222, 232, 309, 297, 260, 358, 211, 318, 323, 378, 361, 268, 317, 253, 291, 263, 332, 334, 305, 393, 363, 262, 215, 377, 313, 392], "recourse_recommended_ixs": [218, 285, 223, 270, 308, 279, 201, 242, 269, 267, 237, 254, 294, 322, 280, 379, 274, 319, 341, 292, 345, 372, 390, 321, 222, 232, 309, 297, 260, 358, 211, 318, 323, 378, 361, 268, 317, 253, 291, 263, 332, 334, 305, 393, 363, 262, 215, 377, 313, 392], "perc_recomm_found": 1.0, "gamma": 0.9, "eta": 0.9, "gamma_obs": 0.25999999046325684, "gamma_obs_pre": 0.10000000149011612, "eta_obs": 1.0, "costs": [1.0, 1.0, 1.0], "lbd": 300.0, "thresh": 0.5, "r_type": "subpopulation", "t_type": "acceptance", "eta_obs_individualized": NaN, "eta_obs_refits_batch0_mean": 0.5920000076293945, "model_score": 0.89, "model_f1": 0.8952380952380954, "model_refits_batch0_scores": [0.885, 0.895, 0.875, 0.88, 0.885], "model_refits_batch0_f1s": [0.8888888888888888, 0.896551724137931, 0.8837209302325582, 0.8867924528301887, 0.8878048780487806], "model_coef": [[0.09876300843139023, 0.15530503797797846, 0.7813287887468571], [-0.1826290106990565]]}