{"accuracy_pre": 1.0, "accuracy_post": 0.82, "recourse_seeking_ixs": [1003, 1747, 1504, 1814, 1885, 1962, 1769, 1677, 1966, 1700, 1418, 1237, 1041, 1432, 1321, 1605, 1285, 1614, 1080, 1401, 1268, 1593, 1844, 1595, 1788, 1791, 1222, 1242, 1238, 1978, 1811, 1248, 1218, 1271, 1270, 1476, 1693, 1342, 1468, 1898, 1818, 1472, 1379, 1170, 1509, 1426, 1992, 1127, 1672, 1304, 1070, 1211, 1107, 1209, 1876, 1030, 1625, 1479, 1162, 1816, 1652, 1152, 1275, 1423, 1564, 1987, 1498, 1135, 1383, 1244, 1985, 1710, 1895, 1492, 1810, 1980, 1680, 1357, 1069, 1195, 1450, 1586, 1576, 1059, 1577, 1347, 1014, 1082, 1493, 1108, 1717, 1686, 1219, 1720, 1286, 1921, 1682, 1155, 1092, 1337], "recourse_recommended_ixs": [1003, 1747, 1504, 1814, 1885, 1962, 1769, 1677, 1966, 1700, 1418, 1237, 1041, 1432, 1321, 1605, 1285, 1614, 1080, 1401, 1268, 1593, 1844, 1595, 1788, 1791, 1222, 1242, 1238, 1978, 1811, 1248, 1218, 1271, 1270, 1476, 1693, 1342, 1468, 1898, 1818, 1472, 1379, 1170, 1509, 1426, 1992, 1127, 1672, 1304, 1070, 1211, 1107, 1209, 1876, 1030, 1625, 1479, 1162, 1816, 1652, 1152, 1275, 1423, 1564, 1987, 1498, 1135, 1383, 1244, 1985, 1710, 1895, 1492, 1810, 1980, 1680, 1357, 1069, 1195, 1450, 1586, 1576, 1059, 1577, 1347, 1014, 1082, 1493, 1108, 1717, 1686, 1219, 1720, 1286, 1921, 1682, 1155, 1092, 1337], "perc_recomm_found": 1.0, "gamma": 0.75, "eta": 0.75, "gamma_obs": 0.8899999856948853, "gamma_obs_pre": 0.0, "eta_obs": 0.89, "costs": [1.0, 1.0, 1.0], "lbd": 150.0, "thresh": 0.5, "r_type": "subpopulation", "t_type": "acceptance", "eta_obs_individualized": NaN, "eta_obs_refits_batch0_mean": 0.6140000224113464, "model_score": 0.994, "model_f1": 0.9959100204498978, "model_refits_batch0_scores": [1.0, 0.996, 0.999, 0.996, 0.998], "model_refits_batch0_f1s": [1.0, 0.9959100204498978, 0.9989827060020345, 0.9959100204498978, 0.9979591836734694], "model_coef": NaN}