{"accuracy_pre": 0.88, "accuracy_post": 0.28, "recourse_seeking_ixs": [296, 225, 396, 228, 392, 335, 275, 240, 391, 246, 389, 207, 309, 208, 279, 291, 385, 390, 224, 288, 271, 372, 333, 324, 393, 294, 375, 323, 232, 395, 283, 357, 368, 268, 293, 295, 349, 338, 399, 321, 259, 249, 332, 200, 354, 211, 264, 236, 284, 383], "recourse_recommended_ixs": [296, 225, 396, 228, 392, 335, 275, 240, 391, 246, 389, 207, 309, 208, 279, 291, 385, 390, 224, 288, 271, 372, 333, 324, 393, 294, 375, 323, 232, 395, 283, 357, 368, 268, 293, 295, 349, 338, 399, 321, 259, 249, 332, 200, 354, 211, 264, 236, 284, 383], "perc_recomm_found": 1.0, "gamma": 0.95, "eta": 0.95, "gamma_obs": 0.25999999046325684, "gamma_obs_pre": 0.11999999731779099, "eta_obs": 0.98, "costs": [1.0, 1.0, 1.0], "lbd": 300.0, "thresh": 0.5, "r_type": "subpopulation", "t_type": "acceptance", "eta_obs_individualized": NaN, "eta_obs_refits_batch0_mean": 0.5760000348091125, "model_score": 0.86, "model_f1": 0.8585858585858587, "model_refits_batch0_scores": [0.86, 0.845, 0.845, 0.855, 0.86], "model_refits_batch0_f1s": [0.8679245283018868, 0.845771144278607, 0.8502415458937197, 0.8527918781725888, 0.8613861386138614], "model_coef": [[0.16985827254192942, 0.14025447266518756, 1.0578971553425696], [-0.6346130562925294]]}