{"accuracy_pre": 1.0, "accuracy_post": 0.55, "recourse_seeking_ixs": [1462, 1987, 1253, 1437, 1443, 1519, 1886, 1274, 1023, 1327, 1999, 1356, 1234, 1177, 1010, 1895, 1787, 1387, 1839, 1902, 1046, 1090, 1452, 1658, 1836, 1835, 1388, 1907, 1745, 1186, 1319, 1459, 1065, 1971, 1873, 1532, 1757, 1914, 1414, 1742, 1571, 1075, 1725, 1753, 1288, 1182, 1446, 1752, 1093, 1184, 1576, 1413, 1826, 1179, 1014, 1770, 1606, 1913, 1593, 1864, 1879, 1539, 1541, 1781, 1978, 1778, 1435, 1642, 1769, 1168, 1954, 1528, 1561, 1352, 1238, 1159, 1575, 1911, 1302, 1617, 1821, 1103, 1786, 1276, 1631, 1621, 1457, 1036, 1147, 1149, 1112, 1598, 1284, 1934, 1773, 1694, 1439, 1924, 1401, 1961], "recourse_recommended_ixs": [1462, 1987, 1253, 1437, 1443, 1519, 1886, 1274, 1023, 1327, 1999, 1356, 1234, 1177, 1010, 1895, 1787, 1387, 1839, 1902, 1046, 1090, 1452, 1658, 1836, 1835, 1388, 1907, 1745, 1186, 1319, 1459, 1065, 1971, 1873, 1532, 1757, 1914, 1414, 1742, 1571, 1075, 1725, 1753, 1288, 1182, 1446, 1752, 1093, 1184, 1576, 1413, 1826, 1179, 1014, 1770, 1606, 1913, 1593, 1864, 1879, 1539, 1541, 1781, 1978, 1778, 1435, 1642, 1769, 1168, 1954, 1528, 1561, 1352, 1238, 1159, 1575, 1911, 1302, 1617, 1821, 1103, 1786, 1276, 1631, 1621, 1457, 1036, 1147, 1149, 1112, 1598, 1284, 1934, 1773, 1694, 1439, 1924, 1401, 1961], "perc_recomm_found": 1.0, "gamma": 0.95, "eta": 0.95, "gamma_obs": 0.550000011920929, "gamma_obs_pre": 0.0, "eta_obs": 1.0, "costs": [1.0, 1.0, 1.0], "lbd": 150.0, "thresh": 0.5, "r_type": "individualized", "t_type": "acceptance", "eta_obs_individualized": NaN, "eta_obs_refits_batch0_mean": 0.9959999918937683, "model_score": 0.995, "model_f1": 1.0, "model_refits_batch0_scores": [0.999, 0.996, 0.996, 0.996, 0.996], "model_refits_batch0_f1s": [0.9990009990009989, 0.9959919839679359, 0.9959919839679359, 0.9959919839679359, 0.9959919839679359], "model_coef": NaN}