{"accuracy_pre": 0.82, "accuracy_post": 0.32, "recourse_seeking_ixs": [395, 368, 290, 343, 321, 353, 391, 207, 327, 373, 228, 206, 271, 255, 276, 252, 283, 297, 249, 342, 205, 372, 340, 322, 388, 253, 305, 323, 222, 358, 287, 360, 293, 200, 259, 284, 380, 258, 201, 286, 251, 308, 355, 348, 261, 250, 319, 237, 330, 371], "recourse_recommended_ixs": [395, 368, 290, 343, 321, 353, 391, 207, 327, 373, 228, 206, 271, 255, 276, 252, 283, 297, 249, 342, 205, 372, 340, 322, 388, 253, 305, 323, 222, 358, 287, 360, 293, 200, 259, 284, 380, 258, 201, 286, 251, 308, 355, 348, 261, 250, 319, 237, 330, 371], "perc_recomm_found": 1.0, "gamma": 0.85, "eta": 0.85, "gamma_obs": 0.3199999928474426, "gamma_obs_pre": 0.18000000715255737, "eta_obs": 1.0, "costs": [1.0, 1.0, 1.0], "lbd": 300.0, "thresh": 0.5, "r_type": "individualized", "t_type": "counterfactual", "eta_obs_individualized": NaN, "eta_obs_refits_batch0_mean": 0.8240000009536743, "model_score": 0.84, "model_f1": 0.8350515463917526, "model_refits_batch0_scores": [0.845, 0.83, 0.84, 0.835, 0.81], "model_refits_batch0_f1s": [0.8426395939086294, 0.8229166666666666, 0.8350515463917526, 0.8307692307692308, 0.8020833333333334], "model_coef": [[-0.16946272731113443, 0.5524081474879146, 0.9458878856188276], [-0.9974245096703458]]}