{"accuracy_pre": 0.76, "accuracy_post": 0.28, "recourse_seeking_ixs": [310, 302, 277, 371, 211, 265, 368, 249, 212, 287, 367, 313, 335, 234, 230, 336, 268, 333, 258, 341, 351, 363, 261, 283, 292, 251, 298, 214, 386, 220, 250, 345, 284, 282, 360, 311, 389, 378, 304, 330, 225, 309, 332, 221, 278, 358, 397, 210, 393, 314], "recourse_recommended_ixs": [310, 302, 277, 371, 211, 265, 368, 249, 212, 287, 367, 313, 335, 234, 230, 336, 268, 333, 258, 341, 351, 363, 261, 283, 292, 251, 298, 214, 386, 220, 250, 345, 284, 282, 360, 311, 389, 378, 304, 330, 225, 309, 332, 221, 278, 358, 397, 210, 393, 314], "perc_recomm_found": 1.0, "gamma": 0.85, "eta": 0.85, "gamma_obs": 0.2800000011920929, "gamma_obs_pre": 0.23999999463558197, "eta_obs": 1.0, "costs": [1.0, 1.0, 1.0], "lbd": 300.0, "thresh": 0.5, "r_type": "individualized", "t_type": "acceptance", "eta_obs_individualized": NaN, "eta_obs_refits_batch0_mean": 0.7919999957084656, "model_score": 0.79, "model_f1": 0.7717391304347826, "model_refits_batch0_scores": [0.82, 0.8, 0.805, 0.795, 0.8], "model_refits_batch0_f1s": [0.8085106382978724, 0.7849462365591398, 0.7891891891891892, 0.7807486631016043, 0.7802197802197802], "model_coef": [[0.07430400854333898, 0.06858416639091759, 0.7180310845496433], [-0.31773661439232614]]}