{"accuracy_pre": 0.88, "accuracy_post": 0.26, "recourse_seeking_ixs": [248, 309, 270, 263, 252, 366, 215, 278, 373, 358, 346, 259, 284, 269, 272, 227, 325, 242, 246, 317, 254, 381, 238, 312, 338, 241, 343, 268, 234, 384, 220, 250, 320, 335, 318, 271, 307, 285, 279, 383, 321, 390, 229, 232, 347, 233, 208, 354, 295, 386], "recourse_recommended_ixs": [248, 309, 270, 263, 252, 366, 215, 278, 373, 358, 346, 259, 284, 269, 272, 227, 325, 242, 246, 317, 254, 381, 238, 312, 338, 241, 343, 268, 234, 384, 220, 250, 320, 335, 318, 271, 307, 285, 279, 383, 321, 390, 229, 232, 347, 233, 208, 354, 295, 386], "perc_recomm_found": 1.0, "gamma": 0.95, "eta": 0.95, "gamma_obs": 0.25999999046325684, "gamma_obs_pre": 0.11999999731779099, "eta_obs": 1.0, "costs": [1.0, 1.0, 1.0], "lbd": 300.0, "thresh": 0.5, "r_type": "individualized", "t_type": "acceptance", "eta_obs_individualized": NaN, "eta_obs_refits_batch0_mean": 0.7720000147819519, "model_score": 0.875, "model_f1": 0.8780487804878048, "model_refits_batch0_scores": [0.855, 0.865, 0.875, 0.86, 0.865], "model_refits_batch0_f1s": [0.862559241706161, 0.8682926829268293, 0.8768472906403941, 0.8640776699029127, 0.8682926829268293], "model_coef": [[0.452635204991619, 0.16060568576669998, 1.0671520552226303], [-0.5292932973234105]]}