{"accuracy_pre": 0.9, "accuracy_post": 0.98, "recourse_seeking_ixs": [746, 793, 510, 654, 971, 735, 649, 706, 732, 837, 679, 930, 880, 583, 836, 791, 701, 713, 828, 579, 790, 563, 777, 572, 961, 758, 897, 945, 609, 884, 745, 608, 612, 689, 511, 647, 907, 995, 873, 965, 694, 534, 506, 629, 862, 641, 810, 888, 533, 922, 733, 522, 661, 714, 975, 869, 505, 630, 723, 600, 760, 539, 774, 940, 578, 864, 871, 978, 717, 611, 899, 715, 812, 529, 974, 738, 875, 582, 834, 782, 795, 754, 750, 675, 663, 604, 518, 538, 625, 602, 823, 819, 540, 559, 512, 844, 577, 571, 829, 552], "recourse_recommended_ixs": [746, 793, 510, 654, 971, 735, 649, 706, 732, 837, 679, 930, 880, 583, 836, 791, 701, 713, 828, 579, 790, 563, 777, 572, 961, 758, 897, 945, 609, 884, 745, 608, 612, 689, 511, 647, 907, 995, 873, 965, 694, 534, 506, 629, 862, 641, 810, 888, 533, 922, 733, 522, 661, 714, 975, 869, 505, 630, 723, 600, 760, 539, 774, 940, 578, 864, 871, 978, 717, 611, 899, 715, 812, 529, 974, 738, 875, 582, 834, 782, 795, 754, 750, 675, 663, 604, 518, 538, 625, 602, 823, 819, 540, 559, 512, 844, 577, 571, 829, 552], "perc_recomm_found": 1.0, "gamma": 0.95, "eta": 0.95, "gamma_obs": 0.9800000190734863, "gamma_obs_pre": 0.10000000149011612, "eta_obs": 1.0, "costs": [1.0, 1.0], "lbd": 300.0, "thresh": 0.5, "r_type": "subpopulation", "t_type": "improvement", "eta_obs_individualized": NaN, "eta_obs_refits_batch0_mean": 1.0, "model_score": 0.792, "model_f1": 0.7794432548179872, "model_refits_batch0_scores": [0.824, 0.834, 0.834, 0.808, 0.818], "model_refits_batch0_f1s": [0.817427385892116, 0.8245243128964059, 0.8230277185501067, 0.799163179916318, 0.7945823927765236], "model_coef": NaN}