{"accuracy_pre": 0.92, "accuracy_post": 0.34, "recourse_seeking_ixs": [274, 269, 305, 226, 231, 323, 360, 241, 270, 339, 225, 223, 349, 359, 260, 327, 308, 393, 240, 332, 341, 242, 397, 368, 280, 319, 303, 233, 388, 283, 276, 333, 222, 296, 336, 313, 272, 298, 326, 227, 229, 281, 257, 342, 318, 384, 322, 394, 277, 250], "recourse_recommended_ixs": [274, 269, 305, 226, 231, 323, 360, 241, 270, 339, 225, 223, 349, 359, 260, 327, 308, 393, 240, 332, 341, 242, 397, 368, 280, 319, 303, 233, 388, 283, 276, 333, 222, 296, 336, 313, 272, 298, 326, 227, 229, 281, 257, 342, 318, 384, 322, 394, 277, 250], "perc_recomm_found": 1.0, "gamma": 0.75, "eta": 0.75, "gamma_obs": 0.3799999952316284, "gamma_obs_pre": 0.07999999821186066, "eta_obs": 0.96, "costs": [1.0, 1.0, 1.0], "lbd": 300.0, "thresh": 0.5, "r_type": "subpopulation", "t_type": "acceptance", "eta_obs_individualized": NaN, "eta_obs_refits_batch0_mean": 0.5359999537467957, "model_score": 0.87, "model_f1": 0.87, "model_refits_batch0_scores": [0.865, 0.87, 0.865, 0.865, 0.88], "model_refits_batch0_f1s": [0.8556149732620321, 0.8686868686868686, 0.8669950738916257, 0.8669950738916257, 0.870967741935484], "model_coef": [[0.5268689795706477, 0.5836317822257125, 1.0838386464427323], [0.11274501256544833]]}