{"accuracy_pre": 0.84, "accuracy_post": 0.78, "recourse_seeking_ixs": [516, 812, 581, 508, 949, 834, 890, 775, 909, 835, 522, 523, 947, 688, 846, 948, 953, 906, 736, 551, 694, 607, 549, 946, 810, 584, 741, 784, 821, 557, 977, 605, 666, 814, 651, 757, 731, 740, 992, 597, 511, 965, 852, 686, 614, 616, 555, 718, 781, 507, 893, 660, 743, 867, 823, 990, 532, 520, 569, 623, 964, 926, 932, 643, 534, 676, 628, 571, 639, 974, 648, 602, 920, 900, 770, 973, 969, 503, 763, 672, 577, 994, 710, 960, 797, 696, 970, 533, 529, 944, 863, 655, 802, 556, 914, 600, 999, 902, 637, 692], "recourse_recommended_ixs": [516, 812, 581, 508, 949, 834, 890, 775, 909, 835, 522, 523, 947, 688, 846, 948, 953, 906, 736, 551, 694, 607, 549, 946, 810, 584, 741, 784, 821, 557, 977, 605, 666, 814, 651, 757, 731, 740, 992, 597, 511, 965, 852, 686, 614, 616, 555, 718, 781, 507, 893, 660, 743, 867, 823, 990, 532, 520, 569, 623, 964, 926, 932, 643, 534, 676, 628, 571, 639, 974, 648, 602, 920, 900, 770, 973, 969, 503, 763, 672, 577, 994, 710, 960, 797, 696, 970, 533, 529, 944, 863, 655, 802, 556, 914, 600, 999, 902, 637, 692], "perc_recomm_found": 1.0, "gamma": 0.75, "eta": 0.75, "gamma_obs": 0.7699999809265137, "gamma_obs_pre": 0.1599999964237213, "eta_obs": 0.97, "costs": [1.0, 1.0], "lbd": 300.0, "thresh": 0.5, "r_type": "subpopulation", "t_type": "improvement", "eta_obs_individualized": NaN, "eta_obs_refits_batch0_mean": 0.949999988079071, "model_score": 0.868, "model_f1": 0.8923679060665362, "model_refits_batch0_scores": [0.82, 0.828, 0.806, 0.818, 0.836], "model_refits_batch0_f1s": [0.7906976744186047, 0.8045454545454546, 0.7662650602409637, 0.7858823529411765, 0.8217391304347826], "model_coef": NaN}