{"accuracy_pre": 0.84, "accuracy_post": 0.93, "recourse_seeking_ixs": [857, 982, 590, 798, 643, 989, 739, 623, 565, 875, 760, 981, 699, 715, 543, 633, 647, 829, 522, 635, 574, 960, 595, 515, 652, 882, 667, 503, 792, 877, 869, 577, 778, 744, 671, 913, 714, 564, 777, 929, 899, 541, 797, 930, 890, 779, 838, 545, 754, 708, 811, 776, 888, 504, 580, 972, 531, 568, 903, 986, 675, 530, 814, 874, 769, 750, 711, 961, 727, 500, 687, 915, 926, 876, 910, 586, 747, 656, 674, 521, 701, 597, 808, 563, 745, 628, 879, 889, 549, 663, 803, 837, 990, 758, 959, 841, 781, 609, 567, 632], "recourse_recommended_ixs": [857, 982, 590, 798, 643, 989, 739, 623, 565, 875, 760, 981, 699, 715, 543, 633, 647, 829, 522, 635, 574, 960, 595, 515, 652, 882, 667, 503, 792, 877, 869, 577, 778, 744, 671, 913, 714, 564, 777, 929, 899, 541, 797, 930, 890, 779, 838, 545, 754, 708, 811, 776, 888, 504, 580, 972, 531, 568, 903, 986, 675, 530, 814, 874, 769, 750, 711, 961, 727, 500, 687, 915, 926, 876, 910, 586, 747, 656, 674, 521, 701, 597, 808, 563, 745, 628, 879, 889, 549, 663, 803, 837, 990, 758, 959, 841, 781, 609, 567, 632], "perc_recomm_found": 1.0, "gamma": 0.95, "eta": 0.95, "gamma_obs": 0.9200000166893005, "gamma_obs_pre": 0.1599999964237213, "eta_obs": 0.99, "costs": [1.0, 1.0], "lbd": 300.0, "thresh": 0.5, "r_type": "subpopulation", "t_type": "improvement", "eta_obs_individualized": NaN, "eta_obs_refits_batch0_mean": 0.9899999499320984, "model_score": 0.82, "model_f1": 0.8119999999999999, "model_refits_batch0_scores": [0.83, 0.822, 0.816, 0.824, 0.822], "model_refits_batch0_f1s": [0.8268839103869655, 0.8118393234672305, 0.7973568281938326, 0.8095238095238094, 0.8086021505376344], "model_coef": NaN}