{"accuracy_pre": 0.84, "accuracy_post": 0.42, "recourse_seeking_ixs": [678, 887, 641, 550, 610, 515, 841, 667, 930, 714, 790, 986, 968, 704, 854, 881, 519, 590, 915, 568, 883, 821, 514, 502, 964, 976, 599, 888, 922, 946, 852, 994, 835, 803, 511, 734, 632, 709, 633, 717, 722, 797, 595, 701, 535, 748, 837, 698, 872, 516, 611, 869, 937, 795, 751, 858, 728, 947, 577, 715, 673, 838, 773, 875, 808, 702, 583, 531, 621, 665, 721, 899, 849, 782, 517, 548, 640, 890, 969, 716, 555, 742, 662, 571, 929, 544, 798, 567, 543, 741, 779, 557, 623, 657, 750, 687, 658, 570, 989, 774], "recourse_recommended_ixs": [678, 887, 641, 550, 610, 515, 841, 667, 930, 714, 790, 986, 968, 704, 854, 881, 519, 590, 915, 568, 883, 821, 514, 502, 964, 976, 599, 888, 922, 946, 852, 994, 835, 803, 511, 734, 632, 709, 633, 717, 722, 797, 595, 701, 535, 748, 837, 698, 872, 516, 611, 869, 937, 795, 751, 858, 728, 947, 577, 715, 673, 838, 773, 875, 808, 702, 583, 531, 621, 665, 721, 899, 849, 782, 517, 548, 640, 890, 969, 716, 555, 742, 662, 571, 929, 544, 798, 567, 543, 741, 779, 557, 623, 657, 750, 687, 658, 570, 989, 774], "perc_recomm_found": 1.0, "gamma": 0.75, "eta": 0.75, "gamma_obs": 0.30000001192092896, "gamma_obs_pre": 0.1599999964237213, "eta_obs": 0.91, "costs": [1.0, 1.0, 1.0], "lbd": 300.0, "thresh": 0.5, "r_type": "individualized", "t_type": "counterfactual", "eta_obs_individualized": NaN, "eta_obs_refits_batch0_mean": 0.43199998140335083, "model_score": 0.834, "model_f1": 0.8252032520325203, "model_refits_batch0_scores": [0.856, 0.846, 0.85, 0.846, 0.866], "model_refits_batch0_f1s": [0.8481012658227849, 0.832244008714597, 0.8414376321353065, 0.8372093023255814, 0.8635437881873727], "model_coef": NaN}