{"accuracy_pre": 0.89, "accuracy_post": 0.51, "recourse_seeking_ixs": [850, 736, 799, 662, 760, 974, 570, 901, 576, 707, 590, 578, 744, 897, 860, 589, 623, 511, 752, 881, 918, 988, 743, 797, 973, 826, 754, 965, 889, 854, 593, 820, 642, 692, 611, 566, 574, 946, 715, 986, 567, 911, 812, 982, 891, 801, 548, 987, 520, 615, 742, 836, 893, 916, 910, 572, 817, 718, 534, 822, 774, 963, 843, 628, 671, 723, 614, 853, 948, 522, 647, 813, 571, 959, 708, 580, 825, 710, 838, 950, 695, 848, 886, 923, 861, 829, 995, 677, 592, 985, 807, 575, 793, 556, 653, 586, 828, 899, 555, 776], "recourse_recommended_ixs": [850, 736, 799, 662, 760, 974, 570, 901, 576, 707, 590, 578, 744, 897, 860, 589, 623, 511, 752, 881, 918, 988, 743, 797, 973, 826, 754, 965, 889, 854, 593, 820, 642, 692, 611, 566, 574, 946, 715, 986, 567, 911, 812, 982, 891, 801, 548, 987, 520, 615, 742, 836, 893, 916, 910, 572, 817, 718, 534, 822, 774, 963, 843, 628, 671, 723, 614, 853, 948, 522, 647, 813, 571, 959, 708, 580, 825, 710, 838, 950, 695, 848, 886, 923, 861, 829, 995, 677, 592, 985, 807, 575, 793, 556, 653, 586, 828, 899, 555, 776], "perc_recomm_found": 1.0, "gamma": 0.75, "eta": 0.75, "gamma_obs": 0.1899999976158142, "gamma_obs_pre": 0.10999999940395355, "eta_obs": 1.0, "costs": [1.0, 1.0, 1.0], "lbd": 300.0, "thresh": 0.5, "r_type": "individualized", "t_type": "acceptance", "eta_obs_individualized": NaN, "eta_obs_refits_batch0_mean": 0.3319999873638153, "model_score": 0.818, "model_f1": 0.823293172690763, "model_refits_batch0_scores": [0.824, 0.834, 0.834, 0.808, 0.818], "model_refits_batch0_f1s": [0.817427385892116, 0.8245243128964059, 0.8230277185501067, 0.799163179916318, 0.7945823927765236], "model_coef": NaN}