{"accuracy_pre": 0.81, "accuracy_post": 0.37, "recourse_seeking_ixs": [380, 322, 391, 338, 366, 445, 487, 411, 498, 254, 424, 292, 410, 347, 491, 266, 388, 464, 378, 265, 386, 273, 357, 310, 251, 420, 465, 334, 364, 351, 394, 490, 342, 442, 318, 281, 488, 257, 332, 494, 261, 291, 283, 361, 414, 484, 331, 354, 440, 349, 298, 309, 369, 475, 277, 469, 270, 497, 373, 358, 264, 389, 305, 301, 439, 399, 457, 385, 403, 449, 446, 444, 280, 453, 330, 408, 290, 382, 466, 259, 300, 430, 317, 350, 462, 341, 303, 316, 451, 299, 393, 326, 401, 419, 372, 390, 493, 435, 407, 431], "recourse_recommended_ixs": [380, 322, 391, 338, 366, 445, 487, 411, 498, 254, 424, 292, 410, 347, 491, 266, 388, 464, 378, 265, 386, 273, 357, 310, 251, 420, 465, 334, 364, 351, 394, 490, 342, 442, 318, 281, 488, 257, 332, 494, 261, 291, 283, 361, 414, 484, 331, 354, 440, 349, 298, 309, 369, 475, 277, 469, 270, 497, 373, 358, 264, 389, 305, 301, 439, 399, 457, 385, 403, 449, 446, 444, 280, 453, 330, 408, 290, 382, 466, 259, 300, 430, 317, 350, 462, 341, 303, 316, 451, 299, 393, 326, 401, 419, 372, 390, 493, 435, 407, 431], "perc_recomm_found": 1.0, "gamma": 0.75, "eta": 0.75, "gamma_obs": 0.3199999928474426, "gamma_obs_pre": 0.1899999976158142, "eta_obs": 0.99, "costs": [1.0, 1.0, 1.0], "lbd": 100.0, "thresh": 0.5, "r_type": "individualized", "t_type": "counterfactual", "eta_obs_individualized": NaN, "eta_obs_refits_batch0_mean": 0.578000009059906, "model_score": 0.836, "model_f1": 0.8312757201646092, "model_refits_batch0_scores": [0.832, 0.836, 0.832, 0.812, 0.828], "model_refits_batch0_f1s": [0.8306451612903225, 0.8312757201646092, 0.8264462809917354, 0.8171206225680934, 0.8273092369477911], "model_coef": NaN}