{"accuracy_pre": 0.88, "accuracy_post": 0.34, "recourse_seeking_ixs": [336, 347, 284, 341, 278, 388, 314, 343, 326, 223, 281, 383, 307, 369, 280, 240, 216, 393, 370, 239, 241, 229, 353, 322, 382, 268, 386, 217, 295, 385, 380, 233, 356, 360, 335, 231, 288, 201, 374, 232, 354, 236, 351, 373, 215, 220, 391, 255, 234, 323], "recourse_recommended_ixs": [336, 347, 284, 341, 278, 388, 314, 343, 326, 223, 281, 383, 307, 369, 280, 240, 216, 393, 370, 239, 241, 229, 353, 322, 382, 268, 386, 217, 295, 385, 380, 233, 356, 360, 335, 231, 288, 201, 374, 232, 354, 236, 351, 373, 215, 220, 391, 255, 234, 323], "perc_recomm_found": 1.0, "gamma": 0.85, "eta": 0.85, "gamma_obs": 0.3400000035762787, "gamma_obs_pre": 0.11999999731779099, "eta_obs": 1.0, "costs": [1.0, 1.0, 1.0], "lbd": 300.0, "thresh": 0.5, "r_type": "individualized", "t_type": "acceptance", "eta_obs_individualized": NaN, "eta_obs_refits_batch0_mean": 0.7240000367164612, "model_score": 0.825, "model_f1": 0.8148148148148148, "model_refits_batch0_scores": [0.795, 0.815, 0.795, 0.8, 0.81], "model_refits_batch0_f1s": [0.783068783068783, 0.7999999999999999, 0.7759562841530055, 0.7894736842105263, 0.8020833333333333], "model_coef": [[0.10514188070268363, 0.3847880394311509, 0.9609003458222566], [-0.5412936835563932]]}