{"accuracy_pre": 0.8, "accuracy_post": 0.37, "recourse_seeking_ixs": [998, 565, 977, 679, 553, 599, 766, 571, 675, 891, 543, 551, 811, 805, 646, 671, 840, 674, 954, 936, 950, 780, 649, 920, 818, 577, 594, 658, 870, 961, 717, 847, 749, 561, 739, 968, 588, 764, 670, 537, 506, 839, 851, 560, 693, 645, 704, 769, 783, 869, 799, 974, 929, 552, 580, 648, 690, 750, 843, 651, 911, 925, 662, 722, 795, 686, 756, 995, 620, 855, 856, 815, 718, 579, 984, 814, 848, 623, 975, 751, 712, 893, 877, 838, 792, 809, 942, 837, 912, 549, 973, 666, 713, 926, 608, 776, 793, 945, 730, 587], "recourse_recommended_ixs": [998, 565, 977, 679, 553, 599, 766, 571, 675, 891, 543, 551, 811, 805, 646, 671, 840, 674, 954, 936, 950, 780, 649, 920, 818, 577, 594, 658, 870, 961, 717, 847, 749, 561, 739, 968, 588, 764, 670, 537, 506, 839, 851, 560, 693, 645, 704, 769, 783, 869, 799, 974, 929, 552, 580, 648, 690, 750, 843, 651, 911, 925, 662, 722, 795, 686, 756, 995, 620, 855, 856, 815, 718, 579, 984, 814, 848, 623, 975, 751, 712, 893, 877, 838, 792, 809, 942, 837, 912, 549, 973, 666, 713, 926, 608, 776, 793, 945, 730, 587], "perc_recomm_found": 1.0, "gamma": 0.75, "eta": 0.75, "gamma_obs": 0.36000001430511475, "gamma_obs_pre": 0.20000000298023224, "eta_obs": 0.99, "costs": [1.0, 1.0, 1.0], "lbd": 300.0, "thresh": 0.5, "r_type": "individualized", "t_type": "counterfactual", "eta_obs_individualized": NaN, "eta_obs_refits_batch0_mean": 0.4440000057220459, "model_score": 0.664, "model_f1": 0.7357723577235772, "model_refits_batch0_scores": [0.824, 0.822, 0.818, 0.804, 0.816], "model_refits_batch0_f1s": [0.8189300411522634, 0.8179959100204499, 0.8115942028985509, 0.7983539094650206, 0.8], "model_coef": [[-0.15516047170550962, 0.3887020845851001, 0.7972309199062461], [-0.34300633791006724]]}