{"accuracy_pre": 0.86, "accuracy_post": 0.69, "recourse_seeking_ixs": [679, 856, 605, 749, 980, 716, 750, 690, 855, 974, 776, 947, 681, 543, 848, 857, 666, 775, 924, 815, 878, 806, 733, 988, 573, 560, 939, 814, 704, 832, 603, 689, 926, 622, 911, 799, 912, 662, 594, 670, 686, 844, 929, 990, 623, 614, 961, 875, 847, 837, 549, 741, 722, 559, 996, 818, 977, 885, 752, 552, 877, 730, 645, 547, 523, 891, 946, 565, 975, 506, 556, 510, 551, 916, 756, 979, 870, 592, 740, 602, 580, 742, 648, 571, 669, 754, 651, 620, 811, 712, 783, 792, 795, 766, 512, 838, 769, 674, 995, 683], "recourse_recommended_ixs": [679, 856, 605, 749, 980, 716, 750, 690, 855, 974, 776, 947, 681, 543, 848, 857, 666, 775, 924, 815, 878, 806, 733, 988, 573, 560, 939, 814, 704, 832, 603, 689, 926, 622, 911, 799, 912, 662, 594, 670, 686, 844, 929, 990, 623, 614, 961, 875, 847, 837, 549, 722, 559, 818, 977, 885, 752, 552, 877, 730, 645, 547, 523, 891, 946, 565, 975, 506, 556, 510, 551, 916, 756, 979, 870, 592, 740, 602, 580, 648, 571, 669, 754, 651, 620, 811, 712, 783, 792, 795, 766, 512, 838, 769, 674, 995, 683], "perc_recomm_found": 0.97, "gamma": 0.75, "eta": 0.75, "gamma_obs": 0.6907216310501099, "gamma_obs_pre": 0.14432989060878754, "eta_obs": 0.8969072164948454, "costs": [1.0, 1.0], "lbd": 300.0, "thresh": 0.5, "r_type": "individualized", "t_type": "improvement", "eta_obs_individualized": 0.7216494845360825, "eta_obs_refits_batch0_mean": 0.8123711347579956, "model_score": 0.67, "model_f1": 0.6926070038910507, "model_refits_batch0_scores": [0.814, 0.808, 0.822, 0.758, 0.796], "model_refits_batch0_f1s": [0.8074534161490684, 0.8064516129032259, 0.8126315789473685, 0.7575150300601203, 0.782051282051282], "model_coef": NaN}