{"accuracy_pre": 0.86, "accuracy_post": 0.96, "recourse_seeking_ixs": [263, 383, 347, 391, 364, 311, 278, 304, 382, 272, 246, 264, 254, 320, 318, 236, 301, 275, 211, 366, 346, 328, 242, 277, 340, 281, 317, 220, 325, 208, 271, 307, 243, 335, 341, 212, 343, 210, 390, 321, 319, 229, 250, 223, 270, 256, 284, 309, 324, 214], "recourse_recommended_ixs": [263, 383, 347, 391, 364, 311, 278, 304, 382, 272, 246, 264, 254, 320, 318, 236, 301, 275, 211, 366, 346, 328, 242, 277, 340, 281, 317, 220, 325, 208, 271, 307, 243, 335, 341, 212, 343, 210, 390, 321, 319, 229, 250, 223, 270, 256, 284, 309, 324, 214], "perc_recomm_found": 1.0, "gamma": 0.95, "eta": 0.95, "gamma_obs": 0.9599999785423279, "gamma_obs_pre": 0.14000000059604645, "eta_obs": 1.0, "costs": [1.0, 1.0], "lbd": 300.0, "thresh": 0.5, "r_type": "individualized", "t_type": "improvement", "eta_obs_individualized": 1.0, "eta_obs_refits_batch0_mean": 1.0, "model_score": 0.875, "model_f1": 0.8780487804878048, "model_refits_batch0_scores": [0.855, 0.865, 0.875, 0.86, 0.865], "model_refits_batch0_f1s": [0.862559241706161, 0.8682926829268293, 0.8768472906403941, 0.8640776699029127, 0.8682926829268293], "model_coef": [[0.452635204991619, 0.16060568576669998, 1.0671520552226303], [-0.5292932973234105]]}