{"accuracy_pre": 0.9, "accuracy_post": 0.86, "recourse_seeking_ixs": [357, 396, 292, 394, 388, 200, 389, 393, 335, 290, 319, 356, 285, 349, 374, 360, 241, 252, 271, 201, 236, 280, 378, 398, 257, 367, 254, 298, 347, 348, 266, 391, 242, 268, 327, 293, 279, 375, 304, 354, 323, 230, 222, 301, 217, 379, 206, 369, 287, 341], "recourse_recommended_ixs": [357, 396, 292, 394, 388, 200, 389, 393, 335, 290, 319, 356, 285, 349, 374, 360, 241, 252, 271, 201, 236, 280, 378, 398, 257, 367, 254, 298, 347, 348, 266, 391, 242, 268, 327, 293, 279, 375, 304, 354, 323, 230, 222, 301, 217, 379, 206, 369, 287, 341], "perc_recomm_found": 1.0, "gamma": 0.9, "eta": 0.9, "gamma_obs": 0.8600000143051147, "gamma_obs_pre": 0.10000000149011612, "eta_obs": 1.0, "costs": [1.0, 1.0, 1.0], "lbd": 300.0, "thresh": 0.5, "r_type": "subpopulation", "t_type": "improvement", "eta_obs_individualized": NaN, "eta_obs_refits_batch0_mean": 0.9880000352859497, "model_score": 0.885, "model_f1": 0.8756756756756756, "model_refits_batch0_scores": [0.885, 0.87, 0.86, 0.88, 0.885], "model_refits_batch0_f1s": [0.8783068783068784, 0.8631578947368421, 0.8541666666666666, 0.868131868131868, 0.8670520231213872], "model_coef": [[0.6796551433556134, 0.492274725512934, 1.2768015985176502], [0.0601864319770839]]}