{"accuracy_pre": 0.92, "accuracy_post": 0.2, "recourse_seeking_ixs": [784, 567, 670, 825, 623, 769, 589, 747, 571, 907, 787, 704, 732, 842, 587, 575, 891, 715, 578, 916, 609, 592, 580, 645, 901, 975, 973, 568, 752, 911, 988, 910, 982, 554, 828, 829, 720, 615, 893, 574, 809, 710, 534, 628, 838, 963, 859, 801, 807, 857, 880, 889, 918, 771, 736, 717, 520, 613, 953, 895, 511, 986, 997, 522, 648, 948, 899, 959, 581, 965, 741, 848, 815, 924, 990, 751, 843, 685, 590, 987, 894, 576, 994, 559, 662, 583, 750, 900, 556, 774, 897, 695, 671, 676, 950, 876, 625, 582, 642, 743], "recourse_recommended_ixs": [784, 567, 670, 825, 623, 769, 589, 747, 571, 907, 787, 704, 732, 842, 587, 575, 891, 715, 578, 916, 609, 592, 580, 645, 901, 975, 973, 568, 752, 911, 988, 910, 982, 554, 828, 829, 720, 615, 893, 574, 809, 710, 534, 628, 838, 963, 859, 801, 807, 857, 880, 889, 918, 771, 736, 717, 520, 613, 953, 895, 511, 986, 997, 522, 648, 948, 899, 959, 581, 965, 741, 848, 815, 924, 990, 751, 843, 685, 590, 987, 894, 576, 994, 559, 662, 583, 750, 900, 556, 774, 897, 695, 671, 676, 950, 876, 625, 582, 642, 743], "perc_recomm_found": 1.0, "gamma": 0.75, "eta": 0.75, "gamma_obs": 0.18000000715255737, "gamma_obs_pre": 0.07999999821186066, "eta_obs": 0.96, "costs": [1.0, 1.0, 1.0], "lbd": 300.0, "thresh": 0.5, "r_type": "individualized", "t_type": "counterfactual", "eta_obs_individualized": NaN, "eta_obs_refits_batch0_mean": 0.4100000262260437, "model_score": 0.812, "model_f1": 0.8, "model_refits_batch0_scores": [0.796, 0.788, 0.812, 0.74, 0.776], "model_refits_batch0_f1s": [0.7943548387096774, 0.7845528455284553, 0.8016877637130803, 0.75, 0.7575757575757576], "model_coef": NaN}