{"accuracy_pre": 0.9, "accuracy_post": 0.5, "recourse_seeking_ixs": [298, 210, 377, 274, 285, 360, 231, 322, 349, 355, 375, 378, 238, 221, 302, 354, 318, 275, 262, 338, 229, 278, 297, 321, 272, 270, 253, 222, 277, 202, 269, 350, 388, 329, 257, 385, 203, 323, 206, 332, 214, 372, 223, 225, 326, 308, 280, 212, 218, 393], "recourse_recommended_ixs": [298, 210, 377, 274, 285, 360, 231, 322, 349, 355, 375, 378, 238, 221, 302, 354, 318, 275, 262, 338, 229, 278, 297, 321, 272, 270, 253, 222, 277, 202, 269, 350, 388, 329, 257, 385, 203, 323, 206, 332, 214, 372, 223, 225, 326, 308, 280, 212, 218, 393], "perc_recomm_found": 1.0, "gamma": 0.75, "eta": 0.75, "gamma_obs": 0.5, "gamma_obs_pre": 0.10000000149011612, "eta_obs": 1.0, "costs": [1.0, 1.0, 1.0], "lbd": 300.0, "thresh": 0.5, "r_type": "individualized", "t_type": "counterfactual", "eta_obs_individualized": NaN, "eta_obs_refits_batch0_mean": 0.5600000023841858, "model_score": 0.87, "model_f1": 0.87, "model_refits_batch0_scores": [0.865, 0.87, 0.865, 0.865, 0.88], "model_refits_batch0_f1s": [0.8556149732620321, 0.8686868686868686, 0.8669950738916257, 0.8669950738916257, 0.870967741935484], "model_coef": [[0.5268689795706477, 0.5836317822257125, 1.0838386464427323], [0.11274501256544833]]}