{"accuracy_pre": 0.82, "accuracy_post": 0.33, "recourse_seeking_ixs": [905, 942, 969, 982, 599, 929, 786, 987, 931, 749, 742, 923, 620, 655, 714, 646, 859, 680, 687, 916, 975, 965, 642, 597, 544, 675, 758, 619, 590, 863, 802, 627, 820, 829, 989, 535, 652, 783, 996, 759, 907, 844, 698, 586, 569, 640, 700, 641, 696, 988, 960, 571, 784, 799, 998, 645, 765, 604, 514, 520, 683, 762, 634, 588, 941, 886, 763, 551, 983, 506, 899, 887, 761, 549, 855, 850, 868, 947, 874, 771, 782, 610, 912, 779, 746, 792, 862, 711, 897, 598, 662, 811, 776, 843, 992, 615, 510, 995, 791, 815], "recourse_recommended_ixs": [905, 942, 969, 982, 599, 929, 786, 987, 931, 749, 742, 923, 620, 655, 714, 646, 859, 680, 687, 916, 975, 965, 642, 597, 544, 675, 758, 619, 590, 863, 802, 627, 820, 829, 989, 535, 652, 783, 996, 759, 907, 844, 698, 586, 569, 640, 700, 641, 696, 988, 960, 571, 784, 799, 998, 645, 765, 604, 514, 520, 683, 762, 634, 588, 941, 886, 763, 551, 983, 506, 899, 887, 761, 549, 855, 850, 868, 947, 874, 771, 782, 610, 912, 779, 746, 792, 862, 711, 897, 598, 662, 811, 776, 843, 992, 615, 510, 995, 791, 815], "perc_recomm_found": 1.0, "gamma": 0.95, "eta": 0.95, "gamma_obs": 0.25, "gamma_obs_pre": 0.18000000715255737, "eta_obs": 0.88, "costs": [1.0, 1.0, 1.0], "lbd": 300.0, "thresh": 0.5, "r_type": "subpopulation", "t_type": "counterfactual", "eta_obs_individualized": NaN, "eta_obs_refits_batch0_mean": 0.3700000047683716, "model_score": 0.818, "model_f1": 0.8351648351648351, "model_refits_batch0_scores": [0.822, 0.82, 0.814, 0.828, 0.83], "model_refits_batch0_f1s": [0.8202020202020203, 0.8170731707317074, 0.8128772635814889, 0.822314049586777, 0.8261758691206543], "model_coef": [[0.4193815735163298, -0.17430836989550566, 0.8740051248645054], [-0.5287631658814632]]}