{"accuracy_pre": 0.89, "accuracy_post": 0.48, "recourse_seeking_ixs": [902, 769, 862, 660, 630, 793, 654, 782, 577, 962, 646, 983, 865, 624, 546, 965, 829, 713, 715, 585, 592, 874, 843, 952, 536, 877, 935, 615, 641, 904, 696, 855, 687, 619, 799, 601, 982, 985, 685, 569, 767, 800, 747, 892, 527, 714, 652, 581, 947, 996, 995, 565, 881, 755, 673, 551, 761, 821, 734, 788, 912, 510, 991, 925, 896, 802, 549, 814, 724, 873, 954, 717, 760, 899, 603, 907, 922, 975, 871, 590, 680, 776, 919, 928, 856, 614, 511, 993, 772, 868, 531, 570, 850, 625, 675, 500, 514, 563, 742, 779], "recourse_recommended_ixs": [902, 769, 862, 660, 630, 793, 654, 782, 577, 962, 646, 983, 865, 624, 546, 965, 829, 713, 715, 585, 592, 874, 843, 952, 536, 877, 935, 615, 641, 904, 696, 855, 687, 619, 799, 601, 982, 985, 685, 569, 767, 800, 747, 892, 527, 714, 652, 581, 947, 996, 995, 565, 881, 755, 673, 551, 761, 821, 734, 788, 912, 510, 991, 925, 896, 802, 549, 814, 724, 873, 954, 717, 760, 899, 603, 907, 922, 975, 871, 590, 680, 776, 919, 928, 856, 614, 511, 993, 772, 868, 531, 570, 850, 625, 675, 500, 514, 563, 742, 779], "perc_recomm_found": 1.0, "gamma": 0.95, "eta": 0.95, "gamma_obs": 0.33000001311302185, "gamma_obs_pre": 0.10999999940395355, "eta_obs": 0.94, "costs": [1.0, 1.0, 1.0], "lbd": 300.0, "thresh": 0.5, "r_type": "subpopulation", "t_type": "counterfactual", "eta_obs_individualized": NaN, "eta_obs_refits_batch0_mean": 0.43400001525878906, "model_score": 0.86, "model_f1": 0.8654970760233919, "model_refits_batch0_scores": [0.856, 0.846, 0.85, 0.846, 0.866], "model_refits_batch0_f1s": [0.8481012658227849, 0.832244008714597, 0.8414376321353065, 0.8372093023255814, 0.8635437881873727], "model_coef": NaN}