{"accuracy_pre": 0.97, "accuracy_post": 0.98, "recourse_seeking_ixs": [1983, 1781, 1062, 1428, 1305, 1549, 1731, 1402, 1423, 1369, 1622, 1253, 1580, 1470, 1145, 1708, 1128, 1008, 1373, 1751, 1977, 1250, 1348, 1671, 1334, 1681, 1742, 1516, 1934, 1042, 1945, 1304, 1014, 1593, 1507, 1602, 1903, 1557, 1447, 1099, 1199, 1570, 1803, 1244, 1772, 1345, 1240, 1006, 1848, 1479, 1452, 1907, 1193, 1626, 1025, 1762, 1154, 1084, 1952, 1572, 1276, 1298, 1353, 1568, 1733, 1267, 1308, 1324, 1030, 1906, 1236, 1361, 1969, 1809, 1637, 1214, 1808, 1518, 1434, 1111, 1842, 1494, 1001, 1073, 1015, 1490, 1270, 1821, 1615, 1157, 1322, 1486, 1357, 1284, 1091, 1449, 1746, 1951, 1165, 1958], "recourse_recommended_ixs": [1983, 1781, 1062, 1428, 1305, 1549, 1731, 1402, 1423, 1369, 1622, 1253, 1580, 1470, 1145, 1708, 1128, 1008, 1373, 1751, 1977, 1250, 1348, 1671, 1334, 1681, 1742, 1516, 1934, 1042, 1945, 1304, 1014, 1593, 1507, 1602, 1903, 1557, 1447, 1099, 1199, 1570, 1803, 1244, 1772, 1345, 1240, 1006, 1848, 1479, 1452, 1907, 1193, 1626, 1025, 1762, 1154, 1084, 1952, 1572, 1276, 1298, 1353, 1568, 1733, 1267, 1308, 1324, 1030, 1906, 1236, 1361, 1969, 1809, 1637, 1214, 1808, 1518, 1434, 1111, 1842, 1494, 1001, 1073, 1015, 1490, 1270, 1821, 1615, 1157, 1322, 1486, 1357, 1284, 1091, 1449, 1746, 1951, 1165, 1958], "perc_recomm_found": 1.0, "gamma": 0.95, "eta": 0.95, "gamma_obs": 1.0, "gamma_obs_pre": 0.029999999329447746, "eta_obs": 0.98, "costs": [1.0, 1.0, 1.0], "lbd": 150.0, "thresh": 0.5, "r_type": "subpopulation", "t_type": "acceptance", "eta_obs_individualized": NaN, "eta_obs_refits_batch0_mean": 0.9480000734329224, "model_score": 0.826, "model_f1": 0.9989417989417989, "model_refits_batch0_scores": [0.999, 0.999, 0.997, 0.998, 0.998], "model_refits_batch0_f1s": [0.9989929506545822, 0.9989929506545822, 0.9969727547931382, 0.9979879275653923, 0.9979838709677419], "model_coef": NaN}