{"accuracy_pre": 0.9, "accuracy_post": 0.96, "recourse_seeking_ixs": [206, 223, 394, 265, 366, 217, 316, 267, 239, 251, 220, 367, 293, 344, 360, 359, 323, 299, 307, 235, 236, 332, 349, 308, 246, 242, 272, 263, 319, 345, 334, 386, 357, 285, 304, 248, 237, 291, 296, 234, 387, 282, 352, 393, 283, 303, 205, 233, 313, 256], "recourse_recommended_ixs": [206, 223, 394, 265, 366, 217, 316, 267, 239, 251, 220, 367, 293, 344, 360, 359, 323, 299, 307, 235, 236, 332, 349, 308, 246, 242, 272, 263, 319, 345, 334, 386, 357, 285, 304, 248, 237, 291, 296, 234, 387, 282, 352, 393, 283, 303, 205, 233, 313, 256], "perc_recomm_found": 1.0, "gamma": 0.9, "eta": 0.9, "gamma_obs": 0.9599999785423279, "gamma_obs_pre": 0.10000000149011612, "eta_obs": 1.0, "costs": [1.0, 1.0, 1.0], "lbd": 300.0, "thresh": 0.5, "r_type": "individualized", "t_type": "improvement", "eta_obs_individualized": 1.0, "eta_obs_refits_batch0_mean": 0.7599999904632568, "model_score": 0.89, "model_f1": 0.892156862745098, "model_refits_batch0_scores": [0.87, 0.855, 0.865, 0.865, 0.87], "model_refits_batch0_f1s": [0.8659793814432989, 0.8542713567839197, 0.8615384615384616, 0.8601036269430051, 0.87], "model_coef": [[-0.050108453450765505, 0.5121042441861384, 1.0732584937145846], [-0.1977041161520433]]}