{"accuracy_pre": 0.88, "accuracy_post": 0.38, "recourse_seeking_ixs": [300, 263, 398, 217, 251, 257, 378, 288, 374, 309, 203, 307, 348, 201, 216, 393, 228, 252, 347, 271, 265, 273, 312, 253, 220, 316, 305, 244, 298, 275, 356, 397, 342, 384, 364, 345, 289, 249, 210, 391, 282, 230, 301, 355, 310, 367, 280, 297, 227, 295], "recourse_recommended_ixs": [300, 263, 398, 217, 251, 257, 378, 288, 374, 309, 203, 307, 348, 201, 216, 393, 228, 252, 347, 271, 265, 273, 312, 253, 220, 316, 305, 244, 298, 275, 356, 397, 342, 384, 364, 345, 289, 249, 210, 391, 282, 230, 301, 355, 310, 367, 280, 297, 227, 295], "perc_recomm_found": 1.0, "gamma": 0.75, "eta": 0.75, "gamma_obs": 0.3799999952316284, "gamma_obs_pre": 0.11999999731779099, "eta_obs": 1.0, "costs": [1.0, 1.0, 1.0], "lbd": 300.0, "thresh": 0.5, "r_type": "individualized", "t_type": "counterfactual", "eta_obs_individualized": NaN, "eta_obs_refits_batch0_mean": 0.8839999437332153, "model_score": 0.88, "model_f1": 0.8736842105263158, "model_refits_batch0_scores": [0.87, 0.855, 0.86, 0.875, 0.89], "model_refits_batch0_f1s": [0.8602150537634408, 0.8449197860962567, 0.8571428571428572, 0.8648648648648649, 0.8865979381443299], "model_coef": [[0.7890316628381474, 0.4105920024567912, 1.8411052935026497], [-0.15842463290751577]]}