{"accuracy_pre": 0.78, "accuracy_post": 0.36, "recourse_seeking_ixs": [223, 279, 263, 238, 228, 342, 353, 372, 377, 287, 384, 259, 271, 330, 374, 386, 226, 233, 270, 214, 211, 209, 253, 308, 295, 258, 283, 201, 383, 285, 322, 357, 398, 276, 355, 261, 221, 282, 249, 200, 313, 250, 363, 208, 337, 335, 389, 391, 275, 268], "recourse_recommended_ixs": [223, 279, 263, 238, 228, 342, 353, 372, 377, 287, 384, 259, 271, 330, 374, 386, 226, 233, 270, 214, 211, 209, 253, 308, 295, 258, 283, 201, 383, 285, 322, 357, 398, 276, 355, 261, 221, 282, 249, 200, 313, 250, 363, 208, 337, 335, 389, 391, 275, 268], "perc_recomm_found": 1.0, "gamma": 0.85, "eta": 0.85, "gamma_obs": 0.36000001430511475, "gamma_obs_pre": 0.2199999988079071, "eta_obs": 1.0, "costs": [1.0, 1.0, 1.0], "lbd": 300.0, "thresh": 0.5, "r_type": "individualized", "t_type": "acceptance", "eta_obs_individualized": NaN, "eta_obs_refits_batch0_mean": 0.7480000257492065, "model_score": 0.84, "model_f1": 0.8350515463917526, "model_refits_batch0_scores": [0.845, 0.83, 0.84, 0.835, 0.81], "model_refits_batch0_f1s": [0.8426395939086294, 0.8229166666666666, 0.8350515463917526, 0.8307692307692308, 0.8020833333333334], "model_coef": [[-0.16946272731113443, 0.5524081474879146, 0.9458878856188276], [-0.9974245096703458]]}