{"accuracy_pre": 0.9, "accuracy_post": 0.48, "recourse_seeking_ixs": [325, 310, 224, 229, 213, 261, 398, 379, 280, 333, 359, 293, 353, 277, 370, 327, 247, 342, 356, 248, 328, 384, 259, 369, 256, 245, 226, 284, 318, 308, 274, 257, 232, 315, 371, 352, 264, 298, 286, 236, 376, 270, 208, 292, 312, 322, 317, 265, 200, 316], "recourse_recommended_ixs": [325, 310, 224, 229, 213, 261, 398, 379, 280, 333, 359, 293, 353, 277, 370, 327, 247, 342, 356, 248, 328, 384, 259, 369, 256, 245, 226, 284, 318, 308, 274, 257, 232, 315, 371, 352, 264, 298, 286, 236, 376, 270, 208, 292, 312, 322, 317, 265, 200, 316], "perc_recomm_found": 1.0, "gamma": 0.85, "eta": 0.85, "gamma_obs": 0.47999998927116394, "gamma_obs_pre": 0.10000000149011612, "eta_obs": 1.0, "costs": [1.0, 1.0, 1.0], "lbd": 300.0, "thresh": 0.5, "r_type": "individualized", "t_type": "counterfactual", "eta_obs_individualized": NaN, "eta_obs_refits_batch0_mean": 0.6119999885559082, "model_score": 0.905, "model_f1": 0.9064039408866995, "model_refits_batch0_scores": [0.9, 0.91, 0.91, 0.905, 0.905], "model_refits_batch0_f1s": [0.9019607843137256, 0.911764705882353, 0.911764705882353, 0.9054726368159205, 0.9073170731707318], "model_coef": [[1.089027674976202, 0.6654537494231874, 1.7076410682394085], [-0.20622991040945868]]}