{"accuracy_pre": 1.0, "accuracy_post": 0.36, "recourse_seeking_ixs": [6542, 6116, 7711, 6571, 5712, 8924, 7595, 5402, 7027, 5187, 5537, 7344, 7498, 7875, 7331, 9512, 5662, 7104, 7763, 5396, 7846, 8772, 6286, 9265, 8364, 8782, 7475, 5257, 7329, 6799, 5089, 7647, 5886, 7927, 6982, 8327, 7634, 6098, 8328, 8452, 7144, 9411, 7244, 6962, 9342, 9685, 6993, 7563, 7564, 9988, 5641, 6466, 8013, 5473, 7263, 8357, 6005, 9455, 7433, 5415, 7504, 8168, 7852, 5468, 8479, 7839, 7444, 9275, 6989, 9951, 9521, 6400, 5960, 8314, 8753, 5392, 8043, 7552, 9459, 6333, 5362, 9431, 8449, 8904, 6880, 7667, 9778, 6704, 6500, 6134, 7203, 7956, 5013, 5832, 8692, 6183, 6459, 6194, 7767, 6759], "recourse_recommended_ixs": [6542, 6116, 7711, 6571, 5712, 8924, 7595, 5402, 7027, 5187, 5537, 7344, 7498, 7875, 7331, 9512, 5662, 7104, 7763, 5396, 7846, 8772, 6286, 9265, 8364, 8782, 7475, 5257, 7329, 6799, 5089, 7647, 5886, 7927, 6982, 8327, 7634, 6098, 8328, 8452, 7144, 9411, 7244, 6962, 9342, 9685, 6993, 7563, 7564, 9988, 5641, 6466, 8013, 5473, 7263, 8357, 6005, 9455, 7433, 5415, 7504, 8168, 7852, 5468, 8479, 7839, 7444, 9275, 6989, 9951, 9521, 6400, 5960, 8314, 8753, 5392, 8043, 7552, 9459, 6333, 5362, 9431, 8449, 8904, 6880, 7667, 9778, 6704, 6500, 6134, 7203, 7956, 5013, 5832, 8692, 6183, 6459, 6194, 7767, 6759], "perc_recomm_found": 1.0, "gamma": 0.5, "eta": 0.5, "gamma_obs": 0.0, "gamma_obs_pre": 0.0, "eta_obs": 0.7, "costs": [10.0, 10.0, 1.0, 1.0, 1.0, 0.1, 0.1], "lbd": 2999.0, "thresh": 0.5, "r_type": "subpopulation", "t_type": "acceptance", "eta_obs_individualized": NaN, "eta_obs_refits_batch0_mean": 0.5419999957084656, "model_score": 0.999, "model_f1": 0.9991226530970346, "model_refits_batch0_scores": [0.9994, 0.9986, 0.9982, 0.9992, 0.9986], "model_refits_batch0_f1s": [0.9994732221246708, 0.9987721452376777, 0.9984207755746621, 0.9992979992979992, 0.9987721452376777], "model_coef": NaN}