{"accuracy_pre": 1.0, "accuracy_post": 0.0, "recourse_seeking_ixs": [286, 324, 265, 231, 268, 393, 394, 363, 217, 303, 209, 326, 211, 398, 236, 352, 205, 396, 307, 323, 321, 297, 239, 345, 292, 300, 385, 275, 219, 235, 269, 273, 330, 259, 200, 369, 296, 250, 339, 313, 283, 264, 362, 308, 241, 379, 298, 373, 294, 329], "recourse_recommended_ixs": [286, 324, 265, 231, 268, 393, 394, 363, 217, 303, 209, 326, 211, 398, 236, 352, 205, 396, 307, 323, 321, 297, 239, 345, 292, 300, 385, 275, 219, 235, 269, 273, 330, 259, 200, 369, 296, 250, 339, 313, 283, 264, 362, 308, 241, 379, 298, 373, 294, 329], "perc_recomm_found": 1.0, "gamma": 0.9, "eta": 0.9, "gamma_obs": 0.0, "gamma_obs_pre": 0.0, "eta_obs": 1.0, "costs": [5.0, 5.0, 0.0001, 0.01, 0.1], "lbd": 300.0, "thresh": 0.5, "r_type": "individualized", "t_type": "acceptance", "eta_obs_individualized": NaN, "eta_obs_refits_batch0_mean": 0.932, "model_score": 0.99, "model_f1": 0.9920634920634921, "model_refits_batch0_scores": [0.995, 0.975, 1.0, 1.0, 0.995], "model_refits_batch0_f1s": [0.9960159362549801, 0.9795918367346939, 1.0, 1.0, 0.9959839357429718], "model_coef": [[-0.50015243757613, 0.78529412098241, 0.007299916183102035, 0.13300725902000954, 0.8165980589084415], [-10.785844977192056]]}