{"accuracy_pre": 1.0, "accuracy_post": 0.69, "recourse_seeking_ixs": [1627, 1470, 1894, 1839, 1020, 1268, 1437, 1256, 1567, 1828, 1346, 1049, 1717, 1911, 1157, 1403, 1211, 1036, 1394, 1546, 1194, 1193, 1975, 1738, 1286, 1296, 1936, 1226, 1171, 1889, 1531, 1244, 1293, 1301, 1109, 1977, 1507, 1693, 1890, 1281, 1332, 1964, 1582, 1324, 1091, 1968, 1572, 1804, 1319, 1309, 1270, 1820, 1502, 1700, 1777, 1808, 1665, 1239, 1362, 1307, 1147, 1851, 1961, 1589, 1759, 1626, 1072, 1802, 1550, 1823, 1629, 1742, 1099, 1838, 1539, 1306, 1794, 1642, 1170, 1238, 1373, 1093, 1158, 1558, 1714, 1304, 1983, 1479, 1520, 1704, 1057, 1322, 1492, 1012, 1731, 1762, 1250, 1907, 1880, 1519], "recourse_recommended_ixs": [1627, 1470, 1894, 1839, 1020, 1268, 1437, 1256, 1567, 1828, 1346, 1049, 1717, 1911, 1157, 1403, 1211, 1036, 1394, 1546, 1194, 1193, 1975, 1738, 1286, 1296, 1936, 1226, 1171, 1889, 1531, 1244, 1293, 1301, 1109, 1977, 1507, 1693, 1890, 1281, 1332, 1964, 1582, 1324, 1091, 1968, 1572, 1804, 1319, 1309, 1270, 1820, 1502, 1700, 1777, 1808, 1665, 1239, 1362, 1307, 1147, 1851, 1961, 1589, 1759, 1626, 1072, 1802, 1550, 1823, 1629, 1742, 1099, 1838, 1539, 1306, 1794, 1642, 1170, 1238, 1373, 1093, 1158, 1558, 1714, 1304, 1983, 1479, 1520, 1704, 1057, 1322, 1492, 1012, 1731, 1762, 1250, 1907, 1880, 1519], "perc_recomm_found": 1.0, "gamma": 0.95, "eta": 0.95, "gamma_obs": 1.0, "gamma_obs_pre": 0.0, "eta_obs": 0.69, "costs": [1.0, 1.0], "lbd": 150.0, "thresh": 0.5, "r_type": "subpopulation", "t_type": "improvement", "eta_obs_individualized": NaN, "eta_obs_refits_batch0_mean": 0.4740000367164612, "model_score": 0.771, "model_f1": 0.9957264957264957, "model_refits_batch0_scores": [0.998, 0.998, 0.998, 0.998, 0.998], "model_refits_batch0_f1s": [0.9979879275653923, 0.9979879275653923, 0.9979879275653923, 0.9979879275653923, 0.9979879275653923], "model_coef": [[-2.3825008588811247, -2.9781260199919783, 3.5658733069994097], [-1.936896338597984]]}