{"accuracy_pre": 1.0, "accuracy_post": 0.94, "recourse_seeking_ixs": [1231, 1879, 1707, 1635, 1460, 1067, 1575, 1659, 1195, 1949, 1313, 1236, 1316, 1293, 1924, 1778, 1835, 1281, 1431, 1233, 1855, 1145, 1486, 1227, 1221, 1923, 1495, 1191, 1289, 1716, 1806, 1519, 1206, 1348, 1168, 1955, 1562, 1982, 1655, 1801, 1467, 1105, 1287, 1681, 1992, 1414, 1858, 1632, 1661, 1469, 1150, 1646, 1911, 1895, 1162, 1873, 1680, 1457, 1352, 1308, 1254, 1007, 1223, 1319, 1267, 1306, 1805, 1907, 1560, 1621, 1408, 1237, 1418, 1900, 1523, 1651, 1985, 1276, 1565, 1178, 1532, 1639, 1711, 1603, 1677, 1065, 1234, 1952, 1033, 1257, 1899, 1356, 1071, 1892, 1329, 1563, 1295, 1938, 1111, 1934], "recourse_recommended_ixs": [1231, 1879, 1707, 1635, 1460, 1067, 1575, 1659, 1195, 1949, 1313, 1236, 1316, 1293, 1924, 1778, 1835, 1281, 1431, 1233, 1855, 1145, 1486, 1227, 1221, 1923, 1495, 1191, 1289, 1716, 1806, 1519, 1206, 1348, 1168, 1955, 1562, 1982, 1655, 1801, 1467, 1105, 1287, 1681, 1992, 1414, 1858, 1632, 1661, 1469, 1150, 1646, 1911, 1895, 1162, 1873, 1680, 1457, 1352, 1308, 1254, 1007, 1223, 1319, 1267, 1306, 1805, 1907, 1560, 1621, 1408, 1237, 1418, 1900, 1523, 1651, 1985, 1276, 1565, 1178, 1532, 1639, 1711, 1603, 1677, 1065, 1234, 1952, 1033, 1257, 1899, 1356, 1071, 1892, 1329, 1563, 1295, 1938, 1111, 1934], "perc_recomm_found": 1.0, "gamma": 0.95, "eta": 0.95, "gamma_obs": 1.0, "gamma_obs_pre": 0.0, "eta_obs": 0.94, "costs": [1.0, 1.0], "lbd": 150.0, "thresh": 0.5, "r_type": "individualized", "t_type": "improvement", "eta_obs_individualized": 1.0, "eta_obs_refits_batch0_mean": 0.8939999341964722, "model_score": 0.883, "model_f1": 0.9990069513406157, "model_refits_batch0_scores": [0.998, 0.998, 0.998, 0.998, 0.998], "model_refits_batch0_f1s": [0.99800796812749, 0.99800796812749, 0.99800796812749, 0.99800796812749, 0.99800796812749], "model_coef": [[-1.4772435662888521, -1.846554638080656, 3.532578813399066], [-1.7375217910702037]]}