{"accuracy_pre": 0.83, "accuracy_post": 0.31, "recourse_seeking_ixs": [819, 707, 962, 645, 931, 825, 512, 637, 569, 795, 840, 607, 919, 715, 794, 589, 960, 988, 761, 778, 918, 510, 611, 987, 874, 798, 659, 944, 639, 964, 678, 679, 734, 688, 877, 726, 740, 847, 923, 756, 508, 544, 845, 730, 528, 844, 780, 976, 894, 748, 621, 583, 739, 983, 640, 957, 858, 713, 619, 708, 683, 536, 855, 532, 813, 937, 779, 854, 711, 564, 821, 814, 952, 993, 930, 689, 533, 695, 642, 743, 800, 797, 504, 860, 616, 627, 604, 624, 549, 938, 804, 948, 574, 530, 790, 503, 716, 547, 560, 949], "recourse_recommended_ixs": [819, 707, 962, 645, 931, 825, 512, 637, 569, 795, 840, 607, 919, 715, 794, 589, 960, 988, 761, 778, 918, 510, 611, 987, 874, 798, 659, 944, 639, 964, 678, 679, 734, 688, 877, 726, 740, 847, 923, 756, 508, 544, 845, 730, 528, 844, 780, 976, 894, 748, 621, 583, 739, 983, 640, 957, 858, 713, 619, 708, 683, 536, 855, 532, 813, 937, 779, 854, 711, 564, 821, 814, 952, 993, 930, 689, 533, 695, 642, 743, 800, 797, 504, 860, 616, 627, 604, 624, 549, 938, 804, 948, 574, 530, 790, 503, 716, 547, 560, 949], "perc_recomm_found": 1.0, "gamma": 0.75, "eta": 0.75, "gamma_obs": 0.20999999344348907, "gamma_obs_pre": 0.17000000178813934, "eta_obs": 1.0, "costs": [1.0, 1.0, 1.0], "lbd": 300.0, "thresh": 0.5, "r_type": "individualized", "t_type": "acceptance", "eta_obs_individualized": NaN, "eta_obs_refits_batch0_mean": 0.41599997878074646, "model_score": 0.796, "model_f1": 0.7892561983471075, "model_refits_batch0_scores": [0.804, 0.782, 0.782, 0.786, 0.806], "model_refits_batch0_f1s": [0.8016194331983807, 0.7705263157894737, 0.7714884696016772, 0.7737843551797039, 0.7966457023060797], "model_coef": NaN}