{"accuracy_pre": 0.97, "accuracy_post": 0.99, "recourse_seeking_ixs": [846, 691, 683, 625, 904, 749, 998, 899, 906, 889, 832, 602, 608, 775, 531, 737, 518, 796, 987, 951, 810, 562, 559, 684, 823, 501, 842, 877, 660, 676, 980, 960, 869, 907, 707, 647, 694, 870, 774, 747, 898, 878, 544, 824, 742, 731, 675, 798, 674, 813, 986, 825, 882, 563, 724, 905, 950, 764, 538, 757, 735, 829, 741, 833, 819, 727, 688, 626, 732, 560, 571, 910, 873, 760, 745, 610, 710, 570, 770, 504, 591, 706, 890, 990, 600, 946, 714, 802, 578, 845, 609, 523, 772, 840, 786, 844, 804, 924, 529, 911], "recourse_recommended_ixs": [846, 691, 683, 625, 904, 749, 998, 899, 906, 889, 832, 602, 608, 775, 531, 737, 518, 796, 987, 951, 810, 562, 559, 684, 823, 501, 842, 877, 660, 676, 980, 960, 869, 907, 707, 647, 694, 870, 774, 747, 898, 878, 544, 824, 742, 731, 675, 798, 674, 813, 986, 825, 882, 563, 724, 905, 950, 764, 538, 757, 735, 829, 741, 833, 819, 727, 688, 626, 732, 560, 571, 910, 873, 760, 745, 610, 710, 570, 770, 504, 591, 706, 890, 990, 600, 946, 714, 802, 578, 845, 609, 523, 772, 840, 786, 844, 804, 924, 529, 911], "perc_recomm_found": 1.0, "gamma": 0.95, "eta": 0.95, "gamma_obs": 0.9800000190734863, "gamma_obs_pre": 0.029999999329447746, "eta_obs": 0.99, "costs": [1.0, 1.0, 1.0], "lbd": 300.0, "thresh": 0.5, "r_type": "subpopulation", "t_type": "improvement", "eta_obs_individualized": NaN, "eta_obs_refits_batch0_mean": 0.9899999499320984, "model_score": 0.838, "model_f1": 0.8799999999999999, "model_refits_batch0_scores": [0.868, 0.852, 0.858, 0.858, 0.848], "model_refits_batch0_f1s": [0.858974358974359, 0.8412017167381973, 0.8459869848156182, 0.8432671081677705, 0.8325991189427313], "model_coef": NaN}