{"accuracy_pre": 0.66, "accuracy_post": 0.44, "recourse_seeking_ixs": [232, 203, 318, 362, 332, 264, 356, 284, 351, 269, 241, 361, 338, 363, 349, 326, 280, 330, 359, 395, 210, 251, 295, 239, 266, 292, 209, 221, 339, 208, 278, 378, 380, 285, 324, 357, 341, 228, 288, 348, 242, 335, 282, 271, 305, 268, 223, 272, 220, 376], "recourse_recommended_ixs": [232, 203, 318, 362, 332, 264, 356, 284, 351, 269, 241, 361, 338, 363, 349, 326, 280, 330, 359, 395, 210, 251, 295, 239, 266, 292, 209, 221, 339, 208, 278, 378, 380, 285, 324, 357, 341, 228, 288, 348, 242, 335, 282, 271, 305, 268, 223, 272, 220, 376], "perc_recomm_found": 1.0, "gamma": 0.95, "eta": 0.95, "gamma_obs": 0.46000000834465027, "gamma_obs_pre": 0.3400000035762787, "eta_obs": 0.94, "costs": [1.0, 1.0, 1.0], "lbd": 300.0, "thresh": 0.5, "r_type": "individualized", "t_type": "counterfactual", "eta_obs_individualized": NaN, "eta_obs_refits_batch0_mean": 0.8200000524520874, "model_score": 0.77, "model_f1": 0.7499999999999999, "model_refits_batch0_scores": [0.765, 0.74, 0.765, 0.77, 0.775], "model_refits_batch0_f1s": [0.748663101604278, 0.711111111111111, 0.748663101604278, 0.7578947368421053, 0.7567567567567568], "model_coef": [[0.39349247911335705, -0.4072471111983574, 1.0604153387299742], [-0.7898469069598224]]}