{"accuracy_pre": 0.86, "accuracy_post": 0.77, "recourse_seeking_ixs": [364, 292, 360, 410, 280, 393, 287, 483, 282, 366, 388, 264, 349, 421, 372, 319, 428, 411, 484, 470, 324, 429, 427, 459, 281, 353, 321, 373, 407, 465, 299, 488, 275, 383, 400, 251, 252, 395, 357, 387, 472, 315, 498, 386, 309, 493, 296, 426, 354, 401, 313, 491, 290, 317, 274, 370, 396, 380, 474, 323, 310, 447, 325, 416, 448, 285, 486, 254, 413, 318, 293, 327, 356, 442, 476, 337, 267, 436, 490, 316, 437, 385, 256, 415, 338, 336, 455, 347, 255, 424, 367, 439, 305, 258, 402, 266, 479, 263, 412, 312], "recourse_recommended_ixs": [364, 292, 360, 410, 280, 393, 287, 483, 282, 366, 388, 264, 349, 421, 372, 319, 428, 411, 484, 470, 324, 429, 427, 459, 281, 353, 321, 373, 407, 465, 299, 488, 275, 383, 400, 251, 252, 395, 357, 387, 472, 315, 498, 386, 309, 493, 296, 426, 354, 401, 313, 491, 290, 317, 274, 370, 396, 380, 474, 323, 310, 447, 325, 416, 448, 285, 486, 254, 413, 318, 293, 327, 356, 442, 476, 337, 267, 436, 490, 316, 437, 385, 256, 415, 338, 336, 455, 347, 255, 424, 367, 439, 305, 258, 402, 266, 479, 263, 412, 312], "perc_recomm_found": 1.0, "gamma": 0.75, "eta": 0.75, "gamma_obs": 0.7300000190734863, "gamma_obs_pre": 0.15000000596046448, "eta_obs": 0.94, "costs": [1.0, 1.0], "lbd": 100.0, "thresh": 0.5, "r_type": "individualized", "t_type": "improvement", "eta_obs_individualized": 0.71, "eta_obs_refits_batch0_mean": 0.9380000233650208, "model_score": 0.832, "model_f1": 0.8333333333333334, "model_refits_batch0_scores": [0.824, 0.832, 0.824, 0.816, 0.808], "model_refits_batch0_f1s": [0.8253968253968254, 0.8278688524590164, 0.8267716535433071, 0.8114754098360656, 0.8080000000000002], "model_coef": NaN}