{"accuracy_pre": 0.9, "accuracy_post": 0.48, "recourse_seeking_ixs": [325, 355, 299, 380, 226, 357, 297, 312, 363, 364, 253, 338, 219, 267, 382, 234, 233, 261, 281, 296, 288, 270, 372, 385, 329, 317, 213, 236, 340, 397, 356, 246, 295, 396, 315, 275, 322, 240, 256, 255, 346, 390, 331, 290, 344, 215, 341, 350, 278, 268], "recourse_recommended_ixs": [325, 355, 299, 380, 226, 357, 297, 312, 363, 364, 253, 338, 219, 267, 382, 234, 233, 261, 281, 296, 288, 270, 372, 385, 329, 317, 213, 236, 340, 397, 356, 246, 295, 396, 315, 275, 322, 240, 256, 255, 346, 390, 331, 290, 344, 215, 341, 350, 278, 268], "perc_recomm_found": 1.0, "gamma": 0.95, "eta": 0.95, "gamma_obs": 0.47999998927116394, "gamma_obs_pre": 0.10000000149011612, "eta_obs": 1.0, "costs": [1.0, 1.0, 1.0], "lbd": 300.0, "thresh": 0.5, "r_type": "individualized", "t_type": "counterfactual", "eta_obs_individualized": NaN, "eta_obs_refits_batch0_mean": 0.36800000071525574, "model_score": 0.87, "model_f1": 0.8686868686868686, "model_refits_batch0_scores": [0.88, 0.875, 0.885, 0.875, 0.87], "model_refits_batch0_f1s": [0.8811881188118813, 0.8768472906403941, 0.8820512820512821, 0.8743718592964823, 0.8712871287128713], "model_coef": [[0.5973060525956149, 0.5490749690946854, 0.8257387641071899], [0.15002915213603144]]}