{"accuracy_pre": 0.93, "accuracy_post": 0.77, "recourse_seeking_ixs": [985, 746, 726, 661, 951, 635, 625, 601, 727, 597, 619, 644, 900, 692, 957, 844, 762, 631, 678, 778, 806, 960, 735, 959, 870, 827, 731, 977, 914, 890, 887, 991, 718, 662, 536, 652, 761, 771, 809, 728, 743, 954, 897, 792, 643, 757, 798, 579, 859, 552, 620, 676, 646, 599, 518, 737, 993, 868, 940, 730, 825, 522, 948, 668, 657, 709, 998, 693, 550, 523, 978, 641, 754, 711, 613, 695, 902, 674, 849, 814, 567, 749, 607, 834, 509, 585, 588, 935, 882, 616, 639, 867, 973, 524, 892, 621, 920, 602, 650, 707], "recourse_recommended_ixs": [985, 746, 726, 661, 951, 635, 625, 601, 727, 597, 619, 644, 900, 692, 957, 844, 762, 631, 678, 778, 806, 960, 735, 959, 870, 827, 731, 977, 914, 890, 887, 991, 718, 662, 536, 652, 761, 771, 809, 728, 743, 954, 897, 792, 643, 757, 798, 579, 859, 552, 620, 676, 646, 599, 518, 737, 993, 868, 940, 730, 825, 522, 948, 668, 657, 709, 998, 693, 550, 523, 978, 641, 754, 711, 613, 695, 902, 674, 849, 814, 567, 749, 607, 834, 509, 585, 588, 935, 882, 616, 639, 867, 973, 524, 892, 621, 920, 602, 650, 707], "perc_recomm_found": 1.0, "gamma": 0.75, "eta": 0.75, "gamma_obs": 0.7699999809265137, "gamma_obs_pre": 0.07000000029802322, "eta_obs": 1.0, "costs": [1.0, 1.0, 1.0], "lbd": 300.0, "thresh": 0.5, "r_type": "subpopulation", "t_type": "improvement", "eta_obs_individualized": NaN, "eta_obs_refits_batch0_mean": 0.9899999499320984, "model_score": 0.856, "model_f1": 0.8747591522157997, "model_refits_batch0_scores": [0.884, 0.892, 0.87, 0.878, 0.874], "model_refits_batch0_f1s": [0.8786610878661086, 0.8805309734513276, 0.8608137044967881, 0.871578947368421, 0.8695652173913043], "model_coef": NaN}