{"accuracy_pre": 0.98, "accuracy_post": 0.07, "recourse_seeking_ixs": [1003, 1268, 1431, 1704, 1732, 1724, 1477, 1682, 1376, 1693, 1821, 1237, 1133, 1727, 1188, 1122, 1284, 1831, 1782, 1272, 1527, 1080, 1354, 1423, 1107, 1985, 1381, 1779, 1873, 1221, 1041, 1982, 1429, 1218, 1673, 1335, 1149, 1614, 1493, 1595, 1566, 1509, 1492, 1472, 1344, 1380, 1239, 1996, 1636, 1813, 1418, 1070, 1455, 1263, 1209, 1859, 1030, 1257, 1899, 1444, 1592, 1657, 1736, 1864, 1161, 1791, 1969, 1814, 1681, 1283, 1410, 1994, 1901, 1319, 1447, 1242, 1941, 1204, 1168, 1069, 1490, 1396, 1512, 1829, 1059, 1479, 1275, 1014, 1082, 1359, 1108, 1308, 1691, 1457, 1790, 1620, 1486, 1217, 1154, 1092], "recourse_recommended_ixs": [1003, 1268, 1431, 1704, 1732, 1724, 1477, 1682, 1376, 1693, 1821, 1237, 1133, 1727, 1188, 1122, 1284, 1831, 1782, 1272, 1527, 1080, 1354, 1423, 1107, 1985, 1381, 1779, 1873, 1221, 1041, 1982, 1429, 1218, 1673, 1335, 1149, 1614, 1493, 1595, 1566, 1509, 1492, 1472, 1344, 1380, 1239, 1996, 1636, 1813, 1418, 1070, 1455, 1263, 1209, 1859, 1030, 1257, 1899, 1444, 1592, 1657, 1736, 1864, 1161, 1791, 1969, 1814, 1681, 1283, 1410, 1994, 1901, 1319, 1447, 1242, 1941, 1204, 1168, 1069, 1490, 1396, 1512, 1829, 1059, 1479, 1275, 1014, 1082, 1359, 1108, 1308, 1691, 1457, 1790, 1620, 1486, 1217, 1154, 1092], "perc_recomm_found": 1.0, "gamma": 0.95, "eta": 0.95, "gamma_obs": 0.07000000029802322, "gamma_obs_pre": 0.019999999552965164, "eta_obs": 1.0, "costs": [1.0, 1.0, 1.0], "lbd": 150.0, "thresh": 0.5, "r_type": "individualized", "t_type": "counterfactual", "eta_obs_individualized": NaN, "eta_obs_refits_batch0_mean": 0.8799999952316284, "model_score": 0.988, "model_f1": 0.9917864476386037, "model_refits_batch0_scores": [0.998, 0.998, 0.998, 0.998, 0.998], "model_refits_batch0_f1s": [0.9979674796747968, 0.9979674796747968, 0.9979674796747968, 0.9979674796747968, 0.9979674796747968], "model_coef": NaN}