{"accuracy_pre": 0.12, "accuracy_post": 0.68, "recourse_seeking_ixs": [1914, 1216, 1263, 1931, 1077, 1372, 1907, 1019, 1617, 1953, 1560, 1496, 1277, 1667, 1253, 1733, 1650, 1836, 1281, 1747, 1061, 1983, 1266, 1356, 1896, 1217, 1492, 1041, 1645, 1102, 1717, 1743, 1949, 1115, 1848, 1320, 1964, 1950, 1732, 1212, 1308, 1533, 1146, 1988, 1495, 1385, 1288, 1233, 1955, 1784, 1541, 1036, 1557, 1588, 1826, 1110, 1289, 1145, 1006, 1938, 1746, 1726, 1831, 1520, 1398, 1591, 1842, 1420, 1257, 1681, 1674, 1771, 1227, 1798, 1303, 1685, 1205, 1773, 1725, 1537, 1926, 1576, 1505, 1097, 1161, 1523, 1785, 1652, 1991, 1694, 1900, 1898, 1859, 1811, 1886, 1978, 1483, 1994, 1549, 1562], "recourse_recommended_ixs": [1914, 1216, 1263, 1931, 1019, 1560, 1496, 1277, 1253, 1733, 1747, 1983, 1266, 1896, 1492, 1041, 1645, 1102, 1717, 1115, 1848, 1320, 1950, 1732, 1212, 1308, 1533, 1233, 1784, 1541, 1036, 1588, 1826, 1289, 1145, 1938, 1746, 1726, 1831, 1398, 1591, 1842, 1420, 1681, 1674, 1227, 1798, 1205, 1773, 1725, 1926, 1505, 1097, 1161, 1785, 1652, 1991, 1694, 1900, 1859, 1811, 1978, 1483, 1562], "perc_recomm_found": 0.64, "gamma": 0.95, "eta": 0.95, "gamma_obs": 1.0, "gamma_obs_pre": 0.859375, "eta_obs": 1.0, "costs": [1.0, 1.0], "lbd": 150.0, "thresh": 0.5, "r_type": "individualized", "t_type": "improvement", "eta_obs_individualized": 0.84375, "eta_obs_refits_batch0_mean": 0.9937499761581421, "model_score": 0.167, "model_f1": 0.9970617042115573, "model_refits_batch0_scores": [0.998, 0.998, 1.0, 0.998, 0.998], "model_refits_batch0_f1s": [0.99800796812749, 0.99800796812749, 1.0, 0.99800796812749, 0.99800796812749], "model_coef": NaN}