{"accuracy_pre": 1.0, "accuracy_post": 0.93, "recourse_seeking_ixs": [1496, 1779, 1836, 1288, 1672, 1909, 1661, 1941, 1603, 1356, 1072, 1724, 1640, 1881, 1171, 1528, 1029, 1493, 1195, 1225, 1291, 1080, 1103, 1286, 1174, 1676, 1091, 1691, 1791, 1073, 1828, 1127, 1329, 1931, 1244, 1204, 1587, 1270, 1764, 1135, 1763, 1161, 1925, 1649, 1846, 1484, 1761, 1180, 1736, 1682, 1298, 1675, 1152, 1211, 1686, 1981, 1921, 1570, 1838, 1172, 1977, 1408, 1467, 1333, 1337, 1084, 1814, 1555, 1630, 1353, 1455, 1068, 1299, 1039, 1518, 1100, 1088, 1290, 1623, 1335, 1041, 1671, 1234, 1014, 1996, 1483, 1501, 1423, 1104, 1652, 1401, 1199, 1708, 1952, 1747, 1284, 1396, 1382, 1351, 1409], "recourse_recommended_ixs": [1496, 1779, 1836, 1288, 1672, 1909, 1661, 1941, 1603, 1356, 1072, 1724, 1640, 1881, 1171, 1528, 1029, 1493, 1195, 1225, 1291, 1080, 1103, 1286, 1174, 1676, 1091, 1691, 1791, 1073, 1828, 1127, 1329, 1931, 1244, 1204, 1587, 1270, 1764, 1135, 1763, 1161, 1925, 1649, 1846, 1484, 1761, 1180, 1736, 1682, 1298, 1675, 1152, 1211, 1686, 1981, 1921, 1570, 1838, 1172, 1977, 1408, 1467, 1333, 1337, 1084, 1814, 1555, 1630, 1353, 1455, 1068, 1299, 1039, 1518, 1100, 1088, 1290, 1623, 1335, 1041, 1671, 1234, 1014, 1996, 1483, 1501, 1423, 1104, 1652, 1401, 1199, 1708, 1952, 1747, 1284, 1396, 1382, 1351, 1409], "perc_recomm_found": 1.0, "gamma": 0.75, "eta": 0.75, "gamma_obs": 1.0, "gamma_obs_pre": 0.0, "eta_obs": 0.93, "costs": [1.0, 1.0, 1.0], "lbd": 150.0, "thresh": 0.5, "r_type": "individualized", "t_type": "improvement", "eta_obs_individualized": 1.0, "eta_obs_refits_batch0_mean": 0.9300000071525574, "model_score": 0.811, "model_f1": 1.0, "model_refits_batch0_scores": [1.0, 1.0, 0.997, 0.997, 1.0], "model_refits_batch0_f1s": [1.0, 1.0, 0.9969356486210419, 0.9969356486210419, 1.0], "model_coef": NaN}