{"accuracy_pre": 0.98, "accuracy_post": 0.99, "recourse_seeking_ixs": [1935, 1961, 1902, 1034, 1648, 1797, 1433, 1789, 1388, 1840, 1633, 1225, 1528, 1962, 1413, 1284, 1795, 1320, 1788, 1794, 1805, 1013, 1892, 1535, 1063, 1366, 1931, 1641, 1914, 1992, 1978, 1269, 1285, 1314, 1574, 1072, 1316, 1291, 1798, 1276, 1711, 1626, 1099, 1990, 1055, 1875, 1420, 1016, 1621, 1191, 1170, 1771, 1861, 1006, 1199, 1642, 1655, 1976, 1983, 1575, 1499, 1145, 1895, 1363, 1652, 1567, 1067, 1988, 1831, 1617, 1071, 1717, 1532, 1781, 1986, 1469, 1568, 1159, 1025, 1884, 1161, 1639, 1257, 1097, 1801, 1340, 1431, 1603, 1913, 1968, 1839, 1632, 1725, 1112, 1871, 1519, 1852, 1057, 1735, 1093], "recourse_recommended_ixs": [1935, 1961, 1902, 1034, 1648, 1797, 1433, 1789, 1388, 1840, 1633, 1225, 1528, 1962, 1413, 1284, 1795, 1320, 1788, 1794, 1805, 1013, 1892, 1535, 1063, 1366, 1931, 1641, 1914, 1992, 1978, 1269, 1285, 1314, 1574, 1072, 1316, 1291, 1798, 1276, 1711, 1626, 1099, 1990, 1055, 1875, 1420, 1016, 1621, 1191, 1170, 1771, 1861, 1006, 1199, 1642, 1655, 1976, 1983, 1575, 1499, 1145, 1895, 1363, 1652, 1567, 1067, 1988, 1831, 1617, 1071, 1717, 1532, 1781, 1986, 1469, 1568, 1159, 1025, 1884, 1161, 1639, 1257, 1097, 1801, 1340, 1431, 1603, 1913, 1968, 1839, 1632, 1725, 1112, 1871, 1519, 1852, 1057, 1735, 1093], "perc_recomm_found": 1.0, "gamma": 0.75, "eta": 0.75, "gamma_obs": 0.9900000095367432, "gamma_obs_pre": 0.019999999552965164, "eta_obs": 1.0, "costs": [1.0, 1.0, 1.0], "lbd": 150.0, "thresh": 0.5, "r_type": "individualized", "t_type": "acceptance", "eta_obs_individualized": NaN, "eta_obs_refits_batch0_mean": 0.9420000314712524, "model_score": 0.991, "model_f1": 0.9990167158308751, "model_refits_batch0_scores": [0.997, 0.994, 0.996, 0.994, 0.996], "model_refits_batch0_f1s": [0.9970089730807578, 0.9939999999999999, 0.9960079840319361, 0.9939999999999999, 0.9960079840319361], "model_coef": NaN}