{"accuracy_pre": 1.0, "accuracy_post": 1.0, "recourse_seeking_ixs": [338, 263, 335, 289, 252, 325, 315, 329, 248, 274, 368, 319, 362, 276, 297, 399, 273, 355, 247, 301, 209, 304, 272, 262, 217, 267, 232, 291, 397, 342, 351, 279, 365, 261, 221, 245, 298, 390, 260, 302, 328, 385, 380, 249, 326, 246, 357, 346, 321, 398], "recourse_recommended_ixs": [338, 263, 335, 289, 252, 325, 315, 329, 248, 274, 368, 319, 362, 276, 297, 399, 273, 355, 247, 301, 209, 304, 272, 262, 217, 267, 232, 291, 397, 342, 351, 279, 365, 261, 221, 245, 298, 390, 260, 302, 328, 385, 380, 249, 326, 246, 357, 346, 321, 398], "perc_recomm_found": 1.0, "gamma": 0.9, "eta": 0.9, "gamma_obs": 0.94, "gamma_obs_pre": 0.0, "eta_obs": 0.94, "costs": [5.0, 5.0], "lbd": 300.0, "thresh": 0.5, "r_type": "individualized", "t_type": "improvement", "eta_obs_individualized": 0.94, "eta_obs_refits_batch0_mean": 0.9279999999999999, "model_score": 0.995, "model_f1": 0.9964664310954063, "model_refits_batch0_scores": [0.99, 0.99, 1.0, 0.99, 0.985], "model_refits_batch0_f1s": [0.9929078014184397, 0.9929078014184397, 1.0, 0.9929078014184397, 0.9893992932862191], "model_coef": [[-0.22838770457895688, 0.5617071882378231, 0.006979002345526681, 0.21053030234592862, 1.0482022451566788], [-13.853632549890277]]}