{"accuracy_pre": 0.9696969696969697, "accuracy_post": 0.8080808080808081, "recourse_seeking_ixs": [979, 739, 878, 884, 718, 947, 811, 605, 818, 776, 922, 741, 995, 791, 649, 580, 603, 565, 848, 885, 929, 620, 686, 645, 704, 750, 651, 617, 766, 506, 583, 984, 754, 749, 945, 551, 936, 795, 752, 717, 870, 730, 990, 560, 847, 671, 599, 614, 858, 857, 627, 844, 608, 988, 924, 908, 670, 926, 935, 927, 531, 523, 911, 839, 543, 648, 623, 783, 679, 998, 756, 517, 674, 691, 877, 713, 722, 712, 592, 733, 587, 809, 662, 716, 952, 975, 683, 954, 514, 549, 559, 838, 769, 666, 815, 510, 856, 547, 925], "recourse_recommended_ixs": [979, 739, 878, 884, 718, 947, 811, 605, 818, 776, 922, 741, 995, 791, 649, 580, 603, 565, 848, 885, 929, 620, 686, 645, 704, 750, 651, 617, 766, 506, 583, 984, 754, 749, 945, 551, 936, 795, 752, 717, 870, 730, 990, 560, 847, 671, 599, 614, 858, 857, 627, 844, 608, 988, 924, 908, 670, 926, 935, 927, 531, 523, 911, 839, 543, 648, 623, 783, 679, 998, 756, 517, 674, 691, 877, 713, 722, 712, 592, 733, 587, 809, 662, 716, 952, 975, 683, 954, 514, 549, 559, 838, 769, 666, 815, 510, 856, 547, 925], "perc_recomm_found": 1.0, "gamma": 0.75, "eta": 0.75, "gamma_obs": 0.808080792427063, "gamma_obs_pre": 0.03030303120613098, "eta_obs": 1.0, "costs": [1.0, 1.0, 1.0], "lbd": 300.0, "thresh": 0.5, "r_type": "individualized", "t_type": "improvement", "eta_obs_individualized": 1.0, "eta_obs_refits_batch0_mean": 1.0, "model_score": 0.692, "model_f1": 0.8299595141700405, "model_refits_batch0_scores": [0.848, 0.848, 0.854, 0.86, 0.86], "model_refits_batch0_f1s": [0.8560606060606061, 0.8538461538461539, 0.858252427184466, 0.8622047244094487, 0.8653846153846154], "model_coef": [[0.4785356577166362, 0.5453121859304917, 1.0835655347085427], [0.2661836809075705]]}