{"inv": 0.9494949494949495, "val_m2": 0.050505050505050504, "val_m1": 1.0}