{"accuracy_pre": 0.82, "accuracy_post": 0.26, "recourse_seeking_ixs": [228, 318, 395, 361, 351, 222, 307, 324, 280, 302, 375, 239, 313, 268, 260, 369, 396, 240, 335, 344, 265, 381, 353, 243, 387, 355, 298, 208, 356, 225, 221, 331, 365, 389, 362, 278, 359, 230, 229, 334, 242, 287, 217, 201, 212, 238, 380, 286, 295, 288], "recourse_recommended_ixs": [228, 318, 395, 361, 351, 222, 307, 324, 280, 302, 375, 239, 313, 268, 260, 369, 396, 240, 335, 344, 265, 381, 353, 243, 387, 355, 298, 208, 356, 225, 221, 331, 365, 389, 362, 278, 359, 230, 229, 334, 242, 287, 217, 201, 212, 238, 380, 286, 295, 288], "perc_recomm_found": 1.0, "gamma": 0.9, "eta": 0.9, "gamma_obs": 0.25999999046325684, "gamma_obs_pre": 0.18000000715255737, "eta_obs": 1.0, "costs": [1.0, 1.0, 1.0], "lbd": 300.0, "thresh": 0.5, "r_type": "subpopulation", "t_type": "acceptance", "eta_obs_individualized": NaN, "eta_obs_refits_batch0_mean": 0.7080000042915344, "model_score": 0.845, "model_f1": 0.8426395939086295, "model_refits_batch0_scores": [0.835, 0.825, 0.825, 0.84, 0.835], "model_refits_batch0_f1s": [0.8341708542713568, 0.8167539267015707, 0.8205128205128205, 0.836734693877551, 0.8307692307692308], "model_coef": [[-0.6699833114956859, 0.22484049456811017, 1.0717938874424642], [-0.6204087413136883]]}