{"accuracy_pre": 0.89, "accuracy_post": 0.74, "recourse_seeking_ixs": [851, 629, 801, 633, 514, 809, 688, 836, 756, 984, 689, 944, 615, 907, 660, 787, 805, 727, 627, 753, 800, 614, 620, 757, 857, 760, 933, 569, 506, 628, 936, 762, 939, 523, 890, 804, 821, 796, 993, 828, 758, 958, 970, 632, 680, 643, 700, 746, 773, 589, 978, 959, 847, 729, 983, 966, 698, 985, 677, 731, 722, 961, 536, 548, 685, 676, 586, 566, 607, 505, 594, 679, 826, 720, 574, 516, 663, 608, 646, 716, 928, 695, 883, 737, 814, 740, 529, 943, 622, 546, 669, 694, 713, 618, 699, 570, 808, 661, 948, 739], "recourse_recommended_ixs": [851, 629, 801, 633, 514, 809, 688, 836, 756, 984, 689, 944, 615, 907, 660, 787, 805, 727, 627, 753, 800, 614, 620, 757, 857, 760, 933, 569, 506, 628, 936, 762, 939, 523, 890, 804, 821, 796, 993, 828, 758, 958, 970, 632, 680, 643, 700, 746, 773, 589, 978, 959, 847, 729, 983, 966, 698, 985, 677, 731, 722, 961, 536, 548, 685, 676, 586, 566, 607, 505, 594, 679, 826, 720, 574, 516, 663, 608, 646, 716, 928, 695, 883, 737, 814, 740, 529, 943, 622, 546, 669, 694, 713, 618, 699, 570, 808, 661, 948, 739], "perc_recomm_found": 1.0, "gamma": 0.75, "eta": 0.75, "gamma_obs": 0.6899999976158142, "gamma_obs_pre": 0.10999999940395355, "eta_obs": 0.91, "costs": [1.0, 1.0], "lbd": 300.0, "thresh": 0.5, "r_type": "subpopulation", "t_type": "improvement", "eta_obs_individualized": NaN, "eta_obs_refits_batch0_mean": 0.8940000534057617, "model_score": 0.814, "model_f1": 0.8119658119658121, "model_refits_batch0_scores": [0.778, 0.794, 0.784, 0.802, 0.806], "model_refits_batch0_f1s": [0.7412587412587412, 0.7736263736263737, 0.7440758293838863, 0.7724137931034482, 0.7868131868131869], "model_coef": NaN}