{"accuracy_pre": 0.88, "accuracy_post": 0.4, "recourse_seeking_ixs": [257, 290, 382, 256, 366, 281, 268, 385, 386, 266, 207, 369, 286, 307, 312, 346, 299, 319, 351, 202, 344, 381, 374, 304, 215, 296, 213, 261, 397, 303, 392, 320, 228, 295, 391, 318, 252, 221, 364, 229, 316, 347, 241, 291, 239, 338, 363, 283, 372, 246], "recourse_recommended_ixs": [257, 290, 382, 256, 366, 281, 268, 385, 386, 266, 207, 369, 286, 307, 312, 346, 299, 319, 351, 202, 344, 381, 374, 304, 215, 296, 213, 261, 397, 303, 392, 320, 228, 295, 391, 318, 252, 221, 364, 229, 316, 347, 241, 291, 239, 338, 363, 283, 372, 246], "perc_recomm_found": 1.0, "gamma": 0.85, "eta": 0.85, "gamma_obs": 0.4000000059604645, "gamma_obs_pre": 0.11999999731779099, "eta_obs": 1.0, "costs": [1.0, 1.0, 1.0], "lbd": 300.0, "thresh": 0.5, "r_type": "individualized", "t_type": "counterfactual", "eta_obs_individualized": NaN, "eta_obs_refits_batch0_mean": 0.2800000309944153, "model_score": 0.88, "model_f1": 0.8787878787878788, "model_refits_batch0_scores": [0.86, 0.89, 0.86, 0.87, 0.89], "model_refits_batch0_f1s": [0.8541666666666666, 0.8900000000000001, 0.8526315789473685, 0.865979381443299, 0.8910891089108911], "model_coef": [[0.48356916298123404, 0.673915414008556, 1.2418191204873157], [0.13055598237106933]]}