{"accuracy_pre": 1.0, "accuracy_post": 1.0, "recourse_seeking_ixs": [1674, 1363, 1990, 1376, 1872, 1184, 1895, 1842, 1871, 1961, 1440, 1400, 1723, 1985, 1726, 1289, 1036, 1434, 1901, 1324, 1383, 1996, 1284, 1933, 1650, 1681, 1865, 1998, 1978, 1317, 1827, 1103, 1665, 1914, 1552, 1370, 1257, 1205, 1484, 1420, 1619, 1840, 1679, 1773, 1968, 1898, 1087, 1009, 1462, 1234, 1517, 1143, 1816, 1293, 1572, 1287, 1179, 1362, 1443, 1953, 1697, 1736, 1364, 1784, 1276, 1057, 1470, 1864, 1574, 1926, 1690, 1977, 1072, 1742, 1696, 1033, 1331, 1519, 1906, 1942, 1178, 1203, 1320, 1823, 1302, 1883, 1858, 1349, 1067, 1922, 1344, 1587, 1938, 1186, 1028, 1332, 1900, 1668, 1820, 1713], "recourse_recommended_ixs": [1674, 1363, 1990, 1376, 1872, 1184, 1895, 1842, 1871, 1961, 1440, 1400, 1723, 1985, 1726, 1289, 1036, 1434, 1901, 1324, 1383, 1996, 1284, 1933, 1650, 1681, 1865, 1998, 1978, 1317, 1827, 1103, 1665, 1914, 1552, 1370, 1257, 1205, 1484, 1420, 1619, 1840, 1679, 1773, 1968, 1898, 1087, 1009, 1462, 1234, 1517, 1143, 1816, 1293, 1572, 1287, 1179, 1362, 1443, 1953, 1697, 1736, 1364, 1784, 1276, 1057, 1470, 1864, 1574, 1926, 1690, 1977, 1072, 1742, 1696, 1033, 1331, 1519, 1906, 1942, 1178, 1203, 1320, 1823, 1302, 1883, 1858, 1349, 1067, 1922, 1344, 1587, 1938, 1186, 1028, 1332, 1900, 1668, 1820, 1713], "perc_recomm_found": 1.0, "gamma": 0.75, "eta": 0.75, "gamma_obs": 1.0, "gamma_obs_pre": 0.0, "eta_obs": 1.0, "costs": [1.0, 1.0, 1.0], "lbd": 150.0, "thresh": 0.5, "r_type": "individualized", "t_type": "acceptance", "eta_obs_individualized": NaN, "eta_obs_refits_batch0_mean": 0.9340000152587891, "model_score": 0.912, "model_f1": 1.0, "model_refits_batch0_scores": [0.993, 1.0, 0.996, 0.996, 0.994], "model_refits_batch0_f1s": [0.992964824120603, 1.0, 0.9959919839679359, 0.9959919839679359, 0.9939759036144578], "model_coef": NaN}