{"accuracy_pre": 0.74, "accuracy_post": 0.28, "recourse_seeking_ixs": [385, 213, 353, 305, 299, 333, 262, 386, 294, 243, 295, 216, 330, 234, 361, 267, 207, 334, 362, 324, 374, 302, 239, 200, 219, 391, 206, 350, 321, 251, 284, 226, 241, 376, 298, 313, 201, 292, 277, 276, 272, 343, 271, 231, 379, 359, 339, 351, 259, 278], "recourse_recommended_ixs": [385, 213, 353, 305, 299, 333, 262, 386, 294, 243, 295, 216, 330, 234, 361, 267, 207, 334, 362, 324, 374, 302, 239, 200, 219, 391, 206, 350, 321, 251, 284, 226, 241, 376, 298, 313, 201, 292, 277, 276, 272, 343, 271, 231, 379, 359, 339, 351, 259, 278], "perc_recomm_found": 1.0, "gamma": 0.95, "eta": 0.95, "gamma_obs": 0.2800000011920929, "gamma_obs_pre": 0.25999999046325684, "eta_obs": 1.0, "costs": [1.0, 1.0, 1.0], "lbd": 300.0, "thresh": 0.5, "r_type": "subpopulation", "t_type": "acceptance", "eta_obs_individualized": NaN, "eta_obs_refits_batch0_mean": 0.9079999923706055, "model_score": 0.77, "model_f1": 0.7499999999999999, "model_refits_batch0_scores": [0.765, 0.74, 0.765, 0.77, 0.775], "model_refits_batch0_f1s": [0.748663101604278, 0.711111111111111, 0.748663101604278, 0.7578947368421053, 0.7567567567567568], "model_coef": [[0.39349247911335705, -0.4072471111983574, 1.0604153387299742], [-0.7898469069598224]]}