{"accuracy_pre": 0.86, "accuracy_post": 0.9, "recourse_seeking_ixs": [392, 314, 315, 253, 210, 348, 385, 217, 250, 395, 251, 227, 249, 206, 287, 386, 329, 246, 235, 237, 328, 343, 242, 307, 365, 281, 396, 383, 264, 296, 283, 399, 277, 397, 286, 288, 214, 378, 216, 213, 377, 240, 232, 393, 376, 229, 258, 319, 254, 225], "recourse_recommended_ixs": [392, 314, 315, 253, 210, 348, 385, 217, 250, 395, 251, 227, 249, 206, 287, 386, 329, 246, 235, 237, 328, 343, 242, 307, 365, 281, 396, 383, 264, 296, 283, 399, 277, 397, 286, 288, 214, 378, 216, 213, 377, 240, 232, 393, 376, 229, 258, 319, 254, 225], "perc_recomm_found": 1.0, "gamma": 0.9, "eta": 0.9, "gamma_obs": 0.8799999952316284, "gamma_obs_pre": 0.14000000059604645, "eta_obs": 0.98, "costs": [1.0, 1.0], "lbd": 300.0, "thresh": 0.5, "r_type": "subpopulation", "t_type": "improvement", "eta_obs_individualized": NaN, "eta_obs_refits_batch0_mean": 0.9880000352859497, "model_score": 0.835, "model_f1": 0.8390243902439025, "model_refits_batch0_scores": [0.835, 0.84, 0.82, 0.845, 0.84], "model_refits_batch0_f1s": [0.8358208955223881, 0.8446601941747572, 0.8333333333333333, 0.8472906403940886, 0.8476190476190476], "model_coef": [[0.07555500994582112, -0.07452316822195457, 1.0670498870394096], [-0.4901403155014133]]}