{"accuracy_pre": 0.73, "accuracy_post": 0.92, "recourse_seeking_ixs": [578, 642, 900, 552, 898, 990, 968, 758, 994, 563, 567, 756, 948, 760, 594, 631, 641, 736, 996, 763, 634, 645, 937, 980, 713, 875, 562, 817, 865, 643, 500, 941, 612, 726, 963, 888, 733, 517, 845, 946, 544, 501, 623, 959, 901, 755, 526, 704, 535, 764, 836, 737, 880, 949, 720, 676, 867, 911, 568, 823, 696, 827, 761, 502, 847, 545, 998, 652, 528, 577, 776, 723, 596, 849, 768, 610, 608, 554, 640, 648, 519, 617, 595, 513, 629, 999, 869, 592, 757, 854, 871, 859, 874, 975, 719, 931, 842, 828, 819, 879], "recourse_recommended_ixs": [642, 900, 552, 898, 968, 758, 994, 563, 567, 756, 948, 760, 594, 631, 641, 736, 763, 634, 645, 937, 980, 875, 562, 817, 500, 941, 612, 726, 963, 888, 733, 517, 544, 501, 623, 959, 526, 704, 535, 836, 737, 949, 720, 676, 568, 823, 696, 827, 502, 847, 545, 998, 652, 528, 577, 776, 723, 596, 849, 768, 610, 608, 554, 617, 595, 869, 592, 757, 854, 871, 859, 874, 975, 719, 931, 842, 828, 819, 879], "perc_recomm_found": 0.79, "gamma": 0.95, "eta": 0.95, "gamma_obs": 0.9620253443717957, "gamma_obs_pre": 0.27848100662231445, "eta_obs": 1.0, "costs": [1.0, 1.0], "lbd": 300.0, "thresh": 0.5, "r_type": "individualized", "t_type": "improvement", "eta_obs_individualized": 0.9873417721518988, "eta_obs_refits_batch0_mean": 1.0, "model_score": 0.77, "model_f1": 0.8007736943907158, "model_refits_batch0_scores": [0.824, 0.81, 0.816, 0.818, 0.816], "model_refits_batch0_f1s": [0.8181818181818183, 0.7921225382932165, 0.7991266375545851, 0.7982261640798226, 0.800865800865801], "model_coef": NaN}