{"accuracy_pre": 0.78, "accuracy_post": 0.39, "recourse_seeking_ixs": [396, 395, 483, 429, 360, 317, 458, 418, 274, 448, 426, 355, 320, 393, 309, 362, 436, 272, 340, 445, 447, 326, 435, 408, 413, 289, 350, 282, 387, 302, 391, 316, 279, 399, 290, 433, 258, 342, 499, 484, 314, 434, 339, 337, 284, 415, 354, 411, 250, 438, 370, 291, 450, 375, 400, 410, 466, 498, 495, 383, 423, 476, 352, 376, 403, 322, 488, 491, 363, 480, 367, 348, 479, 379, 496, 366, 349, 365, 298, 278, 332, 297, 428, 449, 364, 371, 481, 463, 388, 468, 492, 454, 409, 300, 424, 351, 420, 457, 384, 341], "recourse_recommended_ixs": [396, 395, 483, 429, 360, 317, 458, 418, 274, 448, 426, 355, 320, 393, 309, 362, 436, 272, 340, 445, 447, 326, 435, 408, 413, 289, 350, 282, 387, 302, 391, 316, 279, 399, 290, 433, 258, 342, 499, 484, 314, 434, 339, 337, 284, 415, 354, 411, 250, 438, 370, 291, 450, 375, 400, 410, 466, 498, 495, 383, 423, 476, 352, 376, 403, 322, 488, 491, 363, 480, 367, 348, 479, 379, 496, 366, 349, 365, 298, 278, 332, 297, 428, 449, 364, 371, 481, 463, 388, 468, 492, 454, 409, 300, 424, 351, 420, 457, 384, 341], "perc_recomm_found": 1.0, "gamma": 0.75, "eta": 0.75, "gamma_obs": 0.3700000047683716, "gamma_obs_pre": 0.2199999988079071, "eta_obs": 0.98, "costs": [1.0, 1.0, 1.0], "lbd": 100.0, "thresh": 0.5, "r_type": "subpopulation", "t_type": "acceptance", "eta_obs_individualized": NaN, "eta_obs_refits_batch0_mean": 0.47599998116493225, "model_score": 0.816, "model_f1": 0.8174603174603174, "model_refits_batch0_scores": [0.82, 0.8, 0.788, 0.82, 0.82], "model_refits_batch0_f1s": [0.8235294117647058, 0.7983870967741935, 0.7744680851063831, 0.8275862068965518, 0.8221343873517786], "model_coef": [[0.364131442133878, 0.5473275596048564, 0.8624555193504215], [-0.8739401198090159]]}