{"accuracy_pre": 0.8, "accuracy_post": 0.7, "recourse_seeking_ixs": [603, 568, 646, 894, 953, 951, 728, 856, 802, 916, 814, 745, 586, 759, 704, 686, 642, 620, 560, 986, 664, 779, 506, 901, 842, 752, 737, 954, 776, 724, 520, 955, 690, 623, 738, 893, 937, 708, 852, 859, 668, 661, 973, 746, 774, 505, 907, 786, 941, 744, 583, 585, 547, 840, 526, 982, 994, 830, 924, 855, 996, 723, 509, 762, 510, 818, 755, 928, 948, 609, 791, 904, 936, 630, 796, 864, 789, 709, 612, 770, 782, 587, 822, 595, 721, 602, 563, 946, 891, 843, 939, 604, 508, 650, 540, 677, 546, 590, 777, 905], "recourse_recommended_ixs": [603, 568, 646, 894, 953, 951, 728, 856, 802, 916, 814, 745, 586, 759, 704, 686, 642, 620, 560, 986, 664, 779, 506, 901, 842, 752, 737, 954, 776, 724, 520, 955, 690, 623, 738, 893, 937, 708, 852, 859, 668, 661, 973, 746, 774, 505, 907, 786, 941, 744, 583, 585, 547, 840, 526, 982, 994, 830, 924, 855, 996, 723, 509, 762, 510, 818, 755, 928, 948, 609, 791, 904, 936, 630, 796, 864, 789, 709, 612, 770, 782, 587, 822, 595, 721, 602, 563, 946, 891, 843, 939, 604, 508, 650, 540, 677, 546, 590, 777, 905], "perc_recomm_found": 1.0, "gamma": 0.75, "eta": 0.75, "gamma_obs": 0.6899999976158142, "gamma_obs_pre": 0.20000000298023224, "eta_obs": 0.99, "costs": [1.0, 1.0], "lbd": 300.0, "thresh": 0.5, "r_type": "individualized", "t_type": "improvement", "eta_obs_individualized": 0.8, "eta_obs_refits_batch0_mean": 0.972000002861023, "model_score": 0.816, "model_f1": 0.8615384615384615, "model_refits_batch0_scores": [0.778, 0.794, 0.784, 0.802, 0.806], "model_refits_batch0_f1s": [0.7412587412587412, 0.7736263736263737, 0.7440758293838863, 0.7724137931034482, 0.7868131868131869], "model_coef": NaN}