{"accuracy_pre": 0.84, "accuracy_post": 0.35, "recourse_seeking_ixs": [975, 784, 541, 509, 757, 700, 662, 590, 733, 717, 889, 876, 656, 601, 577, 895, 935, 675, 819, 807, 643, 830, 503, 873, 644, 744, 749, 547, 587, 866, 713, 847, 712, 967, 786, 846, 721, 854, 508, 930, 532, 554, 771, 689, 734, 514, 718, 685, 878, 716, 945, 551, 682, 501, 958, 668, 602, 614, 552, 828, 899, 637, 850, 542, 918, 695, 844, 767, 516, 722, 852, 702, 877, 762, 624, 704, 858, 768, 996, 857, 580, 992, 725, 754, 888, 782, 521, 586, 865, 544, 743, 956, 553, 887, 923, 611, 698, 740, 693, 658], "recourse_recommended_ixs": [975, 784, 541, 509, 757, 700, 662, 590, 733, 717, 889, 876, 656, 601, 577, 895, 935, 675, 819, 807, 643, 830, 503, 873, 644, 744, 749, 547, 587, 866, 713, 847, 712, 967, 786, 846, 721, 854, 508, 930, 532, 554, 771, 689, 734, 514, 718, 685, 878, 716, 945, 551, 682, 501, 958, 668, 602, 614, 552, 828, 899, 637, 850, 542, 918, 695, 844, 767, 516, 722, 852, 702, 877, 762, 624, 704, 858, 768, 996, 857, 580, 992, 725, 754, 888, 782, 521, 586, 865, 544, 743, 956, 553, 887, 923, 611, 698, 740, 693, 658], "perc_recomm_found": 1.0, "gamma": 0.95, "eta": 0.95, "gamma_obs": 0.20000000298023224, "gamma_obs_pre": 0.1599999964237213, "eta_obs": 0.92, "costs": [1.0, 1.0, 1.0], "lbd": 300.0, "thresh": 0.5, "r_type": "individualized", "t_type": "counterfactual", "eta_obs_individualized": NaN, "eta_obs_refits_batch0_mean": 0.4240000247955322, "model_score": 0.822, "model_f1": 0.83984375, "model_refits_batch0_scores": [0.81, 0.802, 0.812, 0.784, 0.816], "model_refits_batch0_f1s": [0.8210922787193974, 0.8135593220338984, 0.8226415094339623, 0.7954545454545454, 0.8217054263565892], "model_coef": NaN}