{"accuracy_pre": 0.82, "accuracy_post": 0.28, "recourse_seeking_ixs": [785, 509, 815, 686, 966, 756, 571, 948, 881, 952, 981, 623, 702, 770, 908, 556, 676, 591, 764, 694, 945, 564, 955, 747, 517, 670, 637, 762, 875, 647, 825, 899, 914, 743, 883, 867, 674, 988, 983, 869, 798, 561, 505, 971, 659, 956, 982, 897, 848, 748, 552, 911, 563, 804, 900, 940, 842, 878, 924, 746, 880, 986, 648, 803, 531, 524, 868, 751, 513, 857, 689, 668, 754, 683, 675, 811, 641, 584, 998, 977, 724, 813, 709, 854, 968, 587, 814, 935, 895, 506, 902, 819, 820, 592, 922, 579, 742, 669, 947, 852], "recourse_recommended_ixs": [785, 509, 815, 686, 966, 756, 571, 948, 881, 952, 981, 623, 702, 770, 908, 556, 676, 591, 764, 694, 945, 564, 955, 747, 517, 670, 637, 762, 875, 647, 825, 899, 914, 743, 883, 867, 674, 988, 983, 869, 798, 561, 505, 971, 659, 956, 982, 897, 848, 748, 552, 911, 563, 804, 900, 940, 842, 878, 924, 746, 880, 986, 648, 803, 531, 524, 868, 751, 513, 857, 689, 668, 754, 683, 675, 811, 641, 584, 998, 977, 724, 813, 709, 854, 968, 587, 814, 935, 895, 506, 902, 819, 820, 592, 922, 579, 742, 669, 947, 852], "perc_recomm_found": 1.0, "gamma": 0.75, "eta": 0.75, "gamma_obs": 0.2800000011920929, "gamma_obs_pre": 0.18000000715255737, "eta_obs": 1.0, "costs": [1.0, 1.0, 1.0], "lbd": 300.0, "thresh": 0.5, "r_type": "individualized", "t_type": "acceptance", "eta_obs_individualized": NaN, "eta_obs_refits_batch0_mean": 0.5519999265670776, "model_score": 0.804, "model_f1": 0.7847619047619048, "model_refits_batch0_scores": [0.778, 0.794, 0.784, 0.802, 0.806], "model_refits_batch0_f1s": [0.7412587412587412, 0.7736263736263737, 0.7440758293838863, 0.7724137931034482, 0.7868131868131869], "model_coef": NaN}