{"accuracy_pre": 0.84, "accuracy_post": 0.27, "recourse_seeking_ixs": [345, 462, 488, 395, 404, 320, 442, 480, 383, 389, 252, 293, 384, 375, 492, 349, 468, 482, 298, 423, 342, 299, 263, 327, 317, 357, 446, 455, 410, 321, 344, 339, 409, 292, 386, 469, 421, 458, 267, 281, 467, 435, 282, 486, 262, 477, 418, 351, 436, 364, 346, 388, 451, 438, 315, 335, 271, 286, 476, 478, 307, 268, 363, 376, 288, 310, 278, 472, 397, 296, 377, 378, 258, 305, 387, 273, 412, 415, 457, 381, 291, 370, 366, 255, 427, 285, 260, 347, 419, 360, 414, 431, 331, 489, 300, 261, 420, 473, 284, 283], "recourse_recommended_ixs": [345, 462, 488, 395, 404, 320, 442, 480, 383, 389, 252, 293, 384, 375, 492, 349, 468, 482, 298, 423, 342, 299, 263, 327, 317, 357, 446, 455, 410, 321, 344, 339, 409, 292, 386, 469, 421, 458, 267, 281, 467, 435, 282, 486, 262, 477, 418, 351, 436, 364, 346, 388, 451, 438, 315, 335, 271, 286, 476, 478, 307, 268, 363, 376, 288, 310, 278, 472, 397, 296, 377, 378, 258, 305, 387, 273, 412, 415, 457, 381, 291, 370, 366, 255, 427, 285, 260, 347, 419, 360, 414, 431, 331, 489, 300, 261, 420, 473, 284, 283], "perc_recomm_found": 1.0, "gamma": 0.75, "eta": 0.75, "gamma_obs": 0.27000001072883606, "gamma_obs_pre": 0.1599999964237213, "eta_obs": 1.0, "costs": [1.0, 1.0, 1.0], "lbd": 100.0, "thresh": 0.5, "r_type": "individualized", "t_type": "counterfactual", "eta_obs_individualized": NaN, "eta_obs_refits_batch0_mean": 0.8539999723434448, "model_score": 0.824, "model_f1": 0.837037037037037, "model_refits_batch0_scores": [0.812, 0.82, 0.784, 0.836, 0.808], "model_refits_batch0_f1s": [0.8278388278388279, 0.8339483394833948, 0.8085106382978723, 0.8416988416988418, 0.8273381294964028], "model_coef": [[0.09097419487409555, 0.08853412233391754, 1.0793593427296273], [-0.3133312201887632]]}