{"accuracy_pre": 1.0, "accuracy_post": 0.98, "recourse_seeking_ixs": [1486, 1313, 1612, 1089, 1299, 1002, 1558, 1437, 1005, 1733, 1655, 1839, 1253, 1114, 1020, 1518, 1746, 1385, 1704, 1578, 1688, 1550, 1306, 1777, 1106, 1683, 1768, 1316, 1362, 1111, 1750, 1255, 1204, 1622, 1954, 1507, 1911, 1791, 1966, 1981, 1382, 1278, 1693, 1684, 1845, 1823, 1288, 1959, 1863, 1977, 1528, 1127, 1516, 1459, 1439, 1240, 1214, 1353, 1361, 1226, 1808, 1880, 1449, 1057, 1272, 1741, 1219, 1818, 1689, 1724, 1289, 1747, 1238, 1804, 1627, 1231, 1267, 1326, 1157, 1322, 1916, 1161, 1567, 1890, 1572, 1879, 1838, 1296, 1502, 1762, 1062, 1216, 1036, 1309, 1292, 1734, 1904, 1651, 1308, 1926], "recourse_recommended_ixs": [1486, 1313, 1612, 1089, 1299, 1002, 1558, 1437, 1005, 1733, 1655, 1839, 1253, 1114, 1020, 1518, 1746, 1385, 1704, 1578, 1688, 1550, 1306, 1777, 1106, 1683, 1768, 1316, 1362, 1111, 1750, 1255, 1204, 1622, 1954, 1507, 1911, 1791, 1966, 1981, 1382, 1278, 1693, 1684, 1845, 1823, 1288, 1959, 1863, 1977, 1528, 1127, 1516, 1459, 1439, 1240, 1214, 1353, 1361, 1226, 1808, 1880, 1449, 1057, 1272, 1741, 1219, 1818, 1689, 1724, 1289, 1747, 1238, 1804, 1627, 1231, 1267, 1326, 1157, 1322, 1916, 1161, 1567, 1890, 1572, 1879, 1838, 1296, 1502, 1762, 1062, 1216, 1036, 1309, 1292, 1734, 1904, 1651, 1308, 1926], "perc_recomm_found": 1.0, "gamma": 0.95, "eta": 0.95, "gamma_obs": 1.0, "gamma_obs_pre": 0.0, "eta_obs": 0.98, "costs": [1.0, 1.0], "lbd": 150.0, "thresh": 0.5, "r_type": "individualized", "t_type": "improvement", "eta_obs_individualized": 1.0, "eta_obs_refits_batch0_mean": 0.9800000190734863, "model_score": 0.808, "model_f1": 0.9978858350951374, "model_refits_batch0_scores": [0.998, 0.998, 0.998, 0.998, 0.998], "model_refits_batch0_f1s": [0.9979879275653923, 0.9979879275653923, 0.9979879275653923, 0.9979879275653923, 0.9979879275653923], "model_coef": NaN}