{"accuracy_pre": 0.74, "accuracy_post": 0.75, "recourse_seeking_ixs": [630, 567, 917, 781, 832, 586, 978, 758, 641, 865, 814, 789, 944, 720, 568, 609, 594, 869, 703, 643, 982, 545, 968, 735, 655, 850, 652, 846, 659, 516, 584, 769, 801, 806, 684, 543, 702, 879, 704, 829, 549, 973, 779, 711, 856, 678, 506, 906, 533, 571, 889, 762, 667, 532, 685, 748, 754, 744, 503, 583, 679, 877, 766, 997, 500, 793, 693, 914, 722, 874, 590, 740, 887, 803, 522, 654, 610, 566, 936, 632, 871, 878, 993, 916, 922, 783, 670, 943, 773, 613, 986, 639, 726, 635, 736, 858, 984, 883, 808, 716], "recourse_recommended_ixs": [630, 567, 917, 781, 832, 586, 978, 758, 641, 865, 814, 789, 944, 720, 568, 609, 594, 869, 703, 643, 982, 545, 968, 735, 655, 850, 652, 846, 659, 516, 584, 769, 801, 806, 684, 543, 702, 879, 704, 829, 549, 973, 779, 711, 856, 678, 506, 906, 533, 571, 889, 762, 667, 532, 685, 748, 754, 744, 503, 583, 679, 877, 766, 997, 500, 793, 693, 914, 722, 874, 590, 740, 887, 803, 522, 654, 610, 566, 936, 632, 871, 878, 993, 916, 922, 783, 670, 943, 773, 613, 986, 639, 726, 635, 736, 858, 984, 883, 808, 716], "perc_recomm_found": 1.0, "gamma": 0.75, "eta": 0.75, "gamma_obs": 0.75, "gamma_obs_pre": 0.25999999046325684, "eta_obs": 0.9, "costs": [1.0, 1.0], "lbd": 300.0, "thresh": 0.5, "r_type": "individualized", "t_type": "improvement", "eta_obs_individualized": 0.79, "eta_obs_refits_batch0_mean": 0.8579999804496765, "model_score": 0.792, "model_f1": 0.7711340206185568, "model_refits_batch0_scores": [0.804, 0.782, 0.782, 0.786, 0.806], "model_refits_batch0_f1s": [0.8016194331983807, 0.7705263157894737, 0.7714884696016772, 0.7737843551797039, 0.7966457023060797], "model_coef": NaN}