{"accuracy_pre": 0.91, "accuracy_post": 0.4, "recourse_seeking_ixs": [818, 670, 622, 990, 708, 782, 963, 847, 985, 715, 748, 878, 657, 695, 594, 586, 568, 952, 862, 877, 543, 866, 611, 940, 631, 615, 554, 746, 911, 757, 753, 738, 836, 743, 817, 607, 519, 509, 685, 905, 511, 778, 863, 654, 742, 838, 983, 822, 736, 775, 569, 910, 948, 617, 698, 947, 961, 903, 805, 638, 974, 677, 928, 756, 725, 629, 941, 620, 772, 522, 608, 808, 514, 642, 744, 913, 809, 662, 625, 548, 540, 605, 907, 676, 937, 762, 977, 731, 729, 764, 531, 656, 765, 752, 986, 870, 661, 640, 774, 837], "recourse_recommended_ixs": [818, 670, 622, 990, 708, 782, 963, 847, 985, 715, 748, 878, 657, 695, 594, 586, 568, 952, 862, 877, 543, 866, 611, 940, 631, 615, 554, 746, 911, 757, 753, 738, 836, 743, 817, 607, 519, 509, 685, 905, 511, 778, 863, 654, 742, 838, 983, 822, 736, 775, 569, 910, 948, 617, 698, 947, 961, 903, 805, 638, 974, 677, 928, 756, 725, 629, 941, 620, 772, 522, 608, 808, 514, 642, 744, 913, 809, 662, 625, 548, 540, 605, 907, 676, 937, 762, 977, 731, 729, 764, 531, 656, 765, 752, 986, 870, 661, 640, 774, 837], "perc_recomm_found": 1.0, "gamma": 0.75, "eta": 0.75, "gamma_obs": 0.3700000047683716, "gamma_obs_pre": 0.09000000357627869, "eta_obs": 0.99, "costs": [1.0, 1.0, 1.0], "lbd": 300.0, "thresh": 0.5, "r_type": "subpopulation", "t_type": "counterfactual", "eta_obs_individualized": NaN, "eta_obs_refits_batch0_mean": 0.5019999742507935, "model_score": 0.86, "model_f1": 0.8686868686868687, "model_refits_batch0_scores": [0.862, 0.86, 0.86, 0.846, 0.86], "model_refits_batch0_f1s": [0.8516129032258065, 0.8504273504273505, 0.8458149779735683, 0.8285077951002228, 0.8478260869565217], "model_coef": NaN}