{"accuracy_pre": 1.0, "accuracy_post": 0.97, "recourse_seeking_ixs": [1574, 1824, 1888, 1492, 1840, 1159, 1597, 1898, 1340, 1385, 1655, 1457, 1831, 1842, 1102, 1313, 1987, 1872, 1662, 1626, 1276, 1994, 1236, 1014, 1238, 1517, 1520, 1081, 1627, 1369, 1677, 1184, 1128, 1214, 1752, 1685, 1731, 1864, 1397, 1433, 1386, 1907, 1464, 1707, 1267, 1213, 1697, 1519, 1977, 1088, 1942, 1223, 1789, 1538, 1621, 1955, 1632, 1373, 1761, 1591, 1784, 1680, 1070, 1182, 1161, 1105, 1949, 1090, 1535, 1116, 1303, 1571, 1348, 1797, 1805, 1370, 1013, 1023, 1638, 1827, 1939, 1687, 1383, 1540, 1277, 1143, 1569, 1460, 1146, 1295, 1651, 1366, 1607, 1454, 1611, 1528, 1349, 1992, 1225, 1998], "recourse_recommended_ixs": [1574, 1824, 1888, 1492, 1840, 1159, 1597, 1898, 1340, 1385, 1655, 1457, 1831, 1842, 1102, 1313, 1987, 1872, 1662, 1626, 1276, 1994, 1236, 1014, 1238, 1517, 1520, 1081, 1627, 1369, 1677, 1184, 1128, 1214, 1752, 1685, 1731, 1864, 1397, 1433, 1386, 1907, 1464, 1707, 1267, 1213, 1697, 1519, 1977, 1088, 1942, 1223, 1789, 1538, 1621, 1955, 1632, 1373, 1761, 1591, 1784, 1680, 1070, 1182, 1161, 1105, 1949, 1090, 1535, 1116, 1303, 1571, 1348, 1797, 1805, 1370, 1013, 1023, 1638, 1827, 1939, 1687, 1383, 1540, 1277, 1143, 1569, 1460, 1146, 1295, 1651, 1366, 1607, 1454, 1611, 1528, 1349, 1992, 1225, 1998], "perc_recomm_found": 1.0, "gamma": 0.95, "eta": 0.95, "gamma_obs": 0.9700000286102295, "gamma_obs_pre": 0.0, "eta_obs": 1.0, "costs": [1.0, 1.0, 1.0], "lbd": 150.0, "thresh": 0.5, "r_type": "individualized", "t_type": "acceptance", "eta_obs_individualized": NaN, "eta_obs_refits_batch0_mean": 0.9919999837875366, "model_score": 0.992, "model_f1": 0.9990167158308751, "model_refits_batch0_scores": [0.998, 0.998, 1.0, 0.994, 0.996], "model_refits_batch0_f1s": [0.99800796812749, 0.99800796812749, 1.0, 0.9939999999999999, 0.9960079840319361], "model_coef": NaN}