{"accuracy_pre": 1.0, "accuracy_post": 0.0, "recourse_seeking_ixs": [341, 290, 348, 239, 264, 225, 327, 260, 205, 222, 219, 366, 353, 316, 380, 388, 234, 331, 292, 393, 377, 203, 326, 396, 299, 355, 294, 338, 227, 283, 317, 254, 200, 256, 392, 323, 333, 385, 367, 201, 271, 325, 216, 354, 332, 389, 315, 263, 342, 275], "recourse_recommended_ixs": [341, 290, 348, 239, 264, 225, 327, 260, 205, 222, 219, 366, 353, 316, 380, 388, 234, 331, 292, 393, 377, 203, 326, 396, 299, 355, 294, 338, 227, 283, 317, 254, 200, 256, 392, 323, 333, 385, 367, 201, 271, 325, 216, 354, 332, 389, 315, 263, 342, 275], "perc_recomm_found": 1.0, "gamma": 0.9, "eta": 0.9, "gamma_obs": 0.0, "gamma_obs_pre": 0.0, "eta_obs": 1.0, "costs": [5.0, 5.0, 0.0001, 0.01, 0.1], "lbd": 300.0, "thresh": 0.5, "r_type": "subpopulation", "t_type": "acceptance", "eta_obs_individualized": NaN, "eta_obs_refits_batch0_mean": 0.9640000000000001, "model_score": 1.0, "model_f1": 1.0, "model_refits_batch0_scores": [0.99, 0.985, 0.995, 0.99, 0.995], "model_refits_batch0_f1s": [0.9922480620155039, 0.9883268482490272, 0.9961389961389961, 0.9923076923076923, 0.9961389961389961], "model_coef": [[-0.6741585866818789, 1.1691084567973464, 0.008229735672963746, -0.1565836406360455, 0.5217323163254624], [-7.458784042199183]]}