{"accuracy_pre": 0.99, "accuracy_post": 1.0, "recourse_seeking_ixs": [1161, 1194, 1488, 1244, 1781, 1373, 1305, 1157, 1593, 1977, 1296, 1945, 1829, 1428, 1298, 1520, 1403, 1572, 1012, 1906, 1589, 1084, 1713, 1324, 1738, 1483, 1671, 1281, 1626, 1894, 1743, 1615, 1144, 1936, 1053, 1240, 1983, 1858, 1010, 1513, 1689, 1579, 1900, 1011, 1422, 1398, 1091, 1590, 1911, 1295, 1759, 1034, 1734, 1966, 1099, 1316, 1960, 1111, 1546, 1201, 1331, 1074, 1226, 1286, 1529, 1415, 1918, 1250, 1008, 1057, 1554, 1612, 1289, 1873, 1452, 1443, 1109, 1863, 1348, 1528, 1437, 1248, 1459, 1502, 1049, 1304, 1292, 1319, 1216, 1700, 1791, 1693, 1768, 1680, 1622, 1236, 1714, 1382, 1828, 1255], "recourse_recommended_ixs": [1161, 1194, 1488, 1244, 1781, 1373, 1305, 1157, 1593, 1977, 1296, 1945, 1829, 1428, 1298, 1520, 1403, 1572, 1012, 1906, 1589, 1084, 1713, 1324, 1738, 1483, 1671, 1281, 1626, 1894, 1743, 1615, 1144, 1936, 1053, 1240, 1983, 1858, 1010, 1513, 1689, 1579, 1900, 1011, 1422, 1398, 1091, 1590, 1911, 1295, 1759, 1034, 1734, 1966, 1099, 1316, 1960, 1111, 1546, 1201, 1331, 1074, 1226, 1286, 1529, 1415, 1918, 1250, 1008, 1057, 1554, 1612, 1289, 1873, 1452, 1443, 1109, 1863, 1348, 1528, 1437, 1248, 1459, 1502, 1049, 1304, 1292, 1319, 1216, 1700, 1791, 1693, 1768, 1680, 1622, 1236, 1714, 1382, 1828, 1255], "perc_recomm_found": 1.0, "gamma": 0.95, "eta": 0.95, "gamma_obs": 1.0, "gamma_obs_pre": 0.009999999776482582, "eta_obs": 1.0, "costs": [1.0, 1.0, 1.0], "lbd": 150.0, "thresh": 0.5, "r_type": "subpopulation", "t_type": "acceptance", "eta_obs_individualized": NaN, "eta_obs_refits_batch0_mean": 0.9919999837875366, "model_score": 0.771, "model_f1": 0.9989304812834224, "model_refits_batch0_scores": [0.999, 0.999, 0.997, 0.998, 0.998], "model_refits_batch0_f1s": [0.9989929506545822, 0.9989929506545822, 0.9969727547931382, 0.9979879275653923, 0.9979838709677419], "model_coef": NaN}