{"accuracy_pre": 0.88, "accuracy_post": 0.56, "recourse_seeking_ixs": [349, 267, 380, 282, 219, 316, 250, 360, 323, 211, 318, 309, 208, 352, 354, 279, 315, 320, 387, 206, 379, 209, 278, 326, 273, 395, 384, 372, 375, 377, 368, 325, 268, 311, 374, 262, 202, 376, 391, 365, 287, 201, 330, 382, 231, 331, 227, 265, 288, 308], "recourse_recommended_ixs": [349, 267, 380, 282, 219, 316, 250, 360, 323, 211, 318, 309, 208, 352, 354, 279, 315, 320, 387, 206, 379, 209, 278, 326, 273, 395, 384, 372, 375, 377, 368, 325, 268, 311, 374, 262, 202, 376, 391, 365, 287, 201, 330, 382, 231, 331, 227, 265, 288, 308], "perc_recomm_found": 1.0, "gamma": 0.9, "eta": 0.9, "gamma_obs": 0.5600000023841858, "gamma_obs_pre": 0.11999999731779099, "eta_obs": 1.0, "costs": [1.0, 1.0, 1.0], "lbd": 300.0, "thresh": 0.5, "r_type": "individualized", "t_type": "acceptance", "eta_obs_individualized": NaN, "eta_obs_refits_batch0_mean": 0.6439999341964722, "model_score": 0.89, "model_f1": 0.8877551020408163, "model_refits_batch0_scores": [0.84, 0.855, 0.88, 0.885, 0.845], "model_refits_batch0_f1s": [0.8415841584158416, 0.8585365853658536, 0.88, 0.8820512820512821, 0.8502415458937197], "model_coef": [[0.8474104227032697, 0.7756070219700436, 1.2042186432986548], [0.03265532277233811]]}