{"accuracy_pre": 0.02, "accuracy_post": 1.0, "recourse_seeking_ixs": [1692, 1111, 1326, 1823, 1189, 1937, 1976, 1665, 1695, 1235, 1683, 1651, 1010, 1668, 1539, 1680, 1907, 1714, 1145, 1558, 1005, 1248, 1809, 1906, 1423, 1091, 1930, 1109, 1114, 1904, 1642, 1482, 1139, 1434, 1537, 1236, 1214, 1016, 1398, 1084, 1579, 1615, 1382, 1918, 1568, 1332, 1443, 1612, 1281, 1519, 1301, 1626, 1211, 1457, 1319, 1460, 1206, 1513, 1589, 1559, 1847, 1738, 1911, 1296, 1808, 1119, 1590, 1838, 1476, 1466, 1293, 1546, 1977, 1791, 1916, 1231, 1385, 1693, 1883, 1391, 1353, 1278, 1578, 1853, 1267, 1739, 1570, 1549, 1978, 1099, 1580, 1127, 1093, 1245, 1582, 1947, 1051, 1724, 1802, 1903], "recourse_recommended_ixs": [1692, 1111, 1326, 1823, 1189, 1937, 1976, 1665, 1695, 1235, 1683, 1651, 1010, 1668, 1539, 1680, 1907, 1714, 1145, 1558, 1005, 1248, 1809, 1906, 1423, 1091, 1930, 1109, 1114, 1904, 1642, 1482, 1139, 1434, 1537, 1236, 1214, 1016, 1398, 1084, 1579, 1615, 1382, 1918, 1568, 1332, 1443, 1612, 1281, 1519, 1301, 1626, 1211, 1457, 1319, 1460, 1206, 1513, 1589, 1559, 1847, 1738, 1911, 1296, 1808, 1119, 1590, 1838, 1476, 1466, 1293, 1546, 1977, 1791, 1916, 1231, 1385, 1693, 1883, 1391, 1353, 1278, 1578, 1853, 1267, 1739, 1570, 1549, 1978, 1099, 1580, 1127, 1093, 1245, 1582, 1947, 1051, 1724, 1802, 1903], "perc_recomm_found": 1.0, "gamma": 0.95, "eta": 0.95, "gamma_obs": 1.0, "gamma_obs_pre": 1.0, "eta_obs": 1.0, "costs": [1.0, 1.0], "lbd": 150.0, "thresh": 0.5, "r_type": "individualized", "t_type": "improvement", "eta_obs_individualized": 0.92, "eta_obs_refits_batch0_mean": 1.0, "model_score": 0.224, "model_f1": 0.988235294117647, "model_refits_batch0_scores": [0.998, 0.998, 0.998, 0.998, 0.998], "model_refits_batch0_f1s": [0.9979879275653923, 0.9979879275653923, 0.9979879275653923, 0.9979879275653923, 0.9979879275653923], "model_coef": NaN}