{"accuracy_pre": 1.0, "accuracy_post": 0.61, "recourse_seeking_ixs": [1853, 1222, 1152, 1185, 1518, 1895, 1620, 1971, 1421, 1246, 1081, 1977, 1805, 1954, 1135, 1917, 1878, 1962, 1202, 1195, 1155, 1023, 1014, 1593, 1496, 1906, 1029, 1516, 1763, 1263, 1994, 1936, 1927, 1016, 1885, 1223, 1290, 1495, 1841, 1335, 1409, 1408, 1509, 1372, 1510, 1007, 1807, 1818, 1467, 1359, 1321, 1479, 1352, 1144, 1636, 1084, 1478, 1468, 1059, 1737, 1846, 1976, 1327, 1455, 1747, 1966, 1105, 1092, 1354, 1154, 1176, 1446, 1412, 1700, 1365, 1775, 1369, 1800, 1791, 1172, 1813, 1587, 1211, 1668, 1776, 1727, 1802, 1168, 1429, 1453, 1541, 1845, 1396, 1380, 1733, 1931, 1672, 1974, 1180, 1330], "recourse_recommended_ixs": [1853, 1222, 1152, 1185, 1518, 1895, 1620, 1971, 1421, 1246, 1081, 1977, 1805, 1954, 1135, 1917, 1878, 1962, 1202, 1195, 1155, 1023, 1014, 1593, 1496, 1906, 1029, 1516, 1763, 1263, 1994, 1936, 1927, 1016, 1885, 1223, 1290, 1495, 1841, 1335, 1409, 1408, 1509, 1372, 1510, 1007, 1807, 1818, 1467, 1359, 1321, 1479, 1352, 1144, 1636, 1084, 1478, 1468, 1059, 1737, 1846, 1976, 1327, 1455, 1747, 1966, 1105, 1092, 1354, 1154, 1176, 1446, 1412, 1700, 1365, 1775, 1369, 1800, 1791, 1172, 1813, 1587, 1211, 1668, 1776, 1727, 1802, 1168, 1429, 1453, 1541, 1845, 1396, 1380, 1733, 1931, 1672, 1974, 1180, 1330], "perc_recomm_found": 1.0, "gamma": 0.75, "eta": 0.75, "gamma_obs": 0.6100000143051147, "gamma_obs_pre": 0.0, "eta_obs": 1.0, "costs": [1.0, 1.0, 1.0], "lbd": 150.0, "thresh": 0.5, "r_type": "individualized", "t_type": "counterfactual", "eta_obs_individualized": NaN, "eta_obs_refits_batch0_mean": 0.7720000147819519, "model_score": 0.968, "model_f1": 0.9835051546391753, "model_refits_batch0_scores": [0.998, 0.998, 0.998, 0.998, 0.998], "model_refits_batch0_f1s": [0.9979674796747968, 0.9979674796747968, 0.9979674796747968, 0.9979674796747968, 0.9979674796747968], "model_coef": NaN}