{"accuracy_pre": 0.85, "accuracy_post": 0.67, "recourse_seeking_ixs": [769, 744, 895, 616, 977, 542, 710, 528, 648, 913, 993, 566, 849, 851, 523, 614, 787, 540, 682, 726, 660, 794, 989, 900, 729, 535, 839, 661, 760, 954, 681, 683, 932, 943, 606, 559, 550, 945, 914, 669, 909, 823, 547, 621, 837, 599, 708, 594, 749, 574, 827, 991, 572, 778, 973, 627, 869, 651, 758, 962, 886, 897, 662, 792, 734, 884, 781, 666, 589, 531, 800, 586, 926, 503, 631, 515, 796, 500, 992, 846, 711, 700, 692, 552, 694, 584, 780, 537, 690, 569, 987, 933, 808, 969, 551, 868, 591, 812, 649, 609], "recourse_recommended_ixs": [769, 744, 895, 616, 977, 542, 710, 528, 648, 913, 993, 566, 849, 851, 523, 614, 787, 540, 682, 726, 660, 794, 989, 900, 729, 535, 839, 661, 760, 954, 681, 683, 932, 943, 606, 559, 550, 945, 914, 669, 909, 823, 547, 621, 837, 599, 708, 594, 749, 574, 827, 991, 572, 778, 973, 627, 869, 651, 758, 962, 886, 897, 662, 792, 734, 884, 781, 666, 589, 531, 800, 586, 926, 503, 631, 515, 796, 500, 992, 846, 711, 700, 692, 552, 694, 584, 780, 537, 690, 569, 987, 933, 808, 969, 551, 868, 591, 812, 649, 609], "perc_recomm_found": 1.0, "gamma": 0.95, "eta": 0.95, "gamma_obs": 0.23000000417232513, "gamma_obs_pre": 0.15000000596046448, "eta_obs": 1.0, "costs": [1.0, 1.0, 1.0], "lbd": 300.0, "thresh": 0.5, "r_type": "subpopulation", "t_type": "acceptance", "eta_obs_individualized": NaN, "eta_obs_refits_batch0_mean": 0.28599998354911804, "model_score": 0.832, "model_f1": 0.8820116054158608, "model_refits_batch0_scores": [0.83, 0.822, 0.816, 0.824, 0.822], "model_refits_batch0_f1s": [0.8268839103869655, 0.8118393234672305, 0.7973568281938326, 0.8095238095238094, 0.8086021505376344], "model_coef": NaN}