{"accuracy_pre": 0.97, "accuracy_post": 0.98, "recourse_seeking_ixs": [903, 553, 550, 650, 707, 885, 792, 966, 840, 671, 616, 980, 661, 500, 984, 938, 811, 508, 943, 848, 564, 970, 638, 643, 953, 838, 596, 627, 641, 790, 767, 900, 687, 999, 503, 729, 664, 927, 587, 988, 824, 923, 890, 993, 700, 847, 833, 712, 595, 928, 603, 862, 785, 511, 771, 708, 628, 972, 812, 586, 512, 562, 683, 904, 666, 745, 667, 769, 645, 662, 965, 800, 688, 750, 747, 530, 961, 690, 768, 680, 600, 618, 934, 830, 686, 914, 634, 883, 647, 982, 756, 567, 932, 529, 583, 565, 799, 795, 822, 806], "recourse_recommended_ixs": [903, 553, 550, 650, 707, 885, 792, 966, 840, 671, 616, 980, 661, 500, 984, 938, 811, 508, 943, 848, 564, 970, 638, 643, 953, 838, 596, 627, 641, 790, 767, 900, 687, 999, 503, 729, 664, 927, 587, 988, 824, 923, 890, 993, 700, 847, 833, 712, 595, 928, 603, 862, 785, 511, 771, 708, 628, 972, 812, 586, 512, 562, 683, 904, 666, 745, 667, 769, 645, 662, 965, 800, 688, 750, 747, 530, 961, 690, 768, 680, 600, 618, 934, 830, 686, 914, 634, 883, 647, 982, 756, 567, 932, 529, 583, 565, 799, 795, 822, 806], "perc_recomm_found": 1.0, "gamma": 0.95, "eta": 0.95, "gamma_obs": 0.9900000095367432, "gamma_obs_pre": 0.029999999329447746, "eta_obs": 0.99, "costs": [1.0, 1.0, 1.0], "lbd": 300.0, "thresh": 0.5, "r_type": "subpopulation", "t_type": "improvement", "eta_obs_individualized": NaN, "eta_obs_refits_batch0_mean": 0.9739999771118164, "model_score": 0.762, "model_f1": 0.8266666666666668, "model_refits_batch0_scores": [0.81, 0.802, 0.812, 0.784, 0.816], "model_refits_batch0_f1s": [0.8210922787193974, 0.8135593220338984, 0.8226415094339623, 0.7954545454545454, 0.8217054263565892], "model_coef": NaN}