{"accuracy_pre": 0.86, "accuracy_post": 0.75, "recourse_seeking_ixs": [964, 945, 552, 756, 645, 558, 959, 715, 668, 622, 703, 841, 950, 521, 568, 833, 527, 978, 693, 560, 770, 811, 896, 583, 793, 813, 750, 710, 642, 944, 947, 595, 562, 623, 726, 659, 948, 605, 507, 566, 526, 567, 921, 539, 831, 505, 654, 502, 891, 503, 794, 760, 529, 957, 688, 937, 829, 640, 799, 850, 832, 754, 798, 809, 993, 820, 515, 739, 606, 884, 834, 988, 788, 614, 603, 845, 909, 631, 954, 856, 882, 908, 912, 981, 761, 920, 904, 764, 522, 919, 835, 513, 943, 789, 999, 785, 755, 729, 725, 926], "recourse_recommended_ixs": [964, 945, 552, 756, 645, 558, 959, 715, 668, 622, 703, 841, 950, 521, 568, 833, 527, 978, 693, 560, 770, 811, 896, 583, 793, 813, 750, 710, 642, 944, 947, 595, 562, 623, 726, 659, 948, 605, 507, 566, 526, 567, 921, 539, 831, 505, 654, 502, 891, 503, 794, 760, 957, 688, 937, 829, 640, 799, 850, 832, 754, 798, 809, 993, 820, 515, 739, 606, 884, 834, 988, 788, 614, 603, 845, 909, 631, 954, 856, 882, 908, 912, 981, 761, 920, 904, 764, 522, 919, 835, 513, 943, 789, 999, 785, 755, 729, 725, 926], "perc_recomm_found": 0.99, "gamma": 0.75, "eta": 0.75, "gamma_obs": 0.7575757503509521, "gamma_obs_pre": 0.13131313025951385, "eta_obs": 0.9393939393939394, "costs": [1.0, 1.0], "lbd": 300.0, "thresh": 0.5, "r_type": "individualized", "t_type": "improvement", "eta_obs_individualized": 0.8080808080808081, "eta_obs_refits_batch0_mean": 0.9131313562393188, "model_score": 0.798, "model_f1": 0.7942973523421588, "model_refits_batch0_scores": [0.814, 0.808, 0.822, 0.758, 0.796], "model_refits_batch0_f1s": [0.8074534161490684, 0.8064516129032259, 0.8126315789473685, 0.7575150300601203, 0.782051282051282], "model_coef": NaN}