{"accuracy_pre": 0.86, "accuracy_post": 0.94, "recourse_seeking_ixs": [303, 237, 283, 323, 315, 242, 216, 371, 211, 335, 254, 328, 374, 209, 384, 363, 275, 341, 389, 212, 272, 204, 292, 324, 347, 313, 271, 367, 238, 248, 317, 327, 385, 277, 366, 218, 270, 291, 376, 267, 296, 365, 261, 249, 229, 255, 330, 228, 381, 304], "recourse_recommended_ixs": [303, 237, 283, 323, 315, 242, 216, 371, 211, 335, 254, 328, 374, 209, 384, 363, 275, 341, 389, 212, 272, 204, 292, 324, 347, 313, 271, 367, 238, 248, 317, 327, 385, 277, 366, 218, 270, 291, 376, 267, 296, 365, 261, 249, 229, 255, 330, 228, 381, 304], "perc_recomm_found": 1.0, "gamma": 0.95, "eta": 0.95, "gamma_obs": 0.9399999976158142, "gamma_obs_pre": 0.14000000059604645, "eta_obs": 1.0, "costs": [1.0, 1.0], "lbd": 300.0, "thresh": 0.5, "r_type": "subpopulation", "t_type": "improvement", "eta_obs_individualized": NaN, "eta_obs_refits_batch0_mean": 1.0, "model_score": 0.82, "model_f1": 0.8200000000000001, "model_refits_batch0_scores": [0.825, 0.85, 0.835, 0.84, 0.83], "model_refits_batch0_f1s": [0.8241206030150753, 0.8421052631578947, 0.8290155440414508, 0.8400000000000001, 0.8282828282828283], "model_coef": [[2.3360595675138884, 2.166813407465765, -0.950960166062375], [0.6618900531062429]]}