r_type,t_type,x1_mean,x2_mean,x3_mean,causes_mean,non-causes_mean,x1_std,x2_std,x3_std,causes_std,non-causes_std
individualized,acceptance,0.6213333325783412,0.8219999991357327,2.1239999991158647,3.5673333308299386,0.0,0.026633312246390192,0.1723136672096998,0.06102458344559209,0.21942956176331183,0.0
individualized,counterfactual,0.5426666662891706,0.8460000010828178,2.1986666705211007,3.5873333378930887,0.0,0.025166116112540847,0.23398290196905597,0.24929768084351298,0.4956705891674158,0.0
individualized,improvement,1.2559999984105428,1.4893333314557868,2.4066666665375234,5.151999996403853,0.0,0.07800000052727202,0.15036400376326994,0.2858694365303302,0.49697887899858495,0.0
subpopulation,acceptance,0.5253333358168603,0.7946666665375233,1.9346666604677836,3.254666662822167,0.0,0.0654318982004983,0.1562348664467381,0.15773818440238843,0.14593606330122194,0.0
subpopulation,improvement,1.221999996403853,1.6739999973078568,2.7553333347837126,5.651333328495423,0.0,0.08316249227120959,0.2200272735394317,0.15016435374642606,0.3804488574489014,0.0
