{"accuracy_pre": 1.0, "accuracy_post": 1.0, "recourse_seeking_ixs": [1302, 1992, 1227, 1030, 1317, 1761, 1495, 1189, 1320, 1883, 1216, 1567, 1254, 1177, 1926, 1831, 1769, 1709, 1485, 1855, 1257, 1310, 1077, 1696, 1827, 1679, 1731, 1982, 1014, 1519, 1427, 1806, 1150, 1070, 1060, 1568, 1879, 1561, 1625, 1276, 1711, 1201, 1899, 1985, 1081, 1988, 1707, 1210, 1971, 1660, 1205, 1284, 1040, 1287, 1661, 1664, 1329, 1458, 1687, 1437, 1214, 1884, 1591, 1026, 1962, 1084, 1440, 1369, 1864, 1766, 1949, 1652, 1447, 1420, 1012, 1821, 1911, 1439, 1619, 1438, 1683, 1178, 1681, 1133, 1295, 1388, 1206, 1588, 1433, 1606, 1757, 1504, 1312, 1198, 1798, 1332, 1650, 1093, 1470, 1540], "recourse_recommended_ixs": [1302, 1992, 1227, 1030, 1317, 1761, 1495, 1189, 1320, 1883, 1216, 1567, 1254, 1177, 1926, 1831, 1769, 1709, 1485, 1855, 1257, 1310, 1077, 1696, 1827, 1679, 1731, 1982, 1014, 1519, 1427, 1806, 1150, 1070, 1060, 1568, 1879, 1561, 1625, 1276, 1711, 1201, 1899, 1985, 1081, 1988, 1707, 1210, 1971, 1660, 1205, 1284, 1040, 1287, 1661, 1664, 1329, 1458, 1687, 1437, 1214, 1884, 1591, 1026, 1962, 1084, 1440, 1369, 1864, 1766, 1949, 1652, 1447, 1420, 1012, 1821, 1911, 1439, 1619, 1438, 1683, 1178, 1681, 1133, 1295, 1388, 1206, 1588, 1433, 1606, 1757, 1504, 1312, 1198, 1798, 1332, 1650, 1093, 1470, 1540], "perc_recomm_found": 1.0, "gamma": 0.75, "eta": 0.75, "gamma_obs": 1.0, "gamma_obs_pre": 0.0, "eta_obs": 1.0, "costs": [1.0, 1.0, 1.0], "lbd": 150.0, "thresh": 0.5, "r_type": "individualized", "t_type": "acceptance", "eta_obs_individualized": NaN, "eta_obs_refits_batch0_mean": 0.9520000219345093, "model_score": 0.827, "model_f1": 1.0, "model_refits_batch0_scores": [0.993, 1.0, 0.996, 0.996, 0.994], "model_refits_batch0_f1s": [0.992964824120603, 1.0, 0.9959919839679359, 0.9959919839679359, 0.9939759036144578], "model_coef": NaN}