{"accuracy_pre": 0.99, "accuracy_post": 0.97, "recourse_seeking_ixs": [1735, 1348, 1716, 1871, 1523, 1884, 1725, 1225, 1475, 1285, 1203, 1708, 1030, 1681, 1290, 1941, 1382, 1071, 1010, 1572, 1858, 1723, 1274, 1288, 1973, 1504, 1631, 1352, 1938, 1026, 1883, 1926, 1560, 1119, 1625, 1484, 1528, 1639, 1316, 1443, 1198, 1184, 1242, 1994, 1315, 1950, 1831, 1029, 1342, 1303, 1055, 1196, 1077, 1870, 1213, 1373, 1364, 1731, 1683, 1072, 1476, 1469, 1057, 1781, 1801, 1404, 1458, 1697, 1865, 1900, 1911, 1658, 1651, 1713, 1561, 1595, 1942, 1856, 1568, 1899, 1097, 1391, 1679, 1289, 1707, 1007, 1162, 1492, 1632, 1414, 1778, 1805, 1170, 1648, 1237, 1284, 1096, 1420, 1569, 1794], "recourse_recommended_ixs": [1735, 1348, 1716, 1871, 1523, 1884, 1725, 1225, 1475, 1285, 1203, 1708, 1030, 1681, 1290, 1941, 1382, 1071, 1010, 1572, 1858, 1723, 1274, 1288, 1973, 1504, 1631, 1352, 1938, 1026, 1883, 1926, 1560, 1119, 1625, 1484, 1528, 1639, 1316, 1443, 1198, 1184, 1242, 1994, 1315, 1950, 1831, 1029, 1342, 1303, 1055, 1196, 1077, 1870, 1213, 1373, 1364, 1731, 1683, 1072, 1476, 1469, 1057, 1781, 1801, 1404, 1458, 1697, 1865, 1900, 1911, 1658, 1651, 1713, 1561, 1595, 1942, 1856, 1568, 1899, 1097, 1391, 1679, 1289, 1707, 1007, 1162, 1492, 1632, 1414, 1778, 1805, 1170, 1648, 1237, 1284, 1096, 1420, 1569, 1794], "perc_recomm_found": 1.0, "gamma": 0.75, "eta": 0.75, "gamma_obs": 1.0, "gamma_obs_pre": 0.009999999776482582, "eta_obs": 0.97, "costs": [1.0, 1.0, 1.0], "lbd": 150.0, "thresh": 0.5, "r_type": "individualized", "t_type": "improvement", "eta_obs_individualized": 1.0, "eta_obs_refits_batch0_mean": 0.972000002861023, "model_score": 0.995, "model_f1": 1.0, "model_refits_batch0_scores": [0.999, 0.996, 0.996, 0.996, 0.996], "model_refits_batch0_f1s": [0.9990009990009989, 0.9959919839679359, 0.9959919839679359, 0.9959919839679359, 0.9959919839679359], "model_coef": NaN}