{"accuracy_pre": 0.96, "accuracy_post": 0.4, "recourse_seeking_ixs": [890, 859, 950, 606, 529, 670, 905, 682, 642, 986, 952, 657, 843, 791, 687, 961, 560, 842, 677, 509, 727, 798, 745, 600, 964, 707, 557, 694, 989, 501, 807, 741, 724, 744, 794, 618, 818, 897, 873, 730, 742, 951, 756, 899, 672, 541, 825, 856, 998, 904, 864, 882, 735, 895, 732, 885, 562, 912, 824, 829, 772, 537, 674, 763, 740, 802, 911, 823, 731, 688, 833, 625, 722, 559, 570, 771, 835, 870, 749, 609, 710, 567, 774, 504, 588, 706, 892, 990, 596, 924, 714, 810, 573, 760, 608, 522, 913, 840, 795, 846], "recourse_recommended_ixs": [890, 859, 950, 606, 529, 670, 905, 682, 642, 986, 952, 657, 843, 791, 687, 961, 560, 842, 677, 509, 727, 798, 745, 600, 964, 707, 557, 694, 989, 501, 807, 741, 724, 744, 794, 618, 818, 897, 873, 730, 742, 951, 756, 899, 672, 541, 825, 856, 998, 904, 864, 882, 735, 895, 732, 885, 562, 912, 824, 829, 772, 537, 674, 763, 740, 802, 911, 823, 731, 688, 833, 625, 722, 559, 570, 771, 835, 870, 749, 609, 710, 567, 774, 504, 588, 706, 892, 990, 596, 924, 714, 810, 573, 760, 608, 522, 913, 840, 795, 846], "perc_recomm_found": 1.0, "gamma": 0.95, "eta": 0.95, "gamma_obs": 0.30000001192092896, "gamma_obs_pre": 0.03999999910593033, "eta_obs": 1.0, "costs": [1.0, 1.0, 1.0], "lbd": 300.0, "thresh": 0.5, "r_type": "subpopulation", "t_type": "acceptance", "eta_obs_individualized": NaN, "eta_obs_refits_batch0_mean": 0.49400004744529724, "model_score": 0.844, "model_f1": 0.8674698795180724, "model_refits_batch0_scores": [0.86, 0.85, 0.838, 0.826, 0.826], "model_refits_batch0_f1s": [0.8504273504273505, 0.8351648351648353, 0.8235294117647058, 0.8062360801781737, 0.8027210884353743], "model_coef": NaN}