{"accuracy_pre": 1.0, "accuracy_post": 0.55, "recourse_seeking_ixs": [1003, 1490, 1330, 1813, 1727, 1962, 1769, 1677, 1378, 1478, 1840, 1235, 1041, 1432, 1390, 1807, 1284, 1661, 1080, 1423, 1263, 1593, 1730, 1399, 1786, 1966, 1221, 1240, 1237, 1978, 1381, 1247, 1217, 1270, 1268, 1811, 1547, 1493, 1309, 1563, 1816, 1502, 1980, 1168, 1691, 1335, 1992, 1122, 1672, 1836, 1070, 1209, 1107, 1204, 1863, 1030, 1512, 1838, 1161, 1587, 1941, 1149, 1273, 1356, 1457, 1410, 1975, 1133, 1792, 1243, 1985, 1526, 1810, 1447, 1808, 1682, 1680, 1775, 1069, 1188, 1636, 1360, 1386, 1059, 1577, 1828, 1014, 1082, 1675, 1108, 1340, 1686, 1218, 1524, 1285, 1915, 1821, 1154, 1092, 1421], "recourse_recommended_ixs": [1003, 1490, 1330, 1813, 1727, 1962, 1769, 1677, 1378, 1478, 1840, 1235, 1041, 1432, 1390, 1807, 1284, 1661, 1080, 1423, 1263, 1593, 1730, 1399, 1786, 1966, 1221, 1240, 1237, 1978, 1381, 1247, 1217, 1270, 1268, 1811, 1547, 1493, 1309, 1563, 1816, 1502, 1980, 1168, 1691, 1335, 1992, 1122, 1672, 1836, 1070, 1209, 1107, 1204, 1863, 1030, 1512, 1838, 1161, 1587, 1941, 1149, 1273, 1356, 1457, 1410, 1975, 1133, 1792, 1243, 1985, 1526, 1810, 1447, 1808, 1682, 1680, 1775, 1069, 1188, 1636, 1360, 1386, 1059, 1577, 1828, 1014, 1082, 1675, 1108, 1340, 1686, 1218, 1524, 1285, 1915, 1821, 1154, 1092, 1421], "perc_recomm_found": 1.0, "gamma": 0.75, "eta": 0.75, "gamma_obs": 0.550000011920929, "gamma_obs_pre": 0.0, "eta_obs": 0.94, "costs": [1.0, 1.0, 1.0], "lbd": 150.0, "thresh": 0.5, "r_type": "subpopulation", "t_type": "acceptance", "eta_obs_individualized": NaN, "eta_obs_refits_batch0_mean": 0.8619999885559082, "model_score": 0.996, "model_f1": 1.0, "model_refits_batch0_scores": [1.0, 1.0, 0.997, 0.997, 1.0], "model_refits_batch0_f1s": [1.0, 1.0, 0.9969356486210419, 0.9969356486210419, 1.0], "model_coef": NaN}