{"accuracy_pre": 0.8, "accuracy_post": 0.94, "recourse_seeking_ixs": [732, 860, 888, 822, 883, 664, 722, 760, 761, 552, 528, 590, 882, 579, 745, 622, 636, 501, 554, 624, 695, 576, 731, 585, 920, 513, 858, 880, 657, 707, 601, 972, 791, 794, 978, 529, 766, 543, 593, 993, 736, 901, 506, 896, 831, 615, 567, 916, 688, 808, 652, 672, 741, 700, 578, 890, 900, 765, 938, 505, 668, 702, 998, 836, 676, 951, 641, 671, 859, 727, 902, 614, 813, 661, 775, 982, 872, 658, 502, 520, 674, 991, 827, 692, 726, 752, 973, 921, 635, 682, 651, 663, 650, 693, 617, 941, 810, 642, 620, 969], "recourse_recommended_ixs": [732, 860, 888, 822, 883, 664, 722, 760, 761, 552, 528, 590, 882, 579, 745, 622, 636, 501, 554, 624, 695, 576, 731, 585, 920, 513, 858, 880, 657, 707, 601, 972, 791, 794, 978, 529, 766, 543, 593, 993, 736, 901, 506, 896, 831, 615, 567, 916, 688, 808, 652, 672, 741, 700, 578, 890, 900, 765, 938, 505, 668, 702, 998, 836, 676, 951, 641, 671, 859, 727, 902, 614, 813, 661, 775, 982, 872, 658, 502, 520, 674, 991, 827, 692, 726, 752, 973, 921, 635, 682, 651, 663, 650, 693, 617, 941, 810, 642, 620, 969], "perc_recomm_found": 1.0, "gamma": 0.95, "eta": 0.95, "gamma_obs": 0.9399999976158142, "gamma_obs_pre": 0.20000000298023224, "eta_obs": 1.0, "costs": [1.0, 1.0], "lbd": 300.0, "thresh": 0.5, "r_type": "subpopulation", "t_type": "improvement", "eta_obs_individualized": NaN, "eta_obs_refits_batch0_mean": 0.9959999918937683, "model_score": 0.782, "model_f1": 0.7953216374269007, "model_refits_batch0_scores": [0.824, 0.81, 0.816, 0.818, 0.816], "model_refits_batch0_f1s": [0.8181818181818183, 0.7921225382932165, 0.7991266375545851, 0.7982261640798226, 0.800865800865801], "model_coef": NaN}