{"accuracy_pre": 0.9, "accuracy_post": 0.54, "recourse_seeking_ixs": [346, 248, 229, 384, 323, 239, 378, 283, 250, 335, 296, 246, 370, 256, 236, 217, 369, 273, 213, 289, 352, 350, 205, 253, 331, 220, 374, 334, 309, 353, 280, 261, 320, 386, 265, 257, 318, 255, 277, 234, 312, 319, 259, 292, 325, 328, 211, 237, 391, 311], "recourse_recommended_ixs": [346, 248, 229, 384, 323, 239, 378, 283, 250, 335, 296, 246, 370, 256, 236, 217, 369, 273, 213, 289, 352, 350, 205, 253, 331, 220, 374, 334, 309, 353, 280, 261, 320, 386, 265, 257, 318, 255, 277, 234, 312, 319, 259, 292, 325, 328, 211, 237, 391, 311], "perc_recomm_found": 1.0, "gamma": 0.85, "eta": 0.85, "gamma_obs": 0.5400000214576721, "gamma_obs_pre": 0.10000000149011612, "eta_obs": 1.0, "costs": [1.0, 1.0, 1.0], "lbd": 300.0, "thresh": 0.5, "r_type": "subpopulation", "t_type": "acceptance", "eta_obs_individualized": NaN, "eta_obs_refits_batch0_mean": 0.6720000505447388, "model_score": 0.905, "model_f1": 0.9064039408866995, "model_refits_batch0_scores": [0.9, 0.91, 0.91, 0.905, 0.905], "model_refits_batch0_f1s": [0.9019607843137256, 0.911764705882353, 0.911764705882353, 0.9054726368159205, 0.9073170731707318], "model_coef": [[1.089027674976202, 0.6654537494231874, 1.7076410682394085], [-0.20622991040945868]]}