{"accuracy_pre": 0.84, "accuracy_post": 0.2, "recourse_seeking_ixs": [394, 317, 263, 462, 278, 489, 349, 384, 331, 388, 426, 395, 448, 288, 464, 351, 347, 438, 283, 309, 431, 363, 376, 436, 320, 366, 409, 335, 446, 412, 442, 327, 378, 285, 495, 292, 404, 293, 383, 261, 397, 457, 427, 258, 268, 266, 345, 468, 415, 328, 423, 386, 419, 421, 476, 300, 410, 473, 381, 310, 478, 482, 360, 262, 420, 370, 284, 344, 307, 451, 435, 339, 452, 486, 298, 469, 480, 315, 252, 458, 375, 342, 296, 492, 286, 377, 291, 271, 305, 255, 299, 282, 387, 418, 321, 488, 467, 364, 281, 357], "recourse_recommended_ixs": [394, 317, 263, 462, 278, 489, 349, 384, 331, 388, 426, 395, 448, 288, 464, 351, 347, 438, 283, 309, 431, 363, 376, 436, 320, 366, 409, 335, 446, 412, 442, 327, 378, 285, 495, 292, 404, 293, 383, 261, 397, 457, 427, 258, 268, 266, 345, 468, 415, 328, 423, 386, 419, 421, 476, 300, 410, 473, 381, 310, 478, 482, 360, 262, 420, 370, 284, 344, 307, 451, 435, 339, 452, 486, 298, 469, 480, 315, 252, 458, 375, 342, 296, 492, 286, 377, 291, 271, 305, 255, 299, 282, 387, 418, 321, 488, 467, 364, 281, 357], "perc_recomm_found": 1.0, "gamma": 0.75, "eta": 0.75, "gamma_obs": 0.20000000298023224, "gamma_obs_pre": 0.1599999964237213, "eta_obs": 1.0, "costs": [1.0, 1.0, 1.0], "lbd": 100.0, "thresh": 0.5, "r_type": "individualized", "t_type": "acceptance", "eta_obs_individualized": NaN, "eta_obs_refits_batch0_mean": 0.8440000414848328, "model_score": 0.824, "model_f1": 0.837037037037037, "model_refits_batch0_scores": [0.812, 0.82, 0.784, 0.836, 0.808], "model_refits_batch0_f1s": [0.8278388278388279, 0.8339483394833948, 0.8085106382978723, 0.8416988416988418, 0.8273381294964028], "model_coef": [[0.09097419487409555, 0.08853412233391754, 1.0793593427296273], [-0.3133312201887632]]}