{"accuracy_pre": 0.0, "accuracy_post": 0.57, "recourse_seeking_ixs": [1914, 1872, 1821, 1675, 1408, 1102, 1824, 1563, 1484, 1383, 1030, 1437, 1745, 1097, 1084, 1711, 1356, 1519, 1955, 1648, 1723, 1221, 1317, 1379, 1941, 1070, 1216, 1859, 1060, 1201, 1258, 1594, 1892, 1177, 1898, 1076, 1816, 1761, 1659, 1146, 1858, 1245, 1210, 1505, 1607, 1707, 1010, 1574, 1971, 1458, 1938, 1561, 1162, 1492, 1953, 1697, 1740, 1276, 1469, 1606, 1621, 1568, 1495, 1629, 1895, 1906, 1316, 1363, 1420, 1658, 1036, 1267, 1344, 1985, 1065, 1560, 1077, 1773, 1075, 1836, 1302, 1131, 1529, 1680, 1206, 1189, 1320, 1769, 1145, 1401, 1254, 1814, 1988, 1650, 1329, 1427, 1044, 1645, 1234, 1166], "recourse_recommended_ixs": [1914, 1872, 1821, 1675, 1408, 1102, 1824, 1563, 1484, 1383, 1030, 1437, 1745, 1097, 1084, 1711, 1356, 1519, 1955, 1648, 1723, 1221, 1317, 1379, 1941, 1070, 1216, 1859, 1060, 1201, 1258, 1594, 1892, 1177, 1898, 1076, 1816, 1761, 1659, 1146, 1858, 1245, 1210, 1505, 1607, 1707, 1010, 1574, 1971, 1458, 1938, 1561, 1162, 1492, 1953, 1697, 1740, 1276, 1469, 1606, 1621, 1568, 1495, 1629, 1895, 1906, 1316, 1363, 1420, 1658, 1036, 1267, 1344, 1985, 1065, 1560, 1077, 1773, 1075, 1836, 1302, 1131, 1529, 1680, 1206, 1189, 1320, 1769, 1145, 1401, 1254, 1814, 1988, 1650, 1329, 1427, 1044, 1645, 1234, 1166], "perc_recomm_found": 1.0, "gamma": 0.95, "eta": 0.95, "gamma_obs": 1.0, "gamma_obs_pre": 1.0, "eta_obs": 1.0, "costs": [1.0, 1.0, 1.0], "lbd": 150.0, "thresh": 0.5, "r_type": "individualized", "t_type": "acceptance", "eta_obs_individualized": NaN, "eta_obs_refits_batch0_mean": 0.5980000495910645, "model_score": 0.258, "model_f1": 0.9970788704965919, "model_refits_batch0_scores": [0.998, 0.998, 0.999, 0.998, 0.998], "model_refits_batch0_f1s": [0.99800796812749, 0.99800796812749, 0.9990069513406157, 0.99800796812749, 0.99800796812749], "model_coef": NaN}