{"accuracy_pre": 1.0, "accuracy_post": 0.0, "recourse_seeking_ixs": [294, 223, 220, 335, 321, 398, 265, 361, 371, 318, 366, 356, 271, 397, 377, 384, 278, 320, 204, 382, 246, 333, 272, 248, 346, 378, 239, 373, 383, 363, 304, 208, 257, 355, 365, 259, 372, 305, 341, 349, 395, 261, 331, 389, 381, 298, 251, 312, 274, 230], "recourse_recommended_ixs": [294, 223, 220, 335, 321, 398, 265, 361, 371, 318, 366, 356, 271, 397, 377, 384, 278, 320, 204, 382, 246, 333, 272, 248, 346, 378, 239, 373, 383, 363, 304, 208, 257, 355, 365, 259, 372, 305, 341, 349, 395, 261, 331, 389, 381, 298, 251, 312, 274, 230], "perc_recomm_found": 1.0, "gamma": 0.75, "eta": 0.75, "gamma_obs": 0.0, "gamma_obs_pre": 0.0, "eta_obs": 1.0, "costs": [5.0, 5.0, 0.0001, 0.01, 0.1], "lbd": 300.0, "thresh": 0.5, "r_type": "subpopulation", "t_type": "acceptance", "eta_obs_individualized": NaN, "eta_obs_refits_batch0_mean": 1.0, "model_score": 0.995, "model_f1": 0.9959514170040485, "model_refits_batch0_scores": [0.995, 0.99, 0.995, 0.995, 0.995], "model_refits_batch0_f1s": [0.9959514170040485, 0.9919354838709677, 0.9959183673469388, 0.9959514170040485, 0.9959183673469388], "model_coef": [[-0.1823646610617549, 0.3170783049143476, 0.008584020201269948, 0.11466742343688358, 0.8282192833152329], [-12.101244662758136]]}