{"accuracy_pre": 0.77, "accuracy_post": 0.28, "recourse_seeking_ixs": [975, 700, 545, 785, 997, 934, 716, 917, 653, 654, 903, 669, 651, 878, 989, 843, 947, 563, 720, 987, 760, 594, 980, 806, 676, 802, 711, 845, 914, 937, 681, 869, 867, 603, 703, 532, 874, 623, 552, 930, 759, 827, 758, 996, 642, 658, 979, 839, 686, 764, 601, 777, 841, 852, 576, 709, 719, 565, 710, 929, 556, 729, 804, 813, 984, 921, 507, 817, 538, 502, 628, 737, 597, 733, 747, 612, 999, 692, 652, 533, 637, 529, 568, 657, 968, 870, 662, 847, 880, 648, 624, 588, 994, 525, 807, 655, 696, 544, 641, 849], "recourse_recommended_ixs": [975, 700, 545, 785, 997, 934, 716, 917, 653, 654, 903, 669, 651, 878, 989, 843, 947, 563, 720, 987, 760, 594, 980, 806, 676, 802, 711, 845, 914, 937, 681, 869, 867, 603, 703, 532, 874, 623, 552, 930, 759, 827, 758, 996, 642, 658, 979, 839, 686, 764, 601, 777, 841, 852, 576, 709, 719, 565, 710, 929, 556, 729, 804, 813, 984, 921, 507, 817, 538, 502, 628, 737, 597, 733, 747, 612, 999, 692, 652, 533, 637, 529, 568, 657, 968, 870, 662, 847, 880, 648, 624, 588, 994, 525, 807, 655, 696, 544, 641, 849], "perc_recomm_found": 1.0, "gamma": 0.95, "eta": 0.95, "gamma_obs": 0.23999999463558197, "gamma_obs_pre": 0.23000000417232513, "eta_obs": 0.84, "costs": [1.0, 1.0, 1.0], "lbd": 300.0, "thresh": 0.5, "r_type": "subpopulation", "t_type": "counterfactual", "eta_obs_individualized": NaN, "eta_obs_refits_batch0_mean": 0.3240000009536743, "model_score": 0.792, "model_f1": 0.7961165048543689, "model_refits_batch0_scores": [0.822, 0.82, 0.814, 0.828, 0.83], "model_refits_batch0_f1s": [0.8202020202020203, 0.8170731707317074, 0.8128772635814889, 0.822314049586777, 0.8261758691206543], "model_coef": [[0.4193815735163298, -0.17430836989550566, 0.8740051248645054], [-0.5287631658814632]]}