{"accuracy_pre": 0.87, "accuracy_post": 0.78, "recourse_seeking_ixs": [602, 954, 522, 868, 793, 970, 508, 949, 516, 547, 835, 523, 863, 643, 614, 811, 935, 808, 607, 577, 818, 692, 673, 736, 550, 821, 810, 593, 683, 712, 929, 944, 556, 926, 990, 983, 953, 656, 973, 906, 777, 841, 600, 581, 511, 758, 874, 640, 838, 901, 691, 551, 645, 946, 507, 823, 666, 705, 847, 727, 700, 532, 520, 559, 617, 724, 947, 534, 680, 626, 567, 781, 832, 636, 974, 964, 599, 796, 900, 770, 661, 753, 503, 965, 741, 573, 994, 779, 960, 943, 738, 995, 533, 529, 740, 932, 651, 802, 686, 555], "recourse_recommended_ixs": [602, 954, 522, 868, 793, 970, 508, 949, 516, 547, 835, 523, 863, 643, 614, 811, 935, 808, 607, 577, 818, 692, 673, 736, 550, 821, 810, 593, 683, 712, 929, 944, 556, 926, 990, 983, 953, 656, 973, 906, 777, 841, 600, 581, 511, 758, 874, 640, 838, 901, 691, 551, 645, 946, 507, 823, 666, 705, 847, 727, 700, 532, 520, 559, 617, 724, 947, 534, 680, 626, 567, 781, 832, 636, 974, 964, 599, 796, 900, 770, 661, 753, 503, 965, 741, 573, 994, 779, 960, 943, 738, 995, 533, 529, 740, 932, 651, 802, 686, 555], "perc_recomm_found": 1.0, "gamma": 0.75, "eta": 0.75, "gamma_obs": 0.7300000190734863, "gamma_obs_pre": 0.12999999523162842, "eta_obs": 0.93, "costs": [1.0, 1.0], "lbd": 300.0, "thresh": 0.5, "r_type": "subpopulation", "t_type": "improvement", "eta_obs_individualized": NaN, "eta_obs_refits_batch0_mean": 0.9279999732971191, "model_score": 0.868, "model_f1": 0.9015748031496063, "model_refits_batch0_scores": [0.828, 0.828, 0.794, 0.826, 0.834], "model_refits_batch0_f1s": [0.8027522935779817, 0.8063063063063063, 0.7518072289156627, 0.7962529274004684, 0.814317673378076], "model_coef": [[0.17212440209313498, 0.30563951578550236, 0.8015383947950182], [-0.48917069650178224]]}