{"accuracy_pre": 0.75, "accuracy_post": 0.28, "recourse_seeking_ixs": [815, 535, 766, 548, 595, 893, 728, 726, 567, 865, 679, 948, 887, 808, 583, 590, 502, 642, 934, 635, 699, 722, 517, 858, 991, 782, 515, 701, 982, 921, 943, 521, 599, 876, 855, 984, 874, 532, 658, 631, 516, 688, 621, 667, 944, 715, 616, 665, 806, 545, 519, 716, 879, 586, 960, 552, 708, 613, 570, 926, 727, 543, 671, 566, 542, 639, 966, 623, 980, 793, 569, 979, 703, 655, 978, 762, 917, 541, 811, 778, 930, 846, 996, 704, 657, 750, 775, 744, 745, 848, 550, 705, 885, 553, 647, 563, 557, 724, 816, 670], "recourse_recommended_ixs": [815, 535, 766, 548, 595, 893, 728, 726, 567, 865, 679, 948, 887, 808, 583, 590, 502, 642, 934, 635, 699, 722, 517, 858, 991, 782, 515, 701, 982, 921, 943, 521, 599, 876, 855, 984, 874, 532, 658, 631, 516, 688, 621, 667, 944, 715, 616, 665, 806, 545, 519, 716, 879, 586, 960, 552, 708, 613, 570, 926, 727, 543, 671, 566, 542, 639, 966, 623, 980, 793, 569, 979, 703, 655, 978, 762, 917, 541, 811, 778, 930, 846, 996, 704, 657, 750, 775, 744, 745, 848, 550, 705, 885, 553, 647, 563, 557, 724, 816, 670], "perc_recomm_found": 1.0, "gamma": 0.95, "eta": 0.95, "gamma_obs": 0.23999999463558197, "gamma_obs_pre": 0.25, "eta_obs": 0.96, "costs": [1.0, 1.0, 1.0], "lbd": 300.0, "thresh": 0.5, "r_type": "subpopulation", "t_type": "counterfactual", "eta_obs_individualized": NaN, "eta_obs_refits_batch0_mean": 0.27000001072883606, "model_score": 0.78, "model_f1": 0.7621052631578947, "model_refits_batch0_scores": [0.794, 0.79, 0.778, 0.774, 0.806], "model_refits_batch0_f1s": [0.7935871743486975, 0.7789473684210526, 0.7633262260127932, 0.7670103092783506, 0.7931769722814498], "model_coef": NaN}