{"accuracy_pre": 0.88, "accuracy_post": 0.2, "recourse_seeking_ixs": [295, 234, 355, 258, 332, 353, 347, 362, 384, 371, 273, 349, 291, 395, 259, 328, 314, 229, 372, 287, 269, 345, 256, 255, 337, 233, 281, 354, 250, 346, 263, 308, 305, 294, 375, 207, 385, 252, 352, 324, 323, 247, 298, 343, 277, 290, 225, 282, 244, 216], "recourse_recommended_ixs": [295, 234, 355, 258, 332, 353, 347, 362, 384, 371, 273, 349, 291, 395, 259, 328, 314, 229, 372, 287, 269, 345, 256, 255, 337, 233, 281, 354, 250, 346, 263, 308, 305, 294, 375, 207, 385, 252, 352, 324, 323, 247, 298, 343, 277, 290, 225, 282, 244, 216], "perc_recomm_found": 1.0, "gamma": 0.95, "eta": 0.95, "gamma_obs": 0.20000000298023224, "gamma_obs_pre": 0.11999999731779099, "eta_obs": 1.0, "costs": [1.0, 1.0, 1.0], "lbd": 300.0, "thresh": 0.5, "r_type": "individualized", "t_type": "counterfactual", "eta_obs_individualized": NaN, "eta_obs_refits_batch0_mean": 0.7440000176429749, "model_score": 0.88, "model_f1": 0.875, "model_refits_batch0_scores": [0.885, 0.86, 0.875, 0.875, 0.85], "model_refits_batch0_f1s": [0.882051282051282, 0.851063829787234, 0.8704663212435233, 0.8663101604278074, 0.8529411764705883], "model_coef": [[0.3892079494959561, -0.05093963321306583, 0.8190394109383161], [-0.2865466860483544]]}