{"accuracy_pre": 1.0, "accuracy_post": 1.0, "recourse_seeking_ixs": [1996, 1833, 1426, 1157, 1227, 1283, 1669, 1958, 1302, 1418, 1275, 1688, 1365, 1821, 1349, 1925, 1526, 1409, 1484, 1034, 1839, 1994, 1003, 1582, 1845, 1476, 1374, 1588, 1240, 1046, 1311, 1981, 1015, 1211, 1353, 1223, 1919, 1541, 1533, 1383, 1379, 1007, 1525, 1070, 1137, 1427, 1472, 1382, 1091, 1811, 1831, 1020, 1306, 1372, 1345, 1551, 1107, 1895, 1885, 1498, 1714, 1308, 1304, 1337, 1309, 1410, 1775, 1242, 1221, 1260, 1290, 1828, 1023, 1620, 1947, 1360, 1024, 1791, 1159, 1390, 1652, 1204, 1537, 1555, 1233, 1510, 1172, 1830, 1109, 1657, 1327, 1786, 1971, 1502, 1570, 1593, 1673, 1491, 1910, 1946], "recourse_recommended_ixs": [1996, 1833, 1426, 1157, 1227, 1283, 1669, 1958, 1302, 1418, 1275, 1688, 1365, 1821, 1349, 1925, 1526, 1409, 1484, 1034, 1839, 1994, 1003, 1582, 1845, 1476, 1374, 1588, 1240, 1046, 1311, 1981, 1015, 1211, 1353, 1223, 1919, 1541, 1533, 1383, 1379, 1007, 1525, 1070, 1137, 1427, 1472, 1382, 1091, 1811, 1831, 1020, 1306, 1372, 1345, 1551, 1107, 1895, 1885, 1498, 1714, 1308, 1304, 1337, 1309, 1410, 1775, 1242, 1221, 1260, 1290, 1828, 1023, 1620, 1947, 1360, 1024, 1791, 1159, 1390, 1652, 1204, 1537, 1555, 1233, 1510, 1172, 1830, 1109, 1657, 1327, 1786, 1971, 1502, 1570, 1593, 1673, 1491, 1910, 1946], "perc_recomm_found": 1.0, "gamma": 0.75, "eta": 0.75, "gamma_obs": 1.0, "gamma_obs_pre": 0.0, "eta_obs": 1.0, "costs": [1.0, 1.0], "lbd": 150.0, "thresh": 0.5, "r_type": "individualized", "t_type": "improvement", "eta_obs_individualized": 1.0, "eta_obs_refits_batch0_mean": 0.9880000352859497, "model_score": 0.984, "model_f1": 0.997907949790795, "model_refits_batch0_scores": [0.998, 0.998, 0.995, 0.995, 0.998], "model_refits_batch0_f1s": [0.9979674796747968, 0.9979674796747968, 0.9949031600407746, 0.9949031600407746, 0.9979674796747968], "model_coef": NaN}