{"accuracy_pre": 0.99, "accuracy_post": 0.88, "recourse_seeking_ixs": [1814, 1752, 1862, 1423, 1672, 1788, 1165, 1239, 1321, 1174, 1538, 1003, 1107, 1864, 1144, 1946, 1302, 1029, 1065, 1875, 1898, 1117, 1593, 1345, 1195, 1910, 1480, 1661, 1059, 1231, 1785, 1878, 1886, 1541, 1592, 1947, 1985, 1378, 1917, 1011, 1802, 1278, 1918, 1637, 1523, 1650, 1976, 1490, 1958, 1816, 1468, 1963, 1372, 1041, 1776, 1450, 1157, 1786, 1004, 1509, 1987, 1453, 1941, 1482, 1154, 1927, 1484, 1955, 1118, 1727, 1176, 1180, 1148, 1805, 1511, 1880, 1673, 1495, 1152, 1034, 1374, 1493, 1083, 1492, 1246, 1122, 1981, 1977, 1524, 1092, 1747, 1636, 1527, 1501, 1298, 1451, 1657, 1872, 1109, 1159], "recourse_recommended_ixs": [1814, 1752, 1862, 1423, 1672, 1788, 1165, 1321, 1174, 1538, 1003, 1107, 1864, 1144, 1946, 1302, 1029, 1065, 1875, 1898, 1117, 1593, 1345, 1195, 1910, 1480, 1661, 1059, 1231, 1785, 1878, 1886, 1541, 1592, 1947, 1985, 1378, 1917, 1011, 1802, 1278, 1918, 1637, 1523, 1650, 1976, 1490, 1958, 1816, 1468, 1963, 1372, 1041, 1776, 1450, 1157, 1786, 1004, 1509, 1987, 1453, 1941, 1482, 1154, 1927, 1484, 1955, 1118, 1727, 1176, 1180, 1148, 1805, 1511, 1880, 1673, 1495, 1152, 1034, 1374, 1493, 1083, 1492, 1246, 1122, 1981, 1977, 1524, 1092, 1747, 1636, 1527, 1501, 1298, 1451, 1657, 1872, 1109, 1159], "perc_recomm_found": 0.99, "gamma": 0.75, "eta": 0.75, "gamma_obs": 1.0, "gamma_obs_pre": 0.0, "eta_obs": 0.8888888888888888, "costs": [1.0, 1.0], "lbd": 150.0, "thresh": 0.5, "r_type": "subpopulation", "t_type": "improvement", "eta_obs_individualized": NaN, "eta_obs_refits_batch0_mean": 0.888888955116272, "model_score": 0.988, "model_f1": 0.9917864476386037, "model_refits_batch0_scores": [0.998, 0.998, 0.998, 0.998, 0.998], "model_refits_batch0_f1s": [0.9979674796747968, 0.9979674796747968, 0.9979674796747968, 0.9979674796747968, 0.9979674796747968], "model_coef": NaN}