{"accuracy_pre": 0.88, "accuracy_post": 0.26, "recourse_seeking_ixs": [725, 576, 568, 700, 516, 546, 816, 805, 979, 920, 747, 790, 529, 683, 891, 797, 699, 607, 885, 521, 819, 918, 957, 831, 803, 731, 910, 991, 676, 758, 836, 723, 685, 554, 781, 716, 642, 508, 656, 669, 755, 921, 759, 987, 858, 563, 628, 664, 863, 519, 883, 884, 712, 730, 638, 603, 630, 710, 903, 934, 938, 854, 704, 894, 788, 708, 851, 662, 577, 879, 537, 999, 892, 765, 675, 572, 929, 660, 659, 555, 962, 737, 657, 586, 680, 654, 951, 936, 556, 569, 602, 975, 552, 538, 852, 968, 822, 794, 774, 661], "recourse_recommended_ixs": [725, 576, 568, 700, 516, 546, 816, 805, 979, 920, 747, 790, 529, 683, 891, 797, 699, 607, 885, 521, 819, 918, 957, 831, 803, 731, 910, 991, 676, 758, 836, 723, 685, 554, 781, 716, 642, 508, 656, 669, 755, 921, 759, 987, 858, 563, 628, 664, 863, 519, 883, 884, 712, 730, 638, 603, 630, 710, 903, 934, 938, 854, 704, 894, 788, 708, 851, 662, 577, 879, 537, 999, 892, 765, 675, 572, 929, 660, 659, 555, 962, 737, 657, 586, 680, 654, 951, 936, 556, 569, 602, 975, 552, 538, 852, 968, 822, 794, 774, 661], "perc_recomm_found": 1.0, "gamma": 0.75, "eta": 0.75, "gamma_obs": 0.25999999046325684, "gamma_obs_pre": 0.11999999731779099, "eta_obs": 1.0, "costs": [1.0, 1.0, 1.0], "lbd": 300.0, "thresh": 0.5, "r_type": "individualized", "t_type": "acceptance", "eta_obs_individualized": NaN, "eta_obs_refits_batch0_mean": 0.5, "model_score": 0.884, "model_f1": 0.8901734104046244, "model_refits_batch0_scores": [0.848, 0.846, 0.848, 0.856, 0.854], "model_refits_batch0_f1s": [0.8597785977859778, 0.8522072936660269, 0.8560606060606061, 0.855421686746988, 0.8560157790927022], "model_coef": NaN}