{"accuracy_pre": 0.86, "accuracy_post": 0.28, "recourse_seeking_ixs": [266, 293, 250, 264, 303, 232, 265, 315, 367, 389, 292, 279, 270, 282, 297, 359, 362, 341, 384, 381, 321, 347, 302, 261, 276, 349, 252, 320, 365, 324, 203, 333, 257, 337, 223, 286, 314, 344, 213, 269, 262, 237, 378, 291, 294, 363, 357, 353, 227, 313], "recourse_recommended_ixs": [266, 293, 250, 264, 303, 232, 265, 315, 367, 389, 292, 279, 270, 282, 297, 359, 362, 341, 384, 381, 321, 347, 302, 261, 276, 349, 252, 320, 365, 324, 203, 333, 257, 337, 223, 286, 314, 344, 213, 269, 262, 237, 378, 291, 294, 363, 357, 353, 227, 313], "perc_recomm_found": 1.0, "gamma": 0.75, "eta": 0.75, "gamma_obs": 0.2800000011920929, "gamma_obs_pre": 0.14000000059604645, "eta_obs": 1.0, "costs": [1.0, 1.0, 1.0], "lbd": 300.0, "thresh": 0.5, "r_type": "individualized", "t_type": "counterfactual", "eta_obs_individualized": NaN, "eta_obs_refits_batch0_mean": 0.9199999570846558, "model_score": 0.895, "model_f1": 0.8934010152284263, "model_refits_batch0_scores": [0.975, 0.985, 0.97, 0.965, 0.985], "model_refits_batch0_f1s": [0.9753694581280787, 0.9850746268656716, 0.9705882352941176, 0.9655172413793104, 0.9850746268656716], "model_coef": [[1.7504952852098035, 1.3477663782633582, 0.17124832043789126], [0.24812960856078317]]}