{"accuracy_pre": 0.78, "accuracy_post": 0.74, "recourse_seeking_ixs": [818, 756, 975, 592, 925, 792, 583, 645, 911, 614, 815, 936, 617, 671, 722, 974, 856, 587, 922, 929, 690, 803, 851, 848, 886, 977, 839, 864, 935, 769, 651, 649, 537, 549, 686, 870, 561, 531, 603, 843, 675, 658, 811, 869, 912, 838, 995, 847, 973, 670, 553, 730, 704, 622, 809, 805, 920, 906, 665, 979, 599, 924, 693, 855, 712, 942, 998, 683, 579, 646, 908, 878, 955, 602, 766, 840, 543, 764, 552, 893, 988, 984, 679, 754, 961, 750, 514, 879, 721, 751, 968, 513, 814, 857, 559, 891, 775, 506, 551, 510], "recourse_recommended_ixs": [818, 756, 975, 592, 925, 792, 583, 645, 911, 614, 815, 936, 617, 671, 722, 974, 856, 587, 922, 929, 690, 803, 851, 848, 886, 977, 839, 864, 935, 769, 651, 649, 537, 549, 686, 870, 561, 531, 603, 843, 675, 658, 811, 869, 912, 838, 995, 847, 973, 670, 553, 730, 704, 622, 809, 805, 920, 906, 665, 979, 599, 924, 693, 855, 712, 942, 998, 683, 579, 646, 908, 878, 955, 602, 766, 840, 543, 764, 552, 893, 988, 984, 679, 754, 961, 750, 514, 879, 721, 751, 968, 513, 814, 857, 559, 891, 775, 506, 551, 510], "perc_recomm_found": 1.0, "gamma": 0.75, "eta": 0.75, "gamma_obs": 0.75, "gamma_obs_pre": 0.2199999988079071, "eta_obs": 0.99, "costs": [1.0, 1.0], "lbd": 300.0, "thresh": 0.5, "r_type": "individualized", "t_type": "improvement", "eta_obs_individualized": 0.79, "eta_obs_refits_batch0_mean": 0.9340000152587891, "model_score": 0.674, "model_f1": 0.7417475728155339, "model_refits_batch0_scores": [0.824, 0.834, 0.834, 0.808, 0.818], "model_refits_batch0_f1s": [0.817427385892116, 0.8245243128964059, 0.8230277185501067, 0.799163179916318, 0.7945823927765236], "model_coef": NaN}