{"accuracy_pre": 0.8, "accuracy_post": 0.97, "recourse_seeking_ixs": [599, 791, 740, 790, 966, 833, 876, 806, 657, 899, 702, 797, 611, 632, 590, 948, 710, 725, 855, 883, 549, 936, 569, 688, 570, 726, 659, 517, 587, 888, 808, 671, 545, 890, 882, 720, 832, 552, 959, 693, 662, 762, 506, 910, 535, 573, 679, 666, 534, 921, 750, 756, 745, 503, 586, 769, 960, 709, 887, 500, 691, 869, 803, 753, 915, 872, 972, 595, 647, 774, 528, 654, 613, 568, 687, 634, 874, 881, 991, 829, 923, 751, 947, 781, 858, 621, 982, 643, 642, 944, 968, 981, 708, 980, 727, 865, 597, 565, 665, 778], "recourse_recommended_ixs": [599, 791, 740, 790, 966, 833, 876, 806, 657, 899, 702, 797, 611, 632, 590, 948, 710, 725, 855, 883, 549, 936, 569, 688, 570, 726, 659, 517, 587, 888, 808, 671, 545, 890, 882, 720, 832, 552, 959, 693, 662, 762, 506, 910, 535, 573, 679, 666, 534, 921, 750, 756, 745, 503, 586, 769, 960, 709, 887, 500, 691, 869, 803, 753, 915, 872, 972, 595, 647, 774, 528, 654, 613, 568, 687, 634, 874, 881, 991, 829, 923, 751, 947, 781, 858, 621, 982, 643, 642, 944, 968, 981, 708, 980, 727, 865, 597, 565, 665, 778], "perc_recomm_found": 1.0, "gamma": 0.95, "eta": 0.95, "gamma_obs": 0.9700000286102295, "gamma_obs_pre": 0.20000000298023224, "eta_obs": 1.0, "costs": [1.0, 1.0], "lbd": 300.0, "thresh": 0.5, "r_type": "subpopulation", "t_type": "improvement", "eta_obs_individualized": NaN, "eta_obs_refits_batch0_mean": 1.0, "model_score": 0.814, "model_f1": 0.8063872255489022, "model_refits_batch0_scores": [0.822, 0.82, 0.814, 0.828, 0.83], "model_refits_batch0_f1s": [0.8202020202020203, 0.8170731707317074, 0.8128772635814889, 0.822314049586777, 0.8261758691206543], "model_coef": [[0.4193815735163298, -0.17430836989550566, 0.8740051248645054], [-0.5287631658814632]]}