{"accuracy_pre": 0.98, "accuracy_post": 0.98, "recourse_seeking_ixs": [368, 389, 241, 275, 306, 262, 354, 345, 223, 317, 268, 228, 312, 355, 221, 392, 283, 286, 300, 293, 364, 248, 297, 253, 266, 250, 282, 227, 362, 366, 332, 382, 202, 207, 231, 394, 377, 344, 242, 238, 351, 346, 234, 217, 307, 397, 264, 318, 371, 281], "recourse_recommended_ixs": [368, 389, 241, 275, 306, 262, 354, 345, 223, 317, 268, 228, 312, 355, 221, 392, 283, 286, 300, 293, 364, 248, 297, 253, 266, 250, 282, 227, 362, 366, 332, 382, 202, 207, 231, 377, 344, 242, 238, 351, 346, 234, 217, 307, 397, 264, 318, 371, 281], "perc_recomm_found": 0.98, "gamma": 0.75, "eta": 0.75, "gamma_obs": 0.8775510204081632, "gamma_obs_pre": 0.0, "eta_obs": 0.8775510204081632, "costs": [5.0, 5.0], "lbd": 300.0, "thresh": 0.5, "r_type": "subpopulation", "t_type": "improvement", "eta_obs_individualized": NaN, "eta_obs_refits_batch0_mean": 0.8693877551020408, "model_score": 0.99, "model_f1": 0.9923664122137404, "model_refits_batch0_scores": [0.99, 0.995, 0.975, 0.945, 0.99], "model_refits_batch0_f1s": [0.9923664122137404, 0.9961977186311787, 0.9808429118773947, 0.9581749049429659, 0.9923664122137404], "model_coef": [[-0.4757321466379837, 0.6196026974685456, 0.006259128767234332, 0.2523618187508713, 0.9209356525717065], [-13.266759959537207]]}