{"accuracy_pre": 0.84, "accuracy_post": 0.54, "recourse_seeking_ixs": [637, 560, 743, 934, 615, 634, 762, 627, 678, 794, 950, 941, 967, 553, 720, 513, 761, 552, 500, 913, 812, 737, 829, 632, 515, 584, 683, 859, 880, 502, 541, 954, 685, 998, 953, 914, 777, 906, 620, 509, 586, 721, 845, 521, 926, 670, 818, 793, 619, 605, 822, 871, 899, 506, 858, 920, 733, 837, 717, 813, 623, 668, 566, 944, 862, 661, 947, 978, 545, 715, 968, 640, 764, 833, 578, 884, 988, 701, 882, 522, 802, 927, 693, 504, 755, 649, 507, 567, 614, 782, 770, 707, 831, 729, 675, 662, 781, 912, 756, 841], "recourse_recommended_ixs": [637, 560, 743, 934, 615, 634, 762, 627, 678, 794, 950, 941, 967, 553, 720, 513, 761, 552, 500, 913, 812, 737, 829, 632, 515, 584, 683, 859, 880, 502, 541, 954, 685, 998, 953, 914, 777, 906, 620, 509, 586, 721, 845, 521, 926, 670, 818, 793, 619, 605, 822, 871, 899, 506, 858, 920, 733, 837, 717, 813, 623, 668, 566, 944, 862, 661, 947, 978, 545, 715, 968, 640, 764, 833, 578, 884, 988, 701, 882, 522, 802, 927, 693, 504, 755, 649, 507, 567, 614, 782, 770, 707, 831, 729, 675, 662, 781, 912, 756, 841], "perc_recomm_found": 1.0, "gamma": 0.95, "eta": 0.95, "gamma_obs": 0.23000000417232513, "gamma_obs_pre": 0.1599999964237213, "eta_obs": 1.0, "costs": [1.0, 1.0, 1.0], "lbd": 300.0, "thresh": 0.5, "r_type": "subpopulation", "t_type": "acceptance", "eta_obs_individualized": NaN, "eta_obs_refits_batch0_mean": 0.26600000262260437, "model_score": 0.84, "model_f1": 0.8670756646216768, "model_refits_batch0_scores": [0.824, 0.834, 0.834, 0.808, 0.818], "model_refits_batch0_f1s": [0.817427385892116, 0.8245243128964059, 0.8230277185501067, 0.799163179916318, 0.7945823927765236], "model_coef": NaN}