{"accuracy_pre": 1.0, "accuracy_post": 0.98, "recourse_seeking_ixs": [1258, 1007, 1223, 1067, 1685, 1310, 1641, 1332, 1998, 1627, 1540, 1923, 1797, 1588, 1733, 1861, 1233, 1707, 1234, 1625, 1203, 1281, 1277, 1295, 1597, 1459, 1852, 1950, 1434, 1572, 1806, 1665, 1133, 1658, 1855, 1873, 1539, 1886, 1486, 1274, 1216, 1219, 1346, 1858, 1941, 1801, 1191, 1103, 1791, 1224, 1469, 1824, 1664, 1308, 1227, 1632, 1864, 1166, 1147, 1267, 1709, 1344, 1161, 1769, 1186, 1535, 1462, 1841, 1288, 1312, 1520, 1652, 1954, 1400, 1245, 1988, 1899, 1655, 1836, 1934, 1679, 1331, 1170, 1504, 1805, 1961, 1603, 1388, 1065, 1231, 1284, 1033, 1253, 1898, 1635, 1071, 1313, 1983, 1561, 1302], "recourse_recommended_ixs": [1258, 1007, 1223, 1067, 1685, 1310, 1641, 1332, 1998, 1627, 1540, 1923, 1797, 1588, 1733, 1861, 1233, 1707, 1234, 1625, 1203, 1281, 1277, 1295, 1597, 1459, 1852, 1950, 1434, 1572, 1806, 1665, 1133, 1658, 1855, 1873, 1539, 1886, 1486, 1274, 1216, 1219, 1346, 1858, 1941, 1801, 1191, 1103, 1791, 1224, 1469, 1824, 1664, 1308, 1227, 1632, 1864, 1166, 1147, 1267, 1709, 1344, 1161, 1769, 1186, 1535, 1462, 1841, 1288, 1312, 1520, 1652, 1954, 1400, 1245, 1988, 1899, 1655, 1836, 1934, 1679, 1331, 1170, 1504, 1805, 1961, 1603, 1388, 1065, 1231, 1284, 1033, 1253, 1898, 1635, 1071, 1313, 1983, 1561, 1302], "perc_recomm_found": 1.0, "gamma": 0.75, "eta": 0.75, "gamma_obs": 1.0, "gamma_obs_pre": 0.0, "eta_obs": 0.98, "costs": [1.0, 1.0], "lbd": 150.0, "thresh": 0.5, "r_type": "individualized", "t_type": "improvement", "eta_obs_individualized": 1.0, "eta_obs_refits_batch0_mean": 0.8899999856948853, "model_score": 0.893, "model_f1": 1.0, "model_refits_batch0_scores": [0.997, 0.994, 0.996, 0.994, 0.996], "model_refits_batch0_f1s": [0.9970089730807578, 0.9939999999999999, 0.9960079840319361, 0.9939999999999999, 0.9960079840319361], "model_coef": NaN}