{"accuracy_pre": 1.0, "accuracy_post": 1.0, "recourse_seeking_ixs": [1879, 1615, 1272, 1889, 1131, 1558, 1560, 1452, 1128, 1804, 1256, 1761, 1361, 1000, 1014, 1883, 1758, 1539, 1148, 1803, 1483, 1244, 1283, 1402, 1742, 1093, 1299, 1248, 1099, 1496, 1062, 1114, 1005, 1902, 1133, 1202, 1293, 1859, 1930, 1582, 1047, 1002, 1440, 1906, 1485, 1295, 1194, 1397, 1096, 1015, 1459, 1969, 1276, 1270, 1701, 1326, 1880, 1744, 1688, 1150, 1840, 1161, 1245, 1743, 1904, 1528, 1463, 1858, 1357, 1031, 1965, 1214, 1856, 1189, 1729, 1572, 1731, 1823, 1666, 1665, 1074, 1146, 1980, 1652, 1415, 1098, 1974, 1020, 1379, 1354, 1331, 1034, 1072, 1423, 1634, 1334, 1570, 1593, 1486, 1010], "recourse_recommended_ixs": [1879, 1615, 1272, 1889, 1131, 1558, 1560, 1452, 1128, 1804, 1256, 1761, 1361, 1000, 1014, 1883, 1758, 1539, 1148, 1803, 1483, 1244, 1283, 1402, 1742, 1093, 1299, 1248, 1099, 1496, 1062, 1114, 1005, 1902, 1133, 1202, 1293, 1859, 1930, 1582, 1047, 1002, 1440, 1906, 1485, 1295, 1194, 1397, 1096, 1015, 1459, 1969, 1276, 1270, 1701, 1326, 1880, 1744, 1688, 1150, 1840, 1161, 1245, 1743, 1904, 1528, 1463, 1858, 1357, 1031, 1965, 1214, 1856, 1189, 1729, 1572, 1731, 1823, 1666, 1665, 1074, 1146, 1980, 1652, 1415, 1098, 1974, 1020, 1379, 1354, 1331, 1034, 1072, 1423, 1634, 1334, 1570, 1593, 1486, 1010], "perc_recomm_found": 1.0, "gamma": 0.95, "eta": 0.95, "gamma_obs": 1.0, "gamma_obs_pre": 0.0, "eta_obs": 1.0, "costs": [1.0, 1.0, 1.0], "lbd": 150.0, "thresh": 0.5, "r_type": "subpopulation", "t_type": "improvement", "eta_obs_individualized": NaN, "eta_obs_refits_batch0_mean": 1.0, "model_score": 0.927, "model_f1": 0.9916317991631798, "model_refits_batch0_scores": [0.996, 0.999, 0.996, 0.998, 0.993], "model_refits_batch0_f1s": [0.995967741935484, 0.9989929506545822, 0.9959919839679359, 0.9979919678714859, 0.993006993006993], "model_coef": NaN}