{"accuracy_pre": 0.94, "accuracy_post": 0.43, "recourse_seeking_ixs": [668, 943, 748, 716, 521, 842, 935, 798, 903, 684, 809, 722, 568, 810, 764, 763, 585, 713, 615, 669, 975, 843, 884, 571, 506, 675, 971, 899, 648, 728, 849, 966, 563, 576, 934, 980, 875, 689, 694, 878, 836, 880, 925, 874, 950, 814, 519, 981, 826, 928, 911, 820, 532, 854, 600, 998, 662, 983, 696, 512, 579, 699, 953, 982, 965, 606, 761, 936, 891, 510, 853, 990, 785, 620, 592, 709, 844, 881, 902, 821, 677, 602, 517, 644, 955, 645, 634, 791, 564, 819, 651, 654, 738, 989, 641, 848, 649, 815, 813, 657], "recourse_recommended_ixs": [668, 943, 748, 716, 521, 842, 935, 798, 903, 684, 809, 722, 568, 810, 764, 763, 585, 713, 615, 669, 975, 843, 884, 571, 506, 675, 971, 899, 648, 728, 849, 966, 563, 576, 934, 980, 875, 689, 694, 878, 836, 880, 925, 874, 950, 814, 519, 981, 826, 928, 911, 820, 532, 854, 600, 998, 662, 983, 696, 512, 579, 699, 953, 982, 965, 606, 761, 936, 891, 510, 853, 990, 785, 620, 592, 709, 844, 881, 902, 821, 677, 602, 517, 644, 955, 645, 634, 791, 564, 819, 651, 654, 738, 989, 641, 848, 649, 815, 813, 657], "perc_recomm_found": 1.0, "gamma": 0.95, "eta": 0.95, "gamma_obs": 0.46000000834465027, "gamma_obs_pre": 0.05999999865889549, "eta_obs": 1.0, "costs": [1.0, 1.0, 1.0], "lbd": 300.0, "thresh": 0.5, "r_type": "individualized", "t_type": "counterfactual", "eta_obs_individualized": NaN, "eta_obs_refits_batch0_mean": 0.6319999694824219, "model_score": 0.842, "model_f1": 0.8588957055214725, "model_refits_batch0_scores": [0.862, 0.86, 0.86, 0.846, 0.86], "model_refits_batch0_f1s": [0.8516129032258065, 0.8504273504273505, 0.8458149779735683, 0.8285077951002228, 0.8478260869565217], "model_coef": NaN}