{"accuracy_pre": 0.91, "accuracy_post": 0.84, "recourse_seeking_ixs": [851, 953, 959, 906, 956, 832, 625, 679, 701, 609, 685, 886, 991, 692, 802, 637, 551, 724, 960, 709, 563, 622, 786, 575, 867, 678, 655, 602, 519, 672, 919, 962, 502, 722, 760, 769, 976, 997, 990, 629, 857, 967, 536, 677, 970, 821, 908, 917, 500, 817, 847, 884, 945, 860, 800, 565, 898, 773, 865, 830, 727, 662, 881, 871, 717, 528, 616, 704, 807, 579, 668, 716, 694, 654, 900, 615, 902, 838, 808, 909, 712, 752, 876, 739, 649, 758, 546, 892, 718, 825, 564, 681, 561, 788, 765, 619, 944, 899, 623, 506], "recourse_recommended_ixs": [851, 953, 959, 906, 956, 832, 625, 679, 701, 609, 685, 886, 991, 692, 802, 637, 551, 724, 960, 709, 563, 622, 786, 575, 867, 678, 655, 602, 519, 672, 919, 962, 502, 722, 760, 769, 976, 997, 990, 629, 857, 967, 536, 677, 970, 821, 908, 917, 500, 817, 847, 884, 945, 860, 800, 565, 898, 773, 865, 830, 727, 662, 881, 871, 717, 528, 616, 704, 807, 579, 668, 716, 694, 654, 900, 615, 902, 838, 808, 909, 712, 752, 876, 739, 649, 758, 546, 892, 718, 825, 564, 681, 561, 788, 765, 619, 944, 899, 623, 506], "perc_recomm_found": 1.0, "gamma": 0.75, "eta": 0.75, "gamma_obs": 0.6299999952316284, "gamma_obs_pre": 0.09000000357627869, "eta_obs": 0.69, "costs": [1.0, 1.0], "lbd": 300.0, "thresh": 0.5, "r_type": "subpopulation", "t_type": "improvement", "eta_obs_individualized": NaN, "eta_obs_refits_batch0_mean": 0.6700000166893005, "model_score": 0.804, "model_f1": 0.7651006711409396, "model_refits_batch0_scores": [0.818, 0.816, 0.806, 0.824, 0.83], "model_refits_batch0_f1s": [0.7838479809976248, 0.7819905213270142, 0.762836185819071, 0.7914691943127962, 0.8081264108352144], "model_coef": NaN}