{"accuracy_pre": 1.0, "accuracy_post": 1.0, "recourse_seeking_ixs": [1057, 1864, 1408, 1827, 1364, 1595, 1528, 1439, 1143, 1740, 1147, 1398, 1454, 1161, 1216, 1552, 1361, 1607, 1987, 1196, 1311, 1841, 1650, 1435, 1178, 1900, 1789, 1434, 1805, 1575, 1649, 1629, 1934, 1597, 1807, 1130, 1413, 1726, 1382, 1928, 1191, 1907, 1234, 1855, 1083, 1391, 1034, 1631, 1383, 1070, 1415, 1901, 1709, 1953, 1652, 1725, 1387, 1030, 1661, 1961, 1469, 1683, 1781, 1858, 1565, 1388, 1540, 1343, 1245, 1991, 1468, 1433, 1773, 1054, 1293, 1316, 1735, 1288, 1242, 1817, 1146, 1560, 1472, 1193, 1996, 1236, 1102, 1366, 1427, 1811, 1572, 1746, 1209, 1594, 1930, 1923, 1617, 1174, 1771, 1533], "recourse_recommended_ixs": [1057, 1864, 1408, 1827, 1364, 1595, 1528, 1439, 1143, 1740, 1147, 1398, 1454, 1161, 1216, 1552, 1361, 1607, 1987, 1196, 1311, 1841, 1650, 1435, 1178, 1900, 1789, 1434, 1805, 1575, 1649, 1629, 1934, 1597, 1807, 1130, 1413, 1726, 1382, 1928, 1191, 1907, 1234, 1855, 1083, 1391, 1034, 1631, 1383, 1070, 1415, 1901, 1709, 1953, 1652, 1725, 1387, 1030, 1661, 1961, 1469, 1683, 1781, 1858, 1565, 1388, 1540, 1343, 1245, 1991, 1468, 1433, 1773, 1054, 1293, 1316, 1735, 1288, 1242, 1817, 1146, 1560, 1472, 1193, 1996, 1236, 1102, 1366, 1427, 1811, 1572, 1746, 1209, 1594, 1930, 1923, 1617, 1174, 1771, 1533], "perc_recomm_found": 1.0, "gamma": 0.75, "eta": 0.75, "gamma_obs": 1.0, "gamma_obs_pre": 0.0, "eta_obs": 1.0, "costs": [1.0, 1.0], "lbd": 150.0, "thresh": 0.5, "r_type": "subpopulation", "t_type": "improvement", "eta_obs_individualized": NaN, "eta_obs_refits_batch0_mean": 1.0, "model_score": 0.993, "model_f1": 0.9930624380574826, "model_refits_batch0_scores": [0.998, 0.998, 0.999, 0.998, 0.998], "model_refits_batch0_f1s": [0.99800796812749, 0.99800796812749, 0.9990069513406157, 0.99800796812749, 0.99800796812749], "model_coef": NaN}