{"accuracy_pre": 0.88, "accuracy_post": 0.2, "recourse_seeking_ixs": [863, 686, 823, 956, 687, 964, 938, 559, 565, 657, 512, 643, 878, 813, 772, 503, 650, 850, 950, 801, 726, 802, 983, 545, 968, 860, 605, 705, 529, 869, 517, 773, 582, 953, 753, 961, 934, 537, 806, 800, 519, 988, 641, 783, 759, 882, 996, 550, 822, 911, 765, 963, 609, 748, 700, 587, 798, 507, 555, 515, 556, 683, 527, 638, 506, 675, 502, 970, 785, 720, 732, 762, 830, 672, 769, 663, 790, 734, 736, 511, 690, 993, 590, 817, 945, 991, 781, 596, 583, 768, 840, 914, 618, 959, 812, 665, 932, 908, 982, 729], "recourse_recommended_ixs": [863, 686, 823, 956, 687, 964, 938, 559, 565, 657, 512, 643, 878, 813, 772, 503, 650, 850, 950, 801, 726, 802, 983, 545, 968, 860, 605, 705, 529, 869, 517, 773, 582, 953, 753, 961, 934, 537, 806, 800, 519, 988, 641, 783, 759, 882, 996, 550, 822, 911, 765, 963, 609, 748, 700, 587, 798, 507, 555, 515, 556, 683, 527, 638, 506, 675, 502, 970, 785, 720, 732, 762, 830, 672, 769, 663, 790, 734, 736, 511, 690, 993, 590, 817, 945, 991, 781, 596, 583, 768, 840, 914, 618, 959, 812, 665, 932, 908, 982, 729], "perc_recomm_found": 1.0, "gamma": 0.95, "eta": 0.95, "gamma_obs": 0.1899999976158142, "gamma_obs_pre": 0.11999999731779099, "eta_obs": 0.99, "costs": [1.0, 1.0, 1.0], "lbd": 300.0, "thresh": 0.5, "r_type": "subpopulation", "t_type": "acceptance", "eta_obs_individualized": NaN, "eta_obs_refits_batch0_mean": 0.5019999742507935, "model_score": 0.822, "model_f1": 0.8172484599589321, "model_refits_batch0_scores": [0.824, 0.822, 0.818, 0.804, 0.816], "model_refits_batch0_f1s": [0.8189300411522634, 0.8179959100204499, 0.8115942028985509, 0.7983539094650206, 0.8], "model_coef": [[-0.15516047170550962, 0.3887020845851001, 0.7972309199062461], [-0.34300633791006724]]}