{"accuracy_pre": 0.7, "accuracy_post": 0.78, "recourse_seeking_ixs": [225, 385, 380, 248, 395, 286, 298, 251, 255, 352, 229, 326, 312, 374, 331, 237, 373, 383, 345, 280, 236, 217, 276, 391, 242, 325, 311, 399, 258, 333, 371, 351, 277, 271, 260, 252, 249, 319, 321, 288, 316, 254, 346, 289, 290, 273, 205, 257, 377, 238], "recourse_recommended_ixs": [225, 385, 380, 248, 395, 286, 298, 251, 255, 352, 229, 326, 312, 374, 331, 237, 373, 383, 345, 280, 236, 217, 276, 391, 242, 325, 311, 399, 258, 333, 371, 351, 277, 271, 260, 252, 249, 319, 321, 288, 316, 254, 346, 289, 290, 273, 205, 257, 377, 238], "perc_recomm_found": 1.0, "gamma": 0.85, "eta": 0.85, "gamma_obs": 0.8199999928474426, "gamma_obs_pre": 0.30000001192092896, "eta_obs": 0.92, "costs": [1.0, 1.0], "lbd": 300.0, "thresh": 0.5, "r_type": "individualized", "t_type": "improvement", "eta_obs_individualized": 0.84, "eta_obs_refits_batch0_mean": 0.9239999651908875, "model_score": 0.79, "model_f1": 0.798076923076923, "model_refits_batch0_scores": [0.795, 0.79, 0.795, 0.8, 0.815], "model_refits_batch0_f1s": [0.7960199004975125, 0.796116504854369, 0.7960199004975125, 0.8130841121495328, 0.8262910798122066], "model_coef": [[0.6420304191205048, -0.6404150407882445, 1.18575602372667], [-0.6871603866622781]]}