{"accuracy_pre": 0.8, "accuracy_post": 0.86, "recourse_seeking_ixs": [234, 396, 348, 374, 237, 283, 286, 366, 351, 301, 261, 236, 367, 235, 337, 272, 341, 202, 270, 282, 325, 365, 231, 385, 379, 343, 228, 364, 259, 284, 292, 380, 247, 321, 317, 371, 223, 205, 329, 273, 215, 389, 323, 280, 335, 253, 330, 305, 240, 213], "recourse_recommended_ixs": [234, 396, 348, 374, 237, 283, 286, 366, 351, 301, 261, 236, 367, 235, 337, 272, 341, 202, 270, 282, 325, 365, 231, 385, 379, 343, 228, 364, 259, 284, 292, 380, 247, 321, 317, 371, 223, 205, 329, 273, 215, 389, 323, 280, 335, 253, 330, 305, 240, 213], "perc_recomm_found": 1.0, "gamma": 0.75, "eta": 0.75, "gamma_obs": 0.8399999737739563, "gamma_obs_pre": 0.20000000298023224, "eta_obs": 0.94, "costs": [1.0, 1.0], "lbd": 300.0, "thresh": 0.5, "r_type": "individualized", "t_type": "improvement", "eta_obs_individualized": 0.8, "eta_obs_refits_batch0_mean": 0.9760000109672546, "model_score": 0.78, "model_f1": 0.7708333333333334, "model_refits_batch0_scores": [0.79, 0.755, 0.76, 0.77, 0.805], "model_refits_batch0_f1s": [0.7789473684210526, 0.7609756097560975, 0.7692307692307693, 0.7766990291262136, 0.7891891891891891], "model_coef": [[0.2395400345047999, -0.1253147156680164, 0.9994422438043192], [-0.20205949061269626]]}