{"accuracy_pre": 0.95, "accuracy_post": 0.43, "recourse_seeking_ixs": [840, 784, 543, 800, 977, 621, 669, 783, 628, 844, 778, 625, 787, 659, 639, 523, 958, 726, 953, 981, 534, 803, 652, 723, 713, 833, 775, 766, 759, 588, 517, 597, 616, 990, 921, 712, 870, 847, 823, 678, 945, 855, 502, 798, 818, 993, 994, 807, 922, 841, 762, 901, 986, 749, 804, 742, 849, 680, 635, 533, 999, 555, 829, 880, 505, 898, 745, 930, 871, 866, 772, 979, 848, 968, 725, 614, 831, 858, 813, 668, 524, 604, 895, 954, 884, 904, 705, 743, 975, 843, 660, 863, 852, 758, 598, 624, 796, 907, 752, 675], "recourse_recommended_ixs": [840, 784, 543, 800, 977, 621, 669, 783, 628, 844, 778, 625, 787, 659, 639, 523, 958, 726, 953, 981, 534, 803, 652, 723, 713, 833, 775, 766, 759, 588, 517, 597, 616, 990, 921, 712, 870, 847, 823, 678, 945, 855, 502, 798, 818, 993, 994, 807, 922, 841, 762, 901, 986, 749, 804, 742, 849, 680, 635, 533, 999, 555, 829, 880, 505, 898, 745, 930, 871, 866, 772, 979, 848, 968, 725, 614, 831, 858, 813, 668, 524, 604, 895, 954, 884, 904, 705, 743, 975, 843, 660, 863, 852, 758, 598, 624, 796, 907, 752, 675], "perc_recomm_found": 1.0, "gamma": 0.95, "eta": 0.95, "gamma_obs": 0.41999998688697815, "gamma_obs_pre": 0.05000000074505806, "eta_obs": 0.99, "costs": [1.0, 1.0, 1.0], "lbd": 300.0, "thresh": 0.5, "r_type": "subpopulation", "t_type": "counterfactual", "eta_obs_individualized": NaN, "eta_obs_refits_batch0_mean": 0.6499999761581421, "model_score": 0.714, "model_f1": 0.8115942028985507, "model_refits_batch0_scores": [0.886, 0.89, 0.88, 0.874, 0.872], "model_refits_batch0_f1s": [0.8784648187633263, 0.8861283643892339, 0.8728813559322034, 0.8684759916492694, 0.8688524590163934], "model_coef": [[0.594492694325962, 0.33108333829437153, 1.4018161030511183], [-0.1258241311860166]]}