r_type,t_type,eta_mean,gamma_mean,perc_recomm_found_mean,eta_obs_mean,eta_obs_individualized_mean,eta_obs_refits_batch0_mean_mean,gamma_obs_mean,intv-cost_mean,eta_std,gamma_std,perc_recomm_found_std,eta_obs_std,eta_obs_individualized_std,eta_obs_refits_batch0_mean_std,gamma_obs_std,intv-cost_std
individualized,acceptance,0.9499999999999998,0.9499999999999998,1.0,1.0,,0.6896667083104452,0.45000001788139343,2.2628333333333335,1.3597399555105182e-16,1.3597399555105182e-16,0.0,0.0,,0.07843683762898053,0.15588457887549534,0.3535450230640128
individualized,counterfactual,0.9499999999999998,0.9499999999999998,1.0,1.0,,0.5490000049273173,0.3750000049670537,2.805166666666667,1.3597399555105182e-16,1.3597399555105182e-16,0.0,0.0,,0.1906200488688878,0.15500000143243423,0.8069475406328055
individualized,improvement,0.9499999999999998,0.9499999999999998,1.0,0.9983333333333334,1.0,0.9903333385785421,0.9566666682561239,3.9589999999999996,1.3597399555105182e-16,1.3597399555105182e-16,0.0,0.0028867513459481316,0.0,0.01159017940088107,0.02843120085989146,0.18853182755174247
subpopulation,acceptance,0.9499999999999998,0.9499999999999998,1.0,0.9883333333333333,,0.6556666592756907,0.4699999888737996,2.3851666666666667,1.3597399555105182e-16,1.3597399555105182e-16,0.0,0.0028867513459481316,,0.13948590580208986,0.13811226553060243,0.45039575190418174
subpopulation,improvement,0.9499999999999998,0.9499999999999998,1.0,0.9983333333333334,,0.9936666687329611,0.9466666579246521,4.007833333333333,1.3597399555105182e-16,1.3597399555105182e-16,0.0,0.0028867513459481316,,0.007094636366260648,0.016072735940151513,0.11235694608404638
