{"accuracy_pre": 0.96, "accuracy_post": 0.95, "recourse_seeking_ixs": [547, 916, 607, 775, 613, 915, 900, 892, 742, 710, 557, 717, 917, 690, 796, 854, 704, 846, 896, 835, 907, 962, 926, 913, 749, 872, 709, 505, 807, 649, 536, 890, 955, 957, 956, 619, 938, 527, 661, 747, 877, 586, 885, 798, 825, 512, 930, 959, 976, 765, 902, 520, 702, 843, 660, 530, 612, 766, 686, 577, 940, 578, 623, 779, 581, 598, 719, 508, 823, 983, 776, 944, 733, 758, 727, 894, 737, 705, 858, 822, 685, 734, 906, 861, 774, 549, 542, 545, 606, 565, 883, 526, 693, 665, 966, 663, 949, 698, 850, 670], "recourse_recommended_ixs": [547, 916, 607, 775, 613, 915, 900, 892, 742, 710, 557, 717, 917, 690, 796, 854, 704, 846, 896, 835, 907, 962, 926, 913, 749, 872, 709, 505, 807, 649, 536, 890, 955, 957, 956, 619, 938, 527, 661, 747, 877, 586, 885, 798, 825, 512, 930, 959, 976, 765, 902, 520, 702, 843, 660, 530, 612, 766, 686, 577, 940, 578, 623, 779, 581, 598, 719, 508, 823, 983, 776, 944, 733, 758, 727, 894, 737, 705, 858, 822, 685, 734, 906, 861, 774, 549, 542, 545, 606, 565, 883, 526, 693, 665, 966, 663, 949, 698, 850, 670], "perc_recomm_found": 1.0, "gamma": 0.95, "eta": 0.95, "gamma_obs": 0.9399999976158142, "gamma_obs_pre": 0.03999999910593033, "eta_obs": 0.99, "costs": [1.0, 1.0, 1.0], "lbd": 300.0, "thresh": 0.5, "r_type": "individualized", "t_type": "improvement", "eta_obs_individualized": 1.0, "eta_obs_refits_batch0_mean": 0.9899999499320984, "model_score": 0.852, "model_f1": 0.8955223880597015, "model_refits_batch0_scores": [0.848, 0.846, 0.848, 0.856, 0.854], "model_refits_batch0_f1s": [0.8597785977859778, 0.8522072936660269, 0.8560606060606061, 0.855421686746988, 0.8560157790927022], "model_coef": NaN}