{"accuracy_pre": 1.0, "accuracy_post": 0.59, "recourse_seeking_ixs": [1083, 1831, 1291, 1745, 1873, 1012, 1145, 1725, 1224, 1791, 1817, 1391, 1186, 1281, 1191, 1520, 1639, 1826, 1118, 1437, 1040, 1593, 1464, 1564, 1433, 1404, 1591, 1953, 1274, 1101, 1499, 1033, 1929, 1234, 1941, 1446, 1519, 1560, 1618, 1303, 1794, 1841, 1269, 1668, 1995, 1617, 1665, 1778, 1386, 1924, 1435, 1329, 1646, 1100, 1902, 1801, 1934, 1726, 1757, 1625, 1415, 1717, 1991, 1314, 1962, 1824, 1236, 1914, 1263, 1899, 1619, 1356, 1076, 1649, 1677, 1662, 1650, 1933, 1316, 1199, 1557, 1205, 1002, 1213, 1626, 1093, 1503, 1901, 1071, 1166, 1070, 1170, 1983, 1388, 1986, 1641, 1414, 1769, 1459, 1884], "recourse_recommended_ixs": [1083, 1831, 1291, 1745, 1873, 1012, 1145, 1725, 1224, 1791, 1817, 1391, 1186, 1281, 1191, 1520, 1639, 1826, 1118, 1437, 1040, 1593, 1464, 1564, 1433, 1404, 1591, 1953, 1274, 1101, 1499, 1033, 1929, 1234, 1941, 1446, 1519, 1560, 1618, 1303, 1794, 1841, 1269, 1668, 1995, 1617, 1665, 1778, 1386, 1924, 1435, 1329, 1646, 1100, 1902, 1801, 1934, 1726, 1757, 1625, 1415, 1717, 1991, 1314, 1962, 1824, 1236, 1914, 1263, 1899, 1619, 1356, 1076, 1649, 1677, 1662, 1650, 1933, 1316, 1199, 1557, 1205, 1002, 1213, 1626, 1093, 1503, 1901, 1071, 1166, 1070, 1170, 1983, 1388, 1986, 1641, 1414, 1769, 1459, 1884], "perc_recomm_found": 1.0, "gamma": 0.75, "eta": 0.75, "gamma_obs": 0.5899999737739563, "gamma_obs_pre": 0.0, "eta_obs": 1.0, "costs": [1.0, 1.0, 1.0], "lbd": 150.0, "thresh": 0.5, "r_type": "individualized", "t_type": "acceptance", "eta_obs_individualized": NaN, "eta_obs_refits_batch0_mean": 1.0, "model_score": 0.995, "model_f1": 1.0, "model_refits_batch0_scores": [0.999, 0.996, 0.996, 0.996, 0.996], "model_refits_batch0_f1s": [0.9990009990009989, 0.9959919839679359, 0.9959919839679359, 0.9959919839679359, 0.9959919839679359], "model_coef": NaN}