{"accuracy_pre": 0.82, "accuracy_post": 0.22, "recourse_seeking_ixs": [275, 270, 245, 248, 242, 303, 225, 333, 357, 316, 392, 211, 397, 390, 365, 224, 287, 249, 294, 307, 290, 246, 282, 396, 308, 286, 203, 200, 395, 372, 399, 341, 393, 213, 379, 284, 385, 302, 309, 206, 296, 338, 298, 337, 383, 324, 334, 398, 209, 315], "recourse_recommended_ixs": [275, 270, 245, 248, 242, 303, 225, 333, 357, 316, 392, 211, 397, 390, 365, 224, 287, 249, 294, 307, 290, 246, 282, 396, 308, 286, 203, 200, 395, 372, 399, 341, 393, 213, 379, 284, 385, 302, 309, 206, 296, 338, 298, 337, 383, 324, 334, 398, 209, 315], "perc_recomm_found": 1.0, "gamma": 0.95, "eta": 0.95, "gamma_obs": 0.2199999988079071, "gamma_obs_pre": 0.18000000715255737, "eta_obs": 1.0, "costs": [1.0, 1.0, 1.0], "lbd": 300.0, "thresh": 0.5, "r_type": "individualized", "t_type": "counterfactual", "eta_obs_individualized": NaN, "eta_obs_refits_batch0_mean": 0.5879999995231628, "model_score": 0.86, "model_f1": 0.8585858585858587, "model_refits_batch0_scores": [0.86, 0.845, 0.845, 0.855, 0.86], "model_refits_batch0_f1s": [0.8679245283018868, 0.845771144278607, 0.8502415458937197, 0.8527918781725888, 0.8613861386138614], "model_coef": [[0.16985827254192942, 0.14025447266518756, 1.0578971553425696], [-0.6346130562925294]]}