{"accuracy_pre": 0.96, "accuracy_post": 0.96, "recourse_seeking_ixs": [367, 366, 357, 322, 288, 287, 374, 210, 335, 327, 270, 289, 280, 389, 226, 207, 340, 313, 296, 386, 268, 298, 378, 203, 252, 258, 250, 329, 365, 303, 265, 397, 361, 228, 223, 242, 205, 399, 352, 294, 368, 342, 216, 341, 315, 356, 328, 347, 369, 272], "recourse_recommended_ixs": [367, 366, 357, 322, 288, 287, 374, 210, 335, 327, 270, 289, 280, 389, 226, 207, 340, 313, 296, 386, 268, 298, 378, 203, 252, 258, 250, 329, 365, 303, 265, 397, 361, 228, 223, 242, 205, 399, 352, 294, 368, 342, 216, 341, 315, 356, 328, 347, 369, 272], "perc_recomm_found": 1.0, "gamma": 0.95, "eta": 0.95, "gamma_obs": 0.9599999785423279, "gamma_obs_pre": 0.03999999910593033, "eta_obs": 1.0, "costs": [1.0, 1.0, 1.0], "lbd": 300.0, "thresh": 0.5, "r_type": "subpopulation", "t_type": "improvement", "eta_obs_individualized": NaN, "eta_obs_refits_batch0_mean": 0.8840000033378601, "model_score": 0.9, "model_f1": 0.9056603773584906, "model_refits_batch0_scores": [0.905, 0.895, 0.89, 0.895, 0.895], "model_refits_batch0_f1s": [0.9140271493212669, 0.900473933649289, 0.8981481481481481, 0.9014084507042254, 0.8985507246376812], "model_coef": [[0.7965064020343948, 0.21539398773124335, 1.3147597064760808], [-0.2964631371152807]]}