{"accuracy_pre": 0.8, "accuracy_post": 0.35, "recourse_seeking_ixs": [484, 301, 282, 370, 465, 365, 304, 415, 332, 413, 488, 309, 255, 481, 424, 258, 420, 454, 351, 433, 426, 418, 480, 298, 487, 411, 261, 314, 463, 451, 430, 284, 342, 476, 428, 403, 376, 297, 268, 495, 492, 409, 337, 280, 362, 393, 482, 423, 286, 289, 410, 320, 322, 412, 408, 308, 396, 445, 350, 273, 287, 340, 250, 491, 390, 466, 366, 496, 290, 360, 464, 438, 316, 448, 391, 479, 341, 400, 260, 348, 395, 363, 435, 352, 336, 259, 483, 429, 349, 275, 449, 354, 388, 252, 450, 457, 339, 367, 387, 372], "recourse_recommended_ixs": [484, 301, 282, 370, 465, 365, 304, 415, 332, 413, 488, 309, 255, 481, 424, 258, 420, 454, 351, 433, 426, 418, 480, 298, 487, 411, 261, 314, 463, 451, 430, 284, 342, 476, 428, 403, 376, 297, 268, 495, 492, 409, 337, 280, 362, 393, 482, 423, 286, 289, 410, 320, 322, 412, 408, 308, 396, 445, 350, 273, 287, 340, 250, 491, 390, 466, 366, 496, 290, 360, 464, 438, 316, 448, 391, 479, 341, 400, 260, 348, 395, 363, 435, 352, 336, 259, 483, 429, 349, 275, 449, 354, 388, 252, 450, 457, 339, 367, 387, 372], "perc_recomm_found": 1.0, "gamma": 0.75, "eta": 0.75, "gamma_obs": 0.3499999940395355, "gamma_obs_pre": 0.20000000298023224, "eta_obs": 1.0, "costs": [1.0, 1.0, 1.0], "lbd": 100.0, "thresh": 0.5, "r_type": "individualized", "t_type": "counterfactual", "eta_obs_individualized": NaN, "eta_obs_refits_batch0_mean": 0.4360000193119049, "model_score": 0.816, "model_f1": 0.8174603174603174, "model_refits_batch0_scores": [0.82, 0.8, 0.788, 0.82, 0.82], "model_refits_batch0_f1s": [0.8235294117647058, 0.7983870967741935, 0.7744680851063831, 0.8275862068965518, 0.8221343873517786], "model_coef": [[0.364131442133878, 0.5473275596048564, 0.8624555193504215], [-0.8739401198090159]]}