{"accuracy_pre": 0.92, "accuracy_post": 0.33, "recourse_seeking_ixs": [968, 780, 541, 984, 933, 550, 851, 822, 795, 618, 692, 914, 941, 515, 562, 753, 520, 668, 803, 551, 875, 834, 695, 568, 791, 616, 750, 964, 648, 664, 953, 583, 553, 812, 845, 783, 757, 590, 509, 559, 519, 560, 831, 533, 767, 508, 996, 504, 897, 506, 792, 702, 885, 524, 742, 825, 943, 686, 647, 850, 687, 660, 645, 754, 844, 747, 714, 514, 830, 595, 772, 837, 993, 785, 600, 586, 980, 924, 628, 961, 801, 768, 923, 934, 989, 883, 956, 729, 769, 517, 930, 838, 512, 945, 788, 866, 833, 756, 954, 713], "recourse_recommended_ixs": [968, 780, 541, 984, 933, 550, 851, 822, 795, 618, 692, 914, 941, 515, 562, 753, 520, 668, 803, 551, 875, 834, 695, 568, 791, 616, 750, 964, 648, 664, 953, 583, 553, 812, 845, 783, 757, 590, 509, 559, 519, 560, 831, 533, 767, 508, 996, 504, 897, 506, 792, 702, 885, 524, 742, 825, 943, 686, 647, 850, 687, 660, 645, 754, 844, 747, 714, 514, 830, 595, 772, 837, 993, 785, 600, 586, 980, 924, 628, 961, 801, 768, 923, 934, 989, 883, 956, 729, 769, 517, 930, 838, 512, 945, 788, 866, 833, 756, 954, 713], "perc_recomm_found": 1.0, "gamma": 0.75, "eta": 0.75, "gamma_obs": 0.33000001311302185, "gamma_obs_pre": 0.07999999821186066, "eta_obs": 1.0, "costs": [1.0, 1.0, 1.0], "lbd": 300.0, "thresh": 0.5, "r_type": "individualized", "t_type": "counterfactual", "eta_obs_individualized": NaN, "eta_obs_refits_batch0_mean": 0.5920000076293945, "model_score": 0.85, "model_f1": 0.8565965583173996, "model_refits_batch0_scores": [0.848, 0.848, 0.854, 0.86, 0.86], "model_refits_batch0_f1s": [0.8560606060606061, 0.8538461538461539, 0.858252427184466, 0.8622047244094487, 0.8653846153846154], "model_coef": [[0.4785356577166362, 0.5453121859304917, 1.0835655347085427], [0.2661836809075705]]}