{"accuracy_pre": 0.81, "accuracy_post": 0.48, "recourse_seeking_ixs": [584, 759, 617, 636, 984, 888, 785, 606, 951, 874, 773, 858, 528, 929, 745, 775, 969, 621, 830, 686, 671, 968, 677, 556, 966, 956, 661, 906, 752, 877, 949, 595, 821, 859, 753, 954, 681, 600, 809, 871, 619, 885, 739, 719, 856, 758, 640, 991, 995, 637, 805, 826, 558, 936, 973, 864, 950, 747, 774, 985, 553, 989, 900, 669, 760, 834, 946, 687, 804, 855, 923, 896, 986, 578, 653, 724, 793, 931, 884, 769, 792, 927, 848, 987, 943, 727, 670, 963, 683, 551, 816, 899, 761, 787, 524, 532, 988, 881, 790, 545], "recourse_recommended_ixs": [584, 759, 617, 636, 984, 888, 785, 606, 951, 874, 773, 858, 528, 929, 745, 775, 969, 621, 830, 686, 671, 968, 677, 556, 966, 956, 661, 906, 752, 877, 949, 595, 821, 859, 753, 954, 681, 600, 809, 871, 619, 885, 739, 719, 856, 758, 640, 991, 995, 637, 805, 826, 558, 936, 973, 864, 950, 747, 774, 985, 553, 989, 900, 669, 760, 834, 946, 687, 804, 855, 923, 896, 986, 578, 653, 724, 793, 931, 884, 769, 792, 927, 848, 987, 943, 727, 670, 963, 683, 551, 816, 899, 761, 787, 524, 532, 988, 881, 790, 545], "perc_recomm_found": 1.0, "gamma": 0.95, "eta": 0.95, "gamma_obs": 0.20000000298023224, "gamma_obs_pre": 0.1899999976158142, "eta_obs": 0.87, "costs": [1.0, 1.0, 1.0], "lbd": 300.0, "thresh": 0.5, "r_type": "subpopulation", "t_type": "counterfactual", "eta_obs_individualized": NaN, "eta_obs_refits_batch0_mean": 0.4440000057220459, "model_score": 0.772, "model_f1": 0.79296875, "model_refits_batch0_scores": [0.81, 0.802, 0.812, 0.784, 0.816], "model_refits_batch0_f1s": [0.8210922787193974, 0.8135593220338984, 0.8226415094339623, 0.7954545454545454, 0.8217054263565892], "model_coef": NaN}