{"accuracy_pre": 0.99, "accuracy_post": 0.98, "recourse_seeking_ixs": [1307, 1818, 1520, 1220, 1212, 1926, 1578, 1820, 1476, 1802, 1768, 1728, 1353, 1743, 1397, 1565, 1524, 1415, 1537, 1051, 1126, 1567, 1823, 1179, 1470, 1495, 1337, 1868, 1304, 1394, 1685, 1115, 1158, 1014, 1531, 1541, 1729, 1512, 1322, 1001, 1109, 1601, 1649, 1096, 1486, 1449, 1204, 1528, 1643, 1146, 1233, 1111, 1065, 1803, 1628, 1234, 1910, 1906, 1275, 1808, 1334, 1687, 1483, 1805, 1938, 1730, 1669, 1244, 1992, 1792, 1838, 1069, 1758, 1464, 1501, 1308, 1246, 1692, 1245, 1473, 1440, 1539, 1211, 1973, 1881, 1286, 1226, 1594, 1776, 1000, 1935, 1380, 1284, 1750, 1720, 1637, 1214, 1848, 1630, 1238], "recourse_recommended_ixs": [1307, 1818, 1520, 1220, 1212, 1926, 1578, 1820, 1476, 1802, 1768, 1728, 1353, 1743, 1397, 1565, 1524, 1415, 1537, 1051, 1126, 1567, 1823, 1179, 1470, 1495, 1337, 1868, 1304, 1394, 1685, 1115, 1158, 1014, 1531, 1541, 1729, 1512, 1322, 1001, 1109, 1601, 1649, 1096, 1486, 1449, 1204, 1528, 1643, 1146, 1233, 1111, 1065, 1803, 1628, 1234, 1910, 1906, 1275, 1808, 1334, 1687, 1483, 1805, 1938, 1730, 1669, 1244, 1992, 1792, 1838, 1069, 1758, 1464, 1501, 1308, 1246, 1692, 1245, 1473, 1440, 1539, 1211, 1973, 1881, 1286, 1226, 1594, 1776, 1000, 1935, 1380, 1284, 1750, 1720, 1637, 1214, 1848, 1630, 1238], "perc_recomm_found": 1.0, "gamma": 0.95, "eta": 0.95, "gamma_obs": 0.9800000190734863, "gamma_obs_pre": 0.009999999776482582, "eta_obs": 1.0, "costs": [1.0, 1.0, 1.0], "lbd": 150.0, "thresh": 0.5, "r_type": "subpopulation", "t_type": "acceptance", "eta_obs_individualized": NaN, "eta_obs_refits_batch0_mean": 0.984000027179718, "model_score": 0.97, "model_f1": 0.9989304812834224, "model_refits_batch0_scores": [0.999, 0.999, 0.997, 0.998, 0.998], "model_refits_batch0_f1s": [0.9989929506545822, 0.9989929506545822, 0.9969727547931382, 0.9979879275653923, 0.9979838709677419], "model_coef": NaN}