{"accuracy_pre": 0.94, "accuracy_post": 0.42, "recourse_seeking_ixs": [316, 266, 212, 346, 201, 323, 247, 379, 296, 336, 255, 299, 228, 331, 217, 203, 374, 242, 311, 335, 389, 310, 254, 332, 304, 264, 319, 338, 221, 235, 383, 248, 263, 328, 251, 262, 359, 256, 397, 219, 396, 202, 287, 275, 330, 360, 317, 293, 306, 312], "recourse_recommended_ixs": [316, 266, 212, 346, 201, 323, 247, 379, 296, 336, 255, 299, 228, 331, 217, 203, 374, 242, 311, 335, 389, 310, 254, 332, 304, 264, 319, 338, 221, 235, 383, 248, 263, 328, 251, 262, 359, 256, 397, 219, 396, 202, 287, 275, 330, 360, 317, 293, 306, 312], "perc_recomm_found": 1.0, "gamma": 0.85, "eta": 0.85, "gamma_obs": 0.41999998688697815, "gamma_obs_pre": 0.05999999865889549, "eta_obs": 1.0, "costs": [1.0, 1.0, 1.0], "lbd": 300.0, "thresh": 0.5, "r_type": "individualized", "t_type": "acceptance", "eta_obs_individualized": NaN, "eta_obs_refits_batch0_mean": 0.6000000238418579, "model_score": 0.905, "model_f1": 0.9147982062780269, "model_refits_batch0_scores": [0.905, 0.905, 0.89, 0.895, 0.92], "model_refits_batch0_f1s": [0.9140271493212668, 0.9155555555555556, 0.9035087719298246, 0.9082969432314411, 0.926605504587156], "model_coef": [[0.766491475368308, 0.5308515591991532, 1.0255327745123586], [-0.05792578086129333]]}