{"accuracy_pre": 0.81, "accuracy_post": 0.26, "recourse_seeking_ixs": [657, 666, 699, 734, 652, 764, 616, 948, 663, 859, 642, 769, 695, 711, 977, 981, 985, 793, 621, 959, 682, 978, 581, 878, 623, 590, 738, 730, 868, 671, 587, 808, 968, 718, 741, 810, 881, 870, 941, 921, 639, 844, 944, 518, 778, 849, 625, 707, 888, 938, 542, 982, 676, 705, 529, 762, 638, 615, 650, 775, 765, 732, 513, 760, 928, 807, 951, 678, 872, 567, 668, 646, 719, 740, 750, 860, 935, 702, 709, 736, 957, 727, 541, 520, 960, 636, 754, 629, 737, 601, 969, 991, 998, 794, 916, 913, 706, 850, 822, 556], "recourse_recommended_ixs": [657, 666, 699, 734, 652, 764, 616, 948, 663, 859, 642, 769, 695, 711, 977, 981, 985, 793, 621, 959, 682, 978, 581, 878, 623, 590, 738, 730, 868, 671, 587, 808, 968, 718, 741, 810, 881, 870, 941, 921, 639, 844, 944, 518, 778, 849, 625, 707, 888, 938, 542, 982, 676, 705, 529, 762, 638, 615, 650, 775, 765, 732, 513, 760, 928, 807, 951, 678, 872, 567, 668, 646, 719, 740, 750, 860, 935, 702, 709, 736, 957, 727, 541, 520, 960, 636, 754, 629, 737, 601, 969, 991, 998, 794, 916, 913, 706, 850, 822, 556], "perc_recomm_found": 1.0, "gamma": 0.95, "eta": 0.95, "gamma_obs": 0.25999999046325684, "gamma_obs_pre": 0.1899999976158142, "eta_obs": 1.0, "costs": [1.0, 1.0, 1.0], "lbd": 300.0, "thresh": 0.5, "r_type": "subpopulation", "t_type": "acceptance", "eta_obs_individualized": NaN, "eta_obs_refits_batch0_mean": 0.328000009059906, "model_score": 0.782, "model_f1": 0.7953216374269007, "model_refits_batch0_scores": [0.824, 0.81, 0.816, 0.818, 0.816], "model_refits_batch0_f1s": [0.8181818181818183, 0.7921225382932165, 0.7991266375545851, 0.7982261640798226, 0.800865800865801], "model_coef": NaN}