{"accuracy_pre": 0.88, "accuracy_post": 0.38, "recourse_seeking_ixs": [312, 230, 241, 213, 203, 323, 237, 373, 301, 314, 287, 353, 388, 352, 370, 399, 248, 308, 344, 228, 225, 316, 259, 386, 261, 258, 376, 289, 220, 253, 264, 265, 206, 267, 209, 359, 350, 375, 393, 254, 320, 313, 321, 283, 396, 309, 290, 238, 247, 229], "recourse_recommended_ixs": [312, 230, 241, 213, 203, 323, 237, 373, 301, 314, 287, 353, 388, 352, 370, 399, 248, 308, 344, 228, 225, 316, 259, 386, 261, 258, 376, 289, 220, 253, 264, 265, 206, 267, 209, 359, 350, 375, 393, 254, 320, 313, 321, 283, 396, 309, 290, 238, 247, 229], "perc_recomm_found": 1.0, "gamma": 0.9, "eta": 0.9, "gamma_obs": 0.3799999952316284, "gamma_obs_pre": 0.11999999731779099, "eta_obs": 1.0, "costs": [1.0, 1.0, 1.0], "lbd": 300.0, "thresh": 0.5, "r_type": "subpopulation", "t_type": "acceptance", "eta_obs_individualized": NaN, "eta_obs_refits_batch0_mean": 0.3880000114440918, "model_score": 0.89, "model_f1": 0.872093023255814, "model_refits_batch0_scores": [0.895, 0.87, 0.875, 0.89, 0.875], "model_refits_batch0_f1s": [0.8786127167630058, 0.8433734939759038, 0.8520710059171598, 0.872093023255814, 0.869109947643979], "model_coef": [[0.6884258858734702, 0.7121307202135356, 1.2765377843548575], [-0.18065314715685094]]}