{"accuracy_pre": 0.0, "accuracy_post": 1.0, "recourse_seeking_ixs": [1316, 1464, 1587, 1886, 1831, 1842, 1102, 1791, 1408, 1626, 1955, 1317, 1030, 1084, 1607, 1651, 1914, 1258, 1539, 1177, 1210, 1400, 1621, 1097, 1362, 1565, 1201, 1415, 1503, 1906, 1860, 1216, 1070, 1245, 1060, 1660, 1372, 1576, 1076, 1883, 1519, 1731, 1146, 1985, 1276, 1221, 1505, 1769, 1484, 1452, 1010, 1680, 1743, 1971, 1332, 1562, 1162, 1938, 1953, 1533, 1896, 1761, 1639, 1588, 1610, 1661, 1707, 1941, 1988, 1379, 1811, 1469, 1349, 1036, 1267, 1485, 1742, 1065, 1560, 1077, 1781, 1075, 1687, 1302, 1131, 1814, 1933, 1206, 1189, 1320, 1923, 1145, 1398, 1254, 1816, 1537, 1940, 1329, 1434, 1044], "recourse_recommended_ixs": [1316, 1464, 1587, 1886, 1831, 1842, 1102, 1791, 1408, 1626, 1955, 1317, 1030, 1084, 1607, 1651, 1914, 1258, 1539, 1177, 1210, 1400, 1621, 1097, 1362, 1565, 1201, 1415, 1503, 1906, 1860, 1216, 1070, 1245, 1060, 1660, 1372, 1576, 1076, 1883, 1519, 1731, 1146, 1985, 1276, 1221, 1505, 1769, 1484, 1452, 1010, 1680, 1743, 1971, 1332, 1562, 1162, 1938, 1953, 1533, 1896, 1761, 1639, 1588, 1610, 1661, 1707, 1941, 1988, 1379, 1811, 1469, 1349, 1036, 1267, 1485, 1742, 1065, 1560, 1077, 1781, 1075, 1687, 1302, 1131, 1814, 1933, 1206, 1189, 1320, 1923, 1145, 1398, 1254, 1816, 1537, 1940, 1329, 1434, 1044], "perc_recomm_found": 1.0, "gamma": 0.95, "eta": 0.95, "gamma_obs": 1.0, "gamma_obs_pre": 1.0, "eta_obs": 1.0, "costs": [1.0, 1.0, 1.0], "lbd": 150.0, "thresh": 0.5, "r_type": "subpopulation", "t_type": "acceptance", "eta_obs_individualized": NaN, "eta_obs_refits_batch0_mean": 1.0, "model_score": 0.258, "model_f1": 0.9980506822612086, "model_refits_batch0_scores": [0.998, 0.998, 1.0, 0.994, 0.996], "model_refits_batch0_f1s": [0.99800796812749, 0.99800796812749, 1.0, 0.9939999999999999, 0.9960079840319361], "model_coef": NaN}