{"accuracy_pre": 0.9, "accuracy_post": 0.94, "recourse_seeking_ixs": [645, 504, 684, 586, 890, 886, 815, 733, 864, 834, 829, 627, 547, 701, 761, 734, 595, 587, 670, 696, 685, 659, 721, 813, 563, 639, 615, 703, 802, 637, 941, 818, 756, 945, 661, 693, 909, 649, 924, 619, 642, 678, 623, 897, 720, 728, 926, 502, 754, 640, 527, 647, 899, 820, 613, 607, 562, 578, 963, 871, 939, 584, 913, 558, 764, 717, 789, 588, 501, 617, 999, 964, 859, 904, 791, 912, 957, 782, 568, 712, 506, 850, 874, 811, 986, 509, 799, 583, 750, 654, 919, 566, 635, 622, 837, 908, 914, 508, 781, 891], "recourse_recommended_ixs": [645, 504, 684, 586, 890, 886, 815, 733, 864, 834, 829, 627, 547, 701, 761, 734, 595, 587, 670, 696, 685, 659, 721, 813, 563, 639, 615, 703, 802, 637, 941, 818, 756, 945, 661, 693, 909, 649, 924, 619, 642, 678, 623, 897, 720, 728, 926, 502, 754, 640, 527, 647, 899, 820, 613, 607, 562, 578, 963, 871, 939, 584, 913, 558, 764, 717, 789, 588, 501, 617, 999, 964, 859, 904, 791, 912, 957, 782, 568, 712, 506, 850, 874, 811, 986, 509, 799, 583, 750, 654, 919, 566, 635, 622, 837, 908, 914, 508, 781, 891], "perc_recomm_found": 1.0, "gamma": 0.95, "eta": 0.95, "gamma_obs": 0.9399999976158142, "gamma_obs_pre": 0.10000000149011612, "eta_obs": 1.0, "costs": [1.0, 1.0], "lbd": 300.0, "thresh": 0.5, "r_type": "subpopulation", "t_type": "improvement", "eta_obs_individualized": NaN, "eta_obs_refits_batch0_mean": 0.9979999661445618, "model_score": 0.85, "model_f1": 0.876984126984127, "model_refits_batch0_scores": [0.824, 0.822, 0.818, 0.804, 0.816], "model_refits_batch0_f1s": [0.8189300411522634, 0.8179959100204499, 0.8115942028985509, 0.7983539094650206, 0.8], "model_coef": [[-0.15516047170550962, 0.3887020845851001, 0.7972309199062461], [-0.34300633791006724]]}