r_type,t_type,pop_density_mean,flu_shot_mean,covid_shots_mean,bmi_diff_mean,appetite_loss_mean,fatigue_mean,fever_mean,causes_mean,non-causes_mean,pop_density_std,flu_shot_std,covid_shots_std,bmi_diff_std,appetite_loss_std,fatigue_std,fever_std,causes_std,non-causes_std
individualized,acceptance,0.0,0.0,0.00800502512562814,0.0,0.5366032663316582,0.0,0.0,0.00800502512562814,0.5366032663316582,0.00023570226039551585,0.0,0.004832796265506104,0.0,0.02082907364345844,0.0,0.0,0.004895613429898326,0.02082907364345844
individualized,counterfactual,0.0001,0.0,0.0,-5e-05,0.54425,0.0,0.0,5e-05,0.54425,0.00021081851067789197,0.0,0.0,0.00015811388300841897,0.019322195067388744,0.0,0.0,0.00028382310609877337,0.019322195067388744
individualized,improvement,-0.09320412031470693,0.01732718379737001,1.1656646236101502,-6.113809027454086e-05,,,,1.089726549002539,0.0,0.012049071458944087,0.01091889964042263,0.029541563537592682,0.0004261245859834998,,,,0.02119666472020355,0.0
subpopulation,acceptance,0.0026031990254060436,0.0011236309692895245,0.012144340118264516,0.002428712752859887,0.49292789124485337,0.0,0.0,0.018299882865819968,0.49292789124485337,0.0017202147401976593,0.0023688688020009883,0.006237159822135564,0.0013131430016487607,0.024780138604499936,0.0,0.0,0.007587826525730662,0.024780138604499936
subpopulation,improvement,-0.09314102797426256,0.020290738113133665,1.1203875929281744,0.004393081673855355,,,,1.0519303847409007,0.0,0.017607881453375763,0.011464256576786708,0.03414167514700782,0.002667127055191247,,,,0.028628753951046262,0.0
