{"accuracy_pre": 1.0, "accuracy_post": 0.0, "recourse_seeking_ixs": [224, 326, 219, 390, 225, 267, 384, 277, 392, 242, 235, 332, 351, 340, 251, 353, 209, 264, 394, 202, 362, 303, 367, 217, 382, 339, 213, 205, 296, 238, 293, 297, 283, 396, 371, 248, 356, 244, 349, 325, 200, 317, 228, 253, 216, 208, 236, 322, 262, 376], "recourse_recommended_ixs": [224, 326, 219, 390, 225, 267, 384, 277, 392, 242, 235, 332, 351, 340, 251, 353, 209, 264, 394, 202, 362, 303, 367, 217, 382, 339, 213, 205, 296, 238, 293, 297, 283, 396, 371, 248, 356, 244, 349, 325, 200, 317, 228, 253, 216, 208, 236, 322, 262, 376], "perc_recomm_found": 1.0, "gamma": 0.85, "eta": 0.85, "gamma_obs": 0.0, "gamma_obs_pre": 0.0, "eta_obs": 1.0, "costs": [5.0, 5.0, 0.0001, 0.01, 0.1], "lbd": 300.0, "thresh": 0.5, "r_type": "individualized", "t_type": "acceptance", "eta_obs_individualized": NaN, "eta_obs_refits_batch0_mean": 1.0, "model_score": 1.0, "model_f1": 1.0, "model_refits_batch0_scores": [1.0, 1.0, 1.0, 1.0, 1.0], "model_refits_batch0_f1s": [1.0, 1.0, 1.0, 1.0, 1.0], "model_coef": [[-1.5993085870025386e-05, 4.4832218659505406e-05, 0.027561909976115444, 7.124567944101945e-05, 0.0002743780694399988], [-15.29119042839106]]}