{"accuracy_pre": 0.71, "accuracy_post": 0.74, "recourse_seeking_ixs": [758, 673, 637, 911, 914, 968, 726, 896, 831, 607, 652, 863, 503, 515, 984, 553, 623, 525, 529, 536, 795, 948, 900, 538, 904, 708, 985, 767, 670, 808, 719, 621, 788, 674, 516, 710, 864, 535, 804, 972, 732, 616, 765, 746, 532, 828, 961, 668, 569, 928, 822, 897, 511, 533, 560, 881, 816, 666, 698, 954, 577, 787, 725, 501, 742, 859, 868, 830, 943, 552, 805, 952, 803, 778, 570, 871, 634, 927, 643, 936, 558, 872, 583, 856, 545, 693, 876, 507, 513, 839, 687, 973, 626, 969, 638, 857, 619, 519, 825, 855], "recourse_recommended_ixs": [758, 673, 637, 911, 914, 968, 726, 896, 831, 607, 652, 863, 503, 515, 984, 553, 623, 525, 529, 536, 795, 948, 900, 538, 904, 708, 985, 767, 670, 808, 719, 621, 788, 674, 516, 710, 864, 535, 804, 972, 732, 616, 765, 746, 532, 828, 961, 668, 569, 928, 822, 897, 511, 533, 560, 881, 816, 666, 698, 954, 577, 787, 725, 501, 742, 859, 868, 830, 943, 552, 805, 952, 803, 778, 570, 871, 634, 927, 643, 936, 558, 872, 583, 856, 545, 693, 876, 507, 513, 839, 687, 973, 626, 969, 638, 857, 619, 519, 825, 855], "perc_recomm_found": 1.0, "gamma": 0.75, "eta": 0.75, "gamma_obs": 0.699999988079071, "gamma_obs_pre": 0.28999999165534973, "eta_obs": 0.78, "costs": [1.0, 1.0], "lbd": 300.0, "thresh": 0.5, "r_type": "subpopulation", "t_type": "improvement", "eta_obs_individualized": NaN, "eta_obs_refits_batch0_mean": 0.7619999647140503, "model_score": 0.764, "model_f1": 0.7659574468085107, "model_refits_batch0_scores": [0.824, 0.822, 0.818, 0.804, 0.816], "model_refits_batch0_f1s": [0.8189300411522634, 0.8179959100204499, 0.8115942028985509, 0.7983539094650206, 0.8], "model_coef": [[-0.15516047170550962, 0.3887020845851001, 0.7972309199062461], [-0.34300633791006724]]}