{"accuracy_pre": 0.71, "accuracy_post": 0.71, "recourse_seeking_ixs": [866, 606, 961, 785, 661, 535, 862, 786, 686, 780, 983, 863, 949, 771, 760, 984, 681, 747, 926, 829, 518, 868, 717, 799, 813, 711, 623, 993, 729, 981, 500, 902, 811, 793, 736, 669, 542, 749, 703, 848, 724, 519, 676, 528, 880, 794, 828, 913, 714, 593, 726, 650, 851, 651, 782, 959, 561, 533, 817, 552, 971, 716, 946, 964, 715, 540, 722, 933, 849, 873, 560, 824, 803, 801, 512, 750, 991, 864, 762, 922, 859, 693, 688, 604, 685, 743, 687, 732, 508, 990, 543, 602, 580, 966, 621, 810, 877, 666, 612, 954], "recourse_recommended_ixs": [866, 606, 961, 785, 661, 535, 862, 786, 686, 780, 983, 863, 949, 771, 760, 984, 681, 747, 926, 829, 518, 868, 717, 799, 813, 711, 623, 993, 729, 981, 500, 902, 811, 793, 736, 669, 542, 749, 703, 848, 724, 519, 676, 528, 880, 794, 828, 913, 714, 593, 726, 650, 851, 651, 782, 959, 561, 533, 817, 552, 971, 716, 946, 964, 715, 540, 722, 933, 849, 873, 560, 824, 803, 801, 512, 750, 991, 864, 762, 922, 859, 693, 688, 604, 685, 743, 687, 732, 508, 990, 543, 602, 580, 966, 621, 810, 877, 666, 612, 954], "perc_recomm_found": 1.0, "gamma": 0.75, "eta": 0.75, "gamma_obs": 0.7699999809265137, "gamma_obs_pre": 0.28999999165534973, "eta_obs": 0.89, "costs": [1.0, 1.0], "lbd": 300.0, "thresh": 0.5, "r_type": "individualized", "t_type": "improvement", "eta_obs_individualized": 0.76, "eta_obs_refits_batch0_mean": 0.8799999356269836, "model_score": 0.76, "model_f1": 0.7715355805243446, "model_refits_batch0_scores": [0.794, 0.788, 0.784, 0.8, 0.806], "model_refits_batch0_f1s": [0.7632183908045977, 0.7644444444444445, 0.742857142857143, 0.7641509433962264, 0.7820224719101123], "model_coef": NaN}