{"accuracy_pre": 1.0, "accuracy_post": 0.0, "recourse_seeking_ixs": [332, 213, 394, 250, 338, 268, 361, 216, 248, 369, 396, 391, 292, 236, 206, 349, 207, 389, 261, 388, 320, 260, 294, 313, 374, 290, 263, 221, 231, 224, 257, 315, 278, 226, 205, 346, 317, 385, 212, 398, 283, 380, 289, 335, 365, 223, 372, 393, 399, 329], "recourse_recommended_ixs": [332, 213, 394, 250, 338, 268, 361, 216, 248, 369, 396, 391, 292, 236, 206, 349, 207, 389, 261, 388, 320, 260, 294, 313, 374, 290, 263, 221, 231, 224, 257, 315, 278, 226, 205, 346, 317, 385, 212, 398, 283, 380, 289, 335, 365, 223, 372, 393, 399, 329], "perc_recomm_found": 1.0, "gamma": 0.75, "eta": 0.75, "gamma_obs": 0.0, "gamma_obs_pre": 0.0, "eta_obs": 1.0, "costs": [5.0, 5.0, 0.0001, 0.01, 0.1], "lbd": 300.0, "thresh": 0.5, "r_type": "individualized", "t_type": "counterfactual", "eta_obs_individualized": NaN, "eta_obs_refits_batch0_mean": 0.8960000000000001, "model_score": 1.0, "model_f1": 1.0, "model_refits_batch0_scores": [0.98, 0.99, 1.0, 0.995, 0.985], "model_refits_batch0_f1s": [0.9846153846153847, 0.9922480620155039, 1.0, 0.9961089494163424, 0.9884169884169884], "model_coef": [[-0.9769362105694728, 0.9030007247924138, 0.008160168779617226, 0.24785274035147487, 0.3816262853486857], [-7.9827245033472]]}