{"accuracy_pre": 0.94, "accuracy_post": 0.82, "recourse_seeking_ixs": [253, 316, 268, 218, 377, 283, 333, 338, 227, 299, 267, 205, 326, 204, 209, 264, 236, 238, 208, 332, 230, 349, 254, 290, 344, 203, 365, 287, 318, 259, 243, 310, 244, 384, 258, 350, 288, 239, 273, 291, 366, 235, 237, 226, 289, 285, 306, 380, 219, 255], "recourse_recommended_ixs": [253, 316, 268, 218, 377, 283, 333, 338, 227, 299, 267, 205, 326, 204, 209, 264, 236, 238, 208, 332, 230, 349, 254, 290, 344, 203, 365, 287, 318, 259, 243, 310, 244, 384, 258, 350, 288, 239, 273, 291, 366, 235, 237, 226, 289, 285, 306, 380, 219, 255], "perc_recomm_found": 1.0, "gamma": 0.9, "eta": 0.9, "gamma_obs": 0.8399999737739563, "gamma_obs_pre": 0.05999999865889549, "eta_obs": 0.98, "costs": [1.0, 1.0, 1.0], "lbd": 300.0, "thresh": 0.5, "r_type": "subpopulation", "t_type": "improvement", "eta_obs_individualized": NaN, "eta_obs_refits_batch0_mean": 0.9279999732971191, "model_score": 0.89, "model_f1": 0.872093023255814, "model_refits_batch0_scores": [0.895, 0.87, 0.875, 0.89, 0.875], "model_refits_batch0_f1s": [0.8786127167630058, 0.8433734939759038, 0.8520710059171598, 0.872093023255814, 0.869109947643979], "model_coef": [[0.6884258858734702, 0.7121307202135356, 1.2765377843548575], [-0.18065314715685094]]}