{"accuracy_pre": 0.92, "accuracy_post": 0.25, "recourse_seeking_ixs": [520, 961, 890, 811, 812, 774, 683, 923, 962, 586, 830, 993, 582, 780, 945, 616, 791, 512, 680, 982, 562, 904, 643, 533, 700, 815, 519, 748, 627, 785, 707, 908, 508, 765, 838, 604, 943, 600, 803, 777, 915, 984, 527, 500, 596, 848, 999, 560, 551, 507, 928, 575, 745, 529, 787, 968, 847, 783, 883, 665, 976, 587, 965, 668, 801, 631, 759, 653, 666, 503, 757, 991, 555, 934, 966, 712, 590, 964, 686, 664, 856, 822, 799, 782, 573, 932, 695, 681, 769, 860, 553, 509, 729, 648, 840, 634, 687, 753, 638, 800], "recourse_recommended_ixs": [520, 961, 890, 811, 812, 774, 683, 923, 962, 586, 830, 993, 582, 780, 945, 616, 791, 512, 680, 982, 562, 904, 643, 533, 700, 815, 519, 748, 627, 785, 707, 908, 508, 765, 838, 604, 943, 600, 803, 777, 915, 984, 527, 500, 596, 848, 999, 560, 551, 507, 928, 575, 745, 529, 787, 968, 847, 783, 883, 665, 976, 587, 965, 668, 801, 631, 759, 653, 666, 503, 757, 991, 555, 934, 966, 712, 590, 964, 686, 664, 856, 822, 799, 782, 573, 932, 695, 681, 769, 860, 553, 509, 729, 648, 840, 634, 687, 753, 638, 800], "perc_recomm_found": 1.0, "gamma": 0.95, "eta": 0.95, "gamma_obs": 0.2199999988079071, "gamma_obs_pre": 0.07999999821186066, "eta_obs": 0.97, "costs": [1.0, 1.0, 1.0], "lbd": 300.0, "thresh": 0.5, "r_type": "individualized", "t_type": "counterfactual", "eta_obs_individualized": NaN, "eta_obs_refits_batch0_mean": 0.47199997305870056, "model_score": 0.734, "model_f1": 0.7777777777777777, "model_refits_batch0_scores": [0.824, 0.822, 0.818, 0.804, 0.816], "model_refits_batch0_f1s": [0.8189300411522634, 0.8179959100204499, 0.8115942028985509, 0.7983539094650206, 0.8], "model_coef": [[-0.15516047170550962, 0.3887020845851001, 0.7972309199062461], [-0.34300633791006724]]}