{"accuracy_pre": 0.98, "accuracy_post": 0.86, "recourse_seeking_ixs": [266, 201, 257, 330, 208, 255, 212, 332, 229, 248, 371, 254, 272, 238, 390, 263, 242, 328, 221, 304, 228, 299, 316, 202, 264, 306, 374, 382, 373, 334, 317, 283, 256, 312, 389, 287, 290, 349, 217, 293, 296, 222, 219, 396, 380, 336, 379, 362, 210, 305], "recourse_recommended_ixs": [266, 201, 257, 330, 208, 255, 212, 332, 229, 248, 371, 254, 272, 238, 390, 263, 242, 328, 221, 304, 228, 299, 316, 202, 264, 306, 374, 382, 373, 334, 317, 283, 256, 312, 389, 287, 290, 349, 217, 293, 296, 222, 219, 396, 380, 336, 379, 362, 210, 305], "perc_recomm_found": 1.0, "gamma": 0.85, "eta": 0.85, "gamma_obs": 0.8600000143051147, "gamma_obs_pre": 0.019999999552965164, "eta_obs": 1.0, "costs": [1.0, 1.0, 1.0], "lbd": 300.0, "thresh": 0.5, "r_type": "individualized", "t_type": "improvement", "eta_obs_individualized": 1.0, "eta_obs_refits_batch0_mean": 0.8960000276565552, "model_score": 0.905, "model_f1": 0.9147982062780269, "model_refits_batch0_scores": [0.905, 0.905, 0.89, 0.895, 0.92], "model_refits_batch0_f1s": [0.9140271493212668, 0.9155555555555556, 0.9035087719298246, 0.9082969432314411, 0.926605504587156], "model_coef": [[0.766491475368308, 0.5308515591991532, 1.0255327745123586], [-0.05792578086129333]]}