{"accuracy_pre": 1.0, "accuracy_post": 0.03409090909090909, "recourse_seeking_ixs": [7458, 8196, 5184, 9418, 9663, 8087, 5936, 5312, 8959, 7213, 5170, 5605, 9862, 9068, 5976, 5131, 9352, 9472, 7290, 6437, 5380, 9166, 9277, 7261, 5970, 7371, 8391, 7247, 5730, 8385, 7022, 6309, 6508, 5317, 8574, 6503, 6256, 9590, 9218, 6910, 9687, 6718, 5566, 8098, 7435, 9696, 6560, 6810, 6517, 7309, 7283, 9085, 5205, 8930, 8029, 7263, 9940, 6341, 5346, 5405, 6766, 8143, 9042, 7929, 7498, 9074, 8377, 7000, 7488, 7208, 5297, 9362, 7176, 8828, 7824, 7177, 9874, 6858, 8886, 8224, 6209, 7864, 6052, 8217, 6406, 7507, 8771, 8943], "recourse_recommended_ixs": [7458, 8196, 5184, 9418, 9663, 8087, 5936, 5312, 8959, 7213, 5170, 5605, 9862, 9068, 5976, 5131, 9352, 9472, 7290, 6437, 5380, 9166, 9277, 7261, 5970, 7371, 8391, 7247, 5730, 8385, 7022, 6309, 6508, 5317, 8574, 6503, 6256, 9590, 9218, 6910, 9687, 6718, 5566, 8098, 7435, 9696, 6560, 6810, 6517, 7309, 7283, 9085, 5205, 8930, 8029, 7263, 9940, 6341, 5346, 5405, 6766, 8143, 9042, 7929, 7498, 9074, 8377, 7000, 7488, 7208, 5297, 9362, 7176, 8828, 7824, 7177, 9874, 6858, 8886, 8224, 6209, 7864, 6052, 8217, 6406, 7507, 8771, 8943], "perc_recomm_found": 1.0, "gamma": 0.95, "eta": 0.95, "gamma_obs": 0.022727273404598236, "gamma_obs_pre": 0.0, "eta_obs": 0.9886363636363636, "costs": [1.0, 1.0, 1.0, 1.0, 1.0, 1.0, 1.0], "lbd": 2999.0, "thresh": 0.5, "r_type": "individualized", "t_type": "acceptance", "eta_obs_individualized": NaN, "eta_obs_refits_batch0_mean": 0.9750000238418579, "model_score": 1.0, "model_f1": 1.0, "model_refits_batch0_scores": [0.9994, 0.9998, 1.0, 1.0, 1.0], "model_refits_batch0_f1s": [0.9996947186323395, 0.9998982188295166, 1.0, 1.0, 1.0], "model_coef": NaN}