{"accuracy_pre": 0.78, "accuracy_post": 0.26, "recourse_seeking_ixs": [333, 273, 385, 284, 218, 345, 277, 310, 338, 329, 342, 222, 252, 248, 279, 325, 304, 296, 241, 316, 360, 267, 347, 210, 372, 327, 208, 238, 307, 380, 389, 271, 288, 312, 330, 247, 399, 398, 375, 270, 232, 243, 294, 223, 201, 357, 390, 324, 328, 393], "recourse_recommended_ixs": [333, 273, 385, 284, 218, 345, 277, 310, 338, 329, 342, 222, 252, 248, 279, 325, 304, 296, 241, 316, 360, 267, 347, 210, 372, 327, 208, 238, 307, 380, 389, 271, 288, 312, 330, 247, 399, 398, 375, 270, 232, 243, 294, 223, 201, 357, 390, 324, 328, 393], "perc_recomm_found": 1.0, "gamma": 0.9, "eta": 0.9, "gamma_obs": 0.25999999046325684, "gamma_obs_pre": 0.2199999988079071, "eta_obs": 0.96, "costs": [1.0, 1.0, 1.0], "lbd": 300.0, "thresh": 0.5, "r_type": "individualized", "t_type": "counterfactual", "eta_obs_individualized": NaN, "eta_obs_refits_batch0_mean": 0.8320000767707825, "model_score": 0.805, "model_f1": 0.8202764976958525, "model_refits_batch0_scores": [0.81, 0.81, 0.8, 0.795, 0.815], "model_refits_batch0_f1s": [0.8240740740740741, 0.8256880733944955, 0.8148148148148149, 0.807511737089202, 0.832579185520362], "model_coef": [[0.3904322519790784, -0.2577039203328694, 1.1462900901101083], [-0.6682115609993429]]}