{"accuracy_pre": 1.0, "accuracy_post": 1.0, "recourse_seeking_ixs": [1385, 1988, 1316, 1036, 1362, 1953, 1492, 1055, 1462, 1340, 1467, 1541, 1067, 1899, 1282, 1105, 1873, 1198, 1821, 1855, 1814, 1159, 1034, 1605, 1427, 1231, 1288, 1697, 1631, 1895, 1841, 1149, 1831, 1708, 1130, 1741, 1415, 1540, 1985, 1161, 1212, 1658, 1641, 1593, 1538, 1913, 1178, 1896, 1344, 1054, 1786, 1434, 1309, 1379, 1864, 1991, 1270, 1435, 1603, 1033, 1312, 1572, 1100, 1176, 1289, 1931, 1060, 1174, 1675, 1839, 1452, 1468, 1370, 1076, 1267, 1571, 1826, 1372, 1769, 1701, 1195, 1306, 1733, 1263, 1363, 1290, 1447, 1949, 1343, 1118, 1819, 1284, 1391, 1929, 1627, 1102, 1771, 1990, 1725, 1820], "recourse_recommended_ixs": [1385, 1988, 1316, 1036, 1362, 1953, 1492, 1055, 1462, 1340, 1467, 1541, 1067, 1899, 1282, 1105, 1873, 1198, 1821, 1855, 1814, 1159, 1034, 1605, 1427, 1231, 1288, 1697, 1631, 1895, 1841, 1149, 1831, 1708, 1130, 1741, 1415, 1540, 1985, 1161, 1212, 1658, 1641, 1593, 1538, 1913, 1178, 1896, 1344, 1054, 1786, 1434, 1309, 1379, 1864, 1991, 1270, 1435, 1603, 1033, 1312, 1572, 1100, 1176, 1289, 1931, 1060, 1174, 1675, 1839, 1452, 1468, 1370, 1076, 1267, 1571, 1826, 1372, 1769, 1701, 1195, 1306, 1733, 1263, 1363, 1290, 1447, 1949, 1343, 1118, 1819, 1284, 1391, 1929, 1627, 1102, 1771, 1990, 1725, 1820], "perc_recomm_found": 1.0, "gamma": 0.75, "eta": 0.75, "gamma_obs": 1.0, "gamma_obs_pre": 0.0, "eta_obs": 1.0, "costs": [1.0, 1.0, 1.0], "lbd": 150.0, "thresh": 0.5, "r_type": "individualized", "t_type": "acceptance", "eta_obs_individualized": NaN, "eta_obs_refits_batch0_mean": 0.9140000343322754, "model_score": 0.994, "model_f1": 1.0, "model_refits_batch0_scores": [0.993, 1.0, 0.996, 0.996, 0.994], "model_refits_batch0_f1s": [0.992964824120603, 1.0, 0.9959919839679359, 0.9959919839679359, 0.9939759036144578], "model_coef": NaN}