{"accuracy_pre": 1.0, "accuracy_post": 0.98, "recourse_seeking_ixs": [1298, 1671, 1476, 1209, 1147, 1283, 1828, 1204, 1036, 1733, 1290, 1202, 1724, 1630, 1378, 1925, 1285, 1311, 1009, 1501, 1700, 1031, 1006, 1510, 1273, 1862, 1478, 1921, 1905, 1982, 1339, 1799, 1384, 1586, 1026, 1122, 1097, 1081, 1364, 1333, 1100, 1180, 1732, 1222, 1931, 1072, 1566, 1234, 1686, 1029, 1708, 1142, 1451, 1246, 1484, 1480, 1390, 1257, 1512, 1637, 1886, 1737, 1814, 1356, 1805, 1159, 1025, 1174, 1559, 1499, 1219, 1111, 1308, 1329, 1028, 1161, 1450, 1707, 1763, 1003, 1620, 1486, 1263, 1291, 1680, 1880, 1248, 1005, 1575, 1422, 1038, 1069, 1623, 1875, 1184, 1327, 1409, 1402, 1742, 1113], "recourse_recommended_ixs": [1298, 1671, 1476, 1209, 1147, 1283, 1828, 1204, 1036, 1733, 1290, 1202, 1724, 1630, 1378, 1925, 1285, 1311, 1009, 1501, 1700, 1031, 1006, 1510, 1273, 1862, 1478, 1921, 1905, 1982, 1339, 1799, 1384, 1586, 1026, 1122, 1097, 1081, 1364, 1333, 1100, 1180, 1732, 1222, 1931, 1072, 1566, 1234, 1686, 1029, 1708, 1142, 1451, 1246, 1484, 1480, 1390, 1257, 1512, 1637, 1886, 1737, 1814, 1356, 1805, 1159, 1025, 1174, 1559, 1499, 1219, 1111, 1308, 1329, 1028, 1161, 1450, 1707, 1763, 1003, 1620, 1486, 1263, 1291, 1680, 1880, 1248, 1005, 1575, 1422, 1038, 1069, 1623, 1875, 1184, 1327, 1409, 1402, 1742, 1113], "perc_recomm_found": 1.0, "gamma": 0.95, "eta": 0.95, "gamma_obs": 1.0, "gamma_obs_pre": 0.0, "eta_obs": 0.98, "costs": [1.0, 1.0], "lbd": 150.0, "thresh": 0.5, "r_type": "subpopulation", "t_type": "improvement", "eta_obs_individualized": NaN, "eta_obs_refits_batch0_mean": 0.9899999499320984, "model_score": 0.889, "model_f1": 0.9948506694129764, "model_refits_batch0_scores": [0.998, 0.998, 0.998, 0.998, 0.998], "model_refits_batch0_f1s": [0.9979674796747968, 0.9979674796747968, 0.9979674796747968, 0.9979674796747968, 0.9979674796747968], "model_coef": NaN}