{"accuracy_pre": 0.96, "accuracy_post": 0.49, "recourse_seeking_ixs": [874, 590, 594, 957, 856, 732, 646, 598, 758, 508, 690, 927, 770, 620, 731, 586, 632, 722, 862, 954, 778, 953, 942, 920, 664, 547, 728, 789, 775, 983, 557, 676, 602, 589, 777, 524, 584, 502, 610, 852, 985, 583, 540, 745, 654, 951, 901, 613, 580, 938, 603, 659, 999, 767, 744, 737, 842, 958, 832, 873, 707, 635, 919, 704, 915, 774, 975, 537, 998, 830, 630, 937, 628, 784, 622, 748, 843, 689, 826, 605, 546, 509, 858, 709, 615, 907, 653, 661, 946, 718, 623, 746, 977, 752, 864, 921, 721, 822, 526, 979], "recourse_recommended_ixs": [874, 590, 594, 957, 856, 732, 646, 598, 758, 508, 690, 927, 770, 620, 731, 586, 632, 722, 862, 954, 778, 953, 942, 920, 664, 547, 728, 789, 775, 983, 557, 676, 602, 589, 777, 524, 584, 502, 610, 852, 985, 583, 540, 745, 654, 951, 901, 613, 580, 938, 603, 659, 999, 767, 744, 737, 842, 958, 832, 873, 707, 635, 919, 704, 915, 774, 975, 537, 998, 830, 630, 937, 628, 784, 622, 748, 843, 689, 826, 605, 546, 509, 858, 709, 615, 907, 653, 661, 946, 718, 623, 746, 977, 752, 864, 921, 721, 822, 526, 979], "perc_recomm_found": 1.0, "gamma": 0.75, "eta": 0.75, "gamma_obs": 0.49000000953674316, "gamma_obs_pre": 0.03999999910593033, "eta_obs": 1.0, "costs": [1.0, 1.0, 1.0], "lbd": 300.0, "thresh": 0.5, "r_type": "subpopulation", "t_type": "counterfactual", "eta_obs_individualized": NaN, "eta_obs_refits_batch0_mean": 0.4659999907016754, "model_score": 0.858, "model_f1": 0.8425720620842573, "model_refits_batch0_scores": [0.866, 0.864, 0.86, 0.856, 0.852], "model_refits_batch0_f1s": [0.8552915766738661, 0.8547008547008548, 0.8430493273542601, 0.8378378378378378, 0.8348214285714286], "model_coef": [[0.687721670390012, 1.0293311246961712, 0.9718462232035527], [-0.013664388085315504]]}