{"accuracy_pre": 0.83, "accuracy_post": 0.42, "recourse_seeking_ixs": [551, 998, 749, 877, 571, 988, 838, 929, 780, 671, 776, 587, 704, 612, 573, 614, 857, 752, 793, 925, 869, 739, 884, 805, 879, 565, 974, 603, 906, 766, 980, 556, 952, 690, 950, 689, 693, 817, 942, 851, 553, 592, 730, 844, 855, 721, 848, 686, 651, 717, 670, 506, 588, 979, 893, 815, 675, 799, 814, 803, 662, 977, 543, 891, 911, 839, 830, 811, 774, 832, 549, 935, 683, 742, 856, 627, 870, 754, 602, 580, 984, 756, 809, 623, 936, 878, 527, 523, 837, 531, 605, 599, 722, 648, 912, 716, 514, 792, 645, 658], "recourse_recommended_ixs": [551, 998, 749, 877, 571, 988, 838, 929, 780, 671, 776, 587, 704, 612, 573, 614, 857, 752, 793, 925, 869, 739, 884, 805, 879, 565, 974, 603, 906, 766, 980, 556, 952, 690, 950, 689, 693, 817, 942, 851, 553, 592, 730, 844, 855, 721, 848, 686, 651, 717, 670, 506, 588, 979, 893, 815, 675, 799, 814, 803, 662, 977, 543, 891, 911, 839, 830, 811, 774, 832, 549, 935, 683, 742, 856, 627, 870, 754, 602, 580, 984, 756, 809, 623, 936, 878, 527, 523, 837, 531, 605, 599, 722, 648, 912, 716, 514, 792, 645, 658], "perc_recomm_found": 1.0, "gamma": 0.95, "eta": 0.95, "gamma_obs": 0.3400000035762787, "gamma_obs_pre": 0.17000000178813934, "eta_obs": 0.88, "costs": [1.0, 1.0, 1.0], "lbd": 300.0, "thresh": 0.5, "r_type": "individualized", "t_type": "counterfactual", "eta_obs_individualized": NaN, "eta_obs_refits_batch0_mean": 0.3479999899864197, "model_score": 0.654, "model_f1": 0.6865079365079365, "model_refits_batch0_scores": [0.796, 0.788, 0.812, 0.74, 0.776], "model_refits_batch0_f1s": [0.7943548387096774, 0.7845528455284553, 0.8016877637130803, 0.75, 0.7575757575757576], "model_coef": NaN}