{"accuracy_pre": 0.99, "accuracy_post": 0.9, "recourse_seeking_ixs": [1218, 1585, 1628, 1098, 1485, 1731, 1332, 1216, 1230, 1020, 1733, 1036, 1455, 1973, 1836, 1324, 1714, 1030, 1685, 1931, 1734, 1601, 1229, 1541, 1519, 1588, 1114, 1193, 1692, 1538, 1425, 1003, 1594, 1746, 1382, 1384, 1671, 1449, 1589, 1506, 1156, 1357, 1170, 1272, 1711, 1284, 1590, 1199, 1840, 1655, 1623, 1226, 1304, 1683, 1322, 1966, 1496, 1954, 1008, 1847, 1956, 1602, 1720, 1071, 1645, 1096, 1278, 1373, 1034, 1579, 1044, 1457, 1222, 1903, 1326, 1776, 1502, 1344, 1275, 1330, 1842, 1803, 1049, 1593, 1513, 1309, 1934, 1257, 1338, 1938, 1557, 1808, 1874, 1115, 1843, 1701, 1245, 1033, 1772, 1996], "recourse_recommended_ixs": [1218, 1585, 1628, 1098, 1485, 1731, 1332, 1216, 1230, 1020, 1733, 1036, 1455, 1973, 1836, 1324, 1714, 1030, 1685, 1931, 1734, 1601, 1229, 1541, 1519, 1588, 1114, 1193, 1692, 1538, 1425, 1003, 1594, 1746, 1382, 1384, 1671, 1449, 1589, 1506, 1156, 1357, 1170, 1272, 1711, 1284, 1590, 1199, 1840, 1655, 1623, 1226, 1304, 1683, 1322, 1966, 1496, 1954, 1008, 1847, 1956, 1602, 1720, 1071, 1645, 1096, 1278, 1373, 1034, 1579, 1044, 1457, 1222, 1903, 1326, 1776, 1502, 1344, 1275, 1330, 1842, 1803, 1049, 1593, 1513, 1309, 1934, 1257, 1338, 1938, 1557, 1808, 1874, 1115, 1843, 1701, 1245, 1033, 1772, 1996], "perc_recomm_found": 1.0, "gamma": 0.75, "eta": 0.75, "gamma_obs": 1.0, "gamma_obs_pre": 0.009999999776482582, "eta_obs": 0.9, "costs": [1.0, 1.0, 1.0], "lbd": 150.0, "thresh": 0.5, "r_type": "subpopulation", "t_type": "acceptance", "eta_obs_individualized": NaN, "eta_obs_refits_batch0_mean": 0.8819999694824219, "model_score": 0.972, "model_f1": 0.9989417989417989, "model_refits_batch0_scores": [0.999, 0.999, 0.997, 0.996, 0.998], "model_refits_batch0_f1s": [0.9989929506545822, 0.9989929506545822, 0.9969727547931382, 0.995983935742972, 0.9979838709677419], "model_coef": NaN}