{"accuracy_pre": 0.86, "accuracy_post": 0.9, "recourse_seeking_ixs": [690, 570, 857, 610, 729, 775, 678, 708, 988, 790, 660, 960, 629, 756, 707, 920, 624, 907, 926, 697, 870, 822, 797, 655, 974, 795, 642, 623, 604, 784, 589, 508, 984, 597, 668, 976, 699, 998, 572, 639, 695, 645, 568, 878, 957, 946, 789, 726, 732, 944, 566, 759, 679, 599, 861, 696, 617, 826, 942, 879, 804, 796, 840, 798, 564, 512, 828, 606, 991, 536, 985, 748, 701, 830, 531, 594, 961, 633, 862, 964, 688, 854, 847, 931, 691, 723, 778, 771, 553, 973, 661, 987, 993, 638, 503, 659, 943, 539, 850, 959], "recourse_recommended_ixs": [690, 570, 857, 610, 729, 775, 678, 708, 988, 790, 660, 960, 629, 756, 707, 920, 624, 907, 926, 697, 870, 822, 797, 655, 974, 795, 642, 623, 604, 784, 589, 508, 984, 597, 668, 976, 699, 998, 572, 639, 695, 645, 568, 878, 957, 946, 789, 726, 732, 944, 566, 759, 679, 599, 861, 696, 617, 826, 942, 879, 804, 796, 840, 798, 564, 512, 828, 606, 991, 536, 985, 748, 701, 830, 531, 594, 961, 633, 862, 964, 688, 854, 847, 931, 691, 723, 778, 771, 553, 973, 661, 987, 993, 638, 503, 659, 943, 539, 850, 959], "perc_recomm_found": 1.0, "gamma": 0.95, "eta": 0.95, "gamma_obs": 0.8999999761581421, "gamma_obs_pre": 0.14000000059604645, "eta_obs": 1.0, "costs": [1.0, 1.0], "lbd": 300.0, "thresh": 0.5, "r_type": "subpopulation", "t_type": "improvement", "eta_obs_individualized": NaN, "eta_obs_refits_batch0_mean": 1.0, "model_score": 0.834, "model_f1": 0.8639308855291576, "model_refits_batch0_scores": [0.824, 0.81, 0.816, 0.818, 0.816], "model_refits_batch0_f1s": [0.8181818181818183, 0.7921225382932165, 0.7991266375545851, 0.7982261640798226, 0.800865800865801], "model_coef": NaN}