{"accuracy_pre": 0.98, "accuracy_post": 0.95, "recourse_seeking_ixs": [1331, 1161, 1282, 1281, 1431, 1788, 1595, 1840, 1831, 1295, 1457, 1977, 1651, 1806, 1986, 1277, 1657, 1366, 1014, 1638, 1898, 1446, 1308, 1529, 1312, 1707, 1940, 1605, 1778, 1567, 1236, 1397, 1649, 1685, 1400, 1118, 1523, 1938, 1484, 1993, 1245, 1985, 1860, 1088, 1879, 1621, 1096, 1597, 1668, 1520, 1146, 1476, 1864, 1346, 1786, 1206, 1373, 1316, 1826, 1149, 1858, 1752, 1203, 1057, 1991, 1677, 1288, 1588, 1814, 1199, 1552, 1427, 1811, 1591, 1195, 1133, 1830, 1633, 1210, 1576, 1835, 1617, 1119, 1216, 1794, 1481, 1766, 1470, 1284, 1231, 1694, 1585, 1128, 1817, 1535, 1485, 1639, 1655, 1784, 1256], "recourse_recommended_ixs": [1331, 1161, 1282, 1281, 1431, 1788, 1595, 1840, 1831, 1295, 1457, 1977, 1651, 1806, 1986, 1277, 1657, 1366, 1014, 1638, 1898, 1446, 1308, 1529, 1312, 1707, 1940, 1605, 1778, 1567, 1236, 1397, 1649, 1685, 1400, 1118, 1523, 1938, 1484, 1993, 1245, 1985, 1860, 1088, 1879, 1621, 1096, 1597, 1668, 1520, 1146, 1476, 1864, 1346, 1786, 1206, 1373, 1316, 1826, 1149, 1858, 1752, 1203, 1057, 1991, 1677, 1288, 1588, 1814, 1199, 1552, 1427, 1811, 1591, 1195, 1133, 1830, 1633, 1210, 1576, 1835, 1617, 1119, 1216, 1794, 1481, 1766, 1470, 1284, 1231, 1694, 1585, 1128, 1817, 1535, 1485, 1639, 1655, 1784, 1256], "perc_recomm_found": 1.0, "gamma": 0.75, "eta": 0.75, "gamma_obs": 1.0, "gamma_obs_pre": 0.019999999552965164, "eta_obs": 0.95, "costs": [1.0, 1.0], "lbd": 150.0, "thresh": 0.5, "r_type": "individualized", "t_type": "improvement", "eta_obs_individualized": 1.0, "eta_obs_refits_batch0_mean": 0.9480000734329224, "model_score": 0.997, "model_f1": 0.9970149253731343, "model_refits_batch0_scores": [0.998, 0.998, 1.0, 0.998, 0.998], "model_refits_batch0_f1s": [0.99800796812749, 0.99800796812749, 1.0, 0.99800796812749, 0.99800796812749], "model_coef": NaN}