{"accuracy_pre": 0.9, "accuracy_post": 0.5, "recourse_seeking_ixs": [284, 312, 286, 240, 341, 347, 356, 200, 345, 321, 318, 382, 364, 308, 393, 380, 215, 333, 353, 281, 357, 259, 344, 343, 319, 315, 205, 381, 233, 255, 292, 389, 317, 385, 324, 275, 206, 399, 337, 227, 322, 278, 239, 267, 383, 270, 252, 261, 320, 299], "recourse_recommended_ixs": [284, 312, 286, 240, 341, 347, 356, 200, 345, 321, 318, 382, 364, 308, 393, 380, 215, 333, 353, 281, 357, 259, 344, 343, 319, 315, 205, 381, 233, 255, 292, 389, 317, 385, 324, 275, 206, 399, 337, 227, 322, 278, 239, 267, 383, 270, 252, 261, 320, 299], "perc_recomm_found": 1.0, "gamma": 0.95, "eta": 0.95, "gamma_obs": 0.5, "gamma_obs_pre": 0.10000000149011612, "eta_obs": 1.0, "costs": [1.0, 1.0, 1.0], "lbd": 300.0, "thresh": 0.5, "r_type": "individualized", "t_type": "acceptance", "eta_obs_individualized": NaN, "eta_obs_refits_batch0_mean": 0.5519999861717224, "model_score": 0.87, "model_f1": 0.8686868686868686, "model_refits_batch0_scores": [0.88, 0.875, 0.885, 0.875, 0.87], "model_refits_batch0_f1s": [0.8811881188118813, 0.8768472906403941, 0.8820512820512821, 0.8743718592964823, 0.8712871287128713], "model_coef": [[0.5973060525956149, 0.5490749690946854, 0.8257387641071899], [0.15002915213603144]]}