{"accuracy_pre": 0.98, "accuracy_post": 0.56, "recourse_seeking_ixs": [270, 279, 349, 373, 239, 268, 342, 250, 211, 305, 298, 271, 387, 276, 317, 353, 351, 293, 208, 254, 221, 371, 355, 328, 245, 360, 202, 299, 331, 313, 262, 385, 358, 296, 315, 231, 223, 301, 216, 361, 292, 287, 389, 214, 316, 244, 336, 205, 249, 228], "recourse_recommended_ixs": [270, 279, 349, 373, 239, 268, 342, 250, 211, 305, 298, 271, 387, 276, 317, 353, 351, 293, 208, 254, 221, 371, 355, 328, 245, 360, 202, 299, 331, 313, 262, 385, 358, 296, 315, 231, 223, 301, 216, 361, 292, 287, 389, 214, 316, 244, 336, 205, 249, 228], "perc_recomm_found": 1.0, "gamma": 0.85, "eta": 0.85, "gamma_obs": 0.7599999904632568, "gamma_obs_pre": 0.019999999552965164, "eta_obs": 0.36, "costs": [1.0, 1.0], "lbd": 300.0, "thresh": 0.5, "r_type": "individualized", "t_type": "improvement", "eta_obs_individualized": 0.82, "eta_obs_refits_batch0_mean": 0.10000000149011612, "model_score": 0.93, "model_f1": 0.9326923076923077, "model_refits_batch0_scores": [1.0, 1.0, 1.0, 1.0, 1.0], "model_refits_batch0_f1s": [1.0, 1.0, 1.0, 1.0, 1.0], "model_coef": [[-4.110731539949552, -1.5826200881017367, 2.5844040797991985], [-0.7746261964485943]]}