{"accuracy_pre": 0.7, "accuracy_post": 0.36, "recourse_seeking_ixs": [333, 275, 257, 382, 390, 317, 289, 240, 302, 313, 245, 261, 221, 301, 243, 215, 350, 371, 220, 349, 369, 377, 306, 324, 267, 273, 362, 293, 204, 255, 339, 355, 226, 200, 201, 360, 271, 332, 363, 399, 352, 227, 278, 388, 347, 304, 207, 342, 233, 359], "recourse_recommended_ixs": [333, 275, 257, 382, 390, 317, 289, 240, 302, 313, 245, 261, 221, 301, 243, 215, 350, 371, 220, 349, 369, 377, 306, 324, 267, 273, 362, 293, 204, 255, 339, 355, 226, 200, 201, 360, 271, 332, 363, 399, 352, 227, 278, 388, 347, 304, 207, 342, 233, 359], "perc_recomm_found": 1.0, "gamma": 0.85, "eta": 0.85, "gamma_obs": 0.36000001430511475, "gamma_obs_pre": 0.30000001192092896, "eta_obs": 1.0, "costs": [1.0, 1.0, 1.0], "lbd": 300.0, "thresh": 0.5, "r_type": "individualized", "t_type": "counterfactual", "eta_obs_individualized": NaN, "eta_obs_refits_batch0_mean": 0.7440000176429749, "model_score": 0.815, "model_f1": 0.827906976744186, "model_refits_batch0_scores": [0.845, 0.815, 0.825, 0.81, 0.84], "model_refits_batch0_f1s": [0.8646288209606988, 0.827906976744186, 0.8372093023255814, 0.820754716981132, 0.8608695652173912], "model_coef": [[0.0892843387739253, 0.17933814221519087, 0.8723300412911987], [-0.5136139243909458]]}