{"accuracy_pre": 0.88, "accuracy_post": 0.5, "recourse_seeking_ixs": [353, 356, 379, 355, 233, 324, 304, 214, 316, 393, 271, 396, 266, 347, 369, 291, 200, 342, 323, 383, 232, 286, 253, 298, 366, 252, 241, 254, 263, 285, 319, 292, 276, 378, 301, 331, 279, 354, 299, 206, 230, 397, 217, 341, 330, 372, 303, 388, 318, 349], "recourse_recommended_ixs": [353, 356, 379, 355, 233, 324, 304, 214, 316, 393, 271, 396, 266, 347, 369, 291, 200, 342, 323, 383, 232, 286, 253, 298, 366, 252, 241, 254, 263, 285, 319, 292, 276, 378, 301, 331, 279, 354, 299, 206, 230, 397, 217, 341, 330, 372, 303, 388, 318, 349], "perc_recomm_found": 1.0, "gamma": 0.9, "eta": 0.9, "gamma_obs": 0.5, "gamma_obs_pre": 0.11999999731779099, "eta_obs": 1.0, "costs": [1.0, 1.0, 1.0], "lbd": 300.0, "thresh": 0.5, "r_type": "individualized", "t_type": "counterfactual", "eta_obs_individualized": NaN, "eta_obs_refits_batch0_mean": 0.7040000557899475, "model_score": 0.885, "model_f1": 0.8756756756756756, "model_refits_batch0_scores": [0.885, 0.87, 0.86, 0.88, 0.885], "model_refits_batch0_f1s": [0.8783068783068784, 0.8631578947368421, 0.8541666666666666, 0.868131868131868, 0.8670520231213872], "model_coef": [[0.6796551433556134, 0.492274725512934, 1.2768015985176502], [0.0601864319770839]]}