{"accuracy_pre": 0.89, "accuracy_post": 0.4, "recourse_seeking_ixs": [955, 542, 547, 660, 593, 505, 747, 650, 795, 745, 822, 578, 673, 983, 564, 855, 775, 992, 810, 796, 742, 520, 862, 785, 953, 644, 982, 894, 897, 568, 501, 959, 559, 596, 639, 553, 595, 813, 997, 604, 613, 687, 825, 565, 507, 963, 771, 823, 905, 580, 598, 787, 966, 835, 703, 526, 830, 898, 946, 717, 563, 939, 635, 909, 842, 940, 890, 575, 612, 938, 711, 770, 546, 669, 929, 646, 704, 987, 973, 994, 877, 685, 522, 846, 548, 915, 885, 979, 727, 528, 549, 936, 760, 803, 670, 761, 998, 718, 529, 705], "recourse_recommended_ixs": [955, 542, 547, 660, 593, 505, 747, 650, 795, 745, 822, 578, 673, 983, 564, 855, 775, 992, 810, 796, 742, 520, 862, 785, 953, 644, 982, 894, 897, 568, 501, 959, 559, 596, 639, 553, 595, 813, 997, 604, 613, 687, 825, 565, 507, 963, 771, 823, 905, 580, 598, 787, 966, 835, 703, 526, 830, 898, 946, 717, 563, 939, 635, 909, 842, 940, 890, 575, 612, 938, 711, 770, 546, 669, 929, 646, 704, 987, 973, 994, 877, 685, 522, 846, 548, 915, 885, 979, 727, 528, 549, 936, 760, 803, 670, 761, 998, 718, 529, 705], "perc_recomm_found": 1.0, "gamma": 0.95, "eta": 0.95, "gamma_obs": 0.18000000715255737, "gamma_obs_pre": 0.10999999940395355, "eta_obs": 0.88, "costs": [1.0, 1.0, 1.0], "lbd": 300.0, "thresh": 0.5, "r_type": "subpopulation", "t_type": "counterfactual", "eta_obs_individualized": NaN, "eta_obs_refits_batch0_mean": 0.4000000059604645, "model_score": 0.808, "model_f1": 0.8301886792452831, "model_refits_batch0_scores": [0.814, 0.808, 0.822, 0.758, 0.796], "model_refits_batch0_f1s": [0.8074534161490684, 0.8064516129032259, 0.8126315789473685, 0.7575150300601203, 0.782051282051282], "model_coef": NaN}