{"accuracy_pre": 0.92, "accuracy_post": 0.42, "recourse_seeking_ixs": [306, 376, 275, 260, 203, 278, 328, 229, 370, 311, 304, 200, 389, 242, 207, 320, 236, 201, 247, 302, 364, 237, 398, 350, 394, 253, 277, 269, 254, 239, 349, 234, 372, 356, 274, 261, 382, 248, 378, 246, 292, 347, 290, 327, 368, 392, 222, 307, 330, 322], "recourse_recommended_ixs": [306, 376, 275, 260, 203, 278, 328, 229, 370, 311, 304, 200, 389, 242, 207, 320, 236, 201, 247, 302, 364, 237, 398, 350, 394, 253, 277, 269, 254, 239, 349, 234, 372, 356, 274, 261, 382, 248, 378, 246, 292, 347, 290, 327, 368, 392, 222, 307, 330, 322], "perc_recomm_found": 1.0, "gamma": 0.9, "eta": 0.9, "gamma_obs": 0.41999998688697815, "gamma_obs_pre": 0.07999999821186066, "eta_obs": 1.0, "costs": [1.0, 1.0, 1.0], "lbd": 300.0, "thresh": 0.5, "r_type": "subpopulation", "t_type": "acceptance", "eta_obs_individualized": NaN, "eta_obs_refits_batch0_mean": 0.4880000054836273, "model_score": 0.9, "model_f1": 0.9, "model_refits_batch0_scores": [0.88, 0.86, 0.885, 0.89, 0.865], "model_refits_batch0_f1s": [0.88, 0.8627450980392157, 0.8888888888888888, 0.8910891089108911, 0.8682926829268293], "model_coef": [[0.5409262445636082, 0.955481782507, 0.9332635226719466], [-0.04808206059469919]]}