{"accuracy_pre": 0.87, "accuracy_post": 0.43, "recourse_seeking_ixs": [628, 842, 530, 895, 775, 961, 928, 661, 818, 865, 816, 939, 670, 696, 859, 697, 501, 890, 738, 925, 707, 717, 557, 600, 615, 987, 706, 518, 779, 771, 667, 714, 858, 980, 832, 591, 751, 580, 552, 930, 611, 904, 625, 668, 907, 885, 899, 614, 951, 737, 948, 731, 835, 722, 772, 921, 763, 998, 791, 906, 857, 541, 840, 911, 559, 844, 898, 745, 674, 660, 887, 728, 804, 810, 537, 662, 922, 770, 732, 843, 718, 833, 950, 672, 705, 616, 719, 736, 553, 684, 913, 924, 563, 802, 794, 710, 700, 727, 986, 798], "recourse_recommended_ixs": [628, 842, 530, 895, 775, 961, 928, 661, 818, 865, 816, 939, 670, 696, 859, 697, 501, 890, 738, 925, 707, 717, 557, 600, 615, 987, 706, 518, 779, 771, 667, 714, 858, 980, 832, 591, 751, 580, 552, 930, 611, 904, 625, 668, 907, 885, 899, 614, 951, 737, 948, 731, 835, 722, 772, 921, 763, 998, 791, 906, 857, 541, 840, 911, 559, 844, 898, 745, 674, 660, 887, 728, 804, 810, 537, 662, 922, 770, 732, 843, 718, 833, 950, 672, 705, 616, 719, 736, 553, 684, 913, 924, 563, 802, 794, 710, 700, 727, 986, 798], "perc_recomm_found": 1.0, "gamma": 0.75, "eta": 0.75, "gamma_obs": 0.4300000071525574, "gamma_obs_pre": 0.12999999523162842, "eta_obs": 1.0, "costs": [1.0, 1.0, 1.0], "lbd": 300.0, "thresh": 0.5, "r_type": "individualized", "t_type": "acceptance", "eta_obs_individualized": NaN, "eta_obs_refits_batch0_mean": 0.40799999237060547, "model_score": 0.826, "model_f1": 0.8358208955223881, "model_refits_batch0_scores": [0.818, 0.816, 0.806, 0.824, 0.83], "model_refits_batch0_f1s": [0.7838479809976248, 0.7819905213270142, 0.762836185819071, 0.7914691943127962, 0.8081264108352144], "model_coef": NaN}