{"accuracy_pre": 0.88, "accuracy_post": 0.54, "recourse_seeking_ixs": [325, 280, 389, 202, 376, 214, 243, 270, 301, 217, 256, 249, 316, 229, 318, 205, 262, 292, 348, 346, 223, 263, 347, 326, 363, 242, 338, 392, 357, 237, 264, 218, 296, 395, 273, 294, 226, 368, 320, 293, 302, 387, 222, 248, 282, 284, 224, 247, 343, 317], "recourse_recommended_ixs": [325, 280, 389, 202, 376, 214, 243, 270, 301, 217, 256, 249, 316, 229, 318, 205, 262, 292, 348, 346, 223, 263, 347, 326, 363, 242, 338, 392, 357, 237, 264, 218, 296, 395, 273, 294, 226, 368, 320, 293, 302, 387, 222, 248, 282, 284, 224, 247, 343, 317], "perc_recomm_found": 1.0, "gamma": 0.85, "eta": 0.85, "gamma_obs": 0.5400000214576721, "gamma_obs_pre": 0.11999999731779099, "eta_obs": 1.0, "costs": [1.0, 1.0, 1.0], "lbd": 300.0, "thresh": 0.5, "r_type": "individualized", "t_type": "counterfactual", "eta_obs_individualized": NaN, "eta_obs_refits_batch0_mean": 0.5080000162124634, "model_score": 0.89, "model_f1": 0.8804347826086957, "model_refits_batch0_scores": [0.895, 0.87, 0.885, 0.895, 0.9], "model_refits_batch0_f1s": [0.8888888888888888, 0.8522727272727272, 0.8795811518324608, 0.8771929824561404, 0.8876404494382023], "model_coef": [[0.30272364211163727, 1.1932620295146266, 1.324748135898973], [-0.25230761405238317]]}