{"accuracy_pre": 0.81, "accuracy_post": 0.25, "recourse_seeking_ixs": [996, 953, 759, 735, 502, 632, 843, 744, 896, 888, 509, 717, 668, 853, 677, 743, 916, 585, 819, 842, 783, 686, 854, 784, 942, 791, 957, 982, 938, 592, 799, 824, 921, 979, 711, 855, 878, 920, 596, 874, 944, 815, 748, 901, 969, 948, 609, 828, 679, 689, 594, 546, 883, 891, 673, 862, 741, 540, 851, 611, 739, 703, 623, 663, 745, 676, 536, 635, 994, 863, 670, 761, 852, 955, 977, 919, 662, 973, 724, 510, 811, 885, 886, 595, 537, 518, 774, 958, 655, 685, 796, 631, 696, 605, 731, 939, 777, 586, 752, 928], "recourse_recommended_ixs": [996, 953, 759, 735, 502, 632, 843, 744, 896, 888, 509, 717, 668, 853, 677, 743, 916, 585, 819, 842, 783, 686, 854, 784, 942, 791, 957, 982, 938, 592, 799, 824, 921, 979, 711, 855, 878, 920, 596, 874, 944, 815, 748, 901, 969, 948, 609, 828, 679, 689, 594, 546, 883, 891, 673, 862, 741, 540, 851, 611, 739, 703, 623, 663, 745, 676, 536, 635, 994, 863, 670, 761, 852, 955, 977, 919, 662, 973, 724, 510, 811, 885, 886, 595, 537, 518, 774, 958, 655, 685, 796, 631, 696, 605, 731, 939, 777, 586, 752, 928], "perc_recomm_found": 1.0, "gamma": 0.95, "eta": 0.95, "gamma_obs": 0.20999999344348907, "gamma_obs_pre": 0.1899999976158142, "eta_obs": 0.94, "costs": [1.0, 1.0, 1.0], "lbd": 300.0, "thresh": 0.5, "r_type": "subpopulation", "t_type": "counterfactual", "eta_obs_individualized": NaN, "eta_obs_refits_batch0_mean": 0.5600000023841858, "model_score": 0.816, "model_f1": 0.8615384615384615, "model_refits_batch0_scores": [0.778, 0.794, 0.784, 0.802, 0.806], "model_refits_batch0_f1s": [0.7412587412587412, 0.7736263736263737, 0.7440758293838863, 0.7724137931034482, 0.7868131868131869], "model_coef": NaN}