{"accuracy_pre": 0.9, "accuracy_post": 0.52, "recourse_seeking_ixs": [361, 387, 224, 389, 253, 345, 236, 321, 273, 276, 335, 397, 316, 271, 373, 296, 376, 323, 247, 213, 357, 228, 269, 346, 318, 331, 235, 290, 303, 222, 260, 292, 380, 297, 320, 229, 214, 266, 358, 217, 237, 288, 211, 201, 395, 264, 337, 206, 291, 226], "recourse_recommended_ixs": [361, 387, 224, 389, 253, 345, 236, 321, 273, 276, 335, 397, 316, 271, 373, 296, 376, 323, 247, 213, 357, 228, 269, 346, 318, 331, 235, 290, 303, 222, 260, 292, 380, 297, 320, 229, 214, 266, 358, 217, 237, 288, 211, 201, 395, 264, 337, 206, 291, 226], "perc_recomm_found": 1.0, "gamma": 0.85, "eta": 0.85, "gamma_obs": 0.5400000214576721, "gamma_obs_pre": 0.10000000149011612, "eta_obs": 0.98, "costs": [1.0, 1.0, 1.0], "lbd": 300.0, "thresh": 0.5, "r_type": "subpopulation", "t_type": "acceptance", "eta_obs_individualized": NaN, "eta_obs_refits_batch0_mean": 0.5040000081062317, "model_score": 0.89, "model_f1": 0.8804347826086957, "model_refits_batch0_scores": [0.895, 0.87, 0.885, 0.895, 0.9], "model_refits_batch0_f1s": [0.8888888888888888, 0.8522727272727272, 0.8795811518324608, 0.8771929824561404, 0.8876404494382023], "model_coef": [[0.30272364211163727, 1.1932620295146266, 1.324748135898973], [-0.25230761405238317]]}