{"accuracy_pre": 1.0, "accuracy_post": 0.0, "recourse_seeking_ixs": [382, 234, 209, 262, 260, 385, 274, 241, 388, 272, 248, 357, 263, 355, 380, 329, 399, 328, 365, 326, 321, 261, 252, 362, 319, 381, 304, 335, 267, 342, 368, 325, 232, 397, 289, 245, 302, 216, 370, 221, 351, 279, 249, 247, 298, 276, 346, 315, 297, 301], "recourse_recommended_ixs": [382, 234, 209, 262, 260, 385, 274, 241, 388, 272, 248, 357, 263, 355, 380, 329, 399, 328, 365, 326, 321, 261, 252, 362, 319, 381, 304, 335, 267, 342, 368, 325, 232, 397, 289, 245, 302, 216, 370, 221, 351, 279, 249, 247, 298, 276, 346, 315, 297, 301], "perc_recomm_found": 1.0, "gamma": 0.9, "eta": 0.9, "gamma_obs": 0.0, "gamma_obs_pre": 0.0, "eta_obs": 1.0, "costs": [5.0, 5.0, 0.0001, 0.01, 0.1], "lbd": 300.0, "thresh": 0.5, "r_type": "individualized", "t_type": "acceptance", "eta_obs_individualized": NaN, "eta_obs_refits_batch0_mean": 0.868, "model_score": 0.995, "model_f1": 0.9964664310954063, "model_refits_batch0_scores": [0.99, 0.99, 1.0, 0.99, 0.985], "model_refits_batch0_f1s": [0.9929078014184397, 0.9929078014184397, 1.0, 0.9929078014184397, 0.9893992932862191], "model_coef": [[-0.22838770457895688, 0.5617071882378231, 0.006979002345526681, 0.21053030234592862, 1.0482022451566788], [-13.853632549890277]]}