{"accuracy_pre": 0.83, "accuracy_post": 0.73, "recourse_seeking_ixs": [499, 453, 462, 300, 397, 433, 484, 457, 372, 476, 254, 409, 298, 461, 486, 405, 345, 357, 292, 390, 279, 347, 336, 497, 400, 382, 384, 482, 262, 277, 288, 369, 333, 450, 467, 429, 383, 489, 392, 389, 273, 250, 256, 348, 394, 472, 371, 428, 367, 306, 327, 291, 412, 498, 423, 446, 415, 449, 289, 406, 251, 375, 320, 317, 326, 304, 258, 361, 287, 444, 487, 408, 425, 268, 493, 403, 269, 290, 438, 307, 399, 316, 329, 420, 366, 436, 282, 381, 445, 407, 435, 376, 441, 295, 418, 352, 393, 318, 439, 466], "recourse_recommended_ixs": [499, 453, 462, 300, 397, 433, 484, 457, 372, 476, 254, 409, 298, 461, 486, 405, 345, 357, 292, 390, 279, 347, 336, 497, 400, 382, 384, 482, 262, 277, 288, 369, 333, 450, 467, 429, 383, 489, 392, 389, 273, 250, 256, 348, 394, 472, 371, 428, 367, 306, 327, 291, 412, 498, 423, 446, 415, 449, 289, 406, 251, 375, 320, 317, 326, 304, 258, 361, 287, 444, 487, 408, 425, 268, 493, 403, 269, 290, 438, 307, 399, 316, 329, 420, 366, 436, 282, 381, 445, 407, 435, 376, 441, 295, 418, 352, 393, 318, 439, 466], "perc_recomm_found": 1.0, "gamma": 0.75, "eta": 0.75, "gamma_obs": 0.7200000286102295, "gamma_obs_pre": 0.17000000178813934, "eta_obs": 0.83, "costs": [1.0, 1.0], "lbd": 100.0, "thresh": 0.5, "r_type": "subpopulation", "t_type": "improvement", "eta_obs_individualized": NaN, "eta_obs_refits_batch0_mean": 0.8060000538825989, "model_score": 0.84, "model_f1": 0.84375, "model_refits_batch0_scores": [0.836, 0.836, 0.832, 0.832, 0.848], "model_refits_batch0_f1s": [0.8404669260700389, 0.8379446640316205, 0.8319999999999999, 0.8278688524590164, 0.8492063492063492], "model_coef": [[-0.578285178412088, -0.062113255789826904, 1.322774006673148], [-0.6339041667493469]]}