{"accuracy_pre": 0.85, "accuracy_post": 0.96, "recourse_seeking_ixs": [845, 662, 893, 815, 795, 659, 569, 761, 560, 798, 934, 947, 632, 925, 624, 603, 725, 635, 964, 834, 739, 504, 806, 734, 661, 791, 864, 646, 607, 979, 678, 599, 710, 675, 502, 697, 547, 685, 901, 897, 568, 592, 688, 882, 924, 598, 566, 926, 921, 703, 717, 720, 829, 891, 604, 981, 501, 988, 996, 634, 638, 993, 726, 859, 668, 762, 904, 737, 782, 583, 714, 788, 850, 919, 777, 835, 515, 595, 771, 683, 730, 578, 654, 637, 837, 908, 967, 513, 813, 963, 565, 537, 753, 770, 973, 617, 986, 775, 890, 871], "recourse_recommended_ixs": [845, 662, 893, 815, 795, 659, 569, 761, 560, 798, 934, 947, 632, 925, 624, 603, 725, 635, 964, 834, 739, 504, 806, 734, 661, 791, 864, 646, 607, 979, 678, 599, 710, 675, 502, 697, 547, 685, 901, 897, 568, 592, 688, 882, 924, 598, 566, 926, 921, 703, 717, 720, 829, 891, 604, 981, 501, 988, 996, 634, 638, 993, 726, 859, 668, 762, 904, 737, 782, 583, 714, 788, 850, 919, 777, 835, 515, 595, 771, 683, 730, 578, 654, 637, 837, 908, 967, 513, 813, 963, 565, 537, 753, 770, 973, 617, 986, 775, 890, 871], "perc_recomm_found": 1.0, "gamma": 0.95, "eta": 0.95, "gamma_obs": 0.9599999785423279, "gamma_obs_pre": 0.15000000596046448, "eta_obs": 1.0, "costs": [1.0, 1.0], "lbd": 300.0, "thresh": 0.5, "r_type": "individualized", "t_type": "improvement", "eta_obs_individualized": 0.98, "eta_obs_refits_batch0_mean": 0.984000027179718, "model_score": 0.826, "model_f1": 0.8725099601593626, "model_refits_batch0_scores": [0.796, 0.788, 0.812, 0.74, 0.776], "model_refits_batch0_f1s": [0.7943548387096774, 0.7845528455284553, 0.8016877637130803, 0.75, 0.7575757575757576], "model_coef": NaN}