{"accuracy_pre": 0.86, "accuracy_post": 0.19, "recourse_seeking_ixs": [323, 277, 459, 368, 401, 339, 369, 402, 481, 413, 325, 254, 318, 256, 282, 326, 489, 355, 394, 357, 452, 354, 329, 448, 419, 460, 493, 361, 418, 363, 438, 267, 385, 479, 437, 278, 276, 406, 463, 252, 275, 478, 400, 444, 365, 422, 379, 359, 294, 311, 265, 251, 486, 307, 324, 465, 257, 393, 330, 458, 387, 312, 309, 280, 262, 415, 491, 274, 293, 266, 306, 396, 381, 420, 286, 299, 310, 260, 407, 457, 261, 450, 442, 367, 268, 417, 371, 316, 317, 292, 313, 364, 431, 328, 347, 284, 455, 332, 344, 356], "recourse_recommended_ixs": [323, 277, 459, 368, 401, 339, 369, 402, 481, 413, 325, 254, 318, 256, 282, 326, 489, 355, 394, 357, 452, 354, 329, 448, 419, 460, 493, 361, 418, 363, 438, 267, 385, 479, 437, 278, 276, 406, 463, 252, 275, 478, 400, 444, 365, 422, 379, 359, 294, 311, 265, 251, 486, 307, 324, 465, 257, 393, 330, 458, 387, 312, 309, 280, 262, 415, 491, 274, 293, 266, 306, 396, 381, 420, 286, 299, 310, 260, 407, 457, 261, 450, 442, 367, 268, 417, 371, 316, 317, 292, 313, 364, 431, 328, 347, 284, 455, 332, 344, 356], "perc_recomm_found": 1.0, "gamma": 0.75, "eta": 0.75, "gamma_obs": 0.20000000298023224, "gamma_obs_pre": 0.14000000059604645, "eta_obs": 0.99, "costs": [1.0, 1.0, 1.0], "lbd": 100.0, "thresh": 0.5, "r_type": "subpopulation", "t_type": "acceptance", "eta_obs_individualized": NaN, "eta_obs_refits_batch0_mean": 0.7360000014305115, "model_score": 0.844, "model_f1": 0.8381742738589212, "model_refits_batch0_scores": [0.84, 0.836, 0.844, 0.84, 0.84], "model_refits_batch0_f1s": [0.8333333333333333, 0.8284518828451883, 0.8421052631578947, 0.83739837398374, 0.8319327731092436], "model_coef": [[0.16517475789967603, 0.037795822460080584, 0.8576814818481175], [-0.4045634207429885]]}