{"accuracy_pre": 0.89, "accuracy_post": 0.19, "recourse_seeking_ixs": [565, 588, 529, 972, 840, 888, 845, 569, 580, 973, 762, 864, 752, 672, 928, 934, 637, 684, 843, 693, 844, 943, 835, 767, 667, 849, 799, 736, 982, 607, 551, 516, 925, 758, 600, 651, 804, 624, 649, 974, 997, 778, 961, 995, 597, 880, 707, 902, 780, 608, 734, 894, 847, 924, 534, 801, 633, 705, 918, 807, 525, 501, 975, 719, 839, 748, 614, 833, 701, 866, 628, 712, 542, 679, 977, 788, 690, 704, 509, 971, 890, 753, 519, 559, 680, 537, 646, 541, 857, 528, 878, 676, 761, 808, 822, 791, 948, 946, 781, 538], "recourse_recommended_ixs": [565, 588, 529, 972, 840, 888, 845, 569, 580, 973, 762, 864, 752, 672, 928, 934, 637, 684, 843, 693, 844, 943, 835, 767, 667, 849, 799, 736, 982, 607, 551, 516, 925, 758, 600, 651, 804, 624, 649, 974, 997, 778, 961, 995, 597, 880, 707, 902, 780, 608, 734, 894, 847, 924, 534, 801, 633, 705, 918, 807, 525, 501, 975, 719, 839, 748, 614, 833, 701, 866, 628, 712, 542, 679, 977, 788, 690, 704, 509, 971, 890, 753, 519, 559, 680, 537, 646, 541, 857, 528, 878, 676, 761, 808, 822, 791, 948, 946, 781, 538], "perc_recomm_found": 1.0, "gamma": 0.95, "eta": 0.95, "gamma_obs": 0.20999999344348907, "gamma_obs_pre": 0.10999999940395355, "eta_obs": 0.94, "costs": [1.0, 1.0, 1.0], "lbd": 300.0, "thresh": 0.5, "r_type": "individualized", "t_type": "counterfactual", "eta_obs_individualized": NaN, "eta_obs_refits_batch0_mean": 0.27399998903274536, "model_score": 0.826, "model_f1": 0.8302658486707567, "model_refits_batch0_scores": [0.824, 0.81, 0.816, 0.818, 0.816], "model_refits_batch0_f1s": [0.8181818181818183, 0.7921225382932165, 0.7991266375545851, 0.7982261640798226, 0.800865800865801], "model_coef": NaN}