{"accuracy_pre": 0.87, "accuracy_post": 0.73, "recourse_seeking_ixs": [463, 406, 381, 329, 260, 416, 451, 453, 342, 359, 494, 439, 465, 301, 334, 337, 360, 380, 410, 419, 492, 441, 289, 454, 379, 437, 497, 356, 341, 474, 398, 448, 458, 348, 371, 250, 429, 290, 369, 495, 330, 485, 345, 310, 391, 366, 478, 340, 401, 483, 344, 467, 383, 303, 368, 317, 493, 322, 257, 294, 408, 457, 349, 256, 302, 378, 283, 315, 370, 440, 455, 282, 296, 484, 395, 470, 270, 418, 452, 392, 286, 475, 288, 384, 443, 490, 269, 464, 424, 404, 297, 434, 300, 313, 377, 335, 276, 357, 412, 446], "recourse_recommended_ixs": [463, 406, 381, 329, 260, 416, 451, 453, 342, 359, 494, 439, 465, 301, 334, 337, 360, 380, 410, 419, 492, 441, 289, 454, 379, 437, 497, 356, 341, 474, 398, 448, 458, 348, 371, 250, 429, 290, 369, 495, 330, 485, 345, 310, 391, 366, 478, 340, 401, 483, 344, 467, 383, 303, 368, 317, 493, 322, 257, 294, 408, 457, 349, 256, 302, 378, 283, 315, 370, 440, 455, 282, 296, 484, 395, 470, 270, 418, 452, 392, 286, 475, 288, 384, 443, 490, 269, 464, 424, 404, 297, 434, 300, 313, 377, 335, 276, 357, 412, 446], "perc_recomm_found": 1.0, "gamma": 0.75, "eta": 0.75, "gamma_obs": 0.7599999904632568, "gamma_obs_pre": 0.12999999523162842, "eta_obs": 0.83, "costs": [1.0, 1.0], "lbd": 100.0, "thresh": 0.5, "r_type": "subpopulation", "t_type": "improvement", "eta_obs_individualized": NaN, "eta_obs_refits_batch0_mean": 0.9160000085830688, "model_score": 0.816, "model_f1": 0.814516129032258, "model_refits_batch0_scores": [0.804, 0.828, 0.82, 0.808, 0.828], "model_refits_batch0_f1s": [0.8108108108108107, 0.8300395256916995, 0.823529411764706, 0.8153846153846155, 0.8215767634854773], "model_coef": [[0.1294891828669513, -0.13616108063079432, 1.2035035543650718], [-0.5121105816986797]]}