{"accuracy_pre": 1.0, "accuracy_post": 0.19, "recourse_seeking_ixs": [1528, 1384, 1477, 1703, 1501, 1351, 1863, 1995, 1512, 1444, 1137, 1640, 1339, 1166, 1975, 1180, 1217, 1380, 1494, 1885, 1335, 1911, 1620, 1941, 1329, 1845, 1227, 1084, 1379, 1966, 1288, 1164, 1588, 1533, 1024, 1759, 1683, 1636, 1423, 1402, 1320, 1159, 1570, 1080, 1148, 1491, 1946, 1686, 1399, 1776, 1669, 1109, 1449, 1914, 1412, 1436, 1515, 1717, 1895, 1881, 1685, 1427, 1154, 1791, 1467, 1882, 1319, 1576, 1906, 1246, 1230, 1043, 1805, 1614, 1862, 1676, 1117, 1275, 1215, 1046, 1127, 1446, 1828, 1204, 1337, 1369, 1142, 1775, 1074, 1284, 1785, 1992, 1009, 1149, 1714, 1555, 1786, 1378, 1218, 1270], "recourse_recommended_ixs": [1528, 1384, 1477, 1703, 1501, 1351, 1863, 1995, 1512, 1444, 1137, 1640, 1339, 1166, 1975, 1180, 1217, 1380, 1494, 1885, 1335, 1911, 1620, 1941, 1329, 1845, 1227, 1084, 1379, 1966, 1288, 1164, 1588, 1533, 1024, 1759, 1683, 1636, 1423, 1402, 1320, 1159, 1570, 1080, 1148, 1491, 1946, 1686, 1399, 1776, 1669, 1109, 1449, 1914, 1412, 1436, 1515, 1717, 1895, 1881, 1685, 1427, 1154, 1791, 1467, 1882, 1319, 1576, 1906, 1246, 1230, 1043, 1805, 1614, 1862, 1676, 1117, 1275, 1215, 1046, 1127, 1446, 1828, 1204, 1337, 1369, 1142, 1775, 1074, 1284, 1785, 1992, 1009, 1149, 1714, 1555, 1786, 1378, 1218, 1270], "perc_recomm_found": 1.0, "gamma": 0.95, "eta": 0.95, "gamma_obs": 0.15000000596046448, "gamma_obs_pre": 0.0, "eta_obs": 1.0, "costs": [1.0, 1.0, 1.0], "lbd": 150.0, "thresh": 0.5, "r_type": "subpopulation", "t_type": "acceptance", "eta_obs_individualized": NaN, "eta_obs_refits_batch0_mean": 0.7900000214576721, "model_score": 1.0, "model_f1": 1.0, "model_refits_batch0_scores": [1.0, 1.0, 1.0, 1.0, 1.0], "model_refits_batch0_f1s": [1.0, 1.0, 1.0, 1.0, 1.0], "model_coef": NaN}