{"accuracy_pre": 1.0, "accuracy_post": 0.0, "recourse_seeking_ixs": [367, 332, 236, 225, 253, 251, 242, 263, 208, 297, 384, 217, 224, 347, 262, 338, 303, 325, 264, 349, 202, 283, 353, 362, 326, 392, 390, 216, 235, 219, 396, 322, 296, 277, 238, 394, 339, 382, 317, 356, 244, 340, 371, 337, 200, 351, 376, 248, 227, 205], "recourse_recommended_ixs": [367, 332, 236, 225, 253, 251, 242, 263, 208, 297, 384, 217, 224, 347, 262, 338, 303, 325, 264, 349, 202, 283, 353, 362, 326, 392, 390, 216, 235, 219, 396, 322, 296, 277, 238, 394, 339, 382, 317, 356, 244, 340, 371, 337, 200, 351, 376, 248, 227, 205], "perc_recomm_found": 1.0, "gamma": 0.85, "eta": 0.85, "gamma_obs": 0.0, "gamma_obs_pre": 0.0, "eta_obs": 1.0, "costs": [5.0, 5.0, 0.0001, 0.01, 0.1], "lbd": 300.0, "thresh": 0.5, "r_type": "individualized", "t_type": "counterfactual", "eta_obs_individualized": NaN, "eta_obs_refits_batch0_mean": 1.0, "model_score": 1.0, "model_f1": 1.0, "model_refits_batch0_scores": [1.0, 1.0, 1.0, 1.0, 1.0], "model_refits_batch0_f1s": [1.0, 1.0, 1.0, 1.0, 1.0], "model_coef": [[-1.5993085870025386e-05, 4.4832218659505406e-05, 0.027561909976115444, 7.124567944101945e-05, 0.0002743780694399988], [-15.29119042839106]]}