{"accuracy_pre": 0.91, "accuracy_post": 0.11, "recourse_seeking_ixs": [268, 381, 369, 296, 278, 414, 429, 321, 473, 323, 467, 377, 419, 250, 344, 295, 334, 357, 326, 465, 339, 318, 371, 378, 435, 434, 370, 335, 386, 374, 325, 251, 486, 437, 262, 350, 398, 407, 457, 272, 456, 430, 440, 424, 416, 307, 368, 415, 400, 487, 485, 360, 448, 375, 455, 384, 361, 267, 444, 342, 319, 445, 498, 411, 263, 425, 314, 320, 461, 477, 364, 493, 480, 464, 362, 404, 366, 460, 391, 436, 410, 302, 300, 431, 277, 358, 452, 428, 496, 308, 462, 363, 379, 280, 359, 392, 417, 258, 488, 442], "recourse_recommended_ixs": [268, 381, 369, 296, 278, 414, 429, 321, 473, 323, 467, 377, 419, 250, 344, 295, 334, 357, 326, 465, 339, 318, 371, 378, 435, 434, 370, 335, 386, 374, 325, 251, 486, 437, 262, 350, 398, 407, 457, 272, 456, 430, 440, 424, 416, 307, 368, 415, 400, 487, 485, 360, 448, 375, 455, 384, 361, 267, 444, 342, 319, 445, 498, 411, 263, 425, 314, 320, 461, 477, 364, 493, 480, 464, 362, 404, 366, 460, 391, 436, 410, 302, 300, 431, 277, 358, 452, 428, 496, 308, 462, 363, 379, 280, 359, 392, 417, 258, 488, 442], "perc_recomm_found": 1.0, "gamma": 0.75, "eta": 0.75, "gamma_obs": 0.10999999940395355, "gamma_obs_pre": 0.09000000357627869, "eta_obs": 1.0, "costs": [1.0, 1.0, 1.0], "lbd": 100.0, "thresh": 0.5, "r_type": "individualized", "t_type": "counterfactual", "eta_obs_individualized": NaN, "eta_obs_refits_batch0_mean": 0.9760000109672546, "model_score": 0.848, "model_f1": 0.8492063492063493, "model_refits_batch0_scores": [0.852, 0.848, 0.864, 0.84, 0.852], "model_refits_batch0_f1s": [0.8549019607843137, 0.8503937007874016, 0.8682170542635659, 0.8360655737704918, 0.8593155893536122], "model_coef": [[0.011319020608302553, -0.4655821875182411, 1.183147022904338], [-0.6228395093025708]]}