{"accuracy_pre": 0.99, "accuracy_post": 1.0, "recourse_seeking_ixs": [1595, 1370, 1327, 1189, 1361, 1324, 1472, 1458, 1210, 1952, 1939, 1940, 1499, 1911, 1699, 1677, 1103, 1026, 1485, 1349, 1801, 1852, 1574, 1462, 1618, 1769, 1591, 1575, 1435, 1110, 1835, 1224, 1991, 1087, 1433, 1528, 1379, 1538, 1983, 1046, 1819, 1179, 1742, 1303, 1831, 1855, 1733, 1263, 1529, 1969, 1401, 1203, 1023, 1216, 1624, 1594, 1915, 1860, 1935, 1898, 1291, 1649, 1096, 1841, 1587, 1290, 1159, 1101, 1998, 1840, 1977, 1982, 1267, 1274, 1552, 1766, 1281, 1761, 1460, 1475, 1955, 1687, 1186, 1227, 1707, 1077, 1437, 1315, 1961, 1821, 1467, 1366, 1100, 1034, 1198, 1816, 1476, 1533, 1289, 1786], "recourse_recommended_ixs": [1595, 1370, 1327, 1189, 1361, 1324, 1472, 1458, 1210, 1952, 1939, 1940, 1499, 1911, 1699, 1677, 1103, 1026, 1485, 1349, 1801, 1852, 1574, 1462, 1618, 1769, 1591, 1575, 1435, 1110, 1835, 1224, 1991, 1087, 1433, 1528, 1379, 1538, 1983, 1046, 1819, 1179, 1742, 1303, 1831, 1855, 1733, 1263, 1529, 1969, 1401, 1203, 1023, 1216, 1624, 1594, 1915, 1860, 1935, 1898, 1291, 1649, 1096, 1841, 1587, 1290, 1159, 1101, 1998, 1840, 1977, 1982, 1267, 1274, 1552, 1766, 1281, 1761, 1460, 1475, 1955, 1687, 1186, 1227, 1707, 1077, 1437, 1315, 1961, 1821, 1467, 1366, 1100, 1034, 1198, 1816, 1476, 1533, 1289, 1786], "perc_recomm_found": 1.0, "gamma": 0.75, "eta": 0.75, "gamma_obs": 1.0, "gamma_obs_pre": 0.009999999776482582, "eta_obs": 1.0, "costs": [1.0, 1.0, 1.0], "lbd": 150.0, "thresh": 0.5, "r_type": "individualized", "t_type": "counterfactual", "eta_obs_individualized": NaN, "eta_obs_refits_batch0_mean": 0.4580000042915344, "model_score": 0.997, "model_f1": 0.9990069513406157, "model_refits_batch0_scores": [0.981, 0.998, 0.993, 0.989, 0.994], "model_refits_batch0_f1s": [0.9806714140386571, 0.99800796812749, 0.992964824120603, 0.9889001009081735, 0.9939759036144578], "model_coef": NaN}