{"accuracy_pre": 0.88, "accuracy_post": 0.52, "recourse_seeking_ixs": [396, 284, 223, 364, 204, 319, 201, 340, 286, 365, 388, 226, 207, 372, 282, 306, 247, 213, 383, 301, 240, 258, 262, 265, 264, 270, 356, 244, 371, 227, 353, 394, 254, 245, 350, 361, 224, 311, 236, 323, 332, 391, 362, 217, 305, 293, 380, 381, 272, 233], "recourse_recommended_ixs": [396, 284, 223, 364, 204, 319, 201, 340, 286, 365, 388, 226, 207, 372, 282, 306, 247, 213, 383, 301, 240, 258, 262, 265, 264, 270, 356, 244, 371, 227, 353, 394, 254, 245, 350, 361, 224, 311, 236, 323, 332, 391, 362, 217, 305, 293, 380, 381, 272, 233], "perc_recomm_found": 1.0, "gamma": 0.85, "eta": 0.85, "gamma_obs": 0.5, "gamma_obs_pre": 0.11999999731779099, "eta_obs": 0.98, "costs": [1.0, 1.0, 1.0], "lbd": 300.0, "thresh": 0.5, "r_type": "subpopulation", "t_type": "acceptance", "eta_obs_individualized": NaN, "eta_obs_refits_batch0_mean": 0.3760000169277191, "model_score": 0.905, "model_f1": 0.9082125603864734, "model_refits_batch0_scores": [0.89, 0.915, 0.915, 0.895, 0.895], "model_refits_batch0_f1s": [0.8932038834951457, 0.914572864321608, 0.9186602870813397, 0.8965517241379312, 0.8965517241379312], "model_coef": [[0.3535066930002383, 0.7070133860004766, 1.099513163201904], [0.008396747112791904]]}