{"accuracy_pre": 0.92, "accuracy_post": 0.76, "recourse_seeking_ixs": [144, 117, 111, 174, 123, 196, 192, 149, 110, 137, 176, 120, 134, 113, 186, 153, 162, 154, 187, 167, 183, 130, 188, 119, 141], "recourse_recommended_ixs": [144, 117, 111, 174, 123, 196, 192, 149, 110, 137, 176, 120, 134, 113, 186, 153, 162, 154, 187, 167, 183, 130, 188, 119, 141], "perc_recomm_found": 1.0, "gamma": 0.75, "eta": 0.75, "gamma_obs": 0.7599999904632568, "gamma_obs_pre": 0.07999999821186066, "eta_obs": 1.0, "costs": [1.0, 1.0], "lbd": 50.0, "thresh": 0.5, "r_type": "individualized", "t_type": "improvement", "eta_obs_individualized": 0.84, "eta_obs_refits_batch0_mean": 1.0, "model_score": 0.9, "model_f1": 0.9014084507042253, "model_refits_batch0_scores": [0.76, 0.74, 0.72, 0.77, 0.78], "model_refits_batch0_f1s": [0.7777777777777777, 0.7719298245614036, 0.75, 0.7722772277227722, 0.7708333333333333], "model_coef": [[0.40369860139718966, 0.10964738981360939, 1.098398996722711], [-0.311438634657002]]}