{"accuracy_pre": 0.0, "accuracy_post": 0.92, "recourse_seeking_ixs": [1011, 1408, 1496, 1630, 1278, 1776, 1287, 1555, 1209, 1623, 1478, 1707, 1364, 1676, 1696, 1963, 1195, 1814, 1005, 1286, 1135, 1493, 1221, 1122, 1863, 1855, 1735, 1029, 1043, 1700, 1876, 1161, 1476, 1595, 1674, 1865, 1297, 1486, 1542, 1273, 1502, 1111, 1763, 1828, 1528, 1270, 1859, 1580, 1070, 1402, 1327, 1878, 1242, 1068, 1299, 1636, 1455, 1036, 1065, 1401, 1339, 1911, 1824, 1147, 1483, 1802, 1298, 1246, 1961, 1566, 1905, 1353, 1594, 1895, 1794, 1235, 1244, 1862, 1971, 1846, 1786, 1649, 1074, 1640, 1137, 1958, 1248, 1501, 1100, 1603, 1730, 1038, 1365, 1464, 1217, 1947, 1923, 1810, 1399, 1909], "recourse_recommended_ixs": [1011, 1408, 1496, 1630, 1278, 1776, 1287, 1555, 1209, 1623, 1478, 1707, 1364, 1676, 1696, 1963, 1195, 1814, 1005, 1286, 1135, 1493, 1221, 1122, 1863, 1855, 1735, 1029, 1043, 1700, 1876, 1161, 1476, 1595, 1674, 1865, 1297, 1486, 1542, 1273, 1502, 1111, 1763, 1828, 1528, 1270, 1859, 1580, 1070, 1402, 1327, 1878, 1242, 1068, 1299, 1636, 1455, 1036, 1065, 1401, 1339, 1911, 1824, 1147, 1483, 1802, 1298, 1246, 1961, 1566, 1905, 1353, 1594, 1895, 1794, 1235, 1244, 1862, 1971, 1846, 1786, 1649, 1074, 1640, 1137, 1958, 1248, 1501, 1100, 1603, 1730, 1038, 1365, 1464, 1217, 1947, 1923, 1810, 1399, 1909], "perc_recomm_found": 1.0, "gamma": 0.95, "eta": 0.95, "gamma_obs": 1.0, "gamma_obs_pre": 1.0, "eta_obs": 0.92, "costs": [1.0, 1.0], "lbd": 150.0, "thresh": 0.5, "r_type": "individualized", "t_type": "improvement", "eta_obs_individualized": 0.92, "eta_obs_refits_batch0_mean": 0.4440000057220459, "model_score": 0.22, "model_f1": 1.0, "model_refits_batch0_scores": [0.998, 0.998, 0.998, 0.998, 0.998], "model_refits_batch0_f1s": [0.9979674796747968, 0.9979674796747968, 0.9979674796747968, 0.9979674796747968, 0.9979674796747968], "model_coef": [[-1.659163472684449, -2.073954509754808, 3.5461907791574467], [-1.8217384722569294]]}