{"accuracy_pre": 0.94, "accuracy_post": 0.36, "recourse_seeking_ixs": [257, 331, 293, 351, 362, 389, 252, 346, 218, 207, 255, 343, 219, 321, 220, 376, 221, 341, 229, 233, 385, 279, 296, 268, 280, 304, 228, 315, 303, 281, 318, 249, 272, 372, 286, 380, 338, 261, 278, 312, 208, 297, 215, 316, 256, 239, 290, 330, 364, 326], "recourse_recommended_ixs": [257, 331, 293, 351, 362, 389, 252, 346, 218, 207, 255, 343, 219, 321, 220, 376, 221, 341, 229, 233, 385, 279, 296, 268, 280, 304, 228, 315, 303, 281, 318, 249, 272, 372, 286, 380, 338, 261, 278, 312, 208, 297, 215, 316, 256, 239, 290, 330, 364, 326], "perc_recomm_found": 1.0, "gamma": 0.85, "eta": 0.85, "gamma_obs": 0.36000001430511475, "gamma_obs_pre": 0.05999999865889549, "eta_obs": 1.0, "costs": [1.0, 1.0, 1.0], "lbd": 300.0, "thresh": 0.5, "r_type": "individualized", "t_type": "acceptance", "eta_obs_individualized": NaN, "eta_obs_refits_batch0_mean": 0.41200000047683716, "model_score": 0.88, "model_f1": 0.8787878787878788, "model_refits_batch0_scores": [0.86, 0.89, 0.86, 0.87, 0.89], "model_refits_batch0_f1s": [0.8541666666666666, 0.8900000000000001, 0.8526315789473685, 0.865979381443299, 0.8910891089108911], "model_coef": [[0.48356916298123404, 0.673915414008556, 1.2418191204873157], [0.13055598237106933]]}