{"accuracy_pre": 1.0, "accuracy_post": 1.0, "recourse_seeking_ixs": [9277, 5131, 6560, 6437, 5730, 8930, 5566, 6256, 5297, 8943, 9862, 8828, 8029, 9472, 9696, 8771, 7022, 9418, 8098, 9085, 5605, 6858, 7263, 6766, 5405, 8886, 5312, 7261, 6910, 7177, 7435, 7371, 6052, 7290, 7176, 5346, 7507, 8385, 6309, 9074, 6517, 7488, 5936, 6508, 5205, 6209, 7247, 5380, 8959, 5317, 8143, 7208, 9362, 9940, 8087, 7309, 7824, 7458, 9874, 5976, 9042, 6718, 7283, 8391, 8217, 7498, 9352, 8196, 7000, 9687, 8224, 8574, 9218, 7213, 6810, 5170, 7929, 6406, 5184, 6503, 9590, 9166, 9663, 6341, 8377, 9068, 5970, 7864], "recourse_recommended_ixs": [9277, 5131, 6560, 6437, 5730, 8930, 5566, 6256, 5297, 8943, 9862, 8828, 8029, 9472, 9696, 8771, 7022, 9418, 8098, 9085, 5605, 6858, 7263, 6766, 5405, 8886, 5312, 7261, 6910, 7177, 7435, 7371, 6052, 7290, 7176, 5346, 7507, 8385, 6309, 9074, 6517, 7488, 5936, 6508, 5205, 6209, 7247, 5380, 8959, 5317, 8143, 7208, 9362, 9940, 8087, 7309, 7824, 7458, 9874, 5976, 9042, 6718, 7283, 8391, 8217, 7498, 9352, 8196, 7000, 9687, 8224, 8574, 9218, 7213, 6810, 5170, 7929, 6406, 5184, 6503, 9590, 9166, 9663, 6341, 8377, 9068, 5970, 7864], "perc_recomm_found": 1.0, "gamma": 0.75, "eta": 0.75, "gamma_obs": 0.9090909361839294, "gamma_obs_pre": 0.0, "eta_obs": 0.9090909090909091, "costs": [1.0, 1.0, 1.0, 1.0], "lbd": 2999.0, "thresh": 0.5, "r_type": "individualized", "t_type": "improvement", "eta_obs_individualized": 0.9090909090909091, "eta_obs_refits_batch0_mean": 0.9227272868156433, "model_score": 1.0, "model_f1": 1.0, "model_refits_batch0_scores": [1.0, 0.9994, 0.9992, 1.0, 0.999], "model_refits_batch0_f1s": [1.0, 0.9996947186323395, 0.9995929995929995, 1.0, 0.999491301251399], "model_coef": NaN}