r_type,t_type,pop_density_mean,flu_shot_mean,covid_shots_mean,bmi_diff_mean,appetite_loss_mean,fatigue_mean,fever_mean,causes_mean,non-causes_mean,pop_density_std,flu_shot_std,covid_shots_std,bmi_diff_std,appetite_loss_std,fatigue_std,fever_std,causes_std,non-causes_std
individualized,acceptance,0.0020075376884422114,0.0,0.0,-0.0005012562814070352,0.545571608040201,0.0,0.0,0.0015062814070351761,0.545571608040201,0.001424873463597013,0.0,0.0,1.776650203986329e-06,0.02394036149871541,0.0,0.0,0.001423096813393027,0.02394036149871541
individualized,counterfactual,-0.0007550505050505051,0.0,0.0,-0.00025,0.5473383838383838,0.0,0.0,-0.001005050505050505,0.5473383838383838,0.0003606958833325319,0.0,0.0,0.00035355339059327376,0.028762818260992248,0.0,0.0,7.142492739258041e-06,0.028762818260992248
individualized,improvement,-0.14916380468866658,0.03561296102732567,1.2544572196505896,-0.00027624309392265195,,,,1.140630132895326,0.0,0.037493447513714064,0.012142344308862617,0.046436548061198075,0.0003906667299373191,,,,0.0956816731538375,0.0
subpopulation,acceptance,0.0017766497461928937,0.0,0.0025380710659898475,0.001023037875829754,0.5356371209163088,0.0,0.0,0.005337758688012496,0.5356371209163088,0.002512562166652707,0.0,0.003589374523789581,0.0007289191340618844,0.021388990752017917,0.0,0.0,0.005373017556380404,0.021388990752017917
subpopulation,improvement,-0.10724014336917563,0.01948134092346616,1.243158338604259,-0.002899009065991988,,,,1.1525005270925575,0.0,0.021187859106521628,0.00017890114641025791,0.07582426922021472,0.005024140528354765,,,,0.09180908665197139,0.0
