{"accuracy_pre": 0.94, "accuracy_post": 0.12, "recourse_seeking_ixs": [210, 323, 315, 270, 362, 393, 387, 228, 266, 279, 211, 326, 320, 305, 335, 226, 257, 232, 287, 251, 357, 355, 359, 374, 328, 390, 271, 352, 208, 394, 227, 313, 347, 284, 209, 250, 314, 301, 293, 262, 317, 222, 336, 343, 214, 201, 385, 342, 340, 353], "recourse_recommended_ixs": [210, 323, 315, 270, 362, 393, 387, 228, 266, 279, 211, 326, 320, 305, 335, 226, 257, 232, 287, 251, 357, 355, 359, 374, 328, 390, 271, 352, 208, 394, 227, 313, 347, 284, 209, 250, 314, 301, 293, 262, 317, 222, 336, 343, 214, 201, 385, 342, 340, 353], "perc_recomm_found": 1.0, "gamma": 0.85, "eta": 0.85, "gamma_obs": 0.10000000149011612, "gamma_obs_pre": 0.05999999865889549, "eta_obs": 0.98, "costs": [1.0, 1.0, 1.0], "lbd": 300.0, "thresh": 0.5, "r_type": "individualized", "t_type": "counterfactual", "eta_obs_individualized": NaN, "eta_obs_refits_batch0_mean": 0.8999999761581421, "model_score": 0.93, "model_f1": 0.9326923076923077, "model_refits_batch0_scores": [1.0, 1.0, 1.0, 1.0, 1.0], "model_refits_batch0_f1s": [1.0, 1.0, 1.0, 1.0, 1.0], "model_coef": [[-4.110731539949552, -1.5826200881017367, 2.5844040797991985], [-0.7746261964485943]]}