{"accuracy_pre": 0.81, "accuracy_post": 0.79, "recourse_seeking_ixs": [587, 721, 515, 962, 846, 918, 609, 994, 778, 777, 727, 664, 563, 784, 812, 832, 634, 621, 605, 689, 737, 593, 506, 768, 574, 876, 532, 592, 704, 583, 901, 801, 752, 840, 705, 718, 516, 639, 892, 782, 771, 760, 757, 968, 850, 847, 874, 618, 654, 839, 571, 923, 870, 873, 758, 828, 783, 779, 766, 669, 946, 827, 910, 700, 534, 786, 887, 575, 656, 916, 756, 992, 614, 878, 553, 712, 904, 958, 772, 798, 713, 732, 554, 602, 601, 580, 668, 831, 879, 526, 596, 880, 899, 975, 649, 662, 930, 736, 838, 860], "recourse_recommended_ixs": [587, 721, 515, 962, 846, 918, 609, 994, 778, 777, 727, 664, 563, 784, 812, 832, 621, 605, 689, 737, 593, 506, 768, 574, 876, 592, 704, 583, 901, 801, 752, 840, 705, 718, 516, 639, 892, 782, 771, 760, 757, 968, 850, 847, 874, 618, 654, 839, 571, 923, 870, 873, 758, 828, 783, 779, 766, 669, 827, 910, 700, 534, 786, 887, 575, 656, 916, 756, 992, 614, 878, 553, 712, 904, 958, 798, 713, 732, 554, 602, 601, 580, 668, 831, 879, 526, 596, 880, 899, 975, 649, 662, 930, 736, 860], "perc_recomm_found": 0.95, "gamma": 0.75, "eta": 0.75, "gamma_obs": 0.7684210538864136, "gamma_obs_pre": 0.17894737422466278, "eta_obs": 0.8421052631578947, "costs": [1.0, 1.0], "lbd": 300.0, "thresh": 0.5, "r_type": "subpopulation", "t_type": "improvement", "eta_obs_individualized": NaN, "eta_obs_refits_batch0_mean": 0.827368438243866, "model_score": 0.81, "model_f1": 0.8333333333333334, "model_refits_batch0_scores": [0.814, 0.808, 0.822, 0.758, 0.796], "model_refits_batch0_f1s": [0.8074534161490684, 0.8064516129032259, 0.8126315789473685, 0.7575150300601203, 0.782051282051282], "model_coef": NaN}