{"accuracy_pre": 1.0, "accuracy_post": 0.43, "recourse_seeking_ixs": [1223, 1492, 1952, 1831, 1582, 1233, 1339, 1538, 1717, 1408, 1635, 1176, 1873, 1779, 1811, 1367, 1357, 1347, 1799, 1022, 1352, 1059, 1563, 1028, 1184, 1769, 1104, 1043, 1857, 1614, 1148, 1199, 1447, 1129, 1790, 1172, 1846, 1483, 1674, 1297, 1253, 1068, 1402, 1249, 1938, 1225, 1030, 1814, 1818, 1807, 1528, 1157, 1714, 1736, 1802, 1248, 1632, 1640, 1273, 1676, 1152, 1816, 1792, 1142, 1470, 1567, 1496, 1380, 1782, 1554, 1399, 1333, 1710, 1675, 1451, 1061, 1911, 1886, 1828, 1855, 1144, 1786, 1000, 1360, 1971, 1622, 1372, 1669, 1229, 1724, 1161, 1427, 1925, 1260, 1936, 1154, 1117, 1794, 1861, 1830], "recourse_recommended_ixs": [1223, 1492, 1952, 1831, 1582, 1233, 1339, 1538, 1717, 1408, 1635, 1176, 1873, 1779, 1811, 1367, 1357, 1347, 1799, 1022, 1352, 1059, 1563, 1028, 1184, 1769, 1104, 1043, 1857, 1614, 1148, 1199, 1447, 1129, 1790, 1172, 1846, 1483, 1674, 1297, 1253, 1068, 1402, 1249, 1938, 1225, 1030, 1814, 1818, 1807, 1528, 1157, 1714, 1736, 1802, 1248, 1632, 1640, 1273, 1676, 1152, 1816, 1792, 1142, 1470, 1567, 1496, 1380, 1782, 1554, 1399, 1333, 1710, 1675, 1451, 1061, 1911, 1886, 1828, 1855, 1144, 1786, 1000, 1360, 1971, 1622, 1372, 1669, 1229, 1724, 1161, 1427, 1925, 1260, 1936, 1154, 1117, 1794, 1861, 1830], "perc_recomm_found": 1.0, "gamma": 0.95, "eta": 0.95, "gamma_obs": 0.4300000071525574, "gamma_obs_pre": 0.0, "eta_obs": 1.0, "costs": [1.0, 1.0, 1.0], "lbd": 150.0, "thresh": 0.5, "r_type": "subpopulation", "t_type": "acceptance", "eta_obs_individualized": NaN, "eta_obs_refits_batch0_mean": 0.9739999771118164, "model_score": 0.996, "model_f1": 1.0, "model_refits_batch0_scores": [1.0, 1.0, 0.997, 0.997, 1.0], "model_refits_batch0_f1s": [1.0, 1.0, 0.9969356486210419, 0.9969356486210419, 1.0], "model_coef": NaN}