{"accuracy_pre": 0.94, "accuracy_post": 0.78, "recourse_seeking_ixs": [899, 867, 569, 627, 818, 987, 870, 596, 718, 830, 806, 731, 608, 877, 769, 662, 744, 783, 941, 746, 545, 633, 875, 883, 839, 556, 593, 829, 863, 913, 760, 842, 794, 617, 708, 522, 509, 679, 909, 511, 799, 612, 963, 690, 955, 765, 836, 977, 984, 570, 754, 688, 620, 700, 660, 642, 871, 816, 891, 736, 952, 933, 743, 734, 631, 945, 625, 776, 523, 611, 775, 514, 654, 752, 928, 822, 666, 628, 554, 542, 607, 910, 685, 758, 974, 725, 951, 980, 533, 661, 772, 756, 985, 914, 665, 647, 780, 844, 669, 750], "recourse_recommended_ixs": [899, 867, 569, 627, 818, 987, 870, 596, 718, 830, 806, 731, 608, 877, 769, 662, 744, 783, 941, 746, 545, 633, 875, 883, 839, 556, 593, 829, 863, 913, 760, 842, 794, 617, 708, 522, 509, 679, 909, 511, 799, 612, 963, 690, 955, 765, 836, 977, 984, 570, 754, 688, 620, 700, 660, 642, 871, 816, 891, 736, 952, 933, 743, 734, 631, 945, 625, 776, 523, 611, 775, 514, 654, 752, 928, 822, 666, 628, 554, 542, 607, 910, 685, 758, 974, 725, 951, 980, 533, 661, 772, 756, 985, 914, 665, 647, 780, 844, 669, 750], "perc_recomm_found": 1.0, "gamma": 0.75, "eta": 0.75, "gamma_obs": 0.7799999713897705, "gamma_obs_pre": 0.05999999865889549, "eta_obs": 0.88, "costs": [1.0, 1.0, 1.0], "lbd": 300.0, "thresh": 0.5, "r_type": "subpopulation", "t_type": "improvement", "eta_obs_individualized": NaN, "eta_obs_refits_batch0_mean": 0.8720000386238098, "model_score": 0.856, "model_f1": 0.8674698795180724, "model_refits_batch0_scores": [0.868, 0.852, 0.858, 0.858, 0.848], "model_refits_batch0_f1s": [0.858974358974359, 0.8412017167381973, 0.8459869848156182, 0.8432671081677705, 0.8325991189427313], "model_coef": NaN}