{"accuracy_pre": 1.0, "accuracy_post": 1.0, "recourse_seeking_ixs": [1087, 1658, 1708, 1840, 1071, 1034, 1627, 1681, 1991, 1452, 1940, 1364, 1457, 1206, 1563, 1150, 1568, 1219, 1645, 1320, 1362, 1103, 1886, 1435, 1100, 1438, 1575, 1871, 1985, 1214, 1529, 1594, 1668, 1388, 1503, 1859, 1955, 1988, 1274, 1166, 1254, 1953, 1639, 1370, 1281, 1642, 1858, 1539, 1427, 1223, 1938, 1761, 1179, 1629, 1267, 1836, 1400, 1040, 1655, 1687, 1077, 1611, 1329, 1709, 1067, 1587, 1081, 1741, 1076, 1667, 1312, 1145, 1971, 1778, 1210, 1197, 1344, 1740, 1146, 1420, 1258, 1769, 1492, 1349, 1055, 1236, 1168, 1816, 1028, 1306, 1288, 1484, 1369, 1651, 1044, 1470, 1680, 1070, 1105, 1245], "recourse_recommended_ixs": [1087, 1658, 1708, 1840, 1071, 1034, 1627, 1681, 1991, 1452, 1940, 1364, 1457, 1206, 1563, 1150, 1568, 1219, 1645, 1320, 1362, 1103, 1886, 1435, 1100, 1438, 1575, 1871, 1985, 1214, 1529, 1594, 1668, 1388, 1503, 1859, 1955, 1988, 1274, 1166, 1254, 1953, 1639, 1370, 1281, 1642, 1858, 1539, 1427, 1223, 1938, 1761, 1179, 1629, 1267, 1836, 1400, 1040, 1655, 1687, 1077, 1611, 1329, 1709, 1067, 1587, 1081, 1741, 1076, 1667, 1312, 1145, 1971, 1778, 1210, 1197, 1344, 1740, 1146, 1420, 1258, 1769, 1492, 1349, 1055, 1236, 1168, 1816, 1028, 1306, 1288, 1484, 1369, 1651, 1044, 1470, 1680, 1070, 1105, 1245], "perc_recomm_found": 1.0, "gamma": 0.75, "eta": 0.75, "gamma_obs": 1.0, "gamma_obs_pre": 0.0, "eta_obs": 1.0, "costs": [1.0, 1.0, 1.0], "lbd": 150.0, "thresh": 0.5, "r_type": "individualized", "t_type": "counterfactual", "eta_obs_individualized": NaN, "eta_obs_refits_batch0_mean": 0.7019999623298645, "model_score": 0.732, "model_f1": 0.9990069513406157, "model_refits_batch0_scores": [0.993, 0.998, 0.993, 0.993, 0.994], "model_refits_batch0_f1s": [0.992964824120603, 0.99800796812749, 0.992964824120603, 0.992964824120603, 0.9939759036144578], "model_coef": [[2.1377692770335646, 2.6722115933152057, 5.023757780492131], [-0.08763295293312978]]}