{"accuracy_pre": 0.74, "accuracy_post": 0.32, "recourse_seeking_ixs": [936, 758, 839, 823, 985, 548, 760, 888, 848, 638, 859, 778, 895, 601, 765, 580, 647, 770, 877, 636, 519, 571, 590, 529, 855, 666, 860, 634, 621, 969, 584, 503, 810, 868, 825, 885, 863, 779, 560, 726, 897, 943, 753, 672, 741, 872, 606, 961, 968, 547, 657, 700, 589, 924, 708, 732, 833, 752, 602, 556, 949, 720, 790, 572, 795, 656, 713, 880, 834, 623, 690, 956, 954, 826, 784, 749, 549, 988, 674, 913, 652, 893, 959, 761, 869, 767, 725, 923, 905, 735, 710, 844, 808, 874, 970, 673, 552, 617, 941, 856], "recourse_recommended_ixs": [936, 758, 839, 823, 985, 548, 760, 888, 848, 638, 859, 778, 895, 601, 765, 580, 647, 770, 877, 636, 519, 571, 590, 529, 855, 666, 860, 634, 621, 969, 584, 503, 810, 868, 825, 885, 863, 779, 560, 726, 897, 943, 753, 672, 741, 872, 606, 961, 968, 547, 657, 700, 589, 924, 708, 732, 833, 752, 602, 556, 949, 720, 790, 572, 795, 656, 713, 880, 834, 623, 690, 956, 954, 826, 784, 749, 549, 988, 674, 913, 652, 893, 959, 761, 869, 767, 725, 923, 905, 735, 710, 844, 808, 874, 970, 673, 552, 617, 941, 856], "perc_recomm_found": 1.0, "gamma": 0.95, "eta": 0.95, "gamma_obs": 0.3100000023841858, "gamma_obs_pre": 0.25999999046325684, "eta_obs": 0.97, "costs": [1.0, 1.0, 1.0], "lbd": 300.0, "thresh": 0.5, "r_type": "subpopulation", "t_type": "acceptance", "eta_obs_individualized": NaN, "eta_obs_refits_batch0_mean": 0.5059999823570251, "model_score": 0.764, "model_f1": 0.7659574468085107, "model_refits_batch0_scores": [0.824, 0.822, 0.818, 0.804, 0.816], "model_refits_batch0_f1s": [0.8189300411522634, 0.8179959100204499, 0.8115942028985509, 0.7983539094650206, 0.8], "model_coef": [[-0.15516047170550962, 0.3887020845851001, 0.7972309199062461], [-0.34300633791006724]]}