{"accuracy_pre": 0.92, "accuracy_post": 0.3, "recourse_seeking_ixs": [859, 957, 811, 522, 532, 913, 988, 560, 663, 567, 604, 939, 563, 717, 562, 934, 945, 756, 656, 607, 624, 833, 587, 832, 623, 509, 527, 568, 551, 770, 507, 820, 502, 953, 504, 982, 534, 778, 912, 937, 799, 964, 763, 797, 829, 948, 762, 978, 764, 521, 649, 700, 613, 654, 947, 822, 755, 732, 616, 605, 845, 882, 909, 635, 777, 871, 926, 858, 701, 921, 714, 715, 526, 515, 941, 808, 920, 795, 865, 809, 794, 838, 850, 684, 724, 761, 914, 737, 733, 688, 501, 697, 751, 981, 869, 999, 967, 864, 592, 720], "recourse_recommended_ixs": [859, 957, 811, 522, 532, 913, 988, 560, 663, 567, 604, 939, 563, 717, 562, 934, 945, 756, 656, 607, 624, 833, 587, 832, 623, 509, 527, 568, 551, 770, 507, 820, 502, 953, 504, 982, 534, 778, 912, 937, 799, 964, 763, 797, 829, 948, 762, 978, 764, 521, 649, 700, 613, 654, 947, 822, 755, 732, 616, 605, 845, 882, 909, 635, 777, 871, 926, 858, 701, 921, 714, 715, 526, 515, 941, 808, 920, 795, 865, 809, 794, 838, 850, 684, 724, 761, 914, 737, 733, 688, 501, 697, 751, 981, 869, 999, 967, 864, 592, 720], "perc_recomm_found": 1.0, "gamma": 0.95, "eta": 0.95, "gamma_obs": 0.30000001192092896, "gamma_obs_pre": 0.07999999821186066, "eta_obs": 1.0, "costs": [1.0, 1.0, 1.0], "lbd": 300.0, "thresh": 0.5, "r_type": "individualized", "t_type": "acceptance", "eta_obs_individualized": NaN, "eta_obs_refits_batch0_mean": 0.48000001907348633, "model_score": 0.848, "model_f1": 0.8566037735849057, "model_refits_batch0_scores": [0.848, 0.846, 0.848, 0.856, 0.854], "model_refits_batch0_f1s": [0.8597785977859778, 0.8522072936660269, 0.8560606060606061, 0.855421686746988, 0.8560157790927022], "model_coef": NaN}