{"accuracy_pre": 0.97, "accuracy_post": 0.46, "recourse_seeking_ixs": [1459, 1434, 1250, 1484, 1623, 1550, 1199, 1977, 1244, 1808, 1594, 1284, 1218, 1776, 1348, 1874, 1945, 1008, 1324, 1809, 1668, 1057, 1361, 1147, 1298, 1700, 1322, 1236, 1739, 1880, 1133, 1036, 1720, 1902, 1983, 1014, 1570, 1267, 1934, 1253, 1436, 1453, 1106, 1529, 1357, 1373, 1270, 1308, 1779, 1479, 1006, 1863, 1580, 1542, 1820, 1449, 1231, 1304, 1025, 1375, 1158, 1089, 1353, 1671, 1307, 1276, 1202, 1724, 1590, 1708, 1858, 1030, 1906, 1240, 1424, 1969, 1305, 1630, 1546, 1476, 1642, 1759, 1114, 1839, 1496, 1001, 1074, 1015, 1369, 1494, 1847, 1562, 1161, 1685, 1490, 1492, 1345, 1093, 1612, 1743], "recourse_recommended_ixs": [1459, 1434, 1250, 1484, 1623, 1550, 1199, 1977, 1244, 1808, 1594, 1284, 1218, 1776, 1348, 1874, 1945, 1008, 1324, 1809, 1668, 1057, 1361, 1147, 1298, 1700, 1322, 1236, 1739, 1880, 1133, 1036, 1720, 1902, 1983, 1014, 1570, 1267, 1934, 1253, 1436, 1453, 1106, 1529, 1357, 1373, 1270, 1308, 1779, 1479, 1006, 1863, 1580, 1542, 1820, 1449, 1231, 1304, 1025, 1375, 1158, 1089, 1353, 1671, 1307, 1276, 1202, 1724, 1590, 1708, 1858, 1030, 1906, 1240, 1424, 1969, 1305, 1630, 1546, 1476, 1642, 1759, 1114, 1839, 1496, 1001, 1074, 1015, 1369, 1494, 1847, 1562, 1161, 1685, 1490, 1492, 1345, 1093, 1612, 1743], "perc_recomm_found": 1.0, "gamma": 0.75, "eta": 0.75, "gamma_obs": 0.46000000834465027, "gamma_obs_pre": 0.0, "eta_obs": 0.99, "costs": [1.0, 1.0, 1.0], "lbd": 150.0, "thresh": 0.5, "r_type": "individualized", "t_type": "counterfactual", "eta_obs_individualized": NaN, "eta_obs_refits_batch0_mean": 1.0, "model_score": 0.833, "model_f1": 0.9989417989417989, "model_refits_batch0_scores": [0.998, 0.998, 0.998, 0.998, 0.998], "model_refits_batch0_f1s": [0.9979879275653923, 0.9979879275653923, 0.9979879275653923, 0.9979879275653923, 0.9979879275653923], "model_coef": NaN}