{"accuracy_pre": 0.82, "accuracy_post": 0.84, "recourse_seeking_ixs": [231, 388, 292, 365, 255, 374, 270, 351, 368, 366, 357, 361, 389, 284, 278, 202, 360, 314, 205, 307, 334, 296, 298, 211, 236, 217, 256, 326, 322, 229, 220, 356, 233, 232, 399, 219, 215, 240, 323, 226, 380, 344, 224, 212, 394, 393, 316, 241, 305, 208], "recourse_recommended_ixs": [231, 388, 292, 365, 255, 374, 270, 351, 368, 366, 357, 361, 389, 284, 278, 202, 360, 314, 205, 307, 334, 296, 298, 211, 236, 217, 256, 326, 322, 229, 220, 356, 233, 232, 399, 219, 215, 240, 323, 226, 380, 344, 224, 212, 394, 393, 316, 241, 305, 208], "perc_recomm_found": 1.0, "gamma": 0.85, "eta": 0.85, "gamma_obs": 0.8399999737739563, "gamma_obs_pre": 0.18000000715255737, "eta_obs": 1.0, "costs": [1.0, 1.0], "lbd": 300.0, "thresh": 0.5, "r_type": "individualized", "t_type": "improvement", "eta_obs_individualized": 0.92, "eta_obs_refits_batch0_mean": 0.9959999918937683, "model_score": 0.825, "model_f1": 0.8148148148148148, "model_refits_batch0_scores": [0.795, 0.815, 0.795, 0.8, 0.81], "model_refits_batch0_f1s": [0.783068783068783, 0.7999999999999999, 0.7759562841530055, 0.7894736842105263, 0.8020833333333333], "model_coef": [[0.10514188070268363, 0.3847880394311509, 0.9609003458222566], [-0.5412936835563932]]}