{"accuracy_pre": 0.78, "accuracy_post": 0.24, "recourse_seeking_ixs": [365, 285, 482, 326, 445, 462, 467, 377, 271, 295, 334, 388, 432, 407, 323, 381, 261, 441, 355, 348, 289, 279, 494, 307, 427, 447, 301, 311, 273, 411, 387, 428, 455, 384, 277, 394, 422, 352, 446, 278, 486, 346, 306, 468, 320, 357, 481, 316, 324, 383, 419, 288, 254, 497, 488, 496, 395, 263, 265, 393, 443, 375, 402, 398, 283, 296, 252, 498, 386, 460, 451, 499, 333, 353, 253, 251, 290, 302, 363, 317, 476, 332, 299, 350, 379, 491, 483, 424, 268, 313, 406, 425, 272, 404, 401, 300, 442, 293, 257, 349], "recourse_recommended_ixs": [365, 285, 482, 326, 445, 462, 467, 377, 271, 295, 334, 388, 432, 407, 323, 381, 261, 441, 355, 348, 289, 279, 494, 307, 427, 447, 301, 311, 273, 411, 387, 428, 455, 384, 277, 394, 422, 352, 446, 278, 486, 346, 306, 468, 320, 357, 481, 316, 324, 383, 419, 288, 254, 497, 488, 496, 395, 263, 265, 393, 443, 375, 402, 398, 283, 296, 252, 498, 386, 460, 451, 499, 333, 353, 253, 251, 290, 302, 363, 317, 476, 332, 299, 350, 379, 491, 483, 424, 268, 313, 406, 425, 272, 404, 401, 300, 442, 293, 257, 349], "perc_recomm_found": 1.0, "gamma": 0.75, "eta": 0.75, "gamma_obs": 0.23000000417232513, "gamma_obs_pre": 0.2199999988079071, "eta_obs": 0.99, "costs": [1.0, 1.0, 1.0], "lbd": 100.0, "thresh": 0.5, "r_type": "subpopulation", "t_type": "acceptance", "eta_obs_individualized": NaN, "eta_obs_refits_batch0_mean": 0.906000018119812, "model_score": 0.8, "model_f1": 0.7916666666666666, "model_refits_batch0_scores": [0.8, 0.796, 0.792, 0.8, 0.812], "model_refits_batch0_f1s": [0.7916666666666666, 0.7901234567901234, 0.7833333333333333, 0.7933884297520661, 0.8], "model_coef": [[-0.10360710355820973, -0.4840985551564463, 1.2888307442029043], [-0.6215992533679852]]}