{"accuracy_pre": 0.96, "accuracy_post": 0.94, "recourse_seeking_ixs": [328, 306, 323, 365, 382, 273, 259, 226, 260, 241, 245, 293, 217, 271, 321, 290, 305, 234, 380, 367, 230, 397, 229, 247, 381, 301, 394, 265, 393, 246, 231, 236, 208, 311, 272, 215, 362, 284, 395, 389, 249, 286, 383, 320, 345, 319, 224, 237, 227, 223], "recourse_recommended_ixs": [328, 306, 323, 365, 382, 273, 259, 226, 260, 241, 245, 293, 217, 271, 321, 290, 305, 234, 380, 367, 230, 397, 229, 247, 381, 301, 394, 265, 393, 246, 231, 236, 208, 311, 272, 215, 362, 284, 395, 389, 249, 286, 383, 320, 345, 319, 224, 237, 227, 223], "perc_recomm_found": 1.0, "gamma": 0.85, "eta": 0.85, "gamma_obs": 0.9399999976158142, "gamma_obs_pre": 0.03999999910593033, "eta_obs": 1.0, "costs": [1.0, 1.0, 1.0], "lbd": 300.0, "thresh": 0.5, "r_type": "subpopulation", "t_type": "improvement", "eta_obs_individualized": NaN, "eta_obs_refits_batch0_mean": 0.9039999842643738, "model_score": 0.905, "model_f1": 0.9082125603864734, "model_refits_batch0_scores": [0.89, 0.915, 0.915, 0.895, 0.895], "model_refits_batch0_f1s": [0.8932038834951457, 0.914572864321608, 0.9186602870813397, 0.8965517241379312, 0.8965517241379312], "model_coef": [[0.3535066930002383, 0.7070133860004766, 1.099513163201904], [0.008396747112791904]]}