{"accuracy_pre": 1.0, "accuracy_post": 0.92, "recourse_seeking_ixs": [1188, 1863, 1094, 1159, 1155, 1776, 1288, 1028, 1510, 1966, 1221, 1137, 1111, 1184, 1454, 1170, 1118, 1157, 1498, 1110, 1521, 1836, 1524, 1365, 1927, 1399, 1360, 1453, 1764, 1981, 1794, 1946, 1069, 1068, 1072, 1083, 1174, 1788, 1273, 1468, 1246, 1707, 1802, 1406, 1697, 1148, 1570, 1005, 1923, 1327, 1828, 1297, 1832, 1875, 1980, 1283, 1271, 1230, 1483, 1637, 1215, 1652, 1533, 1547, 1369, 1275, 1996, 1299, 1614, 1735, 1243, 1418, 1909, 1427, 1073, 1409, 1203, 1593, 1646, 1309, 1682, 1482, 1080, 1284, 1344, 1672, 1963, 1381, 1906, 1063, 1686, 1038, 1430, 1091, 1081, 1804, 1518, 1671, 1594, 1039], "recourse_recommended_ixs": [1188, 1863, 1094, 1159, 1155, 1776, 1288, 1028, 1510, 1966, 1221, 1137, 1111, 1184, 1454, 1170, 1118, 1157, 1498, 1110, 1521, 1836, 1524, 1365, 1927, 1399, 1360, 1453, 1764, 1981, 1794, 1946, 1069, 1068, 1072, 1083, 1174, 1788, 1273, 1468, 1246, 1707, 1802, 1406, 1697, 1148, 1570, 1005, 1923, 1327, 1828, 1297, 1832, 1875, 1980, 1283, 1271, 1230, 1483, 1637, 1215, 1652, 1533, 1547, 1369, 1275, 1996, 1299, 1614, 1735, 1243, 1418, 1909, 1427, 1073, 1409, 1203, 1593, 1646, 1309, 1682, 1482, 1080, 1284, 1344, 1672, 1963, 1381, 1906, 1063, 1686, 1038, 1430, 1091, 1081, 1804, 1518, 1671, 1594, 1039], "perc_recomm_found": 1.0, "gamma": 0.75, "eta": 0.75, "gamma_obs": 1.0, "gamma_obs_pre": 0.0, "eta_obs": 0.92, "costs": [1.0, 1.0, 1.0], "lbd": 150.0, "thresh": 0.5, "r_type": "subpopulation", "t_type": "acceptance", "eta_obs_individualized": NaN, "eta_obs_refits_batch0_mean": 0.7039999961853027, "model_score": 0.838, "model_f1": 1.0, "model_refits_batch0_scores": [0.998, 0.996, 0.996, 0.994, 0.998], "model_refits_batch0_f1s": [0.9979591836734694, 0.9959100204498978, 0.9959100204498978, 0.9938524590163934, 0.9979591836734694], "model_coef": NaN}