{"accuracy_pre": 1.0, "accuracy_post": 0.58, "recourse_seeking_ixs": [1981, 1803, 1652, 1385, 1145, 1928, 1615, 1008, 1158, 1742, 1945, 1820, 1206, 1622, 1954, 1863, 1042, 1916, 1759, 1467, 1683, 1859, 1326, 1014, 1952, 1546, 1502, 1353, 1030, 1537, 1960, 1556, 1025, 1309, 1516, 1685, 1808, 1368, 1983, 1405, 1708, 1006, 1128, 1842, 1443, 1001, 1089, 1015, 1894, 1557, 1519, 1276, 1531, 1171, 1371, 1978, 1256, 1072, 1874, 1731, 1848, 1578, 1453, 1626, 1391, 1828, 1746, 1161, 1880, 1582, 1170, 1482, 1483, 1286, 1346, 1322, 1375, 1700, 1319, 1434, 1259, 1459, 1992, 1415, 1289, 1211, 1903, 1439, 1272, 1528, 1717, 1969, 1479, 1306, 1488, 1558, 1428, 1858, 1190, 1074], "recourse_recommended_ixs": [1981, 1803, 1652, 1385, 1145, 1928, 1615, 1008, 1158, 1742, 1945, 1820, 1206, 1622, 1954, 1863, 1042, 1916, 1759, 1467, 1683, 1859, 1326, 1014, 1952, 1546, 1502, 1353, 1030, 1537, 1960, 1556, 1025, 1309, 1516, 1685, 1808, 1368, 1983, 1405, 1708, 1006, 1128, 1842, 1443, 1001, 1089, 1015, 1894, 1557, 1519, 1276, 1531, 1171, 1371, 1978, 1256, 1072, 1874, 1731, 1848, 1578, 1453, 1626, 1391, 1828, 1746, 1161, 1880, 1582, 1170, 1482, 1483, 1286, 1346, 1322, 1375, 1700, 1319, 1434, 1259, 1459, 1992, 1415, 1289, 1211, 1903, 1439, 1272, 1528, 1717, 1969, 1479, 1306, 1488, 1558, 1428, 1858, 1190, 1074], "perc_recomm_found": 1.0, "gamma": 0.75, "eta": 0.75, "gamma_obs": 0.5600000023841858, "gamma_obs_pre": 0.0, "eta_obs": 0.98, "costs": [1.0, 1.0, 1.0], "lbd": 150.0, "thresh": 0.5, "r_type": "individualized", "t_type": "counterfactual", "eta_obs_individualized": NaN, "eta_obs_refits_batch0_mean": 0.6260000467300415, "model_score": 0.808, "model_f1": 0.9978858350951374, "model_refits_batch0_scores": [0.998, 0.998, 0.998, 0.998, 0.998], "model_refits_batch0_f1s": [0.9979879275653923, 0.9979879275653923, 0.9979879275653923, 0.9979879275653923, 0.9979879275653923], "model_coef": NaN}