{"accuracy_pre": 0.99, "accuracy_post": 1.0, "recourse_seeking_ixs": [1976, 1817, 1740, 1611, 1953, 1891, 1536, 1541, 1659, 1679, 1658, 1189, 1434, 1360, 1435, 1977, 1077, 1012, 1161, 1899, 1454, 1223, 1315, 1585, 1811, 1831, 1769, 1560, 1773, 1385, 1842, 1786, 1696, 1306, 1576, 1835, 1770, 1928, 1060, 1523, 1201, 1348, 1103, 1178, 1029, 1752, 1805, 1631, 1657, 1097, 1900, 1517, 1214, 1010, 1209, 1119, 1798, 1973, 1652, 1607, 1665, 1617, 1568, 1751, 1308, 1238, 1913, 1467, 1971, 1462, 1202, 1045, 1364, 1347, 1996, 1588, 1836, 1076, 1186, 1459, 1532, 1118, 1398, 1735, 1978, 1694, 1179, 1616, 1708, 1726, 1940, 1414, 1143, 1314, 1295, 1464, 1329, 1685, 1270, 1147], "recourse_recommended_ixs": [1976, 1817, 1740, 1611, 1953, 1891, 1536, 1541, 1659, 1679, 1658, 1189, 1434, 1360, 1435, 1977, 1077, 1012, 1161, 1899, 1454, 1223, 1315, 1585, 1811, 1831, 1769, 1560, 1773, 1385, 1842, 1786, 1696, 1306, 1576, 1835, 1770, 1928, 1060, 1523, 1201, 1348, 1103, 1178, 1029, 1752, 1805, 1631, 1657, 1097, 1900, 1517, 1214, 1010, 1209, 1119, 1798, 1973, 1652, 1607, 1665, 1617, 1568, 1751, 1308, 1238, 1913, 1467, 1971, 1462, 1202, 1045, 1364, 1347, 1996, 1588, 1836, 1076, 1186, 1459, 1532, 1118, 1398, 1735, 1978, 1694, 1179, 1616, 1708, 1726, 1940, 1414, 1143, 1314, 1295, 1464, 1329, 1685, 1270, 1147], "perc_recomm_found": 1.0, "gamma": 0.95, "eta": 0.95, "gamma_obs": 1.0, "gamma_obs_pre": 0.009999999776482582, "eta_obs": 1.0, "costs": [1.0, 1.0], "lbd": 150.0, "thresh": 0.5, "r_type": "individualized", "t_type": "improvement", "eta_obs_individualized": 1.0, "eta_obs_refits_batch0_mean": 1.0, "model_score": 0.997, "model_f1": 0.9970149253731343, "model_refits_batch0_scores": [0.998, 0.998, 1.0, 0.998, 0.998], "model_refits_batch0_f1s": [0.99800796812749, 0.99800796812749, 1.0, 0.99800796812749, 0.99800796812749], "model_coef": NaN}