{"accuracy_pre": 1.0, "accuracy_post": 0.0, "recourse_seeking_ixs": [312, 374, 397, 309, 360, 272, 320, 373, 365, 239, 291, 363, 229, 210, 207, 281, 371, 230, 265, 353, 349, 246, 375, 372, 305, 395, 331, 251, 314, 223, 274, 248, 356, 381, 267, 304, 294, 236, 233, 280, 259, 384, 333, 321, 355, 361, 302, 257, 298, 220], "recourse_recommended_ixs": [312, 374, 397, 309, 360, 272, 320, 373, 365, 239, 291, 363, 229, 210, 207, 281, 371, 230, 265, 353, 349, 246, 375, 372, 305, 395, 331, 251, 314, 223, 274, 248, 356, 381, 267, 304, 294, 236, 233, 280, 259, 384, 333, 321, 355, 361, 302, 257, 298, 220], "perc_recomm_found": 1.0, "gamma": 0.75, "eta": 0.75, "gamma_obs": 0.0, "gamma_obs_pre": 0.0, "eta_obs": 1.0, "costs": [5.0, 5.0, 0.0001, 0.01, 0.1], "lbd": 300.0, "thresh": 0.5, "r_type": "individualized", "t_type": "acceptance", "eta_obs_individualized": NaN, "eta_obs_refits_batch0_mean": 1.0, "model_score": 0.995, "model_f1": 0.9959514170040485, "model_refits_batch0_scores": [0.995, 0.99, 0.995, 0.995, 0.995], "model_refits_batch0_f1s": [0.9959514170040485, 0.9919354838709677, 0.9959183673469388, 0.9959514170040485, 0.9959183673469388], "model_coef": [[-0.1823646610617549, 0.3170783049143476, 0.008584020201269948, 0.11466742343688358, 0.8282192833152329], [-12.101244662758136]]}