{"accuracy_pre": 0.91, "accuracy_post": 0.97, "recourse_seeking_ixs": [926, 660, 879, 776, 648, 924, 768, 567, 604, 546, 601, 696, 584, 996, 515, 671, 670, 873, 871, 993, 543, 955, 732, 854, 934, 891, 923, 537, 647, 905, 989, 745, 882, 658, 589, 752, 680, 635, 789, 809, 628, 971, 650, 847, 824, 676, 922, 940, 674, 970, 502, 999, 782, 837, 528, 561, 942, 562, 519, 694, 699, 509, 553, 573, 544, 892, 976, 947, 857, 849, 987, 675, 751, 617, 875, 846, 609, 659, 842, 840, 779, 921, 623, 743, 630, 571, 803, 716, 738, 590, 655, 917, 817, 599, 792, 969, 966, 682, 529, 853], "recourse_recommended_ixs": [926, 660, 879, 776, 648, 924, 768, 567, 604, 546, 601, 696, 584, 996, 515, 671, 670, 873, 871, 993, 543, 955, 732, 854, 934, 891, 923, 537, 647, 905, 989, 745, 882, 658, 589, 752, 680, 635, 789, 809, 628, 971, 650, 847, 824, 676, 922, 940, 674, 970, 502, 999, 782, 837, 528, 561, 942, 562, 519, 694, 699, 509, 553, 573, 544, 892, 976, 947, 857, 849, 987, 675, 751, 617, 875, 846, 609, 659, 842, 840, 779, 921, 623, 743, 630, 571, 803, 716, 738, 590, 655, 917, 817, 599, 792, 969, 966, 682, 529, 853], "perc_recomm_found": 1.0, "gamma": 0.95, "eta": 0.95, "gamma_obs": 0.9700000286102295, "gamma_obs_pre": 0.09000000357627869, "eta_obs": 1.0, "costs": [1.0, 1.0], "lbd": 300.0, "thresh": 0.5, "r_type": "individualized", "t_type": "improvement", "eta_obs_individualized": 1.0, "eta_obs_refits_batch0_mean": 1.0, "model_score": 0.792, "model_f1": 0.7589098532494759, "model_refits_batch0_scores": [0.824, 0.81, 0.816, 0.818, 0.816], "model_refits_batch0_f1s": [0.8181818181818183, 0.7921225382932165, 0.7991266375545851, 0.7982261640798226, 0.800865800865801], "model_coef": NaN}