{"accuracy_pre": 0.97, "accuracy_post": 0.98, "recourse_seeking_ixs": [1766, 1952, 1221, 1859, 1978, 1604, 1713, 1685, 1633, 1541, 1209, 1632, 1806, 1145, 1440, 1788, 1319, 1103, 1472, 1552, 1044, 1742, 1130, 1994, 1100, 1029, 1648, 1585, 1210, 1070, 1735, 1257, 1116, 1385, 1485, 1986, 1028, 1071, 1786, 1565, 1317, 1281, 1199, 1618, 1650, 1083, 1964, 1990, 1697, 1013, 1329, 1387, 1536, 1347, 1789, 1962, 1929, 1821, 1694, 1290, 1576, 1902, 1289, 1189, 1045, 1839, 1179, 1841, 1366, 1178, 1528, 1610, 1593, 1066, 1193, 1410, 1971, 1176, 1161, 1034, 1248, 1913, 1468, 1807, 1619, 1560, 1498, 1606, 1238, 1348, 1667, 1798, 1023, 1256, 1879, 1075, 1067, 1587, 1077, 1276], "recourse_recommended_ixs": [1766, 1952, 1221, 1859, 1978, 1604, 1713, 1685, 1633, 1541, 1209, 1632, 1806, 1145, 1440, 1788, 1319, 1103, 1472, 1552, 1044, 1742, 1130, 1994, 1100, 1029, 1648, 1585, 1210, 1070, 1735, 1257, 1116, 1385, 1485, 1986, 1028, 1071, 1786, 1565, 1317, 1281, 1199, 1618, 1650, 1083, 1964, 1990, 1697, 1013, 1329, 1387, 1536, 1347, 1789, 1962, 1929, 1821, 1694, 1290, 1576, 1902, 1289, 1189, 1045, 1839, 1179, 1841, 1366, 1178, 1528, 1610, 1593, 1066, 1193, 1410, 1971, 1176, 1161, 1034, 1248, 1913, 1468, 1807, 1619, 1560, 1498, 1606, 1238, 1348, 1667, 1798, 1023, 1256, 1879, 1075, 1067, 1587, 1077, 1276], "perc_recomm_found": 1.0, "gamma": 0.95, "eta": 0.95, "gamma_obs": 0.9800000190734863, "gamma_obs_pre": 0.029999999329447746, "eta_obs": 1.0, "costs": [1.0, 1.0, 1.0], "lbd": 150.0, "thresh": 0.5, "r_type": "individualized", "t_type": "counterfactual", "eta_obs_individualized": NaN, "eta_obs_refits_batch0_mean": 0.9239999651908875, "model_score": 0.991, "model_f1": 0.9990167158308751, "model_refits_batch0_scores": [0.997, 0.994, 0.996, 0.994, 0.996], "model_refits_batch0_f1s": [0.9970089730807578, 0.9939999999999999, 0.9960079840319361, 0.9939999999999999, 0.9960079840319361], "model_coef": NaN}