{"accuracy_pre": 0.8, "accuracy_post": 0.86, "recourse_seeking_ixs": [815, 726, 677, 571, 925, 503, 868, 803, 879, 508, 540, 676, 722, 510, 623, 501, 759, 966, 860, 821, 814, 845, 820, 664, 780, 761, 896, 809, 830, 741, 715, 734, 713, 711, 952, 618, 963, 553, 926, 606, 959, 907, 794, 750, 961, 944, 701, 771, 729, 629, 962, 544, 910, 891, 785, 996, 869, 652, 539, 640, 543, 768, 747, 946, 733, 512, 903, 923, 810, 706, 560, 600, 982, 743, 634, 939, 703, 941, 687, 998, 588, 992, 570, 994, 954, 749, 931, 968, 813, 688, 527, 942, 529, 862, 949, 930, 921, 847, 833, 863], "recourse_recommended_ixs": [925, 503, 803, 879, 508, 540, 759, 966, 860, 814, 845, 780, 761, 896, 809, 830, 741, 734, 952, 963, 553, 926, 606, 907, 794, 944, 701, 771, 729, 544, 891, 785, 996, 652, 640, 768, 733, 560, 600, 982, 743, 634, 939, 941, 588, 992, 570, 994, 749, 931, 968, 813, 688, 527, 942, 529, 930, 921, 847, 833, 863], "perc_recomm_found": 0.61, "gamma": 0.95, "eta": 0.95, "gamma_obs": 0.9344262480735779, "gamma_obs_pre": 0.19672131538391113, "eta_obs": 0.9344262295081968, "costs": [1.0, 1.0], "lbd": 300.0, "thresh": 0.5, "r_type": "individualized", "t_type": "improvement", "eta_obs_individualized": 0.9836065573770492, "eta_obs_refits_batch0_mean": 0.9442623257637024, "model_score": 0.764, "model_f1": 0.7741935483870969, "model_refits_batch0_scores": [0.778, 0.794, 0.784, 0.802, 0.806], "model_refits_batch0_f1s": [0.7412587412587412, 0.7736263736263737, 0.7440758293838863, 0.7724137931034482, 0.7868131868131869], "model_coef": NaN}