{"accuracy_pre": 0.79, "accuracy_post": 0.38, "recourse_seeking_ixs": [428, 380, 276, 478, 481, 257, 326, 349, 289, 325, 283, 250, 280, 329, 344, 335, 477, 302, 278, 288, 442, 416, 447, 377, 460, 348, 352, 445, 268, 443, 407, 359, 399, 385, 396, 403, 364, 304, 357, 419, 333, 314, 441, 298, 475, 358, 395, 450, 334, 330, 372, 389, 412, 466, 366, 315, 338, 479, 467, 369, 453, 299, 382, 343, 321, 394, 398, 307, 332, 317, 328, 464, 401, 429, 260, 390, 378, 476, 444, 487, 353, 375, 266, 303, 324, 414, 347, 427, 327, 285, 281, 305, 471, 300, 465, 483, 420, 381, 499, 267], "recourse_recommended_ixs": [428, 380, 276, 478, 481, 257, 326, 349, 289, 325, 283, 250, 280, 329, 344, 335, 477, 302, 278, 288, 442, 416, 447, 377, 460, 348, 352, 445, 268, 443, 407, 359, 399, 385, 396, 403, 364, 304, 357, 419, 333, 314, 441, 298, 475, 358, 395, 450, 334, 330, 372, 389, 412, 466, 366, 315, 338, 479, 467, 369, 453, 299, 382, 343, 321, 394, 398, 307, 332, 317, 328, 464, 401, 429, 260, 390, 378, 476, 444, 487, 353, 375, 266, 303, 324, 414, 347, 427, 327, 285, 281, 305, 471, 300, 465, 483, 420, 381, 499, 267], "perc_recomm_found": 1.0, "gamma": 0.75, "eta": 0.75, "gamma_obs": 0.3700000047683716, "gamma_obs_pre": 0.20999999344348907, "eta_obs": 0.99, "costs": [1.0, 1.0, 1.0], "lbd": 100.0, "thresh": 0.5, "r_type": "subpopulation", "t_type": "acceptance", "eta_obs_individualized": NaN, "eta_obs_refits_batch0_mean": 0.6200000047683716, "model_score": 0.78, "model_f1": 0.751131221719457, "model_refits_batch0_scores": [0.776, 0.788, 0.776, 0.78, 0.788], "model_refits_batch0_f1s": [0.7454545454545455, 0.7601809954751132, 0.743119266055046, 0.7393364928909952, 0.7579908675799087], "model_coef": NaN}