{"accuracy_pre": 0.79, "accuracy_post": 0.95, "recourse_seeking_ixs": [884, 982, 800, 717, 886, 971, 787, 868, 765, 546, 778, 723, 809, 808, 601, 975, 859, 720, 566, 725, 545, 931, 946, 559, 554, 746, 885, 718, 855, 954, 729, 576, 994, 705, 861, 627, 812, 523, 819, 943, 827, 838, 531, 869, 733, 527, 900, 712, 872, 937, 987, 951, 742, 839, 751, 860, 503, 817, 509, 541, 792, 823, 719, 582, 669, 862, 620, 540, 738, 641, 586, 866, 901, 926, 652, 615, 830, 807, 555, 621, 660, 569, 963, 700, 763, 903, 997, 757, 616, 715, 603, 761, 622, 748, 594, 637, 658, 988, 928, 521], "recourse_recommended_ixs": [884, 982, 800, 717, 886, 971, 787, 868, 765, 546, 778, 723, 809, 808, 601, 975, 859, 720, 566, 725, 545, 931, 946, 559, 554, 746, 885, 718, 855, 954, 729, 576, 994, 705, 861, 627, 812, 523, 819, 943, 827, 838, 531, 869, 733, 527, 900, 712, 872, 937, 987, 951, 742, 839, 751, 860, 503, 817, 509, 541, 792, 823, 719, 582, 669, 862, 620, 540, 738, 641, 586, 866, 901, 926, 652, 615, 830, 807, 555, 621, 660, 569, 963, 700, 763, 903, 997, 757, 616, 715, 603, 761, 622, 748, 594, 637, 658, 988, 928, 521], "perc_recomm_found": 1.0, "gamma": 0.95, "eta": 0.95, "gamma_obs": 0.949999988079071, "gamma_obs_pre": 0.20999999344348907, "eta_obs": 1.0, "costs": [1.0, 1.0], "lbd": 300.0, "thresh": 0.5, "r_type": "individualized", "t_type": "improvement", "eta_obs_individualized": 1.0, "eta_obs_refits_batch0_mean": 1.0, "model_score": 0.836, "model_f1": 0.8840864440078585, "model_refits_batch0_scores": [0.824, 0.81, 0.816, 0.818, 0.816], "model_refits_batch0_f1s": [0.8181818181818183, 0.7921225382932165, 0.7991266375545851, 0.7982261640798226, 0.800865800865801], "model_coef": NaN}