{"accuracy_pre": 0.94, "accuracy_post": 0.18, "recourse_seeking_ixs": [678, 519, 692, 655, 548, 524, 925, 956, 706, 616, 934, 605, 724, 694, 564, 845, 716, 552, 990, 626, 685, 999, 500, 788, 563, 913, 619, 832, 983, 575, 997, 607, 728, 546, 892, 640, 966, 521, 662, 739, 536, 725, 602, 865, 976, 961, 899, 712, 768, 959, 822, 827, 942, 513, 919, 994, 825, 608, 851, 889, 750, 673, 780, 752, 908, 887, 621, 679, 740, 846, 518, 623, 760, 586, 732, 884, 704, 807, 857, 592, 672, 727, 682, 502, 568, 522, 860, 508, 953, 598, 730, 902, 911, 808, 823, 565, 944, 970, 897, 758], "recourse_recommended_ixs": [678, 519, 692, 655, 548, 524, 925, 956, 706, 616, 934, 605, 724, 694, 564, 845, 716, 552, 990, 626, 685, 999, 500, 788, 563, 913, 619, 832, 983, 575, 997, 607, 728, 546, 892, 640, 966, 521, 662, 739, 536, 725, 602, 865, 976, 961, 899, 712, 768, 959, 822, 827, 942, 513, 919, 994, 825, 608, 851, 889, 750, 673, 780, 752, 908, 887, 621, 679, 740, 846, 518, 623, 760, 586, 732, 884, 704, 807, 857, 592, 672, 727, 682, 502, 568, 522, 860, 508, 953, 598, 730, 902, 911, 808, 823, 565, 944, 970, 897, 758], "perc_recomm_found": 1.0, "gamma": 0.95, "eta": 0.95, "gamma_obs": 0.18000000715255737, "gamma_obs_pre": 0.05999999865889549, "eta_obs": 0.96, "costs": [1.0, 1.0, 1.0], "lbd": 300.0, "thresh": 0.5, "r_type": "subpopulation", "t_type": "acceptance", "eta_obs_individualized": NaN, "eta_obs_refits_batch0_mean": 0.6399999856948853, "model_score": 0.792, "model_f1": 0.7983014861995753, "model_refits_batch0_scores": [0.828, 0.828, 0.794, 0.826, 0.834], "model_refits_batch0_f1s": [0.8027522935779817, 0.8063063063063063, 0.7518072289156627, 0.7962529274004684, 0.814317673378076], "model_coef": [[0.17212440209313498, 0.30563951578550236, 0.8015383947950182], [-0.48917069650178224]]}