{"accuracy_pre": 1.0, "accuracy_post": 0.87, "recourse_seeking_ixs": [1282, 1091, 1779, 1588, 1147, 1286, 1960, 1502, 1034, 1203, 1345, 1847, 1821, 1025, 1219, 1278, 1681, 1590, 1394, 1214, 1296, 1484, 1594, 1741, 1768, 1011, 1144, 1890, 1570, 1165, 1744, 1557, 1474, 1276, 1520, 1964, 1883, 1460, 1936, 1684, 1391, 1904, 1479, 1014, 1179, 1692, 1016, 1495, 1750, 1212, 1845, 1680, 1036, 1558, 1519, 1332, 1537, 1202, 1333, 1828, 1244, 1662, 1874, 1496, 1240, 1305, 1559, 1428, 1422, 1606, 1154, 1693, 1000, 1759, 1582, 1659, 1306, 1961, 1449, 1839, 1652, 1776, 1099, 1466, 1880, 1926, 1470, 1157, 1998, 1289, 1002, 1106, 1049, 1934, 1856, 1298, 1983, 1001, 1531, 1111], "recourse_recommended_ixs": [1282, 1091, 1779, 1588, 1147, 1286, 1960, 1502, 1034, 1203, 1345, 1847, 1821, 1025, 1219, 1278, 1681, 1590, 1394, 1214, 1296, 1484, 1594, 1741, 1768, 1011, 1144, 1890, 1570, 1165, 1744, 1557, 1474, 1276, 1520, 1964, 1883, 1460, 1936, 1684, 1391, 1904, 1479, 1014, 1179, 1692, 1016, 1495, 1750, 1212, 1845, 1680, 1036, 1558, 1519, 1332, 1537, 1202, 1333, 1828, 1244, 1662, 1874, 1496, 1240, 1305, 1559, 1428, 1422, 1606, 1154, 1693, 1000, 1759, 1582, 1659, 1306, 1961, 1449, 1839, 1652, 1776, 1099, 1466, 1880, 1926, 1470, 1157, 1998, 1289, 1002, 1106, 1049, 1934, 1856, 1298, 1983, 1001, 1531, 1111], "perc_recomm_found": 1.0, "gamma": 0.75, "eta": 0.75, "gamma_obs": 1.0, "gamma_obs_pre": 0.0, "eta_obs": 0.87, "costs": [1.0, 1.0], "lbd": 150.0, "thresh": 0.5, "r_type": "subpopulation", "t_type": "improvement", "eta_obs_individualized": NaN, "eta_obs_refits_batch0_mean": 0.875999927520752, "model_score": 0.833, "model_f1": 0.9989440337909187, "model_refits_batch0_scores": [0.998, 0.998, 0.998, 0.998, 0.998], "model_refits_batch0_f1s": [0.9979879275653923, 0.9979879275653923, 0.9979879275653923, 0.9979879275653923, 0.9979879275653923], "model_coef": NaN}