,h_post,h_post_individualized
199,0.5192824747805052,
172,0.5985051819173193,
189,0.6602820440779053,
135,0.5981558880284242,
105,0.6548812559625835,
115,0.5738562823462675,
146,0.6603950325074281,
148,0.6549600456194817,
