{"accuracy_pre": 1.0, "accuracy_post": 0.0, "recourse_seeking_ixs": [390, 335, 226, 236, 217, 361, 394, 344, 216, 338, 283, 224, 330, 292, 372, 346, 374, 320, 389, 358, 365, 277, 284, 306, 207, 347, 317, 305, 380, 294, 393, 388, 218, 206, 315, 243, 391, 263, 250, 213, 221, 398, 399, 367, 231, 232, 260, 278, 385, 369], "recourse_recommended_ixs": [390, 335, 226, 236, 217, 361, 394, 344, 216, 338, 283, 224, 330, 292, 372, 346, 374, 320, 389, 358, 365, 277, 284, 306, 207, 347, 317, 305, 380, 294, 393, 388, 218, 206, 315, 243, 391, 263, 250, 213, 221, 398, 399, 367, 231, 232, 260, 278, 385, 369], "perc_recomm_found": 1.0, "gamma": 0.75, "eta": 0.75, "gamma_obs": 0.0, "gamma_obs_pre": 0.0, "eta_obs": 1.0, "costs": [5.0, 5.0, 0.0001, 0.01, 0.1], "lbd": 300.0, "thresh": 0.5, "r_type": "individualized", "t_type": "acceptance", "eta_obs_individualized": NaN, "eta_obs_refits_batch0_mean": 0.8800000000000001, "model_score": 1.0, "model_f1": 1.0, "model_refits_batch0_scores": [0.98, 0.99, 1.0, 0.995, 0.985], "model_refits_batch0_f1s": [0.9846153846153847, 0.9922480620155039, 1.0, 0.9961089494163424, 0.9884169884169884], "model_coef": [[-0.9769362105694728, 0.9030007247924138, 0.008160168779617226, 0.24785274035147487, 0.3816262853486857], [-7.9827245033472]]}