{"accuracy_pre": 0.89, "accuracy_post": 0.93, "recourse_seeking_ixs": [908, 934, 657, 976, 800, 716, 647, 710, 814, 527, 860, 989, 671, 507, 815, 869, 500, 604, 690, 638, 769, 695, 848, 904, 745, 812, 788, 565, 801, 514, 586, 862, 506, 687, 596, 537, 791, 866, 956, 603, 991, 643, 686, 824, 512, 582, 767, 696, 882, 680, 999, 875, 600, 768, 790, 968, 519, 623, 782, 627, 943, 650, 964, 840, 708, 662, 618, 792, 529, 831, 666, 928, 993, 963, 847, 738, 785, 883, 699, 945, 664, 930, 838, 517, 799, 856, 553, 575, 628, 545, 605, 648, 822, 903, 697, 965, 795, 609, 573, 668], "recourse_recommended_ixs": [908, 934, 657, 976, 800, 716, 647, 710, 814, 527, 860, 989, 671, 507, 815, 869, 500, 604, 690, 638, 769, 695, 848, 904, 745, 812, 788, 565, 801, 514, 586, 862, 506, 687, 596, 537, 791, 866, 956, 603, 991, 643, 686, 824, 512, 582, 767, 696, 882, 680, 999, 875, 600, 768, 790, 968, 519, 623, 782, 627, 943, 650, 964, 840, 708, 662, 618, 792, 529, 831, 666, 928, 993, 963, 847, 738, 785, 883, 699, 945, 664, 930, 838, 517, 799, 856, 553, 575, 628, 545, 605, 648, 822, 903, 697, 965, 795, 609, 573, 668], "perc_recomm_found": 1.0, "gamma": 0.95, "eta": 0.95, "gamma_obs": 0.9300000071525574, "gamma_obs_pre": 0.10999999940395355, "eta_obs": 1.0, "costs": [1.0, 1.0], "lbd": 300.0, "thresh": 0.5, "r_type": "subpopulation", "t_type": "improvement", "eta_obs_individualized": NaN, "eta_obs_refits_batch0_mean": 0.9860000610351562, "model_score": 0.69, "model_f1": 0.7719999999999998, "model_refits_batch0_scores": [0.814, 0.808, 0.822, 0.758, 0.796], "model_refits_batch0_f1s": [0.8074534161490684, 0.8064516129032259, 0.8126315789473685, 0.7575150300601203, 0.782051282051282], "model_coef": NaN}