{"accuracy_pre": 0.99, "accuracy_post": 0.09, "recourse_seeking_ixs": [1385, 1541, 1317, 1039, 1382, 1953, 1438, 1057, 1996, 1342, 1468, 1557, 1070, 1459, 1284, 1110, 1646, 1199, 1824, 1855, 1716, 1161, 1036, 1761, 1821, 1233, 1289, 1820, 1964, 1895, 1504, 1150, 1360, 1938, 1131, 1743, 1418, 1740, 1624, 1162, 1213, 1711, 1737, 1595, 1852, 1741, 1179, 1434, 1344, 1055, 1788, 1572, 1310, 1498, 1352, 1995, 1274, 1373, 1899, 1034, 1313, 1571, 1101, 1177, 1290, 1520, 1063, 1176, 1679, 1883, 1454, 1469, 1873, 1077, 1269, 1347, 1565, 1372, 1576, 1708, 1196, 1308, 1735, 1267, 1363, 1291, 1651, 1840, 1343, 1119, 1484, 1285, 1476, 1717, 1913, 1103, 1412, 1990, 1408, 1607], "recourse_recommended_ixs": [1385, 1541, 1317, 1039, 1382, 1953, 1438, 1057, 1996, 1342, 1468, 1557, 1070, 1459, 1284, 1110, 1646, 1199, 1824, 1855, 1716, 1161, 1036, 1761, 1821, 1233, 1289, 1820, 1964, 1895, 1504, 1150, 1360, 1938, 1131, 1743, 1418, 1740, 1624, 1162, 1213, 1711, 1737, 1595, 1852, 1741, 1179, 1434, 1344, 1055, 1788, 1572, 1310, 1498, 1352, 1995, 1274, 1373, 1899, 1034, 1313, 1571, 1101, 1177, 1290, 1520, 1063, 1176, 1679, 1883, 1454, 1469, 1873, 1077, 1269, 1347, 1565, 1372, 1576, 1708, 1196, 1308, 1735, 1267, 1363, 1291, 1651, 1840, 1343, 1119, 1484, 1285, 1476, 1717, 1913, 1103, 1412, 1990, 1408, 1607], "perc_recomm_found": 1.0, "gamma": 0.95, "eta": 0.95, "gamma_obs": 0.09000000357627869, "gamma_obs_pre": 0.009999999776482582, "eta_obs": 1.0, "costs": [1.0, 1.0, 1.0], "lbd": 150.0, "thresh": 0.5, "r_type": "individualized", "t_type": "counterfactual", "eta_obs_individualized": NaN, "eta_obs_refits_batch0_mean": 0.6359999775886536, "model_score": 0.997, "model_f1": 0.9970149253731343, "model_refits_batch0_scores": [0.998, 0.998, 1.0, 0.998, 0.998], "model_refits_batch0_f1s": [0.99800796812749, 0.99800796812749, 1.0, 0.99800796812749, 0.99800796812749], "model_coef": NaN}