{"accuracy_pre": 0.86, "accuracy_post": 0.22, "recourse_seeking_ixs": [221, 332, 357, 286, 369, 352, 331, 266, 355, 361, 288, 374, 257, 360, 378, 256, 362, 334, 314, 300, 336, 326, 278, 217, 380, 306, 339, 322, 284, 200, 260, 389, 298, 305, 230, 387, 381, 225, 376, 228, 385, 236, 324, 276, 309, 365, 359, 307, 245, 265], "recourse_recommended_ixs": [221, 332, 357, 286, 369, 352, 331, 266, 355, 361, 288, 374, 257, 360, 378, 256, 362, 334, 314, 300, 336, 326, 278, 217, 380, 306, 339, 322, 284, 200, 260, 389, 298, 305, 230, 387, 381, 225, 376, 228, 385, 236, 324, 276, 309, 365, 359, 307, 245, 265], "perc_recomm_found": 1.0, "gamma": 0.9, "eta": 0.9, "gamma_obs": 0.1599999964237213, "gamma_obs_pre": 0.14000000059604645, "eta_obs": 0.94, "costs": [1.0, 1.0, 1.0], "lbd": 300.0, "thresh": 0.5, "r_type": "individualized", "t_type": "counterfactual", "eta_obs_individualized": NaN, "eta_obs_refits_batch0_mean": 0.6320000290870667, "model_score": 0.845, "model_f1": 0.8426395939086295, "model_refits_batch0_scores": [0.835, 0.825, 0.825, 0.84, 0.835], "model_refits_batch0_f1s": [0.8341708542713568, 0.8167539267015707, 0.8205128205128205, 0.836734693877551, 0.8307692307692308], "model_coef": [[-0.6699833114956859, 0.22484049456811017, 1.0717938874424642], [-0.6204087413136883]]}