{"accuracy_pre": 0.94, "accuracy_post": 0.94, "recourse_seeking_ixs": [778, 791, 816, 973, 547, 667, 900, 733, 762, 749, 968, 940, 625, 640, 903, 529, 956, 617, 569, 885, 769, 680, 663, 836, 799, 966, 877, 859, 630, 688, 851, 649, 807, 761, 628, 644, 710, 780, 536, 506, 759, 857, 689, 552, 715, 991, 747, 863, 541, 567, 941, 772, 821, 721, 965, 530, 723, 847, 889, 924, 865, 544, 927, 995, 811, 858, 516, 500, 824, 588, 556, 930, 503, 590, 766, 988, 734, 560, 814, 947, 817, 690, 652, 820, 615, 704, 786, 763, 742, 696, 784, 729, 592, 713, 642, 993, 834, 753, 886, 992], "recourse_recommended_ixs": [778, 791, 816, 973, 547, 667, 900, 733, 762, 749, 968, 940, 625, 640, 903, 529, 956, 617, 569, 885, 769, 680, 663, 836, 799, 966, 877, 859, 630, 688, 851, 649, 807, 761, 628, 644, 710, 780, 536, 506, 759, 857, 689, 552, 715, 991, 747, 863, 541, 567, 941, 772, 821, 721, 965, 530, 723, 847, 889, 924, 865, 544, 927, 995, 811, 858, 516, 500, 824, 588, 556, 930, 503, 590, 766, 988, 734, 560, 814, 947, 817, 690, 652, 820, 615, 704, 786, 763, 742, 696, 784, 729, 592, 713, 642, 993, 834, 753, 886, 992], "perc_recomm_found": 1.0, "gamma": 0.95, "eta": 0.95, "gamma_obs": 0.9399999976158142, "gamma_obs_pre": 0.05999999865889549, "eta_obs": 1.0, "costs": [1.0, 1.0, 1.0], "lbd": 300.0, "thresh": 0.5, "r_type": "subpopulation", "t_type": "improvement", "eta_obs_individualized": NaN, "eta_obs_refits_batch0_mean": 1.0, "model_score": 0.744, "model_f1": 0.8363636363636364, "model_refits_batch0_scores": [0.866, 0.864, 0.86, 0.856, 0.852], "model_refits_batch0_f1s": [0.8552915766738661, 0.8547008547008548, 0.8430493273542601, 0.8378378378378378, 0.8348214285714286], "model_coef": [[0.687721670390012, 1.0293311246961712, 0.9718462232035527], [-0.013664388085315504]]}