{"accuracy_pre": 0.77, "accuracy_post": 0.32, "recourse_seeking_ixs": [643, 961, 579, 650, 651, 807, 657, 830, 865, 698, 887, 962, 739, 849, 838, 977, 971, 837, 769, 761, 858, 523, 881, 664, 626, 789, 779, 975, 970, 644, 619, 544, 996, 914, 797, 864, 716, 592, 984, 860, 989, 573, 802, 983, 627, 707, 788, 835, 985, 867, 908, 536, 620, 868, 898, 663, 665, 548, 792, 569, 675, 796, 862, 666, 684, 595, 527, 893, 925, 647, 942, 947, 534, 871, 535, 509, 656, 743, 555, 712, 874, 679, 531, 982, 885, 719, 897, 847, 525, 661, 577, 611, 740, 567, 794, 649, 964, 808, 882, 512], "recourse_recommended_ixs": [643, 961, 579, 650, 651, 807, 657, 830, 865, 698, 887, 962, 739, 849, 838, 977, 971, 837, 769, 761, 858, 523, 881, 664, 626, 789, 779, 975, 970, 644, 619, 544, 996, 914, 797, 864, 716, 592, 984, 860, 989, 573, 802, 983, 627, 707, 788, 835, 985, 867, 908, 536, 620, 868, 898, 663, 665, 548, 792, 569, 675, 796, 862, 666, 684, 595, 527, 893, 925, 647, 942, 947, 534, 871, 535, 509, 656, 743, 555, 712, 874, 679, 531, 982, 885, 719, 897, 847, 525, 661, 577, 611, 740, 567, 794, 649, 964, 808, 882, 512], "perc_recomm_found": 1.0, "gamma": 0.95, "eta": 0.95, "gamma_obs": 0.3199999928474426, "gamma_obs_pre": 0.23000000417232513, "eta_obs": 1.0, "costs": [1.0, 1.0, 1.0], "lbd": 300.0, "thresh": 0.5, "r_type": "individualized", "t_type": "acceptance", "eta_obs_individualized": NaN, "eta_obs_refits_batch0_mean": 0.6000000238418579, "model_score": 0.794, "model_f1": 0.782608695652174, "model_refits_batch0_scores": [0.778, 0.794, 0.784, 0.802, 0.806], "model_refits_batch0_f1s": [0.7412587412587412, 0.7736263736263737, 0.7440758293838863, 0.7724137931034482, 0.7868131868131869], "model_coef": NaN}