{"accuracy_pre": 0.85, "accuracy_post": 0.3, "recourse_seeking_ixs": [803, 965, 509, 588, 813, 968, 557, 891, 744, 662, 648, 902, 844, 798, 675, 749, 914, 623, 564, 517, 756, 925, 571, 820, 871, 671, 881, 822, 846, 843, 857, 637, 696, 676, 983, 677, 982, 561, 505, 945, 686, 981, 903, 861, 647, 554, 950, 563, 762, 897, 934, 878, 872, 669, 707, 935, 761, 526, 748, 523, 980, 728, 513, 853, 746, 955, 785, 791, 641, 581, 998, 828, 862, 951, 694, 966, 875, 585, 794, 940, 890, 506, 821, 712, 809, 591, 579, 986, 670, 819, 850, 947, 664, 584, 512, 614, 867, 615, 602, 817], "recourse_recommended_ixs": [803, 965, 509, 588, 813, 968, 557, 891, 744, 662, 648, 902, 844, 798, 675, 749, 914, 623, 564, 517, 756, 925, 571, 820, 871, 671, 881, 822, 846, 843, 857, 637, 696, 676, 983, 677, 982, 561, 505, 945, 686, 981, 903, 861, 647, 554, 950, 563, 762, 897, 934, 878, 872, 669, 707, 935, 761, 526, 748, 523, 980, 728, 513, 853, 746, 955, 785, 791, 641, 581, 998, 828, 862, 951, 694, 966, 875, 585, 794, 940, 890, 506, 821, 712, 809, 591, 579, 986, 670, 819, 850, 947, 664, 584, 512, 614, 867, 615, 602, 817], "perc_recomm_found": 1.0, "gamma": 0.95, "eta": 0.95, "gamma_obs": 0.30000001192092896, "gamma_obs_pre": 0.15000000596046448, "eta_obs": 1.0, "costs": [1.0, 1.0, 1.0], "lbd": 300.0, "thresh": 0.5, "r_type": "subpopulation", "t_type": "counterfactual", "eta_obs_individualized": NaN, "eta_obs_refits_batch0_mean": 0.39800000190734863, "model_score": 0.802, "model_f1": 0.8138195777351247, "model_refits_batch0_scores": [0.82, 0.828, 0.806, 0.818, 0.836], "model_refits_batch0_f1s": [0.7906976744186047, 0.8045454545454546, 0.7662650602409637, 0.7858823529411765, 0.8217391304347826], "model_coef": NaN}