{"accuracy_pre": 0.76, "accuracy_post": 0.44, "recourse_seeking_ixs": [235, 283, 295, 312, 253, 229, 284, 214, 329, 392, 231, 372, 352, 319, 331, 340, 240, 320, 342, 365, 201, 398, 248, 332, 236, 259, 290, 239, 330, 356, 381, 200, 277, 216, 232, 299, 333, 255, 251, 334, 382, 238, 230, 224, 289, 301, 368, 286, 269, 292], "recourse_recommended_ixs": [235, 283, 295, 312, 253, 229, 284, 214, 329, 392, 231, 372, 352, 319, 331, 340, 240, 320, 342, 365, 201, 398, 248, 332, 236, 259, 290, 239, 330, 356, 381, 200, 277, 216, 232, 299, 333, 255, 251, 334, 382, 238, 230, 224, 289, 301, 368, 286, 269, 292], "perc_recomm_found": 1.0, "gamma": 0.75, "eta": 0.75, "gamma_obs": 0.4399999976158142, "gamma_obs_pre": 0.23999999463558197, "eta_obs": 1.0, "costs": [1.0, 1.0, 1.0], "lbd": 300.0, "thresh": 0.5, "r_type": "individualized", "t_type": "acceptance", "eta_obs_individualized": NaN, "eta_obs_refits_batch0_mean": 0.671999990940094, "model_score": 0.78, "model_f1": 0.7634408602150536, "model_refits_batch0_scores": [0.78, 0.775, 0.775, 0.755, 0.76], "model_refits_batch0_f1s": [0.7731958762886598, 0.7567567567567567, 0.7540983606557377, 0.7562189054726368, 0.7333333333333334], "model_coef": [[0.46629446868718166, 0.22897983363025054, 0.960753952118381], [-0.26987378431839804]]}