{"accuracy_pre": 0.99, "accuracy_post": 1.0, "recourse_seeking_ixs": [1349, 1002, 1437, 1270, 1651, 1745, 1167, 1662, 1655, 1347, 1926, 1130, 1118, 1446, 1197, 1811, 1568, 1806, 1892, 1646, 1667, 1794, 1574, 1632, 1896, 1312, 1009, 1386, 1014, 1660, 1680, 1968, 1952, 1658, 1227, 1631, 1176, 1236, 1820, 1295, 1363, 1472, 1769, 1352, 1635, 1587, 1210, 1303, 1886, 1898, 1313, 1685, 1858, 1989, 1308, 1627, 1902, 1364, 1597, 1713, 1087, 1302, 1319, 1327, 1770, 1231, 1462, 1433, 1731, 1883, 1862, 1900, 1557, 1624, 1288, 1888, 1938, 1370, 1388, 1434, 1495, 1267, 1170, 1476, 1016, 1977, 1683, 1469, 1641, 1907, 1572, 1101, 1306, 1418, 1633, 1901, 1150, 1133, 1030, 1505], "recourse_recommended_ixs": [1349, 1002, 1437, 1270, 1651, 1745, 1167, 1662, 1655, 1347, 1926, 1130, 1118, 1446, 1197, 1811, 1568, 1806, 1892, 1646, 1667, 1794, 1574, 1632, 1896, 1312, 1009, 1386, 1014, 1660, 1680, 1968, 1952, 1658, 1227, 1631, 1176, 1236, 1820, 1295, 1363, 1472, 1769, 1352, 1635, 1587, 1210, 1303, 1886, 1898, 1313, 1685, 1858, 1989, 1308, 1627, 1902, 1364, 1597, 1713, 1087, 1302, 1319, 1327, 1770, 1231, 1462, 1433, 1731, 1883, 1862, 1900, 1557, 1624, 1288, 1888, 1938, 1370, 1388, 1434, 1495, 1267, 1170, 1476, 1016, 1977, 1683, 1469, 1641, 1907, 1572, 1101, 1306, 1418, 1633, 1901, 1150, 1133, 1030, 1505], "perc_recomm_found": 1.0, "gamma": 0.95, "eta": 0.95, "gamma_obs": 1.0, "gamma_obs_pre": 0.009999999776482582, "eta_obs": 0.99, "costs": [1.0, 1.0, 1.0], "lbd": 150.0, "thresh": 0.5, "r_type": "individualized", "t_type": "improvement", "eta_obs_individualized": 1.0, "eta_obs_refits_batch0_mean": 0.9959999918937683, "model_score": 0.933, "model_f1": 0.999004975124378, "model_refits_batch0_scores": [0.981, 0.998, 0.993, 0.989, 0.994], "model_refits_batch0_f1s": [0.9806714140386571, 0.99800796812749, 0.992964824120603, 0.9889001009081735, 0.9939759036144578], "model_coef": NaN}