{"accuracy_pre": 0.77, "accuracy_post": 0.29, "recourse_seeking_ixs": [483, 465, 354, 336, 414, 353, 469, 308, 281, 260, 427, 269, 297, 258, 282, 301, 445, 489, 273, 253, 388, 456, 447, 395, 279, 262, 443, 422, 340, 257, 276, 344, 488, 304, 357, 298, 442, 470, 327, 421, 412, 435, 318, 467, 347, 472, 417, 487, 374, 316, 499, 320, 361, 450, 287, 332, 403, 426, 425, 462, 428, 294, 307, 264, 397, 440, 271, 333, 407, 448, 406, 497, 454, 410, 303, 312, 330, 255, 479, 482, 367, 288, 366, 436, 278, 458, 393, 408, 385, 270, 375, 356, 433, 386, 277, 274, 379, 380, 268, 430], "recourse_recommended_ixs": [483, 465, 354, 336, 414, 353, 469, 308, 281, 260, 427, 269, 297, 258, 282, 301, 445, 489, 273, 253, 388, 456, 447, 395, 279, 262, 443, 422, 340, 257, 276, 344, 488, 304, 357, 298, 442, 470, 327, 421, 412, 435, 318, 467, 347, 472, 417, 487, 374, 316, 499, 320, 361, 450, 287, 332, 403, 426, 425, 462, 428, 294, 307, 264, 397, 440, 271, 333, 407, 448, 406, 497, 454, 410, 303, 312, 330, 255, 479, 482, 367, 288, 366, 436, 278, 458, 393, 408, 385, 270, 375, 356, 433, 386, 277, 274, 379, 380, 268, 430], "perc_recomm_found": 1.0, "gamma": 0.75, "eta": 0.75, "gamma_obs": 0.28999999165534973, "gamma_obs_pre": 0.23000000417232513, "eta_obs": 1.0, "costs": [1.0, 1.0, 1.0], "lbd": 100.0, "thresh": 0.5, "r_type": "individualized", "t_type": "acceptance", "eta_obs_individualized": NaN, "eta_obs_refits_batch0_mean": 0.7440000176429749, "model_score": 0.792, "model_f1": 0.8045112781954887, "model_refits_batch0_scores": [0.792, 0.784, 0.788, 0.792, 0.792], "model_refits_batch0_f1s": [0.7999999999999999, 0.7857142857142857, 0.8029739776951673, 0.8115942028985507, 0.8015267175572519], "model_coef": NaN}