r_type,t_type,eta_mean,gamma_mean,perc_recomm_found_mean,eta_obs_mean,eta_obs_individualized_mean,eta_obs_refits_batch0_mean_mean,gamma_obs_mean,intv-cost_mean,eta_std,gamma_std,perc_recomm_found_std,eta_obs_std,eta_obs_individualized_std,eta_obs_refits_batch0_mean_std,gamma_obs_std,intv-cost_std
individualized,acceptance,0.85,0.85,1.0,1.0,,0.6874999940395355,0.44499999582767485,2.2506999999999997,0.0,0.0,0.0,0.0,,0.07776496981087415,0.08959786567065417,0.29008573445333935
individualized,counterfactual,0.85,0.85,1.0,0.998,,0.491300006210804,0.3860000014305115,2.97795,0.0,0.0,0.0,0.004830458915396484,,0.13234136149106268,0.10556198659360104,0.5610401277983599
individualized,improvement,0.85,0.85,1.0,0.9949999999999999,1.0,0.9913999855518341,0.8559999942779541,3.84495,0.0,0.0,0.0,0.014142135623730963,0.0,0.017315385848373353,0.029888682441717555,0.2554553070282332
subpopulation,acceptance,0.85,0.85,1.0,0.9225,,0.5936000138521195,0.44099999964237213,2.5585999999999998,0.0,0.0,0.0,0.033019354593598234,,0.07628777373761611,0.09717681170311974,0.3872207093864916
subpopulation,counterfactual,0.85,0.85,1.0,0.999,,0.406400004029274,0.3939999997615814,3.0046,0.0,0.0,0.0,0.0022360679774997916,,0.13398247014445172,0.11137773566734184,0.5618413254647614
subpopulation,improvement,0.85,0.85,1.0,0.9795,,0.9763000071048736,0.8399999976158142,3.9608000000000003,0.0,0.0,0.0,0.018476712069220767,,0.018885925535568907,0.024832778363356157,0.31862327110380523
