{"accuracy_pre": 1.0, "accuracy_post": 1.0, "recourse_seeking_ixs": [1097, 1510, 1643, 1531, 1480, 1453, 1824, 1171, 1547, 1110, 1691, 1575, 1981, 1554, 1814, 1620, 1321, 1888, 1730, 1977, 1788, 1577, 1570, 1498, 1184, 1813, 1406, 1287, 1476, 1938, 1292, 1937, 1958, 1602, 1975, 1491, 1733, 1512, 1344, 1785, 1963, 1014, 1810, 1353, 1799, 1594, 1807, 1247, 1273, 1468, 1103, 1881, 1396, 1155, 1227, 1831, 1652, 1588, 1846, 1369, 1219, 1942, 1288, 1243, 1685, 1081, 1757, 1915, 1732, 1861, 1020, 1724, 1484, 1592, 1882, 1006, 1195, 1955, 1446, 1490, 1952, 1170, 1674, 1009, 1008, 1918, 1188, 1072, 1657, 1244, 1502, 1909, 1298, 1923, 1175, 1853, 1390, 1202, 1421, 1897], "recourse_recommended_ixs": [1097, 1510, 1643, 1531, 1480, 1453, 1824, 1171, 1547, 1110, 1691, 1575, 1981, 1554, 1814, 1620, 1321, 1888, 1730, 1977, 1788, 1577, 1570, 1498, 1184, 1813, 1406, 1287, 1476, 1938, 1292, 1937, 1958, 1602, 1975, 1491, 1733, 1512, 1344, 1785, 1963, 1014, 1810, 1353, 1799, 1594, 1807, 1247, 1273, 1468, 1103, 1881, 1396, 1155, 1227, 1831, 1652, 1588, 1846, 1369, 1219, 1942, 1288, 1243, 1685, 1081, 1757, 1915, 1732, 1861, 1020, 1724, 1484, 1592, 1882, 1006, 1195, 1955, 1446, 1490, 1952, 1170, 1674, 1009, 1008, 1918, 1188, 1072, 1657, 1244, 1502, 1909, 1298, 1923, 1175, 1853, 1390, 1202, 1421, 1897], "perc_recomm_found": 1.0, "gamma": 0.75, "eta": 0.75, "gamma_obs": 1.0, "gamma_obs_pre": 0.0, "eta_obs": 1.0, "costs": [1.0, 1.0, 1.0], "lbd": 150.0, "thresh": 0.5, "r_type": "individualized", "t_type": "acceptance", "eta_obs_individualized": NaN, "eta_obs_refits_batch0_mean": 0.7419999837875366, "model_score": 0.92, "model_f1": 0.998972250770812, "model_refits_batch0_scores": [0.998, 0.996, 0.996, 0.994, 0.998], "model_refits_batch0_f1s": [0.9979591836734694, 0.9959100204498978, 0.9959100204498978, 0.9938524590163934, 0.9979591836734694], "model_coef": NaN}