{"accuracy_pre": 0.69, "accuracy_post": 0.47, "recourse_seeking_ixs": [305, 412, 261, 276, 499, 494, 352, 431, 267, 328, 471, 316, 287, 493, 461, 465, 468, 429, 363, 284, 340, 257, 428, 308, 326, 290, 389, 459, 432, 482, 330, 317, 474, 277, 281, 427, 318, 450, 313, 475, 298, 487, 479, 262, 263, 396, 387, 275, 497, 485, 467, 322, 448, 296, 271, 295, 338, 405, 489, 433, 356, 414, 462, 260, 406, 447, 280, 323, 392, 385, 282, 319, 402, 418, 370, 456, 327, 434, 453, 436, 365, 344, 332, 449, 472, 315, 341, 320, 490, 422, 301, 398, 347, 492, 348, 430, 425, 278, 309, 423], "recourse_recommended_ixs": [305, 412, 261, 276, 499, 494, 352, 431, 267, 328, 471, 316, 287, 493, 461, 465, 468, 429, 363, 284, 340, 257, 428, 308, 326, 290, 389, 459, 432, 482, 330, 317, 474, 277, 281, 427, 318, 450, 313, 475, 298, 487, 479, 262, 263, 396, 387, 275, 497, 485, 467, 322, 448, 296, 271, 295, 338, 405, 489, 433, 356, 414, 462, 260, 406, 447, 280, 323, 392, 385, 282, 319, 402, 418, 370, 456, 327, 434, 453, 436, 365, 344, 332, 449, 472, 315, 341, 320, 490, 422, 301, 398, 347, 492, 348, 430, 425, 278, 309, 423], "perc_recomm_found": 1.0, "gamma": 0.75, "eta": 0.75, "gamma_obs": 0.4099999964237213, "gamma_obs_pre": 0.3100000023841858, "eta_obs": 0.99, "costs": [1.0, 1.0, 1.0], "lbd": 100.0, "thresh": 0.5, "r_type": "subpopulation", "t_type": "acceptance", "eta_obs_individualized": NaN, "eta_obs_refits_batch0_mean": 0.36399999260902405, "model_score": 0.76, "model_f1": 0.7540983606557378, "model_refits_batch0_scores": [0.736, 0.732, 0.792, 0.748, 0.748], "model_refits_batch0_f1s": [0.7272727272727272, 0.7148936170212765, 0.7903225806451613, 0.7469879518072289, 0.7469879518072289], "model_coef": NaN}