{"accuracy_pre": 0.9574468085106383, "accuracy_post": 0.3404255319148936, "recourse_seeking_ixs": [857, 608, 984, 990, 583, 870, 580, 979, 722, 623, 766, 651, 998, 908, 648, 791, 605, 752, 713, 754, 620, 750, 506, 587, 926, 730, 995, 936, 559, 945, 662, 809, 847, 818, 691, 877, 811, 565, 839, 674, 603, 617, 856, 848, 645, 756, 614, 988, 776, 878, 671, 924, 929, 925, 543, 531, 885, 911, 547, 649, 749, 627, 739, 795, 683, 922, 769, 523, 679, 712, 717, 733, 716, 599, 741, 592, 815, 666, 718, 947, 975, 686, 954, 514, 551, 560, 844, 783, 670, 838, 510, 858, 549, 935], "recourse_recommended_ixs": [857, 608, 984, 990, 583, 870, 580, 979, 722, 623, 766, 651, 998, 908, 648, 791, 605, 752, 713, 754, 620, 750, 506, 587, 926, 730, 995, 936, 559, 945, 662, 809, 847, 818, 691, 877, 811, 565, 839, 674, 603, 617, 856, 848, 645, 756, 614, 988, 776, 878, 671, 924, 929, 925, 543, 531, 885, 911, 547, 649, 749, 627, 739, 795, 683, 922, 769, 523, 679, 712, 717, 733, 716, 599, 741, 592, 815, 666, 718, 947, 975, 686, 954, 514, 551, 560, 844, 783, 670, 838, 510, 858, 549, 935], "perc_recomm_found": 1.0, "gamma": 0.95, "eta": 0.95, "gamma_obs": 0.3510638177394867, "gamma_obs_pre": 0.03191489353775978, "eta_obs": 0.9893617021276596, "costs": [1.0, 1.0, 1.0], "lbd": 300.0, "thresh": 0.5, "r_type": "individualized", "t_type": "counterfactual", "eta_obs_individualized": NaN, "eta_obs_refits_batch0_mean": 0.4723404347896576, "model_score": 0.68, "model_f1": 0.8244897959183675, "model_refits_batch0_scores": [0.848, 0.846, 0.848, 0.856, 0.854], "model_refits_batch0_f1s": [0.8597785977859778, 0.8522072936660269, 0.8560606060606061, 0.855421686746988, 0.8560157790927022], "model_coef": NaN}