{"accuracy_pre": 0.99, "accuracy_post": 0.33, "recourse_seeking_ixs": [1110, 1961, 1196, 1629, 1746, 1806, 1648, 1935, 1953, 1469, 1454, 1039, 1989, 1293, 1131, 1070, 1836, 1233, 1865, 1036, 1057, 1176, 1576, 1284, 1744, 1533, 1996, 1540, 1346, 1921, 1421, 1408, 1363, 1741, 1162, 1610, 1199, 1446, 1179, 1757, 1458, 1842, 1438, 1523, 1055, 1274, 1498, 1150, 1343, 1991, 1269, 1895, 1213, 1034, 1606, 1161, 1101, 1605, 1342, 1913, 1701, 1063, 1303, 1788, 1310, 1562, 1476, 1267, 1313, 1077, 1861, 1770, 1565, 1574, 1385, 1317, 1372, 1397, 1735, 1820, 1737, 1285, 1964, 1988, 1119, 1414, 1420, 1382, 1717, 1291, 1103, 1459, 1990, 1467, 1708, 1067, 1723, 1771, 1824, 1840], "recourse_recommended_ixs": [1110, 1961, 1196, 1629, 1746, 1806, 1648, 1935, 1953, 1469, 1454, 1039, 1989, 1293, 1131, 1070, 1836, 1233, 1865, 1036, 1057, 1176, 1576, 1284, 1744, 1533, 1996, 1540, 1346, 1921, 1421, 1408, 1363, 1741, 1162, 1610, 1199, 1446, 1179, 1757, 1458, 1842, 1438, 1523, 1055, 1274, 1498, 1150, 1343, 1991, 1269, 1895, 1213, 1034, 1606, 1161, 1101, 1605, 1342, 1913, 1701, 1063, 1303, 1788, 1310, 1562, 1476, 1267, 1313, 1077, 1861, 1770, 1565, 1574, 1385, 1317, 1372, 1397, 1735, 1820, 1737, 1285, 1964, 1988, 1119, 1414, 1420, 1382, 1717, 1291, 1103, 1459, 1990, 1467, 1708, 1067, 1723, 1771, 1824, 1840], "perc_recomm_found": 1.0, "gamma": 0.75, "eta": 0.75, "gamma_obs": 0.28999999165534973, "gamma_obs_pre": 0.009999999776482582, "eta_obs": 0.93, "costs": [1.0, 1.0, 1.0], "lbd": 150.0, "thresh": 0.5, "r_type": "subpopulation", "t_type": "acceptance", "eta_obs_individualized": NaN, "eta_obs_refits_batch0_mean": 0.8420000076293945, "model_score": 0.997, "model_f1": 0.9970149253731343, "model_refits_batch0_scores": [0.998, 0.998, 0.999, 0.998, 0.998], "model_refits_batch0_f1s": [0.99800796812749, 0.99800796812749, 0.9990069513406157, 0.99800796812749, 0.99800796812749], "model_coef": NaN}