{"accuracy_pre": 1.0, "accuracy_post": 0.99, "recourse_seeking_ixs": [1595, 1674, 1409, 1211, 1444, 1804, 1180, 1794, 1673, 1155, 1576, 1736, 1354, 1681, 1853, 1509, 1963, 1103, 1732, 1263, 1906, 1886, 1969, 1305, 1227, 1915, 1003, 1235, 1352, 1063, 1580, 1107, 1483, 1720, 1238, 1218, 1510, 1524, 1680, 1429, 1117, 1260, 1531, 1748, 1335, 1829, 1776, 1327, 1919, 1757, 1129, 1069, 1981, 1961, 1390, 1402, 1526, 1496, 1865, 1219, 1275, 1523, 1880, 1917, 1087, 1717, 1875, 1744, 1237, 1472, 1450, 1782, 1742, 1730, 1278, 1467, 1171, 1810, 1100, 1552, 1378, 1340, 1147, 1691, 1740, 1925, 1833, 1662, 1905, 1306, 1974, 1059, 1027, 1246, 1203, 1122, 1511, 1299, 1465, 1000], "recourse_recommended_ixs": [1595, 1674, 1409, 1211, 1444, 1804, 1180, 1794, 1673, 1155, 1576, 1736, 1354, 1681, 1853, 1509, 1963, 1103, 1732, 1263, 1906, 1886, 1969, 1305, 1227, 1915, 1003, 1235, 1352, 1063, 1580, 1107, 1483, 1720, 1238, 1218, 1510, 1524, 1680, 1429, 1117, 1260, 1531, 1748, 1335, 1829, 1776, 1327, 1919, 1757, 1129, 1069, 1981, 1961, 1390, 1402, 1526, 1496, 1865, 1219, 1275, 1523, 1880, 1917, 1087, 1717, 1875, 1744, 1237, 1472, 1450, 1782, 1742, 1730, 1278, 1467, 1171, 1810, 1100, 1552, 1378, 1340, 1147, 1691, 1740, 1925, 1833, 1662, 1905, 1306, 1974, 1059, 1027, 1246, 1203, 1122, 1511, 1299, 1465, 1000], "perc_recomm_found": 1.0, "gamma": 0.75, "eta": 0.75, "gamma_obs": 1.0, "gamma_obs_pre": 0.0, "eta_obs": 0.99, "costs": [1.0, 1.0, 1.0], "lbd": 150.0, "thresh": 0.5, "r_type": "subpopulation", "t_type": "improvement", "eta_obs_individualized": NaN, "eta_obs_refits_batch0_mean": 0.9899999499320984, "model_score": 0.999, "model_f1": 0.9979423868312758, "model_refits_batch0_scores": [0.998, 0.996, 0.996, 0.994, 0.998], "model_refits_batch0_f1s": [0.9979591836734694, 0.9959100204498978, 0.9959100204498978, 0.9938524590163934, 0.9979591836734694], "model_coef": NaN}