{"accuracy_pre": 1.0, "accuracy_post": 1.0, "recourse_seeking_ixs": [1773, 1985, 1725, 1679, 1221, 1734, 1288, 1587, 1632, 1952, 1685, 1940, 1677, 1457, 1859, 1213, 1101, 1025, 1492, 1408, 1801, 1852, 1149, 1574, 1983, 1987, 1388, 1683, 1224, 1103, 1460, 1633, 1751, 1083, 1778, 1996, 1467, 1591, 1143, 1045, 1201, 1687, 1571, 1289, 1989, 1567, 1816, 1561, 1206, 1426, 1523, 1929, 1016, 1839, 1933, 1182, 1539, 1541, 1470, 1312, 1295, 1913, 1090, 1356, 1955, 1464, 1895, 1099, 1366, 1819, 1281, 1949, 1841, 1938, 1269, 1184, 1319, 1935, 1741, 1452, 1611, 1588, 1177, 1364, 1988, 1340, 1707, 1076, 1674, 1317, 1961, 1821, 1469, 1257, 1097, 1033, 1638, 1196, 1557, 1593], "recourse_recommended_ixs": [1773, 1985, 1725, 1679, 1221, 1734, 1288, 1587, 1632, 1952, 1685, 1940, 1677, 1457, 1859, 1213, 1101, 1025, 1492, 1408, 1801, 1852, 1149, 1574, 1983, 1987, 1388, 1683, 1224, 1103, 1460, 1633, 1751, 1083, 1778, 1996, 1467, 1591, 1143, 1045, 1201, 1687, 1571, 1289, 1989, 1567, 1816, 1561, 1206, 1426, 1523, 1929, 1016, 1839, 1933, 1182, 1539, 1541, 1470, 1312, 1295, 1913, 1090, 1356, 1955, 1464, 1895, 1099, 1366, 1819, 1281, 1949, 1841, 1938, 1269, 1184, 1319, 1935, 1741, 1452, 1611, 1588, 1177, 1364, 1988, 1340, 1707, 1076, 1674, 1317, 1961, 1821, 1469, 1257, 1097, 1033, 1638, 1196, 1557, 1593], "perc_recomm_found": 1.0, "gamma": 0.95, "eta": 0.95, "gamma_obs": 1.0, "gamma_obs_pre": 0.0, "eta_obs": 1.0, "costs": [1.0, 1.0, 1.0], "lbd": 150.0, "thresh": 0.5, "r_type": "subpopulation", "t_type": "improvement", "eta_obs_individualized": NaN, "eta_obs_refits_batch0_mean": 1.0, "model_score": 0.99, "model_f1": 0.9990069513406157, "model_refits_batch0_scores": [0.993, 1.0, 0.996, 0.996, 0.994], "model_refits_batch0_f1s": [0.992964824120603, 1.0, 0.9959919839679359, 0.9959919839679359, 0.9939759036144578], "model_coef": NaN}