{"accuracy_pre": 0.98, "accuracy_post": 0.78, "recourse_seeking_ixs": [369, 260, 294, 313, 337, 357, 262, 224, 377, 215, 256, 333, 252, 384, 336, 283, 305, 380, 221, 299, 388, 238, 245, 264, 306, 316, 207, 234, 251, 205, 329, 362, 253, 348, 202, 259, 330, 391, 375, 320, 280, 237, 321, 268, 308, 399, 301, 285, 269, 343], "recourse_recommended_ixs": [369, 260, 294, 313, 337, 357, 262, 224, 377, 215, 256, 333, 252, 384, 336, 283, 305, 380, 221, 299, 388, 238, 245, 264, 306, 316, 207, 234, 251, 205, 329, 362, 253, 348, 202, 259, 330, 391, 375, 320, 280, 237, 321, 268, 308, 399, 301, 285, 269, 343], "perc_recomm_found": 1.0, "gamma": 0.75, "eta": 0.75, "gamma_obs": 0.7599999904632568, "gamma_obs_pre": 0.019999999552965164, "eta_obs": 0.98, "costs": [1.0, 1.0, 1.0], "lbd": 300.0, "thresh": 0.5, "r_type": "individualized", "t_type": "improvement", "eta_obs_individualized": 1.0, "eta_obs_refits_batch0_mean": 0.972000002861023, "model_score": 0.87, "model_f1": 0.8869565217391305, "model_refits_batch0_scores": [0.855, 0.88, 0.865, 0.86, 0.875], "model_refits_batch0_f1s": [0.8786610878661087, 0.8938053097345133, 0.8851063829787235, 0.8813559322033899, 0.8888888888888888], "model_coef": [[0.6153571794458655, 0.7133814931806755, 1.1806959858552413], [0.2238839421595373]]}