{"accuracy_pre": 0.9, "accuracy_post": 0.22, "recourse_seeking_ixs": [870, 815, 725, 732, 756, 976, 749, 957, 590, 918, 744, 868, 961, 711, 862, 817, 874, 729, 886, 512, 610, 690, 687, 505, 538, 569, 821, 523, 730, 778, 964, 739, 936, 935, 586, 898, 855, 943, 655, 701, 643, 533, 801, 529, 627, 508, 924, 858, 784, 813, 946, 692, 677, 565, 656, 822, 837, 922, 628, 955, 962, 757, 928, 726, 530, 826, 699, 504, 722, 623, 830, 605, 633, 547, 659, 960, 948, 574, 526, 503, 783, 544, 555, 953, 621, 611, 763, 731, 534, 930, 752, 609, 905, 664, 604, 796, 894, 820, 681, 750], "recourse_recommended_ixs": [870, 815, 725, 732, 756, 976, 749, 957, 590, 918, 744, 868, 961, 711, 862, 817, 874, 729, 886, 512, 610, 690, 687, 505, 538, 569, 821, 523, 730, 778, 964, 739, 936, 935, 586, 898, 855, 943, 655, 701, 643, 533, 801, 529, 627, 508, 924, 858, 784, 813, 946, 692, 677, 565, 656, 822, 837, 922, 628, 955, 962, 757, 928, 726, 530, 826, 699, 504, 722, 623, 830, 605, 633, 547, 659, 960, 948, 574, 526, 503, 783, 544, 555, 953, 621, 611, 763, 731, 534, 930, 752, 609, 905, 664, 604, 796, 894, 820, 681, 750], "perc_recomm_found": 1.0, "gamma": 0.95, "eta": 0.95, "gamma_obs": 0.2199999988079071, "gamma_obs_pre": 0.10000000149011612, "eta_obs": 1.0, "costs": [1.0, 1.0, 1.0], "lbd": 300.0, "thresh": 0.5, "r_type": "individualized", "t_type": "acceptance", "eta_obs_individualized": NaN, "eta_obs_refits_batch0_mean": 0.4000000059604645, "model_score": 0.874, "model_f1": 0.8656716417910448, "model_refits_batch0_scores": [0.854, 0.858, 0.832, 0.844, 0.848], "model_refits_batch0_f1s": [0.8450106157112527, 0.8473118279569892, 0.8242677824267782, 0.8374999999999999, 0.8442622950819672], "model_coef": NaN}