{"accuracy_pre": 0.84, "accuracy_post": 0.97, "recourse_seeking_ixs": [592, 854, 615, 992, 652, 500, 504, 885, 744, 877, 762, 642, 619, 968, 662, 943, 552, 702, 869, 644, 692, 995, 588, 973, 706, 766, 547, 617, 947, 820, 542, 865, 772, 816, 778, 761, 733, 828, 704, 793, 925, 587, 966, 583, 603, 507, 626, 930, 691, 729, 567, 732, 792, 503, 685, 897, 886, 590, 506, 689, 753, 826, 847, 548, 850, 939, 770, 874, 844, 700, 646, 859, 902, 807, 993, 881, 734, 649, 698, 731, 601, 821, 776, 802, 741, 569, 784, 903, 817, 834, 667, 779, 791, 625, 630, 560, 690, 760, 749, 965], "recourse_recommended_ixs": [592, 854, 615, 992, 652, 500, 504, 885, 744, 877, 762, 642, 619, 968, 662, 943, 552, 702, 869, 644, 692, 995, 588, 973, 706, 766, 547, 617, 947, 820, 542, 865, 772, 816, 778, 761, 733, 828, 704, 793, 925, 587, 966, 583, 603, 507, 626, 930, 691, 729, 567, 732, 792, 503, 897, 886, 590, 506, 689, 753, 826, 847, 548, 850, 939, 770, 874, 844, 700, 646, 859, 902, 807, 993, 881, 734, 649, 698, 731, 601, 821, 776, 802, 741, 569, 784, 903, 817, 834, 667, 779, 791, 625, 630, 560, 690, 760, 749, 965], "perc_recomm_found": 0.99, "gamma": 0.95, "eta": 0.95, "gamma_obs": 0.9696969985961914, "gamma_obs_pre": 0.16161616146564484, "eta_obs": 1.0, "costs": [1.0, 1.0], "lbd": 300.0, "thresh": 0.5, "r_type": "individualized", "t_type": "improvement", "eta_obs_individualized": 0.9797979797979798, "eta_obs_refits_batch0_mean": 1.0, "model_score": 0.73, "model_f1": 0.7269230769230769, "model_refits_batch0_scores": [0.828, 0.828, 0.794, 0.826, 0.834], "model_refits_batch0_f1s": [0.8027522935779817, 0.8063063063063063, 0.7518072289156627, 0.7962529274004684, 0.814317673378076], "model_coef": [[0.17212440209313498, 0.30563951578550236, 0.8015383947950182], [-0.48917069650178224]]}