{"accuracy_pre": 0.76, "accuracy_post": 0.89, "recourse_seeking_ixs": [633, 924, 535, 875, 987, 735, 759, 903, 504, 891, 736, 565, 762, 793, 508, 828, 653, 700, 501, 817, 608, 510, 703, 803, 981, 879, 830, 604, 693, 715, 794, 978, 820, 907, 744, 600, 953, 724, 719, 533, 899, 553, 544, 680, 699, 621, 666, 802, 843, 691, 729, 808, 851, 739, 976, 716, 733, 996, 790, 540, 721, 763, 649, 959, 665, 864, 539, 516, 750, 713, 512, 836, 720, 865, 861, 979, 552, 589, 984, 810, 629, 954, 962, 941, 690, 998, 873, 580, 746, 749, 561, 921, 913, 823, 757, 811, 586, 816, 681, 518], "recourse_recommended_ixs": [924, 875, 987, 903, 504, 891, 736, 508, 828, 700, 501, 817, 608, 510, 703, 803, 879, 830, 693, 715, 794, 978, 953, 719, 553, 544, 699, 666, 802, 843, 691, 808, 851, 739, 716, 996, 790, 959, 512, 836, 865, 861, 552, 589, 629, 954, 962, 941, 998, 580, 746, 749, 921, 913, 811, 586, 518], "perc_recomm_found": 0.57, "gamma": 0.95, "eta": 0.95, "gamma_obs": 0.9122806787490845, "gamma_obs_pre": 0.31578946113586426, "eta_obs": 1.0, "costs": [1.0, 1.0], "lbd": 300.0, "thresh": 0.5, "r_type": "individualized", "t_type": "improvement", "eta_obs_individualized": 0.9649122807017544, "eta_obs_refits_batch0_mean": 1.0, "model_score": 0.802, "model_f1": 0.7946257197696738, "model_refits_batch0_scores": [0.818, 0.816, 0.806, 0.824, 0.83], "model_refits_batch0_f1s": [0.7838479809976248, 0.7819905213270142, 0.762836185819071, 0.7914691943127962, 0.8081264108352144], "model_coef": NaN}