{"accuracy_pre": 0.74, "accuracy_post": 0.34, "recourse_seeking_ixs": [242, 304, 229, 280, 316, 366, 399, 265, 391, 254, 356, 220, 231, 377, 379, 249, 206, 208, 329, 371, 260, 252, 353, 269, 224, 325, 296, 201, 290, 289, 283, 233, 321, 237, 315, 327, 286, 310, 288, 268, 383, 276, 273, 225, 205, 308, 232, 223, 253, 350], "recourse_recommended_ixs": [242, 304, 229, 280, 316, 366, 399, 265, 391, 254, 356, 220, 231, 377, 379, 249, 206, 208, 329, 371, 260, 252, 353, 269, 224, 325, 296, 201, 290, 289, 283, 233, 321, 237, 315, 327, 286, 310, 288, 268, 383, 276, 273, 225, 205, 308, 232, 223, 253, 350], "perc_recomm_found": 1.0, "gamma": 0.85, "eta": 0.85, "gamma_obs": 0.4000000059604645, "gamma_obs_pre": 0.25999999046325684, "eta_obs": 0.94, "costs": [1.0, 1.0, 1.0], "lbd": 300.0, "thresh": 0.5, "r_type": "individualized", "t_type": "counterfactual", "eta_obs_individualized": NaN, "eta_obs_refits_batch0_mean": 0.8440000414848328, "model_score": 0.79, "model_f1": 0.798076923076923, "model_refits_batch0_scores": [0.795, 0.79, 0.795, 0.8, 0.815], "model_refits_batch0_f1s": [0.7960199004975125, 0.796116504854369, 0.7960199004975125, 0.8130841121495328, 0.8262910798122066], "model_coef": [[0.6420304191205048, -0.6404150407882445, 1.18575602372667], [-0.6871603866622781]]}