{"accuracy_pre": 0.94, "accuracy_post": 0.14, "recourse_seeking_ixs": [250, 351, 365, 225, 266, 224, 343, 363, 359, 348, 275, 252, 377, 314, 276, 257, 383, 333, 324, 320, 215, 385, 321, 262, 346, 357, 237, 337, 247, 281, 303, 347, 329, 294, 304, 201, 395, 296, 246, 241, 350, 380, 299, 284, 384, 270, 353, 260, 279, 370], "recourse_recommended_ixs": [250, 351, 365, 225, 266, 224, 343, 363, 359, 348, 275, 252, 377, 314, 276, 257, 383, 333, 324, 320, 215, 385, 321, 262, 346, 357, 237, 337, 247, 281, 303, 347, 329, 294, 304, 201, 395, 296, 246, 241, 350, 380, 299, 284, 384, 270, 353, 260, 279, 370], "perc_recomm_found": 1.0, "gamma": 0.75, "eta": 0.75, "gamma_obs": 0.14000000059604645, "gamma_obs_pre": 0.05999999865889549, "eta_obs": 1.0, "costs": [1.0, 1.0, 1.0], "lbd": 300.0, "thresh": 0.5, "r_type": "individualized", "t_type": "acceptance", "eta_obs_individualized": NaN, "eta_obs_refits_batch0_mean": 0.800000011920929, "model_score": 0.895, "model_f1": 0.8934010152284263, "model_refits_batch0_scores": [0.975, 0.985, 0.97, 0.965, 0.985], "model_refits_batch0_f1s": [0.9753694581280787, 0.9850746268656716, 0.9705882352941176, 0.9655172413793104, 0.9850746268656716], "model_coef": [[1.7504952852098035, 1.3477663782633582, 0.17124832043789126], [0.24812960856078317]]}