{"accuracy_pre": 0.84, "accuracy_post": 0.72, "recourse_seeking_ixs": [947, 508, 783, 938, 985, 893, 584, 979, 784, 815, 927, 776, 657, 766, 888, 563, 663, 598, 760, 914, 770, 579, 810, 737, 518, 632, 622, 724, 827, 901, 661, 878, 616, 975, 746, 752, 969, 819, 791, 674, 795, 758, 568, 505, 957, 778, 955, 973, 735, 946, 954, 547, 685, 578, 846, 883, 911, 775, 851, 647, 779, 852, 670, 635, 944, 527, 524, 960, 744, 514, 840, 676, 654, 854, 673, 662, 743, 628, 592, 995, 874, 802, 714, 767, 904, 690, 595, 853, 916, 873, 506, 982, 732, 785, 602, 896, 589, 728, 656, 864], "recourse_recommended_ixs": [947, 508, 783, 938, 985, 893, 584, 979, 784, 815, 927, 776, 657, 766, 888, 563, 663, 598, 760, 914, 770, 579, 810, 737, 518, 632, 622, 724, 827, 901, 661, 878, 616, 975, 746, 752, 969, 819, 791, 674, 795, 758, 568, 505, 957, 778, 955, 973, 735, 946, 954, 547, 685, 578, 846, 883, 911, 775, 851, 647, 779, 852, 670, 635, 944, 527, 524, 960, 744, 514, 840, 676, 654, 854, 673, 662, 743, 628, 592, 995, 874, 802, 714, 767, 904, 690, 595, 853, 916, 873, 506, 982, 732, 785, 602, 896, 589, 728, 656, 864], "perc_recomm_found": 1.0, "gamma": 0.75, "eta": 0.75, "gamma_obs": 0.6600000262260437, "gamma_obs_pre": 0.1599999964237213, "eta_obs": 0.94, "costs": [1.0, 1.0], "lbd": 300.0, "thresh": 0.5, "r_type": "subpopulation", "t_type": "improvement", "eta_obs_individualized": NaN, "eta_obs_refits_batch0_mean": 0.9480000734329224, "model_score": 0.81, "model_f1": 0.888030888030888, "model_refits_batch0_scores": [0.828, 0.828, 0.794, 0.826, 0.834], "model_refits_batch0_f1s": [0.8027522935779817, 0.8063063063063063, 0.7518072289156627, 0.7962529274004684, 0.814317673378076], "model_coef": [[0.17212440209313498, 0.30563951578550236, 0.8015383947950182], [-0.48917069650178224]]}