{"accuracy_pre": 0.87, "accuracy_post": 0.54, "recourse_seeking_ixs": [803, 752, 548, 592, 652, 544, 857, 787, 601, 827, 664, 771, 821, 740, 794, 589, 943, 833, 732, 632, 994, 668, 948, 682, 704, 784, 509, 928, 727, 962, 703, 878, 937, 580, 705, 767, 892, 712, 637, 841, 542, 510, 917, 848, 503, 501, 757, 852, 743, 871, 853, 737, 974, 681, 885, 913, 692, 508, 846, 602, 535, 564, 748, 716, 733, 515, 790, 715, 694, 553, 639, 701, 611, 554, 625, 713, 804, 675, 957, 850, 695, 521, 657, 758, 828, 834, 866, 863, 798, 912, 854, 618, 744, 870, 873, 830, 869, 583, 721, 981], "recourse_recommended_ixs": [803, 752, 548, 592, 652, 544, 857, 787, 601, 827, 664, 771, 821, 740, 794, 589, 943, 833, 732, 632, 994, 668, 948, 682, 704, 784, 509, 928, 727, 962, 703, 878, 937, 580, 705, 767, 892, 712, 637, 841, 542, 510, 917, 848, 503, 501, 757, 852, 743, 871, 853, 737, 974, 681, 885, 913, 692, 508, 846, 602, 535, 564, 748, 716, 733, 515, 790, 715, 694, 553, 639, 701, 611, 554, 625, 713, 804, 675, 957, 850, 695, 521, 657, 758, 828, 834, 866, 863, 798, 912, 854, 618, 744, 870, 873, 830, 869, 583, 721, 981], "perc_recomm_found": 1.0, "gamma": 0.95, "eta": 0.95, "gamma_obs": 0.1899999976158142, "gamma_obs_pre": 0.12999999523162842, "eta_obs": 0.99, "costs": [1.0, 1.0, 1.0], "lbd": 300.0, "thresh": 0.5, "r_type": "subpopulation", "t_type": "acceptance", "eta_obs_individualized": NaN, "eta_obs_refits_batch0_mean": 0.25599998235702515, "model_score": 0.83, "model_f1": 0.8214285714285714, "model_refits_batch0_scores": [0.824, 0.834, 0.834, 0.808, 0.818], "model_refits_batch0_f1s": [0.817427385892116, 0.8245243128964059, 0.8230277185501067, 0.799163179916318, 0.7945823927765236], "model_coef": NaN}