{"accuracy_pre": 1.0, "accuracy_post": 0.99, "recourse_seeking_ixs": [1458, 1642, 1791, 1505, 1081, 1597, 1860, 1111, 1223, 1563, 1707, 1814, 1607, 1533, 1363, 1313, 1567, 1372, 1696, 1784, 1281, 1026, 1253, 1942, 1360, 1899, 1924, 1557, 1911, 1060, 1873, 1535, 1344, 1952, 1016, 1817, 1585, 1288, 1331, 1633, 1492, 1503, 1077, 1659, 1439, 1168, 1977, 1118, 1373, 1295, 1569, 1030, 1177, 1258, 1805, 1289, 1953, 1347, 1668, 1737, 1801, 1835, 1293, 1664, 1562, 1994, 1836, 1420, 1257, 1681, 1797, 1075, 1934, 1529, 1621, 1827, 1452, 1189, 1320, 1231, 1084, 1397, 1379, 1254, 1940, 1687, 1641, 1539, 1034, 1166, 1731, 1036, 1635, 1884, 1625, 1356, 1291, 1150, 1191, 1437], "recourse_recommended_ixs": [1458, 1642, 1791, 1505, 1081, 1597, 1860, 1111, 1223, 1563, 1707, 1814, 1607, 1533, 1363, 1313, 1567, 1372, 1696, 1784, 1281, 1026, 1253, 1942, 1360, 1899, 1924, 1557, 1911, 1060, 1873, 1535, 1344, 1952, 1016, 1817, 1585, 1288, 1331, 1633, 1492, 1503, 1077, 1659, 1439, 1168, 1977, 1118, 1373, 1295, 1569, 1030, 1177, 1258, 1805, 1289, 1953, 1347, 1668, 1737, 1801, 1835, 1293, 1664, 1562, 1994, 1836, 1420, 1257, 1681, 1797, 1075, 1934, 1529, 1621, 1827, 1452, 1189, 1320, 1231, 1084, 1397, 1379, 1254, 1940, 1687, 1641, 1539, 1034, 1166, 1731, 1036, 1635, 1884, 1625, 1356, 1291, 1150, 1191, 1437], "perc_recomm_found": 1.0, "gamma": 0.95, "eta": 0.95, "gamma_obs": 1.0, "gamma_obs_pre": 0.0, "eta_obs": 0.99, "costs": [1.0, 1.0], "lbd": 150.0, "thresh": 0.5, "r_type": "individualized", "t_type": "improvement", "eta_obs_individualized": 0.99, "eta_obs_refits_batch0_mean": 0.9819999933242798, "model_score": 0.871, "model_f1": 1.0, "model_refits_batch0_scores": [0.998, 0.998, 1.0, 0.998, 0.998], "model_refits_batch0_f1s": [0.99800796812749, 0.99800796812749, 1.0, 0.99800796812749, 0.99800796812749], "model_coef": NaN}