r_type,t_type,years_experience_mean,degree_mean,nr_commits_mean,nr_languages_mean,nr_stars_mean,causes_mean,non-causes_mean,years_experience_std,degree_std,nr_commits_std,nr_languages_std,nr_stars_std,causes_std,non-causes_std
individualized,acceptance,0.0,0.0,1077.1628434343434,0.00505050505050505,0.08157575757575757,0.0,1077.2494696969698,0.0,0.0,200.03746498234744,0.015971099293779694,0.1820235540448534,0.0,200.1109322513788
individualized,counterfactual,0.0,0.0,1080.4456499416274,0.0030505050505050505,0.08307070707070707,0.0,1080.5317711537487,0.0,0.0,206.80801322918967,0.01781916669670964,0.17262421167756356,0.0,206.89719435947833
individualized,improvement,0.662,1.482,,,,2.144,0.0,0.06733828364641058,0.07071853442423082,,,,0.054405882034941816,0.0
subpopulation,acceptance,0.0,0.0,1086.26,0.0024999999999999996,0.091,0.0,1086.3535,0.0,0.0,203.01980189407908,0.023003622903070436,0.17001307139289157,0.0,203.12304702719268
subpopulation,improvement,0.6719999999999999,1.4609999999999999,,,,2.133,0.0,0.06334210465576766,0.07187179944564877,,,,0.05573747990954261,0.0
