{"accuracy_pre": 0.85, "accuracy_post": 0.73, "recourse_seeking_ixs": [531, 529, 893, 616, 728, 839, 940, 895, 914, 714, 620, 997, 843, 704, 909, 796, 903, 563, 787, 619, 735, 907, 680, 700, 927, 915, 656, 840, 897, 500, 565, 825, 564, 929, 605, 926, 939, 639, 596, 988, 822, 683, 652, 695, 570, 659, 854, 767, 621, 771, 812, 916, 553, 718, 876, 673, 766, 705, 917, 779, 833, 693, 888, 885, 894, 577, 545, 650, 702, 687, 790, 983, 661, 610, 823, 514, 603, 653, 949, 755, 580, 979, 941, 742, 878, 913, 748, 593, 644, 519, 512, 646, 871, 649, 604, 896, 608, 770, 696, 883], "recourse_recommended_ixs": [531, 529, 893, 616, 728, 839, 940, 895, 914, 714, 620, 997, 843, 704, 909, 796, 903, 563, 787, 619, 735, 907, 680, 700, 927, 915, 656, 840, 897, 500, 565, 825, 564, 929, 605, 926, 939, 639, 596, 988, 822, 683, 652, 695, 570, 659, 854, 767, 621, 771, 812, 916, 553, 718, 876, 673, 766, 705, 917, 779, 833, 693, 888, 885, 894, 577, 545, 650, 702, 687, 790, 983, 661, 610, 823, 514, 603, 653, 949, 755, 580, 979, 941, 742, 878, 913, 748, 593, 644, 519, 512, 646, 871, 649, 604, 896, 608, 770, 696, 883], "perc_recomm_found": 1.0, "gamma": 0.75, "eta": 0.75, "gamma_obs": 0.6700000166893005, "gamma_obs_pre": 0.15000000596046448, "eta_obs": 0.86, "costs": [1.0, 1.0], "lbd": 300.0, "thresh": 0.5, "r_type": "subpopulation", "t_type": "improvement", "eta_obs_individualized": NaN, "eta_obs_refits_batch0_mean": 0.781999945640564, "model_score": 0.806, "model_f1": 0.8075313807531381, "model_refits_batch0_scores": [0.796, 0.788, 0.812, 0.74, 0.776], "model_refits_batch0_f1s": [0.7943548387096774, 0.7845528455284553, 0.8016877637130803, 0.75, 0.7575757575757576], "model_coef": NaN}