{"accuracy_pre": 0.97, "accuracy_post": 0.94, "recourse_seeking_ixs": [1098, 1688, 1219, 1717, 1933, 1179, 1053, 1580, 1239, 1434, 1528, 1655, 1594, 1005, 1091, 1488, 1002, 1570, 1203, 1073, 1094, 1947, 1369, 1537, 1954, 1744, 1615, 1560, 1626, 1443, 1000, 1829, 1308, 1896, 1405, 1283, 1659, 1299, 1190, 1762, 1606, 1020, 1733, 1222, 1692, 1333, 1423, 1245, 1539, 1873, 1694, 1731, 1424, 1579, 1201, 1049, 1491, 1746, 1966, 1293, 1250, 1238, 1820, 1326, 1313, 1666, 1403, 1776, 1255, 1704, 1211, 1821, 1284, 1546, 1030, 1928, 1109, 1296, 1981, 1305, 1278, 1474, 1376, 1479, 1851, 1357, 1945, 1582, 1332, 1495, 1126, 1720, 1301, 1959, 1272, 1724, 1838, 1212, 1298, 1520], "recourse_recommended_ixs": [1098, 1688, 1219, 1717, 1933, 1179, 1053, 1580, 1239, 1434, 1528, 1655, 1594, 1005, 1091, 1488, 1002, 1570, 1203, 1094, 1947, 1369, 1537, 1954, 1744, 1615, 1560, 1626, 1443, 1000, 1829, 1308, 1896, 1405, 1283, 1659, 1299, 1190, 1762, 1606, 1020, 1733, 1222, 1692, 1333, 1423, 1245, 1539, 1873, 1694, 1731, 1424, 1579, 1201, 1049, 1491, 1746, 1966, 1293, 1250, 1238, 1820, 1326, 1313, 1666, 1403, 1776, 1255, 1704, 1211, 1821, 1284, 1546, 1030, 1928, 1109, 1296, 1981, 1305, 1278, 1474, 1376, 1479, 1851, 1357, 1945, 1582, 1332, 1495, 1126, 1720, 1301, 1959, 1272, 1724, 1838, 1212, 1298, 1520], "perc_recomm_found": 0.99, "gamma": 0.95, "eta": 0.95, "gamma_obs": 1.0, "gamma_obs_pre": 0.020202020183205605, "eta_obs": 0.9595959595959596, "costs": [1.0, 1.0], "lbd": 150.0, "thresh": 0.5, "r_type": "subpopulation", "t_type": "improvement", "eta_obs_individualized": NaN, "eta_obs_refits_batch0_mean": 0.965656578540802, "model_score": 0.826, "model_f1": 0.9989417989417989, "model_refits_batch0_scores": [0.999, 0.999, 0.997, 0.998, 0.998], "model_refits_batch0_f1s": [0.9989929506545822, 0.9989929506545822, 0.9969727547931382, 0.9979879275653923, 0.9979838709677419], "model_coef": NaN}