{"accuracy_pre": 0.76, "accuracy_post": 0.79, "recourse_seeking_ixs": [696, 853, 767, 594, 675, 939, 512, 964, 931, 760, 611, 541, 997, 868, 734, 651, 831, 889, 848, 808, 660, 850, 876, 855, 846, 860, 507, 826, 991, 646, 872, 958, 549, 900, 746, 815, 543, 809, 995, 928, 801, 600, 946, 778, 836, 897, 617, 712, 825, 990, 596, 678, 960, 529, 689, 761, 636, 743, 647, 520, 957, 564, 703, 679, 865, 869, 715, 816, 933, 661, 690, 568, 627, 786, 666, 866, 794, 584, 727, 788, 702, 798, 845, 977, 896, 505, 874, 972, 548, 559, 768, 707, 807, 553, 971, 659, 613, 637, 524, 635], "recourse_recommended_ixs": [696, 853, 767, 594, 675, 939, 512, 964, 931, 760, 611, 541, 997, 868, 734, 651, 831, 889, 848, 808, 660, 850, 876, 855, 846, 860, 507, 826, 991, 646, 872, 958, 549, 900, 746, 815, 543, 809, 995, 928, 801, 600, 946, 778, 836, 897, 617, 712, 825, 990, 596, 678, 960, 529, 689, 761, 636, 743, 647, 520, 957, 564, 703, 679, 865, 869, 715, 816, 933, 661, 690, 568, 627, 786, 666, 866, 794, 584, 727, 788, 702, 798, 845, 977, 896, 505, 874, 972, 548, 559, 768, 707, 807, 553, 971, 659, 613, 637, 524, 635], "perc_recomm_found": 1.0, "gamma": 0.75, "eta": 0.75, "gamma_obs": 0.7799999713897705, "gamma_obs_pre": 0.23999999463558197, "eta_obs": 0.97, "costs": [1.0, 1.0], "lbd": 300.0, "thresh": 0.5, "r_type": "individualized", "t_type": "improvement", "eta_obs_individualized": 0.81, "eta_obs_refits_batch0_mean": 0.9600000381469727, "model_score": 0.808, "model_f1": 0.7922077922077922, "model_refits_batch0_scores": [0.818, 0.816, 0.806, 0.824, 0.83], "model_refits_batch0_f1s": [0.7838479809976248, 0.7819905213270142, 0.762836185819071, 0.7914691943127962, 0.8081264108352144], "model_coef": NaN}