{"accuracy_pre": 0.88, "accuracy_post": 0.37, "recourse_seeking_ixs": [893, 880, 923, 964, 883, 901, 555, 702, 641, 521, 692, 581, 953, 834, 966, 558, 832, 548, 713, 960, 755, 867, 775, 638, 977, 533, 668, 914, 728, 912, 598, 790, 556, 860, 762, 639, 773, 520, 510, 722, 957, 736, 626, 724, 511, 938, 623, 831, 660, 727, 944, 838, 690, 776, 967, 812, 746, 663, 820, 758, 676, 973, 576, 784, 887, 513, 735, 600, 573, 643, 766, 851, 613, 781, 763, 874, 625, 937, 679, 578, 616, 694, 509, 994, 701, 596, 965, 532, 508, 739, 572, 951, 710, 837, 636, 777, 683, 897, 516, 846], "recourse_recommended_ixs": [893, 880, 923, 964, 883, 901, 555, 702, 641, 521, 692, 581, 953, 834, 966, 558, 832, 548, 713, 960, 755, 867, 775, 638, 977, 533, 668, 914, 728, 912, 598, 790, 556, 860, 762, 639, 773, 520, 510, 722, 957, 736, 626, 724, 511, 938, 623, 831, 660, 727, 944, 838, 690, 776, 967, 812, 746, 663, 820, 758, 676, 973, 576, 784, 887, 513, 735, 600, 573, 643, 766, 851, 613, 781, 763, 874, 625, 937, 679, 578, 616, 694, 509, 994, 701, 596, 965, 532, 508, 739, 572, 951, 710, 837, 636, 777, 683, 897, 516, 846], "perc_recomm_found": 1.0, "gamma": 0.95, "eta": 0.95, "gamma_obs": 0.2800000011920929, "gamma_obs_pre": 0.11999999731779099, "eta_obs": 1.0, "costs": [1.0, 1.0, 1.0], "lbd": 300.0, "thresh": 0.5, "r_type": "individualized", "t_type": "acceptance", "eta_obs_individualized": NaN, "eta_obs_refits_batch0_mean": 0.5100000500679016, "model_score": 0.85, "model_f1": 0.8676171079429736, "model_refits_batch0_scores": [0.794, 0.788, 0.784, 0.8, 0.806], "model_refits_batch0_f1s": [0.7632183908045977, 0.7644444444444445, 0.742857142857143, 0.7641509433962264, 0.7820224719101123], "model_coef": NaN}