{"accuracy_pre": 0.86, "accuracy_post": 0.4, "recourse_seeking_ixs": [200, 227, 237, 263, 202, 284, 275, 391, 276, 386, 307, 370, 287, 322, 240, 203, 266, 338, 373, 361, 228, 321, 375, 221, 393, 396, 365, 326, 238, 363, 352, 327, 210, 246, 281, 232, 377, 215, 314, 342, 372, 345, 308, 248, 239, 235, 233, 348, 369, 368], "recourse_recommended_ixs": [200, 227, 237, 263, 202, 284, 275, 391, 276, 386, 307, 370, 287, 322, 240, 203, 266, 338, 373, 361, 228, 321, 375, 221, 393, 396, 365, 326, 238, 363, 352, 327, 210, 246, 281, 232, 377, 215, 314, 342, 372, 345, 308, 248, 239, 235, 233, 348, 369, 368], "perc_recomm_found": 1.0, "gamma": 0.75, "eta": 0.75, "gamma_obs": 0.4000000059604645, "gamma_obs_pre": 0.14000000059604645, "eta_obs": 1.0, "costs": [1.0, 1.0, 1.0], "lbd": 300.0, "thresh": 0.5, "r_type": "individualized", "t_type": "counterfactual", "eta_obs_individualized": NaN, "eta_obs_refits_batch0_mean": 0.7080000042915344, "model_score": 0.89, "model_f1": 0.888888888888889, "model_refits_batch0_scores": [0.91, 0.88, 0.885, 0.895, 0.905], "model_refits_batch0_f1s": [0.9081632653061225, 0.8811881188118811, 0.8878048780487805, 0.8911917098445595, 0.9045226130653267], "model_coef": [[1.0725123715533602, 0.2180381731278218, 1.6860843883037773], [0.3237274772452617]]}