{"accuracy_pre": 0.84, "accuracy_post": 0.22, "recourse_seeking_ixs": [354, 375, 268, 304, 371, 226, 293, 259, 372, 289, 261, 362, 252, 247, 331, 257, 359, 345, 284, 318, 386, 384, 328, 349, 238, 380, 253, 202, 387, 267, 299, 385, 286, 217, 275, 367, 242, 282, 355, 298, 221, 377, 239, 229, 263, 266, 339, 277, 260, 315], "recourse_recommended_ixs": [354, 375, 268, 304, 371, 226, 293, 259, 372, 289, 261, 362, 252, 247, 331, 257, 359, 345, 284, 318, 386, 384, 328, 349, 238, 380, 253, 202, 387, 267, 299, 385, 286, 217, 275, 367, 242, 282, 355, 298, 221, 377, 239, 229, 263, 266, 339, 277, 260, 315], "perc_recomm_found": 1.0, "gamma": 0.75, "eta": 0.75, "gamma_obs": 0.2199999988079071, "gamma_obs_pre": 0.1599999964237213, "eta_obs": 1.0, "costs": [1.0, 1.0, 1.0], "lbd": 300.0, "thresh": 0.5, "r_type": "individualized", "t_type": "acceptance", "eta_obs_individualized": NaN, "eta_obs_refits_batch0_mean": 0.8319999575614929, "model_score": 0.8, "model_f1": 0.8230088495575222, "model_refits_batch0_scores": [0.805, 0.78, 0.8, 0.8, 0.8], "model_refits_batch0_f1s": [0.8266666666666665, 0.8053097345132745, 0.8198198198198199, 0.8214285714285715, 0.8260869565217391], "model_coef": [[0.40172156737985065, -0.5943080802571039, 1.1395636427477842], [0.12640627131743817]]}