{"accuracy_pre": 1.0, "accuracy_post": 1.0, "recourse_seeking_ixs": [1059, 1176, 1925, 1433, 1073, 1580, 1876, 1674, 1880, 1276, 1430, 1373, 1652, 1478, 1533, 1396, 1325, 1447, 1594, 1037, 1824, 1496, 1681, 1109, 1541, 1429, 1423, 1278, 1613, 1272, 1302, 1799, 1490, 1518, 1971, 1353, 1219, 1426, 1023, 1164, 1527, 1347, 1686, 1704, 1759, 1941, 1685, 1003, 1483, 1094, 1401, 1882, 1233, 1177, 1563, 1020, 1356, 1767, 1657, 1230, 1290, 1669, 1749, 1384, 1026, 1788, 1764, 1144, 1364, 1217, 1247, 1502, 1238, 1111, 1643, 1958, 1309, 1311, 1227, 1605, 1661, 1410, 1283, 1538, 1209, 1862, 1165, 1816, 1575, 1996, 1327, 1521, 1231, 1821, 1724, 1992, 1537, 1802, 1878, 1470], "recourse_recommended_ixs": [1059, 1176, 1925, 1433, 1073, 1580, 1876, 1674, 1880, 1276, 1430, 1373, 1652, 1478, 1533, 1396, 1325, 1447, 1594, 1037, 1824, 1496, 1681, 1109, 1541, 1429, 1423, 1278, 1613, 1272, 1302, 1799, 1490, 1518, 1971, 1353, 1219, 1426, 1023, 1164, 1527, 1347, 1686, 1704, 1759, 1941, 1685, 1003, 1483, 1094, 1401, 1882, 1233, 1177, 1563, 1020, 1356, 1767, 1657, 1230, 1290, 1669, 1749, 1384, 1026, 1788, 1764, 1144, 1364, 1217, 1247, 1502, 1238, 1111, 1643, 1958, 1309, 1311, 1227, 1605, 1661, 1410, 1283, 1538, 1209, 1862, 1165, 1816, 1575, 1996, 1327, 1521, 1231, 1821, 1724, 1992, 1537, 1802, 1878, 1470], "perc_recomm_found": 1.0, "gamma": 0.75, "eta": 0.75, "gamma_obs": 1.0, "gamma_obs_pre": 0.0, "eta_obs": 1.0, "costs": [1.0, 1.0], "lbd": 150.0, "thresh": 0.5, "r_type": "individualized", "t_type": "improvement", "eta_obs_individualized": 1.0, "eta_obs_refits_batch0_mean": 1.0, "model_score": 0.968, "model_f1": 0.9835051546391753, "model_refits_batch0_scores": [0.998, 0.998, 0.998, 0.998, 0.998], "model_refits_batch0_f1s": [0.9979674796747968, 0.9979674796747968, 0.9979674796747968, 0.9979674796747968, 0.9979674796747968], "model_coef": NaN}