{"accuracy_pre": 0.89, "accuracy_post": 0.98, "recourse_seeking_ixs": [680, 906, 541, 684, 617, 891, 597, 795, 754, 876, 989, 671, 950, 841, 776, 515, 916, 648, 718, 694, 996, 544, 599, 875, 968, 569, 915, 999, 715, 861, 959, 803, 768, 854, 642, 936, 905, 926, 924, 870, 659, 652, 826, 779, 753, 529, 665, 686, 567, 520, 688, 756, 509, 561, 584, 546, 716, 655, 975, 609, 564, 809, 938, 892, 801, 925, 682, 628, 842, 947, 626, 670, 969, 879, 970, 632, 743, 644, 581, 987, 857, 601, 664, 798, 952, 606, 834, 755, 991, 696, 531, 793, 804, 752, 871, 557, 732, 726, 552, 623], "recourse_recommended_ixs": [680, 906, 541, 684, 617, 891, 597, 795, 754, 876, 989, 671, 950, 841, 776, 515, 916, 648, 718, 694, 996, 544, 599, 875, 968, 569, 915, 999, 715, 861, 959, 803, 768, 854, 642, 936, 905, 926, 924, 870, 659, 652, 826, 779, 753, 529, 665, 686, 567, 520, 688, 756, 509, 561, 584, 546, 716, 655, 975, 609, 564, 809, 938, 892, 801, 925, 682, 628, 842, 947, 626, 670, 969, 879, 970, 632, 743, 644, 581, 987, 857, 601, 664, 798, 952, 606, 834, 755, 991, 696, 531, 793, 804, 752, 871, 557, 732, 726, 552, 623], "perc_recomm_found": 1.0, "gamma": 0.95, "eta": 0.95, "gamma_obs": 0.9800000190734863, "gamma_obs_pre": 0.10999999940395355, "eta_obs": 1.0, "costs": [1.0, 1.0], "lbd": 300.0, "thresh": 0.5, "r_type": "subpopulation", "t_type": "improvement", "eta_obs_individualized": NaN, "eta_obs_refits_batch0_mean": 0.9940000772476196, "model_score": 0.786, "model_f1": 0.7886178861788619, "model_refits_batch0_scores": [0.83, 0.822, 0.816, 0.824, 0.822], "model_refits_batch0_f1s": [0.8268839103869655, 0.8118393234672305, 0.7973568281938326, 0.8095238095238094, 0.8086021505376344], "model_coef": NaN}