{"accuracy_pre": 1.0, "accuracy_post": 0.47, "recourse_seeking_ixs": [1827, 1641, 1541, 1028, 1303, 1146, 1805, 1708, 1537, 1651, 1012, 1791, 1860, 1872, 1711, 1561, 1007, 1664, 1349, 1992, 1100, 1991, 1621, 1926, 1193, 1372, 1447, 1871, 1635, 1346, 1990, 1150, 1879, 1306, 1276, 1468, 1627, 1836, 1611, 1631, 1707, 1900, 1437, 1331, 1440, 1369, 1935, 1398, 1284, 1362, 1270, 1388, 1505, 1646, 1245, 1560, 1816, 1363, 1657, 1713, 1892, 1237, 1492, 1291, 1177, 1162, 1282, 1870, 1725, 1742, 1593, 1352, 1438, 1913, 1842, 1536, 1168, 1320, 1649, 1128, 1289, 1161, 1784, 1383, 1470, 1817, 1329, 1110, 1090, 1629, 1060, 1746, 1408, 1709, 1147, 1632, 1036, 1231, 1886, 1569], "recourse_recommended_ixs": [1827, 1641, 1541, 1028, 1303, 1146, 1805, 1708, 1537, 1651, 1012, 1791, 1860, 1872, 1711, 1561, 1007, 1664, 1349, 1992, 1100, 1991, 1621, 1926, 1193, 1372, 1447, 1871, 1635, 1346, 1990, 1150, 1879, 1306, 1276, 1468, 1627, 1836, 1611, 1631, 1707, 1900, 1437, 1331, 1440, 1369, 1935, 1398, 1284, 1362, 1270, 1388, 1505, 1646, 1245, 1560, 1816, 1363, 1657, 1713, 1892, 1237, 1492, 1291, 1177, 1162, 1282, 1870, 1725, 1742, 1593, 1352, 1438, 1913, 1842, 1536, 1168, 1320, 1649, 1128, 1289, 1161, 1784, 1383, 1470, 1817, 1329, 1110, 1090, 1629, 1060, 1746, 1408, 1709, 1147, 1632, 1036, 1231, 1886, 1569], "perc_recomm_found": 1.0, "gamma": 0.75, "eta": 0.75, "gamma_obs": 0.1899999976158142, "gamma_obs_pre": 0.0, "eta_obs": 1.0, "costs": [1.0, 1.0, 1.0], "lbd": 150.0, "thresh": 0.5, "r_type": "individualized", "t_type": "counterfactual", "eta_obs_individualized": NaN, "eta_obs_refits_batch0_mean": 0.6060000658035278, "model_score": 0.896, "model_f1": 0.9990069513406157, "model_refits_batch0_scores": [0.998, 0.998, 0.999, 0.998, 0.998], "model_refits_batch0_f1s": [0.99800796812749, 0.99800796812749, 0.9990069513406157, 0.99800796812749, 0.99800796812749], "model_coef": NaN}