{"accuracy_pre": 0.92, "accuracy_post": 0.44, "recourse_seeking_ixs": [355, 226, 375, 237, 382, 323, 301, 311, 246, 340, 315, 296, 379, 200, 288, 261, 255, 369, 398, 293, 228, 274, 217, 395, 335, 316, 292, 256, 325, 319, 370, 391, 387, 270, 337, 202, 350, 287, 333, 229, 310, 309, 290, 376, 331, 334, 248, 286, 357, 298], "recourse_recommended_ixs": [355, 226, 375, 237, 382, 323, 301, 311, 246, 340, 315, 296, 379, 200, 288, 261, 255, 369, 398, 293, 228, 274, 217, 395, 335, 316, 292, 256, 325, 319, 370, 391, 387, 270, 337, 202, 350, 287, 333, 229, 310, 309, 290, 376, 331, 334, 248, 286, 357, 298], "perc_recomm_found": 1.0, "gamma": 0.85, "eta": 0.85, "gamma_obs": 0.4399999976158142, "gamma_obs_pre": 0.07999999821186066, "eta_obs": 1.0, "costs": [1.0, 1.0, 1.0], "lbd": 300.0, "thresh": 0.5, "r_type": "individualized", "t_type": "acceptance", "eta_obs_individualized": NaN, "eta_obs_refits_batch0_mean": 0.656000018119812, "model_score": 0.905, "model_f1": 0.9064039408866995, "model_refits_batch0_scores": [0.9, 0.91, 0.91, 0.905, 0.905], "model_refits_batch0_f1s": [0.9019607843137256, 0.911764705882353, 0.911764705882353, 0.9054726368159205, 0.9073170731707318], "model_coef": [[1.089027674976202, 0.6654537494231874, 1.7076410682394085], [-0.20622991040945868]]}