{"accuracy_pre": 1.0, "accuracy_post": 1.0, "recourse_seeking_ixs": [1946, 1238, 1996, 1081, 1384, 1914, 1515, 1350, 1073, 1658, 1808, 1588, 1927, 1248, 1905, 1270, 1244, 1484, 1026, 1524, 1555, 1421, 1418, 1603, 1821, 1501, 1727, 1451, 1824, 1037, 1931, 1356, 1732, 1782, 1209, 1559, 1074, 1510, 1790, 1800, 1707, 1127, 1536, 1260, 1980, 1792, 1708, 1152, 1901, 1676, 1220, 1661, 1757, 1147, 1846, 1736, 1521, 1154, 1669, 1994, 1915, 1325, 1454, 1171, 1044, 1580, 1104, 1464, 1113, 1185, 1814, 1135, 1166, 1494, 1582, 1217, 1844, 1063, 1971, 1412, 1880, 1477, 1243, 1430, 1764, 1225, 1025, 1875, 1432, 1068, 1177, 1472, 1283, 1496, 1672, 1832, 1349, 1431, 1799, 1133], "recourse_recommended_ixs": [1946, 1238, 1996, 1081, 1384, 1914, 1515, 1350, 1073, 1658, 1808, 1588, 1927, 1248, 1905, 1270, 1244, 1484, 1026, 1524, 1555, 1421, 1418, 1603, 1821, 1501, 1727, 1451, 1824, 1037, 1931, 1356, 1732, 1782, 1209, 1559, 1074, 1510, 1790, 1800, 1707, 1127, 1536, 1260, 1980, 1792, 1708, 1152, 1901, 1676, 1220, 1661, 1757, 1147, 1846, 1736, 1521, 1154, 1669, 1994, 1915, 1325, 1454, 1171, 1044, 1580, 1104, 1464, 1113, 1185, 1814, 1135, 1166, 1494, 1582, 1217, 1844, 1063, 1971, 1412, 1880, 1477, 1243, 1430, 1764, 1225, 1025, 1875, 1432, 1068, 1177, 1472, 1283, 1496, 1672, 1832, 1349, 1431, 1799, 1133], "perc_recomm_found": 1.0, "gamma": 0.75, "eta": 0.75, "gamma_obs": 1.0, "gamma_obs_pre": 0.0, "eta_obs": 1.0, "costs": [1.0, 1.0, 1.0], "lbd": 150.0, "thresh": 0.5, "r_type": "individualized", "t_type": "counterfactual", "eta_obs_individualized": NaN, "eta_obs_refits_batch0_mean": 0.7039999961853027, "model_score": 0.936, "model_f1": 0.998972250770812, "model_refits_batch0_scores": [0.998, 0.996, 0.996, 0.994, 0.998], "model_refits_batch0_f1s": [0.9979591836734694, 0.9959100204498978, 0.9959100204498978, 0.9938524590163934, 0.9979591836734694], "model_coef": NaN}