{"accuracy_pre": 0.75, "accuracy_post": 0.64, "recourse_seeking_ixs": [410, 284, 274, 407, 263, 493, 449, 378, 374, 285, 397, 350, 445, 413, 320, 279, 447, 419, 453, 266, 251, 431, 420, 310, 343, 337, 476, 255, 477, 332, 404, 260, 463, 317, 338, 424, 395, 328, 406, 272, 267, 441, 379, 268, 376, 414, 403, 392, 283, 334, 396, 294, 287, 470, 340, 471, 323, 321, 488, 409, 459, 307, 354, 362, 408, 398, 489, 313, 316, 411, 344, 327, 454, 256, 499, 365, 433, 291, 462, 356, 385, 277, 440, 333, 483, 264, 324, 325, 300, 391, 358, 393, 475, 498, 387, 450, 309, 318, 370, 480], "recourse_recommended_ixs": [410, 284, 274, 407, 263, 493, 449, 378, 374, 285, 397, 350, 445, 413, 320, 279, 447, 419, 453, 266, 251, 431, 420, 310, 343, 337, 476, 255, 477, 332, 404, 260, 463, 317, 338, 424, 395, 328, 406, 272, 267, 441, 379, 268, 376, 414, 403, 392, 283, 334, 396, 294, 287, 470, 340, 471, 323, 321, 488, 409, 459, 307, 354, 362, 408, 398, 489, 313, 316, 411, 344, 327, 454, 256, 499, 365, 433, 291, 462, 356, 385, 277, 440, 333, 483, 264, 324, 325, 300, 391, 358, 393, 475, 498, 387, 309, 318, 370, 480], "perc_recomm_found": 0.99, "gamma": 0.75, "eta": 0.75, "gamma_obs": 0.7676767706871033, "gamma_obs_pre": 0.24242424964904785, "eta_obs": 0.7373737373737373, "costs": [1.0, 1.0], "lbd": 100.0, "thresh": 0.5, "r_type": "subpopulation", "t_type": "improvement", "eta_obs_individualized": NaN, "eta_obs_refits_batch0_mean": 0.7494949698448181, "model_score": 0.752, "model_f1": 0.7500000000000001, "model_refits_batch0_scores": [0.8, 0.76, 0.768, 0.784, 0.776], "model_refits_batch0_f1s": [0.8, 0.7560975609756099, 0.7542372881355932, 0.7610619469026549, 0.7741935483870968], "model_coef": NaN}