{"accuracy_pre": 1.0, "accuracy_post": 0.99, "recourse_seeking_ixs": [1547, 1290, 1681, 1714, 1257, 1262, 1083, 1162, 1749, 1862, 1881, 1008, 1006, 1482, 1172, 1082, 1676, 1171, 1588, 1909, 1927, 1013, 1457, 1623, 1668, 1430, 1139, 1996, 1807, 1070, 1272, 1898, 1225, 1769, 1243, 1542, 1873, 1291, 1446, 1995, 1184, 1432, 1046, 1100, 1260, 1635, 1292, 1586, 1521, 1492, 1325, 1978, 1110, 1217, 1354, 1059, 1005, 1937, 1185, 1813, 1537, 1876, 1736, 1473, 1094, 1063, 1974, 1524, 1102, 1117, 1555, 1566, 1188, 1401, 1384, 1164, 1036, 1788, 1864, 1976, 1105, 1028, 1038, 1041, 1593, 1872, 1091, 1885, 1113, 1246, 1336, 1396, 1003, 1658, 1229, 1429, 1563, 1693, 1707, 1127], "recourse_recommended_ixs": [1547, 1290, 1681, 1714, 1257, 1262, 1083, 1162, 1749, 1862, 1881, 1008, 1006, 1482, 1172, 1082, 1676, 1171, 1588, 1909, 1927, 1013, 1457, 1623, 1668, 1430, 1139, 1996, 1807, 1070, 1272, 1898, 1225, 1769, 1243, 1542, 1873, 1291, 1446, 1995, 1184, 1432, 1046, 1100, 1260, 1635, 1292, 1586, 1521, 1492, 1325, 1978, 1110, 1217, 1354, 1059, 1005, 1937, 1185, 1813, 1537, 1876, 1736, 1473, 1094, 1063, 1974, 1524, 1102, 1117, 1555, 1566, 1188, 1401, 1384, 1164, 1036, 1788, 1864, 1976, 1105, 1028, 1038, 1041, 1593, 1872, 1091, 1885, 1113, 1246, 1336, 1396, 1003, 1658, 1229, 1429, 1563, 1693, 1707, 1127], "perc_recomm_found": 1.0, "gamma": 0.95, "eta": 0.95, "gamma_obs": 0.9900000095367432, "gamma_obs_pre": 0.0, "eta_obs": 1.0, "costs": [1.0, 1.0, 1.0], "lbd": 150.0, "thresh": 0.5, "r_type": "individualized", "t_type": "counterfactual", "eta_obs_individualized": NaN, "eta_obs_refits_batch0_mean": 0.7240000367164612, "model_score": 0.998, "model_f1": 0.9989743589743589, "model_refits_batch0_scores": [0.998, 0.996, 0.996, 0.994, 0.998], "model_refits_batch0_f1s": [0.9979591836734694, 0.9959100204498978, 0.9959100204498978, 0.9938524590163934, 0.9979591836734694], "model_coef": NaN}