{"accuracy_pre": 0.72, "accuracy_post": 0.7, "recourse_seeking_ixs": [387, 208, 359, 261, 282, 389, 252, 287, 371, 241, 230, 367, 250, 239, 302, 222, 315, 357, 319, 379, 365, 212, 210, 273, 385, 280, 390, 332, 290, 327, 304, 201, 278, 238, 340, 361, 323, 382, 253, 392, 235, 236, 233, 243, 343, 237, 294, 228, 266, 258], "recourse_recommended_ixs": [387, 208, 359, 261, 282, 389, 252, 287, 371, 241, 230, 367, 250, 239, 302, 315, 357, 319, 379, 365, 212, 210, 273, 385, 280, 390, 332, 290, 327, 304, 201, 278, 238, 340, 361, 323, 382, 253, 392, 235, 236, 233, 243, 343, 237, 294, 228, 266, 258], "perc_recomm_found": 0.98, "gamma": 0.75, "eta": 0.75, "gamma_obs": 0.8163265585899353, "gamma_obs_pre": 0.26530611515045166, "eta_obs": 0.8163265306122449, "costs": [1.0, 1.0], "lbd": 300.0, "thresh": 0.5, "r_type": "individualized", "t_type": "improvement", "eta_obs_individualized": 0.7959183673469388, "eta_obs_refits_batch0_mean": 0.7591837048530579, "model_score": 0.78, "model_f1": 0.7884615384615384, "model_refits_batch0_scores": [0.785, 0.77, 0.76, 0.755, 0.765], "model_refits_batch0_f1s": [0.7881773399014779, 0.7722772277227722, 0.7692307692307692, 0.7655502392344499, 0.7853881278538812], "model_coef": [[-0.6543354723990018, -0.13954819112395847, 1.2199991356442148], [-0.671315137719018]]}