{"accuracy_pre": 0.84, "accuracy_post": 0.23, "recourse_seeking_ixs": [422, 354, 359, 421, 333, 434, 373, 263, 266, 254, 396, 427, 323, 484, 447, 388, 419, 488, 428, 285, 413, 317, 291, 437, 410, 256, 312, 304, 411, 336, 316, 349, 479, 402, 465, 380, 251, 344, 296, 280, 372, 264, 415, 416, 308, 473, 370, 356, 431, 338, 426, 252, 459, 393, 379, 368, 313, 337, 429, 387, 490, 325, 364, 436, 335, 315, 442, 367, 470, 267, 474, 401, 282, 476, 292, 255, 455, 327, 481, 383, 448, 355, 347, 385, 483, 339, 381, 472, 386, 310, 287, 353, 309, 324, 365, 471, 299, 498, 493, 360], "recourse_recommended_ixs": [422, 354, 359, 421, 333, 434, 373, 263, 266, 254, 396, 427, 323, 484, 447, 388, 419, 488, 428, 285, 413, 317, 291, 437, 410, 256, 312, 304, 411, 336, 316, 349, 479, 402, 465, 380, 251, 344, 296, 280, 372, 264, 415, 416, 308, 473, 370, 356, 431, 338, 426, 252, 459, 393, 379, 368, 313, 337, 429, 387, 490, 325, 364, 436, 335, 315, 442, 367, 470, 267, 474, 401, 282, 476, 292, 255, 455, 327, 481, 383, 448, 355, 347, 385, 483, 339, 381, 472, 386, 310, 287, 353, 309, 324, 365, 471, 299, 498, 493, 360], "perc_recomm_found": 1.0, "gamma": 0.75, "eta": 0.75, "gamma_obs": 0.23000000417232513, "gamma_obs_pre": 0.1599999964237213, "eta_obs": 0.98, "costs": [1.0, 1.0, 1.0], "lbd": 100.0, "thresh": 0.5, "r_type": "subpopulation", "t_type": "acceptance", "eta_obs_individualized": NaN, "eta_obs_refits_batch0_mean": 0.7519999742507935, "model_score": 0.832, "model_f1": 0.8333333333333334, "model_refits_batch0_scores": [0.824, 0.832, 0.824, 0.816, 0.808], "model_refits_batch0_f1s": [0.8253968253968254, 0.8278688524590164, 0.8267716535433071, 0.8114754098360656, 0.8080000000000002], "model_coef": NaN}