{"accuracy_pre": 0.96, "accuracy_post": 0.74, "recourse_seeking_ixs": [350, 393, 307, 343, 285, 338, 340, 310, 219, 366, 334, 266, 348, 367, 254, 277, 298, 333, 214, 376, 249, 220, 295, 211, 252, 243, 302, 337, 213, 327, 212, 242, 323, 379, 227, 382, 258, 369, 365, 303, 396, 237, 294, 268, 317, 353, 247, 296, 394, 351], "recourse_recommended_ixs": [350, 393, 307, 343, 285, 338, 340, 310, 219, 366, 334, 266, 348, 367, 254, 277, 298, 333, 214, 376, 249, 220, 295, 211, 252, 243, 302, 337, 213, 327, 212, 242, 323, 379, 227, 382, 258, 369, 365, 303, 396, 237, 294, 268, 317, 353, 247, 296, 394, 351], "perc_recomm_found": 1.0, "gamma": 0.75, "eta": 0.75, "gamma_obs": 0.699999988079071, "gamma_obs_pre": 0.03999999910593033, "eta_obs": 0.92, "costs": [1.0, 1.0], "lbd": 300.0, "thresh": 0.5, "r_type": "subpopulation", "t_type": "improvement", "eta_obs_individualized": NaN, "eta_obs_refits_batch0_mean": 0.984000027179718, "model_score": 0.85, "model_f1": 0.8571428571428571, "model_refits_batch0_scores": [0.85, 0.815, 0.8, 0.845, 0.86], "model_refits_batch0_f1s": [0.8571428571428571, 0.8294930875576036, 0.8148148148148148, 0.8502415458937198, 0.8653846153846154], "model_coef": [[0.05864341800356626, 0.4888691119353773, 0.6425110721738136], [-0.10469144681029367]]}