{"accuracy_pre": 0.0, "accuracy_post": 0.95, "recourse_seeking_ixs": [1954, 1302, 1145, 1007, 1452, 1941, 1742, 1707, 1313, 1014, 1642, 1924, 1902, 1685, 1886, 1883, 1523, 1370, 1778, 1991, 1576, 1492, 1075, 1470, 1420, 1131, 1992, 1938, 1561, 1010, 1060, 1923, 1258, 1503, 1900, 1317, 1757, 1968, 1934, 1344, 1386, 1835, 1627, 1560, 1619, 1468, 1872, 1166, 1532, 1836, 1859, 1533, 1949, 1933, 1529, 1537, 1231, 1214, 1717, 1926, 1186, 1034, 1505, 1798, 1892, 1469, 1687, 1077, 1040, 1914, 1458, 1057, 1236, 1400, 1961, 1659, 1065, 1233, 1861, 1871, 1282, 1100, 1388, 1036, 1565, 1070, 1329, 1711, 1587, 1162, 1824, 1896, 1267, 1731, 1633, 1306, 1150, 1284, 1044, 1349], "recourse_recommended_ixs": [1954, 1302, 1145, 1007, 1452, 1941, 1742, 1707, 1313, 1014, 1642, 1924, 1902, 1685, 1886, 1883, 1523, 1370, 1778, 1991, 1576, 1492, 1075, 1470, 1420, 1131, 1992, 1938, 1561, 1010, 1060, 1923, 1258, 1503, 1900, 1317, 1757, 1968, 1934, 1344, 1386, 1835, 1627, 1560, 1619, 1468, 1872, 1166, 1532, 1836, 1859, 1533, 1949, 1933, 1529, 1537, 1231, 1214, 1717, 1926, 1186, 1034, 1505, 1798, 1892, 1469, 1687, 1077, 1040, 1914, 1458, 1057, 1236, 1400, 1961, 1659, 1065, 1233, 1861, 1871, 1282, 1100, 1388, 1036, 1565, 1070, 1329, 1711, 1587, 1162, 1824, 1896, 1267, 1731, 1633, 1306, 1150, 1284, 1044, 1349], "perc_recomm_found": 1.0, "gamma": 0.75, "eta": 0.75, "gamma_obs": 1.0, "gamma_obs_pre": 1.0, "eta_obs": 0.95, "costs": [1.0, 1.0], "lbd": 150.0, "thresh": 0.5, "r_type": "individualized", "t_type": "improvement", "eta_obs_individualized": 0.6, "eta_obs_refits_batch0_mean": 0.9300000071525574, "model_score": 0.265, "model_f1": 0.9980506822612086, "model_refits_batch0_scores": [0.998, 0.998, 1.0, 0.998, 0.998], "model_refits_batch0_f1s": [0.99800796812749, 0.99800796812749, 1.0, 0.99800796812749, 0.99800796812749], "model_coef": NaN}