{"accuracy_pre": 0.9, "accuracy_post": 0.42, "recourse_seeking_ixs": [907, 948, 656, 894, 782, 720, 951, 548, 834, 836, 818, 603, 647, 761, 987, 711, 708, 962, 898, 691, 854, 903, 920, 774, 979, 525, 604, 612, 788, 586, 602, 620, 533, 831, 550, 555, 800, 650, 810, 635, 521, 865, 615, 802, 623, 653, 928, 999, 855, 614, 669, 731, 683, 919, 704, 875, 884, 554, 597, 908, 552, 766, 826, 685, 551, 973, 852, 712, 915, 747, 743, 918, 733, 618, 500, 893, 817, 584, 901, 509, 679, 977, 909, 724, 529, 936, 630, 905, 687, 689, 871, 950, 607, 508, 967, 716, 892, 755, 542, 600], "recourse_recommended_ixs": [907, 948, 656, 894, 782, 720, 951, 548, 834, 836, 818, 603, 647, 761, 987, 711, 708, 962, 898, 691, 854, 903, 920, 774, 979, 525, 604, 612, 788, 586, 602, 620, 533, 831, 550, 555, 800, 650, 810, 635, 521, 865, 615, 802, 623, 653, 928, 999, 855, 614, 669, 731, 683, 919, 704, 875, 884, 554, 597, 908, 552, 766, 826, 685, 551, 973, 852, 712, 915, 747, 743, 918, 733, 618, 500, 893, 817, 584, 901, 509, 679, 977, 909, 724, 529, 936, 630, 905, 687, 689, 871, 950, 607, 508, 967, 716, 892, 755, 542, 600], "perc_recomm_found": 1.0, "gamma": 0.95, "eta": 0.95, "gamma_obs": 0.1899999976158142, "gamma_obs_pre": 0.10000000149011612, "eta_obs": 0.95, "costs": [1.0, 1.0, 1.0], "lbd": 300.0, "thresh": 0.5, "r_type": "subpopulation", "t_type": "counterfactual", "eta_obs_individualized": NaN, "eta_obs_refits_batch0_mean": 0.4779999852180481, "model_score": 0.862, "model_f1": 0.8582677165354331, "model_refits_batch0_scores": [0.81, 0.802, 0.812, 0.784, 0.816], "model_refits_batch0_f1s": [0.8210922787193974, 0.8135593220338984, 0.8226415094339623, 0.7954545454545454, 0.8217054263565892], "model_coef": NaN}