{"accuracy_pre": 0.97, "accuracy_post": 0.96, "recourse_seeking_ixs": [1571, 1823, 1886, 1486, 1839, 1150, 1594, 1896, 1332, 1383, 1735, 1454, 1830, 1841, 1101, 1312, 1987, 1871, 1978, 1624, 1274, 1840, 1234, 1013, 1237, 1503, 1517, 1077, 1680, 1366, 1675, 1182, 1119, 1213, 1988, 1873, 1726, 1861, 1391, 1431, 1385, 1940, 1462, 1831, 1263, 1212, 1696, 1504, 1977, 1087, 1941, 1221, 1788, 1536, 1627, 1954, 1629, 1372, 1757, 1587, 1668, 1679, 1067, 1179, 1159, 1103, 1942, 1088, 1532, 1112, 1302, 1568, 1347, 1795, 1801, 1369, 1012, 1016, 1633, 1826, 1938, 1648, 1382, 1538, 1276, 1133, 1567, 1459, 1145, 1293, 1998, 1364, 1604, 1452, 1606, 1520, 1348, 1914, 1224, 1898], "recourse_recommended_ixs": [1571, 1823, 1886, 1486, 1839, 1150, 1594, 1896, 1332, 1383, 1735, 1454, 1830, 1841, 1101, 1312, 1987, 1871, 1978, 1624, 1274, 1840, 1234, 1013, 1237, 1503, 1517, 1077, 1680, 1366, 1675, 1182, 1119, 1213, 1988, 1873, 1726, 1861, 1391, 1431, 1385, 1940, 1462, 1831, 1263, 1212, 1696, 1504, 1977, 1087, 1941, 1221, 1788, 1536, 1627, 1954, 1629, 1372, 1757, 1587, 1668, 1679, 1067, 1179, 1159, 1103, 1942, 1088, 1532, 1112, 1302, 1568, 1347, 1795, 1801, 1369, 1012, 1016, 1633, 1826, 1938, 1648, 1382, 1538, 1276, 1133, 1567, 1459, 1145, 1293, 1998, 1364, 1604, 1452, 1606, 1520, 1348, 1914, 1224, 1898], "perc_recomm_found": 1.0, "gamma": 0.75, "eta": 0.75, "gamma_obs": 0.9900000095367432, "gamma_obs_pre": 0.029999999329447746, "eta_obs": 0.97, "costs": [1.0, 1.0, 1.0], "lbd": 150.0, "thresh": 0.5, "r_type": "subpopulation", "t_type": "acceptance", "eta_obs_individualized": NaN, "eta_obs_refits_batch0_mean": 0.972000002861023, "model_score": 0.991, "model_f1": 0.9990167158308751, "model_refits_batch0_scores": [0.997, 0.994, 0.996, 0.994, 0.996], "model_refits_batch0_f1s": [0.9970089730807578, 0.9939999999999999, 0.9960079840319361, 0.9939999999999999, 0.9960079840319361], "model_coef": NaN}