{"accuracy_pre": 0.76, "accuracy_post": 0.54, "recourse_seeking_ixs": [619, 965, 778, 807, 722, 828, 588, 546, 930, 844, 770, 603, 732, 625, 628, 729, 614, 877, 847, 522, 544, 876, 755, 821, 889, 642, 691, 826, 766, 685, 832, 993, 947, 925, 592, 816, 547, 804, 644, 946, 530, 836, 506, 969, 811, 627, 797, 564, 684, 940, 723, 761, 859, 660, 536, 817, 956, 680, 667, 611, 652, 799, 615, 808, 649, 640, 912, 713, 734, 857, 706, 902, 679, 865, 968, 801, 786, 507, 733, 563, 601, 854, 966, 705, 529, 763, 901, 689, 937, 541, 586, 881, 874, 858, 792, 512, 747, 500, 927, 567], "recourse_recommended_ixs": [619, 965, 778, 807, 722, 828, 588, 546, 930, 844, 770, 603, 732, 625, 628, 729, 614, 877, 847, 522, 544, 876, 755, 821, 889, 642, 691, 826, 766, 685, 832, 993, 947, 925, 592, 816, 547, 804, 644, 946, 530, 836, 506, 969, 811, 627, 797, 564, 684, 940, 723, 761, 859, 660, 536, 817, 956, 680, 667, 611, 652, 799, 615, 808, 649, 640, 912, 713, 734, 857, 706, 902, 679, 865, 968, 801, 786, 507, 733, 563, 601, 854, 966, 705, 529, 763, 901, 689, 937, 541, 586, 881, 874, 858, 792, 512, 747, 500, 927, 567], "perc_recomm_found": 1.0, "gamma": 0.75, "eta": 0.75, "gamma_obs": 0.5199999809265137, "gamma_obs_pre": 0.23999999463558197, "eta_obs": 0.91, "costs": [1.0, 1.0, 1.0], "lbd": 300.0, "thresh": 0.5, "r_type": "subpopulation", "t_type": "counterfactual", "eta_obs_individualized": NaN, "eta_obs_refits_batch0_mean": 0.492000013589859, "model_score": 0.706, "model_f1": 0.7042253521126761, "model_refits_batch0_scores": [0.794, 0.788, 0.784, 0.8, 0.806], "model_refits_batch0_f1s": [0.7632183908045977, 0.7644444444444445, 0.742857142857143, 0.7641509433962264, 0.7820224719101123], "model_coef": NaN}