{"accuracy_pre": 0.96, "accuracy_post": 0.94, "recourse_seeking_ixs": [344, 392, 309, 379, 200, 323, 223, 365, 215, 261, 358, 270, 318, 263, 345, 339, 262, 369, 264, 313, 328, 254, 321, 209, 291, 319, 230, 397, 240, 281, 207, 228, 253, 267, 210, 237, 284, 269, 280, 285, 324, 238, 305, 308, 260, 292, 273, 218, 363, 320], "recourse_recommended_ixs": [344, 392, 309, 379, 200, 323, 223, 365, 215, 261, 358, 270, 318, 263, 345, 339, 262, 369, 264, 313, 328, 254, 321, 209, 291, 319, 230, 397, 240, 281, 207, 228, 253, 267, 210, 237, 284, 269, 280, 285, 324, 238, 305, 308, 260, 292, 273, 218, 363, 320], "perc_recomm_found": 1.0, "gamma": 0.9, "eta": 0.9, "gamma_obs": 0.9399999976158142, "gamma_obs_pre": 0.03999999910593033, "eta_obs": 1.0, "costs": [1.0, 1.0], "lbd": 300.0, "thresh": 0.5, "r_type": "individualized", "t_type": "improvement", "eta_obs_individualized": 0.94, "eta_obs_refits_batch0_mean": 0.984000027179718, "model_score": 0.89, "model_f1": 0.8952380952380954, "model_refits_batch0_scores": [0.885, 0.895, 0.875, 0.88, 0.885], "model_refits_batch0_f1s": [0.8888888888888888, 0.896551724137931, 0.8837209302325582, 0.8867924528301887, 0.8878048780487806], "model_coef": [[0.09876300843139023, 0.15530503797797846, 0.7813287887468571], [-0.1826290106990565]]}