{"accuracy_pre": 0.83, "accuracy_post": 0.3, "recourse_seeking_ixs": [829, 967, 650, 766, 624, 573, 815, 623, 921, 659, 533, 799, 554, 796, 938, 737, 994, 685, 690, 926, 701, 555, 613, 913, 968, 790, 540, 630, 717, 930, 747, 865, 699, 915, 609, 612, 761, 661, 664, 974, 704, 798, 698, 832, 879, 572, 604, 910, 568, 662, 721, 733, 600, 975, 791, 901, 779, 903, 620, 758, 718, 560, 855, 749, 852, 625, 508, 894, 811, 597, 512, 980, 787, 873, 538, 919, 642, 907, 724, 952, 614, 509, 723, 702, 871, 754, 547, 607, 594, 932, 868, 675, 658, 708, 517, 521, 888, 676, 775, 854], "recourse_recommended_ixs": [829, 967, 650, 766, 624, 573, 815, 623, 921, 659, 533, 799, 554, 796, 938, 737, 994, 685, 690, 926, 701, 555, 613, 913, 968, 790, 540, 630, 717, 930, 747, 865, 699, 915, 609, 612, 761, 661, 664, 974, 704, 798, 698, 832, 879, 572, 604, 910, 568, 662, 721, 733, 600, 975, 791, 901, 779, 903, 620, 758, 718, 560, 855, 749, 852, 625, 508, 894, 811, 597, 512, 980, 787, 873, 538, 919, 642, 907, 724, 952, 614, 509, 723, 702, 871, 754, 547, 607, 594, 932, 868, 675, 658, 708, 517, 521, 888, 676, 775, 854], "perc_recomm_found": 1.0, "gamma": 0.95, "eta": 0.95, "gamma_obs": 0.30000001192092896, "gamma_obs_pre": 0.17000000178813934, "eta_obs": 1.0, "costs": [1.0, 1.0, 1.0], "lbd": 300.0, "thresh": 0.5, "r_type": "individualized", "t_type": "acceptance", "eta_obs_individualized": NaN, "eta_obs_refits_batch0_mean": 0.44600000977516174, "model_score": 0.812, "model_f1": 0.8752475247524752, "model_refits_batch0_scores": [0.796, 0.788, 0.812, 0.74, 0.776], "model_refits_batch0_f1s": [0.7943548387096774, 0.7845528455284553, 0.8016877637130803, 0.75, 0.7575757575757576], "model_coef": NaN}