{"accuracy_pre": 0.92, "accuracy_post": 0.46, "recourse_seeking_ixs": [332, 350, 209, 272, 244, 319, 292, 285, 377, 243, 296, 241, 388, 234, 207, 344, 340, 295, 339, 282, 210, 313, 351, 307, 328, 365, 303, 322, 202, 214, 217, 220, 298, 223, 396, 371, 271, 359, 356, 238, 337, 386, 231, 251, 349, 333, 329, 338, 265, 361], "recourse_recommended_ixs": [332, 350, 209, 272, 244, 319, 292, 285, 377, 243, 296, 241, 388, 234, 207, 344, 340, 295, 339, 282, 210, 313, 351, 307, 328, 365, 303, 322, 202, 214, 217, 220, 298, 223, 396, 371, 271, 359, 356, 238, 337, 386, 231, 251, 349, 333, 329, 338, 265, 361], "perc_recomm_found": 1.0, "gamma": 0.95, "eta": 0.95, "gamma_obs": 0.46000000834465027, "gamma_obs_pre": 0.07999999821186066, "eta_obs": 1.0, "costs": [1.0, 1.0, 1.0], "lbd": 300.0, "thresh": 0.5, "r_type": "individualized", "t_type": "acceptance", "eta_obs_individualized": NaN, "eta_obs_refits_batch0_mean": 0.6000000238418579, "model_score": 0.88, "model_f1": 0.8857142857142858, "model_refits_batch0_scores": [0.9, 0.875, 0.89, 0.875, 0.875], "model_refits_batch0_f1s": [0.903846153846154, 0.8768472906403941, 0.8981481481481481, 0.8792270531400966, 0.8815165876777251], "model_coef": [[0.4649170591786886, 0.9001312728421814, 1.295518963328292], [0.07671517222498235]]}