{"accuracy_pre": 0.76, "accuracy_post": 0.87, "recourse_seeking_ixs": [900, 692, 636, 941, 708, 852, 888, 828, 833, 606, 651, 942, 503, 515, 816, 553, 621, 525, 529, 536, 798, 951, 859, 538, 976, 713, 987, 720, 858, 810, 725, 619, 893, 677, 516, 666, 792, 535, 806, 973, 826, 613, 672, 768, 532, 784, 965, 910, 569, 665, 956, 775, 511, 533, 560, 741, 912, 668, 923, 959, 577, 761, 805, 501, 876, 804, 872, 899, 803, 552, 753, 949, 745, 783, 570, 834, 628, 936, 641, 796, 969, 860, 558, 707, 583, 673, 545, 985, 695, 507, 513, 868, 825, 975, 625, 970, 637, 855, 617, 519], "recourse_recommended_ixs": [692, 636, 941, 708, 852, 888, 828, 833, 651, 942, 515, 816, 553, 621, 525, 529, 536, 798, 951, 538, 976, 720, 810, 725, 619, 893, 516, 666, 792, 535, 806, 973, 826, 613, 672, 532, 784, 965, 910, 569, 956, 775, 511, 533, 560, 741, 668, 923, 959, 577, 761, 805, 501, 876, 804, 872, 803, 552, 745, 783, 570, 628, 936, 641, 796, 969, 860, 558, 707, 583, 673, 545, 985, 695, 507, 513, 868, 825, 975, 970, 637, 855, 617, 519], "perc_recomm_found": 0.84, "gamma": 0.95, "eta": 0.95, "gamma_obs": 0.9047619104385376, "gamma_obs_pre": 0.2261904776096344, "eta_obs": 1.0, "costs": [1.0, 1.0], "lbd": 300.0, "thresh": 0.5, "r_type": "subpopulation", "t_type": "improvement", "eta_obs_individualized": NaN, "eta_obs_refits_batch0_mean": 1.0, "model_score": 0.768, "model_f1": 0.7701149425287357, "model_refits_batch0_scores": [0.824, 0.834, 0.834, 0.808, 0.818], "model_refits_batch0_f1s": [0.817427385892116, 0.8245243128964059, 0.8230277185501067, 0.799163179916318, 0.7945823927765236], "model_coef": NaN}