{"accuracy_pre": 0.0, "accuracy_post": 1.0, "recourse_seeking_ixs": [1293, 1894, 1157, 1452, 1568, 1236, 1627, 1235, 1089, 1889, 1977, 1853, 1385, 1248, 1084, 1146, 1051, 1593, 1750, 1906, 1000, 1537, 1324, 1292, 1289, 1299, 1048, 1036, 1403, 1010, 1111, 1282, 1607, 1738, 1772, 1202, 1879, 1256, 1961, 1072, 1391, 1695, 1747, 1693, 1145, 1042, 1883, 1204, 1858, 1301, 1911, 1683, 1659, 1589, 1809, 1578, 1685, 1842, 1873, 1348, 1992, 1717, 1579, 1907, 1904, 1960, 1304, 1484, 1802, 1093, 1099, 1361, 1959, 1443, 1098, 1979, 1637, 1422, 1245, 1651, 1900, 1808, 1803, 1612, 1615, 1375, 1091, 1250, 1288, 1193, 1179, 1495, 1382, 1529, 1319, 1692, 1759, 1559, 1851, 1829], "recourse_recommended_ixs": [1293, 1894, 1157, 1452, 1568, 1236, 1627, 1235, 1089, 1889, 1977, 1853, 1385, 1248, 1084, 1146, 1051, 1593, 1750, 1906, 1000, 1537, 1324, 1292, 1289, 1299, 1048, 1036, 1403, 1010, 1111, 1282, 1607, 1738, 1772, 1202, 1879, 1256, 1961, 1072, 1391, 1695, 1747, 1693, 1145, 1042, 1883, 1204, 1858, 1301, 1911, 1683, 1659, 1589, 1809, 1578, 1685, 1842, 1873, 1348, 1992, 1717, 1579, 1907, 1904, 1960, 1304, 1484, 1802, 1093, 1099, 1361, 1959, 1443, 1098, 1979, 1637, 1422, 1245, 1651, 1900, 1808, 1803, 1612, 1615, 1375, 1091, 1250, 1288, 1193, 1179, 1495, 1382, 1529, 1319, 1692, 1759, 1559, 1851, 1829], "perc_recomm_found": 1.0, "gamma": 0.75, "eta": 0.75, "gamma_obs": 1.0, "gamma_obs_pre": 1.0, "eta_obs": 1.0, "costs": [1.0, 1.0, 1.0], "lbd": 150.0, "thresh": 0.5, "r_type": "individualized", "t_type": "counterfactual", "eta_obs_individualized": NaN, "eta_obs_refits_batch0_mean": 0.972000002861023, "model_score": 0.219, "model_f1": 0.9989189189189189, "model_refits_batch0_scores": [0.999, 0.999, 0.997, 0.996, 0.998], "model_refits_batch0_f1s": [0.9989929506545822, 0.9989929506545822, 0.9969727547931382, 0.995983935742972, 0.9979838709677419], "model_coef": NaN}