{"accuracy_pre": 1.0, "accuracy_post": 0.97, "recourse_seeking_ixs": [1083, 1830, 1619, 1926, 1736, 1012, 1145, 1635, 1901, 1773, 1816, 1388, 1186, 1649, 1191, 1224, 1789, 1757, 1118, 1435, 1040, 1370, 1593, 1675, 1431, 1738, 1591, 1824, 1949, 1101, 1798, 1033, 1269, 1641, 1941, 1898, 1519, 1560, 1661, 1646, 1386, 1626, 1295, 1950, 1410, 1314, 1694, 1585, 1677, 1923, 1404, 1928, 1263, 1100, 1995, 1499, 1274, 1820, 1618, 1625, 1414, 1281, 1991, 1382, 1855, 1606, 1234, 1770, 1954, 1520, 1219, 1400, 1076, 1576, 1778, 1594, 1650, 1933, 1437, 1199, 1557, 1205, 1002, 1213, 1900, 1093, 1397, 1631, 1071, 1166, 1070, 1170, 1836, 1793, 1806, 1939, 1992, 1331, 1713, 1282], "recourse_recommended_ixs": [1083, 1830, 1619, 1926, 1736, 1012, 1145, 1635, 1901, 1773, 1816, 1388, 1186, 1649, 1191, 1224, 1789, 1757, 1118, 1435, 1040, 1370, 1593, 1675, 1431, 1738, 1591, 1824, 1949, 1101, 1798, 1033, 1269, 1641, 1941, 1898, 1519, 1560, 1661, 1646, 1386, 1626, 1295, 1950, 1410, 1314, 1694, 1585, 1677, 1923, 1404, 1928, 1263, 1100, 1995, 1499, 1274, 1820, 1618, 1625, 1414, 1281, 1991, 1382, 1855, 1606, 1234, 1770, 1954, 1520, 1219, 1400, 1076, 1576, 1778, 1594, 1650, 1933, 1437, 1199, 1557, 1205, 1002, 1213, 1900, 1093, 1397, 1631, 1071, 1166, 1070, 1170, 1836, 1793, 1806, 1939, 1992, 1331, 1713, 1282], "perc_recomm_found": 1.0, "gamma": 0.95, "eta": 0.95, "gamma_obs": 0.9700000286102295, "gamma_obs_pre": 0.0, "eta_obs": 1.0, "costs": [1.0, 1.0, 1.0], "lbd": 150.0, "thresh": 0.5, "r_type": "subpopulation", "t_type": "acceptance", "eta_obs_individualized": NaN, "eta_obs_refits_batch0_mean": 0.984000027179718, "model_score": 0.992, "model_f1": 0.9990167158308751, "model_refits_batch0_scores": [0.998, 0.998, 1.0, 0.994, 0.996], "model_refits_batch0_f1s": [0.99800796812749, 0.99800796812749, 1.0, 0.9939999999999999, 0.9960079840319361], "model_coef": NaN}