{"accuracy_pre": 0.92, "accuracy_post": 0.78, "recourse_seeking_ixs": [226, 227, 283, 384, 296, 305, 326, 266, 216, 238, 279, 397, 349, 307, 309, 244, 301, 222, 272, 223, 240, 341, 336, 269, 250, 338, 264, 262, 368, 276, 278, 319, 241, 302, 277, 359, 357, 297, 329, 372, 242, 394, 330, 281, 313, 350, 270, 206, 203, 274], "recourse_recommended_ixs": [226, 227, 283, 384, 296, 305, 326, 266, 216, 238, 279, 397, 349, 307, 309, 244, 301, 222, 272, 223, 240, 341, 336, 269, 250, 338, 264, 262, 368, 276, 278, 319, 241, 302, 277, 359, 357, 297, 329, 372, 242, 394, 330, 281, 313, 350, 270, 206, 203, 274], "perc_recomm_found": 1.0, "gamma": 0.75, "eta": 0.75, "gamma_obs": 0.7799999713897705, "gamma_obs_pre": 0.07999999821186066, "eta_obs": 1.0, "costs": [1.0, 1.0, 1.0], "lbd": 300.0, "thresh": 0.5, "r_type": "subpopulation", "t_type": "improvement", "eta_obs_individualized": NaN, "eta_obs_refits_batch0_mean": 0.7919999361038208, "model_score": 0.87, "model_f1": 0.87, "model_refits_batch0_scores": [0.865, 0.87, 0.865, 0.865, 0.88], "model_refits_batch0_f1s": [0.8556149732620321, 0.8686868686868686, 0.8669950738916257, 0.8669950738916257, 0.870967741935484], "model_coef": [[0.5268689795706477, 0.5836317822257125, 1.0838386464427323], [0.11274501256544833]]}