{"accuracy_pre": 0.74, "accuracy_post": 0.27, "recourse_seeking_ixs": [938, 838, 507, 758, 807, 811, 645, 567, 554, 847, 518, 750, 558, 670, 734, 895, 785, 819, 745, 836, 705, 843, 840, 808, 948, 939, 654, 576, 777, 641, 640, 591, 656, 760, 615, 626, 949, 916, 578, 867, 588, 885, 804, 880, 842, 911, 623, 775, 913, 755, 879, 538, 696, 681, 763, 929, 643, 768, 531, 637, 710, 731, 898, 677, 729, 937, 714, 583, 830, 529, 683, 888, 921, 532, 573, 841, 663, 700, 740, 878, 934, 931, 967, 971, 901, 542, 631, 711, 789, 852, 543, 759, 652, 648, 679, 545, 965, 854, 737, 997], "recourse_recommended_ixs": [938, 838, 507, 758, 807, 811, 645, 567, 554, 847, 518, 750, 558, 670, 734, 895, 785, 819, 745, 836, 705, 843, 840, 808, 948, 939, 654, 576, 777, 641, 640, 591, 656, 760, 615, 626, 949, 916, 578, 867, 588, 885, 804, 880, 842, 911, 623, 775, 913, 755, 879, 538, 696, 681, 763, 929, 643, 768, 531, 637, 710, 731, 898, 677, 729, 937, 714, 583, 830, 529, 683, 888, 921, 532, 573, 841, 663, 700, 740, 878, 934, 931, 967, 971, 901, 542, 631, 711, 789, 852, 543, 759, 652, 648, 679, 545, 965, 854, 737, 997], "perc_recomm_found": 1.0, "gamma": 0.95, "eta": 0.95, "gamma_obs": 0.2800000011920929, "gamma_obs_pre": 0.25999999046325684, "eta_obs": 0.99, "costs": [1.0, 1.0, 1.0], "lbd": 300.0, "thresh": 0.5, "r_type": "subpopulation", "t_type": "acceptance", "eta_obs_individualized": NaN, "eta_obs_refits_batch0_mean": 0.33399999141693115, "model_score": 0.77, "model_f1": 0.8007736943907158, "model_refits_batch0_scores": [0.824, 0.81, 0.816, 0.818, 0.816], "model_refits_batch0_f1s": [0.8181818181818183, 0.7921225382932165, 0.7991266375545851, 0.7982261640798226, 0.800865800865801], "model_coef": NaN}