{"accuracy_pre": 0.87, "accuracy_post": 0.97, "recourse_seeking_ixs": [803, 709, 723, 805, 584, 875, 864, 921, 628, 703, 780, 905, 848, 808, 986, 677, 800, 819, 796, 981, 993, 866, 512, 563, 975, 895, 639, 758, 872, 525, 751, 593, 904, 589, 992, 871, 789, 784, 616, 840, 948, 742, 657, 708, 670, 883, 669, 915, 659, 987, 844, 635, 685, 999, 588, 882, 818, 513, 837, 890, 566, 790, 861, 517, 859, 645, 930, 884, 913, 775, 899, 893, 807, 836, 924, 965, 901, 667, 858, 769, 870, 713, 779, 502, 783, 625, 990, 745, 650, 515, 968, 744, 608, 549, 804, 725, 508, 792, 849, 863], "recourse_recommended_ixs": [803, 709, 723, 805, 584, 875, 864, 921, 628, 703, 780, 905, 848, 808, 986, 677, 800, 819, 796, 981, 993, 866, 512, 563, 975, 895, 639, 758, 872, 525, 751, 593, 904, 589, 992, 871, 789, 784, 616, 840, 948, 742, 657, 708, 670, 883, 669, 915, 659, 987, 844, 635, 685, 999, 588, 882, 818, 513, 837, 890, 566, 790, 861, 517, 859, 645, 930, 884, 913, 775, 899, 893, 807, 836, 924, 965, 901, 667, 858, 769, 870, 713, 779, 502, 783, 625, 990, 745, 650, 515, 968, 744, 608, 549, 804, 725, 508, 792, 849, 863], "perc_recomm_found": 1.0, "gamma": 0.95, "eta": 0.95, "gamma_obs": 0.9700000286102295, "gamma_obs_pre": 0.12999999523162842, "eta_obs": 1.0, "costs": [1.0, 1.0], "lbd": 300.0, "thresh": 0.5, "r_type": "individualized", "t_type": "improvement", "eta_obs_individualized": 1.0, "eta_obs_refits_batch0_mean": 1.0, "model_score": 0.698, "model_f1": 0.6919642857142857, "model_refits_batch0_scores": [0.83, 0.822, 0.816, 0.824, 0.822], "model_refits_batch0_f1s": [0.8268839103869655, 0.8118393234672305, 0.7973568281938326, 0.8095238095238094, 0.8086021505376344], "model_coef": NaN}