{"accuracy_pre": 0.84, "accuracy_post": 0.56, "recourse_seeking_ixs": [334, 349, 255, 282, 311, 316, 307, 216, 287, 313, 215, 242, 318, 352, 233, 275, 266, 248, 340, 393, 298, 383, 363, 224, 200, 256, 219, 308, 272, 331, 369, 370, 377, 285, 374, 230, 335, 291, 276, 258, 206, 210, 268, 367, 235, 252, 394, 304, 267, 395], "recourse_recommended_ixs": [334, 349, 255, 282, 311, 316, 307, 216, 287, 313, 215, 242, 318, 352, 233, 275, 266, 248, 340, 393, 298, 383, 363, 224, 200, 256, 219, 308, 272, 331, 369, 370, 377, 285, 374, 230, 335, 291, 276, 258, 206, 210, 268, 367, 235, 252, 394, 304, 267, 395], "perc_recomm_found": 1.0, "gamma": 0.9, "eta": 0.9, "gamma_obs": 0.5600000023841858, "gamma_obs_pre": 0.1599999964237213, "eta_obs": 1.0, "costs": [1.0, 1.0, 1.0], "lbd": 300.0, "thresh": 0.5, "r_type": "individualized", "t_type": "acceptance", "eta_obs_individualized": NaN, "eta_obs_refits_batch0_mean": 0.8319999575614929, "model_score": 0.89, "model_f1": 0.892156862745098, "model_refits_batch0_scores": [0.87, 0.855, 0.865, 0.865, 0.87], "model_refits_batch0_f1s": [0.8659793814432989, 0.8542713567839197, 0.8615384615384616, 0.8601036269430051, 0.87], "model_coef": [[-0.050108453450765505, 0.5121042441861384, 1.0732584937145846], [-0.1977041161520433]]}