{"accuracy_pre": 0.83, "accuracy_post": 0.77, "recourse_seeking_ixs": [772, 856, 967, 684, 688, 615, 546, 625, 586, 973, 940, 690, 865, 756, 811, 759, 500, 854, 969, 626, 782, 660, 930, 652, 504, 804, 522, 569, 799, 734, 592, 859, 603, 993, 956, 897, 900, 733, 536, 529, 966, 601, 889, 713, 630, 644, 885, 723, 857, 874, 640, 847, 816, 808, 621, 567, 965, 680, 564, 590, 507, 614, 702, 903, 747, 836, 560, 704, 820, 503, 696, 619, 583, 506, 646, 869, 541, 784, 988, 778, 609, 556, 679, 627, 863, 901, 834, 755, 761, 749, 992, 685, 705, 628, 667, 698, 807, 588, 850, 912], "recourse_recommended_ixs": [772, 856, 967, 684, 688, 615, 546, 625, 586, 973, 940, 690, 865, 756, 811, 759, 500, 854, 969, 626, 782, 660, 930, 652, 504, 804, 522, 569, 799, 734, 592, 859, 603, 993, 956, 897, 900, 733, 536, 966, 601, 889, 713, 630, 644, 885, 723, 857, 874, 640, 847, 816, 808, 621, 567, 965, 680, 564, 590, 507, 614, 702, 903, 747, 836, 560, 704, 820, 503, 696, 619, 583, 506, 646, 869, 541, 784, 988, 778, 609, 556, 679, 627, 863, 901, 834, 755, 761, 749, 992, 685, 705, 628, 667, 698, 807, 588, 850, 912], "perc_recomm_found": 0.99, "gamma": 0.75, "eta": 0.75, "gamma_obs": 0.7878788113594055, "gamma_obs_pre": 0.16161616146564484, "eta_obs": 0.9494949494949495, "costs": [1.0, 1.0], "lbd": 300.0, "thresh": 0.5, "r_type": "individualized", "t_type": "improvement", "eta_obs_individualized": 0.8686868686868687, "eta_obs_refits_batch0_mean": 0.8848484754562378, "model_score": 0.706, "model_f1": 0.7042253521126761, "model_refits_batch0_scores": [0.794, 0.788, 0.784, 0.8, 0.806], "model_refits_batch0_f1s": [0.7632183908045977, 0.7644444444444445, 0.742857142857143, 0.7641509433962264, 0.7820224719101123], "model_coef": NaN}