{"accuracy_pre": 0.98, "accuracy_post": 0.9, "recourse_seeking_ixs": [1391, 1741, 1292, 1145, 1593, 1415, 1747, 1896, 1453, 1572, 1244, 1361, 1012, 1731, 1385, 1580, 1089, 1250, 1977, 1423, 1420, 1838, 1194, 1947, 1683, 1883, 1900, 1739, 1319, 1858, 1562, 1759, 1296, 1053, 1240, 1937, 1602, 1010, 1550, 1158, 1549, 1907, 1011, 1165, 1295, 1093, 1579, 1680, 1289, 1529, 1034, 1375, 1531, 1106, 1507, 1960, 1114, 1880, 1201, 1578, 1084, 1859, 1226, 1331, 1903, 1305, 1008, 1057, 1606, 1351, 1874, 1281, 1439, 1460, 1111, 1873, 1304, 1930, 1928, 1248, 1492, 1049, 1298, 1286, 1926, 1216, 1983, 1558, 1687, 1627, 1316, 1954, 1236, 1700, 1724, 1829, 1255, 1005, 1193, 1484], "recourse_recommended_ixs": [1391, 1741, 1292, 1145, 1593, 1415, 1747, 1896, 1453, 1572, 1244, 1361, 1012, 1731, 1385, 1580, 1089, 1250, 1977, 1423, 1420, 1838, 1194, 1947, 1683, 1883, 1900, 1739, 1319, 1858, 1562, 1759, 1296, 1053, 1240, 1937, 1602, 1010, 1550, 1158, 1549, 1907, 1011, 1165, 1295, 1093, 1579, 1680, 1289, 1529, 1034, 1375, 1531, 1106, 1507, 1960, 1114, 1880, 1201, 1578, 1084, 1859, 1226, 1331, 1903, 1305, 1008, 1057, 1606, 1351, 1874, 1281, 1439, 1460, 1111, 1873, 1304, 1930, 1928, 1248, 1492, 1049, 1298, 1286, 1926, 1216, 1983, 1558, 1687, 1627, 1316, 1954, 1236, 1700, 1724, 1829, 1255, 1005, 1193, 1484], "perc_recomm_found": 1.0, "gamma": 0.75, "eta": 0.75, "gamma_obs": 0.9599999785423279, "gamma_obs_pre": 0.0, "eta_obs": 0.94, "costs": [1.0, 1.0, 1.0], "lbd": 150.0, "thresh": 0.5, "r_type": "subpopulation", "t_type": "acceptance", "eta_obs_individualized": NaN, "eta_obs_refits_batch0_mean": 0.9399999380111694, "model_score": 0.771, "model_f1": 0.9978586723768736, "model_refits_batch0_scores": [0.998, 0.998, 0.998, 0.998, 0.998], "model_refits_batch0_f1s": [0.9979879275653923, 0.9979879275653923, 0.9979879275653923, 0.9979879275653923, 0.9979879275653923], "model_coef": NaN}