{"accuracy_pre": 0.8, "accuracy_post": 0.7, "recourse_seeking_ixs": [306, 219, 390, 384, 382, 336, 389, 290, 302, 243, 327, 364, 217, 359, 225, 269, 266, 343, 250, 339, 354, 245, 272, 235, 376, 381, 218, 209, 230, 304, 236, 308, 294, 282, 208, 393, 328, 238, 332, 350, 222, 369, 210, 383, 231, 244, 237, 287, 363, 372], "recourse_recommended_ixs": [306, 219, 390, 384, 382, 336, 389, 290, 302, 243, 327, 364, 217, 359, 225, 269, 266, 343, 250, 339, 354, 245, 272, 235, 376, 381, 218, 209, 230, 304, 236, 308, 294, 282, 208, 393, 328, 238, 332, 350, 222, 369, 210, 383, 231, 244, 237, 287, 363, 372], "perc_recomm_found": 1.0, "gamma": 0.75, "eta": 0.75, "gamma_obs": 0.7400000095367432, "gamma_obs_pre": 0.20000000298023224, "eta_obs": 0.72, "costs": [1.0, 1.0], "lbd": 300.0, "thresh": 0.5, "r_type": "subpopulation", "t_type": "improvement", "eta_obs_individualized": NaN, "eta_obs_refits_batch0_mean": 0.7080000042915344, "model_score": 0.78, "model_f1": 0.7884615384615384, "model_refits_batch0_scores": [0.785, 0.77, 0.76, 0.755, 0.765], "model_refits_batch0_f1s": [0.7881773399014779, 0.7722772277227722, 0.7692307692307692, 0.7655502392344499, 0.7853881278538812], "model_coef": [[-0.6543354723990018, -0.13954819112395847, 1.2199991356442148], [-0.671315137719018]]}