{"accuracy_pre": 0.27, "accuracy_post": 0.71, "recourse_seeking_ixs": [1679, 1606, 1650, 1589, 1379, 1863, 1154, 1289, 1655, 1012, 1845, 1459, 1422, 1259, 1936, 1791, 1772, 1452, 1403, 1003, 1378, 1495, 1263, 1174, 1220, 1222, 1278, 1371, 1188, 1969, 1746, 1319, 1756, 1928, 1171, 1572, 1926, 1692, 1023, 1253, 1981, 1822, 1066, 1258, 1466, 1020, 1399, 1199, 1114, 1615, 1602, 1813, 1110, 1400, 1393, 1521, 1975, 1775, 1298, 1733, 1954, 1481, 1109, 1584, 1158, 1874, 1314, 1801, 1557, 1507, 1074, 1053, 1553, 1052, 1264, 1947, 1333, 1578, 1820, 1250, 1558, 1741, 1165, 1292, 1293, 1548, 1351, 1457, 1705, 1742, 1996, 1856, 1734, 1945, 1236, 1671, 1987, 1034, 1443, 1428], "recourse_recommended_ixs": [1679, 1650, 1589, 1379, 1863, 1154, 1289, 1655, 1012, 1422, 1259, 1936, 1791, 1452, 1403, 1003, 1378, 1495, 1263, 1174, 1220, 1222, 1278, 1371, 1969, 1746, 1319, 1756, 1928, 1171, 1572, 1926, 1023, 1253, 1822, 1066, 1258, 1466, 1020, 1399, 1199, 1114, 1615, 1602, 1813, 1110, 1400, 1393, 1521, 1975, 1775, 1733, 1954, 1481, 1109, 1584, 1158, 1874, 1314, 1801, 1557, 1507, 1074, 1053, 1553, 1052, 1264, 1333, 1578, 1820, 1250, 1558, 1165, 1292, 1548, 1351, 1457, 1705, 1742, 1856, 1734, 1945, 1671, 1987, 1034, 1443, 1428], "perc_recomm_found": 0.87, "gamma": 0.95, "eta": 0.95, "gamma_obs": 1.0, "gamma_obs_pre": 0.7011494040489197, "eta_obs": 0.8045977011494253, "costs": [1.0, 1.0], "lbd": 150.0, "thresh": 0.5, "r_type": "subpopulation", "t_type": "improvement", "eta_obs_individualized": NaN, "eta_obs_refits_batch0_mean": 0.6528735756874084, "model_score": 0.277, "model_f1": 0.9914163090128755, "model_refits_batch0_scores": [0.998, 0.998, 0.998, 0.998, 0.998], "model_refits_batch0_f1s": [0.9979879275653923, 0.9979879275653923, 0.9979879275653923, 0.9979879275653923, 0.9979879275653923], "model_coef": [[-2.3825008588811247, -2.9781260199919783, 3.5658733069994097], [-1.936896338597984]]}