{"accuracy_pre": 0.79, "accuracy_post": 0.96, "recourse_seeking_ixs": [823, 503, 676, 560, 695, 749, 524, 956, 991, 655, 617, 913, 834, 951, 529, 899, 692, 839, 670, 963, 970, 900, 516, 798, 672, 990, 822, 787, 515, 726, 535, 859, 976, 785, 881, 969, 943, 532, 773, 752, 623, 761, 511, 533, 625, 713, 942, 745, 677, 828, 579, 806, 941, 536, 607, 793, 710, 861, 790, 863, 569, 558, 826, 687, 949, 719, 895, 572, 825, 636, 927, 649, 929, 568, 869, 588, 780, 546, 811, 928, 507, 759, 831, 671, 984, 627, 641, 897, 621, 517, 708, 843, 810, 804, 652, 526, 767, 857, 816, 753], "recourse_recommended_ixs": [503, 676, 560, 695, 749, 524, 991, 655, 617, 913, 951, 529, 899, 692, 839, 963, 900, 798, 672, 990, 822, 787, 515, 726, 535, 859, 976, 785, 881, 969, 943, 532, 773, 752, 623, 761, 511, 713, 942, 745, 579, 806, 941, 536, 607, 793, 710, 861, 790, 863, 569, 826, 687, 949, 895, 825, 636, 927, 649, 929, 568, 869, 588, 780, 546, 811, 928, 507, 759, 831, 671, 984, 627, 641, 897, 621, 517, 708, 843, 810, 652, 526, 767, 857, 816, 753], "perc_recomm_found": 0.86, "gamma": 0.95, "eta": 0.95, "gamma_obs": 0.9534883499145508, "gamma_obs_pre": 0.23255814611911774, "eta_obs": 1.0, "costs": [1.0, 1.0], "lbd": 300.0, "thresh": 0.5, "r_type": "individualized", "t_type": "improvement", "eta_obs_individualized": 1.0, "eta_obs_refits_batch0_mean": 1.0, "model_score": 0.752, "model_f1": 0.75049115913556, "model_refits_batch0_scores": [0.814, 0.808, 0.822, 0.758, 0.796], "model_refits_batch0_f1s": [0.8074534161490684, 0.8064516129032259, 0.8126315789473685, 0.7575150300601203, 0.782051282051282], "model_coef": NaN}