{"accuracy_pre": 0.89, "accuracy_post": 0.7, "recourse_seeking_ixs": [996, 908, 902, 979, 623, 717, 838, 670, 583, 952, 844, 936, 683, 666, 681, 721, 559, 783, 586, 716, 552, 560, 603, 704, 614, 878, 627, 892, 988, 506, 601, 839, 769, 927, 730, 939, 547, 818, 982, 741, 884, 858, 710, 774, 754, 551, 689, 840, 651, 580, 595, 851, 848, 608, 998, 592, 984, 803, 893, 648, 924, 935, 926, 525, 523, 531, 622, 605, 766, 656, 912, 739, 517, 654, 669, 857, 674, 686, 671, 571, 691, 563, 776, 636, 679, 955, 975, 662, 961, 514, 543, 549, 811, 752, 645, 795, 510, 843, 539, 911], "recourse_recommended_ixs": [908, 979, 623, 717, 838, 670, 583, 952, 844, 936, 683, 666, 721, 559, 783, 586, 716, 552, 560, 603, 704, 614, 878, 627, 988, 506, 601, 839, 769, 927, 730, 939, 547, 818, 982, 741, 884, 858, 710, 774, 754, 551, 689, 840, 651, 580, 595, 851, 848, 608, 998, 592, 984, 803, 893, 648, 924, 935, 926, 525, 523, 531, 622, 605, 766, 656, 912, 739, 517, 654, 857, 674, 686, 671, 571, 691, 563, 776, 679, 955, 975, 662, 961, 514, 543, 549, 811, 752, 645, 795, 510, 843, 539, 911], "perc_recomm_found": 0.94, "gamma": 0.75, "eta": 0.75, "gamma_obs": 0.7659574747085571, "gamma_obs_pre": 0.07446808367967606, "eta_obs": 0.9787234042553191, "costs": [1.0, 1.0, 1.0], "lbd": 300.0, "thresh": 0.5, "r_type": "individualized", "t_type": "improvement", "eta_obs_individualized": 1.0, "eta_obs_refits_batch0_mean": 0.8872340321540833, "model_score": 0.662, "model_f1": 0.7976190476190474, "model_refits_batch0_scores": [0.806, 0.824, 0.796, 0.794, 0.808], "model_refits_batch0_f1s": [0.8166351606805293, 0.8370370370370369, 0.80078125, 0.8074766355140186, 0.8146718146718146], "model_coef": NaN}