r_type,t_type,x1_mean,x2_mean,x3_mean,causes_mean,non-causes_mean,x1_std,x2_std,x3_std,causes_std,non-causes_std
individualized,acceptance,0.10833333333333332,0.4123333333333334,3.725333333333334,0.5206666666666667,3.725333333333334,0.03470350606687074,0.09765415164412282,0.45450229189007824,0.1312643642933349,0.45450229189007824
individualized,counterfactual,-1.1564823173178713e-18,0.27499999999999997,4.120666666666667,0.27499999999999997,4.120666666666667,0.016522711641858305,0.07112664760833316,0.47960643587563956,0.07308214556237388,0.47960643587563956
individualized,improvement,1.32,1.9349999999999998,,3.2550000000000003,0.0,0.08072793816269558,0.27974810097657504,,0.35952607694018524,0.0
subpopulation,acceptance,0.11966666666666666,0.42666666666666675,3.5740000000000003,0.5463333333333333,3.5740000000000003,0.02386070689089772,0.10108082574520917,0.48250077720144674,0.11307224828990241,0.48250077720144674
subpopulation,improvement,1.1273333333333333,1.4686666666666666,,2.596,0.0,0.10089763789768974,0.10597326706926297,,0.2014646370954464,0.0
