{"accuracy_pre": 0.86, "accuracy_post": 0.52, "recourse_seeking_ixs": [257, 292, 399, 346, 384, 220, 390, 253, 361, 380, 264, 280, 273, 210, 369, 382, 200, 375, 288, 222, 323, 244, 212, 250, 275, 356, 263, 251, 203, 282, 393, 249, 398, 289, 378, 297, 279, 228, 306, 236, 295, 328, 303, 324, 394, 216, 395, 391, 325, 211], "recourse_recommended_ixs": [257, 292, 399, 346, 384, 220, 390, 253, 361, 380, 264, 280, 273, 210, 369, 382, 200, 375, 288, 222, 323, 244, 212, 250, 275, 356, 263, 251, 203, 282, 393, 249, 398, 289, 378, 297, 279, 228, 306, 236, 295, 328, 303, 324, 394, 216, 395, 391, 325, 211], "perc_recomm_found": 1.0, "gamma": 0.75, "eta": 0.75, "gamma_obs": 0.5199999809265137, "gamma_obs_pre": 0.14000000059604645, "eta_obs": 1.0, "costs": [1.0, 1.0, 1.0], "lbd": 300.0, "thresh": 0.5, "r_type": "individualized", "t_type": "acceptance", "eta_obs_individualized": NaN, "eta_obs_refits_batch0_mean": 0.8880000114440918, "model_score": 0.88, "model_f1": 0.8736842105263158, "model_refits_batch0_scores": [0.87, 0.855, 0.86, 0.875, 0.89], "model_refits_batch0_f1s": [0.8602150537634408, 0.8449197860962567, 0.8571428571428572, 0.8648648648648649, 0.8865979381443299], "model_coef": [[0.7890316628381474, 0.4105920024567912, 1.8411052935026497], [-0.15842463290751577]]}