{"accuracy_pre": 0.84, "accuracy_post": 0.66, "recourse_seeking_ixs": [347, 331, 269, 292, 352, 385, 279, 319, 326, 386, 257, 316, 371, 390, 388, 228, 324, 384, 309, 270, 232, 323, 205, 282, 374, 377, 271, 372, 290, 336, 216, 234, 208, 337, 243, 221, 209, 240, 318, 361, 349, 226, 210, 360, 239, 332, 363, 357, 276, 320], "recourse_recommended_ixs": [347, 331, 269, 292, 352, 385, 279, 319, 326, 386, 257, 316, 371, 390, 388, 228, 324, 384, 309, 270, 232, 323, 205, 282, 374, 377, 271, 372, 290, 336, 216, 234, 208, 337, 243, 221, 209, 240, 318, 361, 349, 226, 210, 360, 239, 332, 363, 357, 276, 320], "perc_recomm_found": 1.0, "gamma": 0.75, "eta": 0.75, "gamma_obs": 0.6600000262260437, "gamma_obs_pre": 0.1599999964237213, "eta_obs": 0.96, "costs": [1.0, 1.0], "lbd": 300.0, "thresh": 0.5, "r_type": "individualized", "t_type": "improvement", "eta_obs_individualized": 0.82, "eta_obs_refits_batch0_mean": 0.9239999651908875, "model_score": 0.845, "model_f1": 0.8426395939086294, "model_refits_batch0_scores": [0.83, 0.85, 0.845, 0.85, 0.85], "model_refits_batch0_f1s": [0.8210526315789474, 0.8469387755102041, 0.8426395939086294, 0.8453608247422681, 0.8529411764705883], "model_coef": [[0.3649932329484359, 0.048490336368937896, 0.7297688937818009], [-0.3313201747853932]]}