r_type,t_type,x1_mean,x2_mean,x3_mean,causes_mean,non-causes_mean,x1_std,x2_std,x3_std,causes_std,non-causes_std
individualized,acceptance,0.5939404326253567,0.5260040342471274,1.775177523480613,1.119944466872484,1.775177523480613,0.06707908142299288,0.06677407617177533,0.12369531337449725,0.11735799107295548,0.12369531337449725
individualized,counterfactual,0.4868634794071385,0.4359343802302073,1.7111033575194001,0.9227978596373457,1.7111033575194001,0.12990716208045786,0.1824027457928839,0.015431399895141423,0.18299107186987468,0.015431399895141423
individualized,improvement,1.265876871406069,1.482676189572146,,2.748553060978215,0.0,0.0950707684021879,0.23135050419137632,,0.16162767786921908,0.0
subpopulation,acceptance,0.5424048563325153,0.4021455767103652,1.6582332719695714,0.9445504330428806,1.6582332719695714,0.11862263996820693,0.1318636435630307,0.13826228262645746,0.18663820087127125,0.13826228262645746
subpopulation,improvement,1.2534750554602265,1.4876827276594071,,2.741157783119634,0.0,0.10789499723936036,0.1782854085280077,,0.09463041556618423,0.0
