{"accuracy_pre": 1.0, "accuracy_post": 0.0, "recourse_seeking_ixs": [247, 319, 221, 279, 273, 355, 262, 325, 380, 315, 261, 295, 342, 326, 362, 232, 335, 276, 382, 248, 399, 272, 291, 390, 370, 217, 252, 234, 289, 241, 397, 368, 346, 297, 267, 302, 209, 388, 357, 246, 298, 245, 385, 398, 216, 263, 351, 301, 260, 365], "recourse_recommended_ixs": [247, 319, 221, 279, 273, 355, 262, 325, 380, 315, 261, 295, 342, 326, 362, 232, 335, 276, 382, 248, 399, 272, 291, 390, 370, 217, 252, 234, 289, 241, 397, 368, 346, 297, 267, 302, 209, 388, 357, 246, 298, 245, 385, 398, 216, 263, 351, 301, 260, 365], "perc_recomm_found": 1.0, "gamma": 0.9, "eta": 0.9, "gamma_obs": 0.0, "gamma_obs_pre": 0.0, "eta_obs": 1.0, "costs": [5.0, 5.0, 0.0001, 0.01, 0.1], "lbd": 300.0, "thresh": 0.5, "r_type": "subpopulation", "t_type": "acceptance", "eta_obs_individualized": NaN, "eta_obs_refits_batch0_mean": 0.8960000000000001, "model_score": 0.995, "model_f1": 0.9964664310954063, "model_refits_batch0_scores": [0.99, 0.99, 1.0, 0.99, 0.985], "model_refits_batch0_f1s": [0.9929078014184397, 0.9929078014184397, 1.0, 0.9929078014184397, 0.9893992932862191], "model_coef": [[-0.22838770457895688, 0.5617071882378231, 0.006979002345526681, 0.21053030234592862, 1.0482022451566788], [-13.853632549890277]]}