{"accuracy_pre": 0.0, "accuracy_post": 0.83, "recourse_seeking_ixs": [1858, 1968, 1627, 1495, 1563, 1007, 1562, 1464, 1994, 1503, 1934, 1236, 1014, 1388, 1645, 1871, 1819, 1010, 1484, 1892, 1896, 1680, 1801, 1128, 1075, 1537, 1588, 1131, 1911, 1883, 1320, 1312, 1504, 1949, 1060, 1938, 1560, 1362, 1539, 1940, 1302, 1811, 1369, 1505, 1289, 1914, 1798, 1619, 1757, 1629, 1895, 1675, 1642, 1452, 1438, 1898, 1161, 1427, 1177, 1372, 1529, 1955, 1931, 1855, 1201, 1219, 1610, 1076, 1034, 1816, 1842, 1781, 1708, 1077, 1040, 1743, 1469, 1561, 1057, 1231, 1621, 1687, 1961, 1659, 1065, 1221, 1992, 1370, 1274, 1100, 1831, 1036, 1935, 1070, 1317, 1731, 1435, 1150, 1836, 1697], "recourse_recommended_ixs": [1858, 1968, 1627, 1495, 1563, 1007, 1562, 1464, 1994, 1503, 1934, 1236, 1014, 1388, 1645, 1871, 1819, 1010, 1484, 1892, 1896, 1680, 1801, 1128, 1075, 1537, 1588, 1131, 1911, 1883, 1320, 1312, 1504, 1949, 1060, 1938, 1560, 1362, 1539, 1940, 1302, 1811, 1369, 1505, 1289, 1914, 1798, 1619, 1757, 1629, 1895, 1675, 1642, 1452, 1438, 1898, 1161, 1427, 1177, 1372, 1529, 1955, 1931, 1855, 1201, 1219, 1610, 1076, 1034, 1816, 1842, 1781, 1708, 1077, 1040, 1743, 1469, 1561, 1057, 1231, 1621, 1687, 1961, 1659, 1065, 1221, 1992, 1370, 1274, 1100, 1831, 1036, 1935, 1070, 1317, 1731, 1435, 1150, 1836, 1697], "perc_recomm_found": 1.0, "gamma": 0.95, "eta": 0.95, "gamma_obs": 1.0, "gamma_obs_pre": 1.0, "eta_obs": 0.83, "costs": [1.0, 1.0], "lbd": 150.0, "thresh": 0.5, "r_type": "subpopulation", "t_type": "improvement", "eta_obs_individualized": NaN, "eta_obs_refits_batch0_mean": 0.8220000267028809, "model_score": 0.252, "model_f1": 0.9980506822612086, "model_refits_batch0_scores": [0.998, 0.998, 0.998, 0.998, 0.998], "model_refits_batch0_f1s": [0.99800796812749, 0.99800796812749, 0.99800796812749, 0.99800796812749, 0.99800796812749], "model_coef": [[-1.4772435662888521, -1.846554638080656, 3.532578813399066], [-1.7375217910702037]]}