{"accuracy_pre": 1.0, "accuracy_post": 1.0, "recourse_seeking_ixs": [1110, 1495, 1063, 1386, 1901, 1675, 1351, 1225, 1649, 1623, 1791, 1211, 1468, 1927, 1800, 1707, 1396, 1472, 1735, 1547, 1104, 1494, 1776, 1845, 1531, 1484, 1764, 1682, 1401, 1582, 1177, 1733, 1594, 1859, 1217, 1672, 1763, 1148, 1855, 1011, 1982, 1917, 1242, 1691, 1661, 1838, 1129, 1865, 1431, 1995, 1828, 1246, 1794, 1708, 1402, 1946, 1802, 1353, 1171, 1043, 1958, 1240, 1299, 1669, 1273, 1009, 1657, 1981, 1118, 1234, 1175, 1070, 1094, 1683, 1454, 1222, 1127, 1271, 1270, 1528, 1636, 1635, 1039, 1288, 1496, 1155, 1862, 1637, 1356, 1243, 1379, 1881, 1686, 1747, 1685, 1498, 1423, 1533, 1911, 1044], "recourse_recommended_ixs": [1110, 1495, 1063, 1386, 1901, 1675, 1351, 1225, 1649, 1623, 1791, 1211, 1468, 1927, 1800, 1707, 1396, 1472, 1735, 1547, 1104, 1494, 1776, 1845, 1531, 1484, 1764, 1682, 1401, 1582, 1177, 1733, 1594, 1859, 1217, 1672, 1763, 1148, 1855, 1011, 1982, 1917, 1242, 1691, 1661, 1838, 1129, 1865, 1431, 1995, 1828, 1246, 1794, 1708, 1402, 1946, 1802, 1353, 1171, 1043, 1958, 1240, 1299, 1669, 1273, 1009, 1657, 1981, 1118, 1234, 1175, 1070, 1094, 1683, 1454, 1222, 1127, 1271, 1270, 1528, 1636, 1635, 1039, 1288, 1496, 1155, 1862, 1637, 1356, 1243, 1379, 1881, 1686, 1747, 1685, 1498, 1423, 1533, 1911, 1044], "perc_recomm_found": 1.0, "gamma": 0.95, "eta": 0.95, "gamma_obs": 1.0, "gamma_obs_pre": 0.0, "eta_obs": 1.0, "costs": [1.0, 1.0], "lbd": 150.0, "thresh": 0.5, "r_type": "individualized", "t_type": "improvement", "eta_obs_individualized": 0.82, "eta_obs_refits_batch0_mean": 1.0, "model_score": 0.803, "model_f1": 0.9947862356621481, "model_refits_batch0_scores": [0.998, 0.998, 0.998, 0.998, 0.998], "model_refits_batch0_f1s": [0.9979674796747968, 0.9979674796747968, 0.9979674796747968, 0.9979674796747968, 0.9979674796747968], "model_coef": NaN}