{"accuracy_pre": 0.8, "accuracy_post": 0.23, "recourse_seeking_ixs": [473, 407, 336, 382, 304, 362, 314, 397, 499, 354, 462, 334, 378, 355, 463, 467, 282, 266, 271, 316, 327, 308, 278, 425, 376, 481, 258, 319, 305, 461, 448, 364, 299, 349, 259, 392, 252, 330, 318, 313, 399, 264, 470, 484, 268, 429, 325, 329, 431, 312, 436, 373, 451, 269, 332, 285, 331, 398, 445, 418, 279, 406, 280, 346, 471, 421, 381, 460, 495, 474, 396, 442, 307, 390, 423, 359, 413, 261, 475, 386, 452, 340, 437, 324, 457, 488, 440, 281, 458, 288, 384, 323, 375, 385, 479, 371, 498, 489, 356, 256], "recourse_recommended_ixs": [473, 407, 336, 382, 304, 362, 314, 397, 499, 354, 462, 334, 378, 355, 463, 467, 282, 266, 271, 316, 327, 308, 278, 425, 376, 481, 258, 319, 305, 461, 448, 364, 299, 349, 259, 392, 252, 330, 318, 313, 399, 264, 470, 484, 268, 429, 325, 329, 431, 312, 436, 373, 451, 269, 332, 285, 331, 398, 445, 418, 279, 406, 280, 346, 471, 421, 381, 460, 495, 474, 396, 442, 307, 390, 423, 359, 413, 261, 475, 386, 452, 340, 437, 324, 457, 488, 440, 281, 458, 288, 384, 323, 375, 385, 479, 371, 498, 489, 356, 256], "perc_recomm_found": 1.0, "gamma": 0.75, "eta": 0.75, "gamma_obs": 0.23000000417232513, "gamma_obs_pre": 0.20000000298023224, "eta_obs": 1.0, "costs": [1.0, 1.0, 1.0], "lbd": 100.0, "thresh": 0.5, "r_type": "subpopulation", "t_type": "acceptance", "eta_obs_individualized": NaN, "eta_obs_refits_batch0_mean": 0.6060000061988831, "model_score": 0.816, "model_f1": 0.8217054263565892, "model_refits_batch0_scores": [0.828, 0.856, 0.82, 0.84, 0.836], "model_refits_batch0_f1s": [0.8365019011406843, 0.8615384615384616, 0.8301886792452831, 0.8425196850393701, 0.8416988416988418], "model_coef": NaN}