{"accuracy_pre": 0.88, "accuracy_post": 0.31, "recourse_seeking_ixs": [828, 840, 727, 682, 868, 965, 624, 712, 542, 794, 696, 695, 937, 602, 782, 587, 945, 812, 521, 643, 925, 786, 873, 634, 777, 657, 870, 901, 577, 852, 618, 946, 847, 507, 844, 501, 793, 832, 988, 899, 730, 889, 619, 767, 764, 833, 668, 811, 768, 681, 977, 978, 933, 887, 503, 614, 583, 963, 647, 903, 512, 913, 752, 702, 757, 644, 658, 956, 771, 530, 916, 625, 632, 769, 968, 756, 962, 897, 783, 735, 732, 547, 692, 553, 621, 669, 649, 876, 502, 535, 848, 834, 958, 564, 894, 804, 700, 881, 549, 743], "recourse_recommended_ixs": [828, 840, 727, 682, 868, 965, 624, 712, 542, 794, 696, 695, 937, 602, 782, 587, 945, 812, 521, 643, 925, 786, 873, 634, 777, 657, 870, 901, 577, 852, 618, 946, 847, 507, 844, 501, 793, 832, 988, 899, 730, 889, 619, 767, 764, 833, 668, 811, 768, 681, 977, 978, 933, 887, 503, 614, 583, 963, 647, 903, 512, 913, 752, 702, 757, 644, 658, 956, 771, 530, 916, 625, 632, 769, 968, 756, 962, 897, 783, 735, 732, 547, 692, 553, 621, 669, 649, 876, 502, 535, 848, 834, 958, 564, 894, 804, 700, 881, 549, 743], "perc_recomm_found": 1.0, "gamma": 0.95, "eta": 0.95, "gamma_obs": 0.3100000023841858, "gamma_obs_pre": 0.11999999731779099, "eta_obs": 1.0, "costs": [1.0, 1.0, 1.0], "lbd": 300.0, "thresh": 0.5, "r_type": "individualized", "t_type": "counterfactual", "eta_obs_individualized": NaN, "eta_obs_refits_batch0_mean": 0.3920000195503235, "model_score": 0.85, "model_f1": 0.8588469184890656, "model_refits_batch0_scores": [0.848, 0.846, 0.848, 0.856, 0.854], "model_refits_batch0_f1s": [0.8597785977859778, 0.8522072936660269, 0.8560606060606061, 0.855421686746988, 0.8560157790927022], "model_coef": NaN}