{"accuracy_pre": 1.0, "accuracy_post": 1.0, "recourse_seeking_ixs": [1385, 1737, 1316, 1036, 1362, 1953, 1492, 1055, 1462, 1340, 1467, 1541, 1067, 1899, 1282, 1105, 1873, 1198, 1821, 1842, 1955, 1159, 1034, 1606, 1427, 1231, 1288, 1697, 1860, 1895, 1841, 1149, 1831, 1708, 1130, 1741, 1415, 1540, 1619, 1161, 1212, 1658, 1641, 1593, 1538, 1913, 1178, 1642, 1344, 1054, 1786, 1434, 1309, 1379, 1801, 1991, 1270, 1435, 1603, 1033, 1312, 1572, 1100, 1176, 1289, 1954, 1060, 1174, 1675, 1870, 1452, 1468, 1370, 1076, 1267, 1571, 1655, 1372, 1771, 1901, 1195, 1306, 1733, 1263, 1363, 1290, 1447, 1836, 1343, 1118, 1819, 1284, 1391, 1713, 1814, 1102, 1949, 1990, 1896, 1753], "recourse_recommended_ixs": [1385, 1737, 1316, 1036, 1362, 1953, 1492, 1055, 1462, 1340, 1467, 1541, 1067, 1899, 1282, 1105, 1873, 1198, 1821, 1842, 1955, 1159, 1034, 1606, 1427, 1231, 1288, 1697, 1860, 1895, 1841, 1149, 1831, 1708, 1130, 1741, 1415, 1540, 1619, 1161, 1212, 1658, 1641, 1593, 1538, 1913, 1178, 1642, 1344, 1054, 1786, 1434, 1309, 1379, 1801, 1991, 1270, 1435, 1603, 1033, 1312, 1572, 1100, 1176, 1289, 1954, 1060, 1174, 1675, 1870, 1452, 1468, 1370, 1076, 1267, 1571, 1655, 1372, 1771, 1901, 1195, 1306, 1733, 1263, 1363, 1290, 1447, 1836, 1343, 1118, 1819, 1284, 1391, 1713, 1814, 1102, 1949, 1990, 1896, 1753], "perc_recomm_found": 1.0, "gamma": 0.75, "eta": 0.75, "gamma_obs": 1.0, "gamma_obs_pre": 0.0, "eta_obs": 1.0, "costs": [1.0, 1.0, 1.0], "lbd": 150.0, "thresh": 0.5, "r_type": "individualized", "t_type": "counterfactual", "eta_obs_individualized": NaN, "eta_obs_refits_batch0_mean": 0.7119999527931213, "model_score": 0.995, "model_f1": 0.999004975124378, "model_refits_batch0_scores": [0.993, 0.998, 0.993, 0.993, 0.994], "model_refits_batch0_f1s": [0.992964824120603, 0.99800796812749, 0.992964824120603, 0.992964824120603, 0.9939759036144578], "model_coef": [[2.1377692770335646, 2.6722115933152057, 5.023757780492131], [-0.08763295293312978]]}