{"accuracy_pre": 1.0, "accuracy_post": 0.88, "recourse_seeking_ixs": [1325, 1480, 1209, 1306, 1759, 1271, 1070, 1436, 1242, 1081, 1478, 1987, 1872, 1536, 1614, 1674, 1105, 1923, 1946, 1320, 1661, 1733, 1775, 1084, 1844, 1911, 1486, 1107, 1862, 1246, 1524, 1483, 1430, 1941, 1137, 1490, 1671, 1727, 1552, 1384, 1091, 1740, 1238, 1992, 1433, 1657, 1861, 1349, 1344, 1994, 1707, 1223, 1463, 1034, 1724, 1800, 1790, 1853, 1446, 1359, 1527, 1230, 1700, 1473, 1499, 1423, 1188, 1073, 1818, 1229, 1955, 1304, 1622, 1276, 1204, 1717, 1898, 1031, 1195, 1975, 1799, 1897, 1652, 1545, 1813, 1088, 1735, 1477, 1041, 1533, 1149, 1311, 1100, 1640, 1985, 1821, 1878, 1570, 1450, 1409], "recourse_recommended_ixs": [1325, 1480, 1209, 1306, 1759, 1271, 1070, 1436, 1242, 1081, 1478, 1987, 1872, 1536, 1614, 1674, 1105, 1923, 1946, 1320, 1661, 1733, 1775, 1084, 1844, 1911, 1486, 1107, 1862, 1246, 1524, 1483, 1430, 1941, 1137, 1490, 1671, 1727, 1552, 1384, 1091, 1740, 1238, 1992, 1433, 1657, 1861, 1349, 1344, 1994, 1707, 1223, 1463, 1034, 1724, 1800, 1790, 1853, 1446, 1359, 1527, 1230, 1700, 1473, 1499, 1423, 1188, 1073, 1818, 1229, 1955, 1304, 1622, 1276, 1204, 1717, 1898, 1031, 1195, 1975, 1799, 1897, 1652, 1545, 1813, 1088, 1735, 1477, 1041, 1533, 1149, 1311, 1100, 1640, 1985, 1821, 1878, 1570, 1450, 1409], "perc_recomm_found": 1.0, "gamma": 0.75, "eta": 0.75, "gamma_obs": 1.0, "gamma_obs_pre": 0.0, "eta_obs": 0.88, "costs": [1.0, 1.0, 1.0], "lbd": 150.0, "thresh": 0.5, "r_type": "subpopulation", "t_type": "acceptance", "eta_obs_individualized": NaN, "eta_obs_refits_batch0_mean": 0.6439999341964722, "model_score": 0.957, "model_f1": 0.9979508196721312, "model_refits_batch0_scores": [1.0, 0.996, 1.0, 0.996, 0.998], "model_refits_batch0_f1s": [1.0, 0.9959100204498978, 1.0, 0.9959100204498978, 0.9979591836734694], "model_coef": [[2.1650913559683787, 2.7063642005291455, 5.087964699962023], [0.0330270914912409]]}