{"accuracy_pre": 1.0, "accuracy_post": 0.92, "recourse_seeking_ixs": [1176, 1861, 1813, 1764, 1423, 1669, 1037, 1804, 1885, 1345, 1881, 1041, 1602, 1677, 1034, 1668, 1233, 1137, 1496, 1841, 1003, 1059, 1588, 1081, 1026, 1740, 1046, 1613, 1963, 1222, 1909, 1680, 1248, 1342, 1170, 1958, 1311, 1498, 1175, 1278, 1077, 1072, 1748, 1674, 1875, 1432, 1359, 1978, 1399, 1104, 1386, 1671, 1876, 1527, 1286, 1785, 1436, 1769, 1154, 1335, 1453, 1649, 1107, 1518, 1070, 1898, 1188, 1426, 1132, 1230, 1283, 1421, 1020, 1981, 1828, 1092, 1531, 1006, 1576, 1744, 1202, 1142, 1113, 1344, 1105, 1919, 1031, 1936, 1451, 1788, 1905, 1733, 1161, 1537, 1174, 1805, 1707, 1818, 1862, 1863], "recourse_recommended_ixs": [1176, 1861, 1813, 1764, 1423, 1669, 1037, 1804, 1885, 1345, 1881, 1041, 1602, 1677, 1034, 1668, 1233, 1137, 1496, 1841, 1003, 1059, 1588, 1081, 1026, 1740, 1046, 1613, 1963, 1222, 1909, 1680, 1248, 1342, 1170, 1958, 1311, 1498, 1175, 1278, 1077, 1072, 1748, 1674, 1875, 1432, 1359, 1978, 1399, 1104, 1386, 1671, 1876, 1527, 1286, 1785, 1436, 1769, 1154, 1335, 1453, 1649, 1107, 1518, 1070, 1898, 1188, 1426, 1132, 1230, 1283, 1421, 1020, 1981, 1828, 1092, 1531, 1006, 1576, 1744, 1202, 1142, 1113, 1344, 1105, 1919, 1031, 1936, 1451, 1788, 1905, 1733, 1161, 1537, 1174, 1805, 1707, 1818, 1862, 1863], "perc_recomm_found": 1.0, "gamma": 0.95, "eta": 0.95, "gamma_obs": 1.0, "gamma_obs_pre": 0.0, "eta_obs": 0.92, "costs": [1.0, 1.0, 1.0], "lbd": 150.0, "thresh": 0.5, "r_type": "individualized", "t_type": "improvement", "eta_obs_individualized": 1.0, "eta_obs_refits_batch0_mean": 0.9199999570846558, "model_score": 0.996, "model_f1": 1.0, "model_refits_batch0_scores": [1.0, 1.0, 0.997, 0.997, 1.0], "model_refits_batch0_f1s": [1.0, 1.0, 0.9969356486210419, 0.9969356486210419, 1.0], "model_coef": NaN}