{"accuracy_pre": 1.0, "accuracy_post": 1.0, "recourse_seeking_ixs": [1233, 1895, 1070, 1985, 1060, 1203, 1731, 1871, 1014, 1221, 1821, 1907, 1962, 1886, 1992, 1295, 1443, 1741, 1994, 1030, 1077, 1827, 1313, 1469, 1934, 1081, 1216, 1440, 1680, 1219, 1197, 1364, 1606, 1040, 1757, 1529, 1561, 1360, 1683, 1316, 1320, 1161, 1026, 1806, 1797, 1713, 1291, 1660, 1327, 1667, 1988, 1740, 1210, 1900, 1685, 1650, 1533, 1971, 1661, 1012, 1935, 1282, 1267, 1458, 1591, 1892, 1563, 1179, 1610, 1145, 1274, 1349, 1214, 1539, 1931, 1484, 1492, 1201, 1438, 1633, 1093, 1452, 1523, 1982, 1906, 1150, 1071, 1166, 1415, 1859, 1186, 1224, 1938, 1034, 1044, 1223, 1677, 1517, 1067, 1470], "recourse_recommended_ixs": [1233, 1895, 1070, 1985, 1060, 1203, 1731, 1871, 1014, 1221, 1821, 1907, 1962, 1886, 1992, 1295, 1443, 1741, 1994, 1030, 1077, 1827, 1313, 1469, 1934, 1081, 1216, 1440, 1680, 1219, 1197, 1364, 1606, 1040, 1757, 1529, 1561, 1360, 1683, 1316, 1320, 1161, 1026, 1806, 1797, 1713, 1291, 1660, 1327, 1667, 1988, 1740, 1210, 1900, 1685, 1650, 1533, 1971, 1661, 1012, 1935, 1282, 1267, 1458, 1591, 1892, 1563, 1179, 1610, 1145, 1274, 1349, 1214, 1539, 1931, 1484, 1492, 1201, 1438, 1633, 1093, 1452, 1523, 1982, 1906, 1150, 1071, 1166, 1415, 1859, 1186, 1224, 1938, 1034, 1044, 1223, 1677, 1517, 1067, 1470], "perc_recomm_found": 1.0, "gamma": 0.75, "eta": 0.75, "gamma_obs": 1.0, "gamma_obs_pre": 0.0, "eta_obs": 1.0, "costs": [1.0, 1.0, 1.0], "lbd": 150.0, "thresh": 0.5, "r_type": "individualized", "t_type": "counterfactual", "eta_obs_individualized": NaN, "eta_obs_refits_batch0_mean": 1.0, "model_score": 0.813, "model_f1": 0.9990167158308751, "model_refits_batch0_scores": [0.998, 0.998, 1.0, 0.994, 0.996], "model_refits_batch0_f1s": [0.99800796812749, 0.99800796812749, 1.0, 0.9939999999999999, 0.9960079840319361], "model_coef": NaN}