{"inv": 0.7941176470588235, "val_m2": 0.20588235294117646, "val_m1": 1.0}