{"accuracy_pre": 0.9117647058823529, "accuracy_post": 0.2647058823529412, "recourse_seeking_ixs": [119, 148, 107, 156, 184, 106, 137, 195, 139, 190, 124, 142, 180, 194, 179, 157, 110, 160, 178, 143, 162, 122, 185, 136, 152, 164, 187, 172, 192, 114, 158, 126, 176, 145], "recourse_recommended_ixs": [119, 148, 107, 156, 184, 106, 137, 195, 139, 190, 124, 142, 180, 194, 179, 157, 110, 160, 178, 143, 162, 122, 185, 136, 152, 164, 187, 172, 192, 114, 158, 126, 176, 145], "perc_recomm_found": 1.0, "gamma": 0.75, "eta": 0.75, "gamma_obs": 0.2647058963775635, "gamma_obs_pre": 0.0882352963089943, "eta_obs": 1.0, "costs": [1.0, 1.0, 1.0], "lbd": 50.0, "thresh": 0.5, "r_type": "individualized", "t_type": "acceptance", "eta_obs_individualized": NaN, "eta_obs_refits_batch0_mean": 0.6882352828979492, "model_score": 0.83, "model_f1": 0.8245614035087718, "model_refits_batch0_scores": [0.76, 0.74, 0.72, 0.77, 0.78], "model_refits_batch0_f1s": [0.7777777777777777, 0.7719298245614036, 0.75, 0.7722772277227722, 0.7708333333333333], "model_coef": [[0.40369860139718966, 0.10964738981360939, 1.098398996722711], [-0.311438634657002]]}