{"accuracy_pre": 0.8, "accuracy_post": 0.96, "recourse_seeking_ixs": [249, 250, 242, 323, 381, 382, 207, 219, 232, 225, 257, 259, 362, 387, 240, 279, 396, 290, 321, 213, 206, 293, 324, 372, 385, 267, 287, 200, 296, 236, 366, 354, 391, 271, 268, 303, 394, 264, 393, 277, 338, 246, 291, 379, 284, 378, 308, 333, 336, 357], "recourse_recommended_ixs": [249, 250, 242, 323, 381, 207, 219, 232, 225, 257, 259, 362, 387, 240, 279, 396, 290, 321, 213, 206, 293, 324, 372, 385, 267, 287, 200, 296, 236, 366, 354, 391, 271, 268, 303, 394, 264, 393, 277, 338, 246, 291, 379, 284, 378, 308, 333, 336, 357], "perc_recomm_found": 0.98, "gamma": 0.95, "eta": 0.95, "gamma_obs": 0.9591836929321289, "gamma_obs_pre": 0.20408163964748383, "eta_obs": 1.0, "costs": [1.0, 1.0], "lbd": 300.0, "thresh": 0.5, "r_type": "individualized", "t_type": "improvement", "eta_obs_individualized": 0.9795918367346939, "eta_obs_refits_batch0_mean": 1.0, "model_score": 0.86, "model_f1": 0.8585858585858587, "model_refits_batch0_scores": [0.86, 0.845, 0.845, 0.855, 0.86], "model_refits_batch0_f1s": [0.8679245283018868, 0.845771144278607, 0.8502415458937197, 0.8527918781725888, 0.8613861386138614], "model_coef": [[0.16985827254192942, 0.14025447266518756, 1.0578971553425696], [-0.6346130562925294]]}