{"accuracy_pre": 0.84, "accuracy_post": 0.92, "recourse_seeking_ixs": [394, 280, 256, 393, 244, 282, 324, 265, 343, 385, 284, 396, 318, 328, 307, 359, 304, 241, 363, 250, 248, 382, 231, 214, 224, 268, 360, 269, 367, 338, 238, 202, 368, 373, 376, 204, 374, 293, 236, 217, 287, 355, 221, 397, 255, 317, 243, 372, 259, 387], "recourse_recommended_ixs": [394, 280, 256, 393, 244, 282, 324, 265, 343, 385, 284, 396, 318, 328, 307, 359, 304, 241, 363, 250, 248, 382, 231, 214, 224, 268, 360, 269, 367, 338, 238, 202, 368, 373, 376, 204, 374, 293, 236, 217, 287, 355, 221, 397, 255, 317, 243, 372, 259, 387], "perc_recomm_found": 1.0, "gamma": 0.9, "eta": 0.9, "gamma_obs": 0.9200000166893005, "gamma_obs_pre": 0.1599999964237213, "eta_obs": 1.0, "costs": [1.0, 1.0], "lbd": 300.0, "thresh": 0.5, "r_type": "individualized", "t_type": "improvement", "eta_obs_individualized": 0.96, "eta_obs_refits_batch0_mean": 1.0, "model_score": 0.82, "model_f1": 0.8043478260869565, "model_refits_batch0_scores": [0.825, 0.855, 0.825, 0.825, 0.81], "model_refits_batch0_f1s": [0.8128342245989306, 0.8497409326424871, 0.8044692737430168, 0.8167539267015707, 0.797872340425532], "model_coef": [[-0.03469255131631568, 0.297972323148673, 0.8210151570344043], [-0.3943902837117776]]}