{"accuracy_pre": 0.82, "accuracy_post": 0.27, "recourse_seeking_ixs": [307, 458, 290, 324, 436, 320, 440, 269, 457, 363, 369, 354, 368, 384, 296, 429, 486, 456, 358, 450, 256, 283, 318, 297, 301, 433, 266, 263, 381, 470, 306, 461, 437, 380, 396, 484, 370, 435, 395, 371, 481, 331, 392, 480, 344, 277, 333, 287, 474, 428, 423, 398, 372, 391, 261, 285, 366, 299, 421, 460, 469, 497, 491, 336, 446, 459, 444, 349, 472, 483, 360, 425, 316, 438, 347, 462, 276, 390, 402, 302, 385, 332, 356, 325, 254, 475, 399, 251, 413, 294, 442, 414, 362, 345, 343, 465, 411, 487, 341, 422], "recourse_recommended_ixs": [307, 458, 290, 324, 436, 320, 440, 269, 457, 363, 369, 354, 368, 384, 296, 429, 486, 456, 358, 450, 256, 283, 318, 297, 301, 433, 266, 263, 381, 470, 306, 461, 437, 380, 396, 484, 370, 435, 395, 371, 481, 331, 392, 480, 344, 277, 333, 287, 474, 428, 423, 398, 372, 391, 261, 285, 366, 299, 421, 460, 469, 497, 491, 336, 446, 459, 444, 349, 472, 483, 360, 425, 316, 438, 347, 462, 276, 390, 402, 302, 385, 332, 356, 325, 254, 475, 399, 251, 413, 294, 442, 414, 362, 345, 343, 465, 411, 487, 341, 422], "perc_recomm_found": 1.0, "gamma": 0.75, "eta": 0.75, "gamma_obs": 0.27000001072883606, "gamma_obs_pre": 0.18000000715255737, "eta_obs": 1.0, "costs": [1.0, 1.0, 1.0], "lbd": 100.0, "thresh": 0.5, "r_type": "individualized", "t_type": "acceptance", "eta_obs_individualized": NaN, "eta_obs_refits_batch0_mean": 0.7400000095367432, "model_score": 0.844, "model_f1": 0.8602150537634409, "model_refits_batch0_scores": [0.82, 0.836, 0.82, 0.832, 0.808], "model_refits_batch0_f1s": [0.8314606741573034, 0.859106529209622, 0.8314606741573034, 0.8521126760563381, 0.8195488721804511], "model_coef": [[0.3649762780376191, -0.16135842680610266, 1.1404697713857248], [-0.3137067525883348]]}