{"accuracy_pre": 0.99, "accuracy_post": 0.69, "recourse_seeking_ixs": [1065, 1410, 1309, 1193, 1968, 1923, 1797, 1146, 1598, 1568, 1988, 1237, 1680, 1277, 1036, 1649, 1841, 1469, 1224, 1764, 1896, 1532, 1100, 1861, 1713, 1284, 1075, 1618, 1014, 1342, 1504, 1770, 1978, 1302, 1472, 1976, 1711, 1607, 1413, 1057, 1679, 1915, 1023, 1650, 1174, 1817, 1317, 1412, 1007, 1285, 1645, 1934, 1840, 1340, 1447, 1784, 1635, 1315, 1567, 1070, 1821, 1835, 1906, 1346, 1072, 1415, 1404, 1791, 1986, 1552, 1895, 1026, 1537, 1162, 1369, 1352, 1099, 1324, 1805, 1287, 1746, 1726, 1725, 1886, 1116, 1385, 1855, 1060, 1736, 1096, 1431, 1603, 1101, 1717, 1931, 1859, 1434, 1312, 1034, 1646], "recourse_recommended_ixs": [1065, 1410, 1309, 1193, 1968, 1923, 1797, 1146, 1598, 1568, 1988, 1237, 1680, 1277, 1036, 1649, 1841, 1469, 1224, 1764, 1896, 1532, 1100, 1861, 1713, 1284, 1075, 1618, 1014, 1342, 1504, 1770, 1978, 1302, 1472, 1976, 1711, 1607, 1413, 1057, 1679, 1915, 1023, 1650, 1174, 1817, 1317, 1412, 1007, 1285, 1645, 1934, 1840, 1340, 1447, 1784, 1635, 1315, 1567, 1070, 1821, 1835, 1906, 1346, 1072, 1415, 1404, 1791, 1986, 1552, 1895, 1026, 1537, 1162, 1369, 1352, 1099, 1324, 1805, 1287, 1746, 1726, 1725, 1886, 1116, 1385, 1855, 1060, 1736, 1096, 1431, 1603, 1101, 1717, 1931, 1859, 1434, 1312, 1034, 1646], "perc_recomm_found": 1.0, "gamma": 0.75, "eta": 0.75, "gamma_obs": 1.0, "gamma_obs_pre": 0.009999999776482582, "eta_obs": 0.69, "costs": [1.0, 1.0], "lbd": 150.0, "thresh": 0.5, "r_type": "subpopulation", "t_type": "improvement", "eta_obs_individualized": NaN, "eta_obs_refits_batch0_mean": 0.7540000081062317, "model_score": 0.993, "model_f1": 0.9930624380574826, "model_refits_batch0_scores": [0.998, 0.998, 0.998, 0.998, 0.998], "model_refits_batch0_f1s": [0.99800796812749, 0.99800796812749, 0.99800796812749, 0.99800796812749, 0.99800796812749], "model_coef": [[-1.4772435662888521, -1.846554638080656, 3.532578813399066], [-1.7375217910702037]]}