{"accuracy_pre": 0.74, "accuracy_post": 0.28, "recourse_seeking_ixs": [300, 273, 254, 396, 266, 225, 376, 222, 379, 241, 394, 392, 306, 287, 314, 238, 261, 302, 384, 367, 373, 245, 235, 371, 383, 289, 256, 219, 278, 315, 237, 319, 381, 252, 327, 369, 212, 385, 218, 208, 362, 228, 215, 399, 390, 265, 230, 330, 382, 258], "recourse_recommended_ixs": [300, 273, 254, 396, 266, 225, 376, 222, 379, 241, 394, 392, 306, 287, 314, 238, 261, 302, 384, 367, 373, 245, 235, 371, 383, 289, 256, 219, 278, 315, 237, 319, 381, 252, 327, 369, 212, 385, 218, 208, 362, 228, 215, 399, 390, 265, 230, 330, 382, 258], "perc_recomm_found": 1.0, "gamma": 0.75, "eta": 0.75, "gamma_obs": 0.2800000011920929, "gamma_obs_pre": 0.25999999046325684, "eta_obs": 1.0, "costs": [1.0, 1.0, 1.0], "lbd": 300.0, "thresh": 0.5, "r_type": "subpopulation", "t_type": "acceptance", "eta_obs_individualized": NaN, "eta_obs_refits_batch0_mean": 0.8240000009536743, "model_score": 0.78, "model_f1": 0.7884615384615384, "model_refits_batch0_scores": [0.785, 0.77, 0.76, 0.755, 0.765], "model_refits_batch0_f1s": [0.7881773399014779, 0.7722772277227722, 0.7692307692307692, 0.7655502392344499, 0.7853881278538812], "model_coef": [[-0.6543354723990018, -0.13954819112395847, 1.2199991356442148], [-0.671315137719018]]}