{"accuracy_pre": 0.81, "accuracy_post": 0.74, "recourse_seeking_ixs": [880, 812, 635, 819, 836, 921, 668, 759, 844, 992, 860, 747, 713, 872, 779, 901, 677, 927, 557, 861, 608, 920, 999, 510, 670, 818, 547, 790, 981, 679, 876, 904, 616, 965, 696, 544, 840, 609, 708, 524, 975, 578, 792, 566, 990, 893, 784, 837, 987, 859, 800, 744, 593, 512, 882, 945, 986, 645, 803, 628, 659, 762, 650, 870, 875, 517, 914, 884, 922, 563, 725, 899, 823, 915, 787, 807, 515, 866, 622, 780, 864, 543, 907, 785, 769, 918, 503, 822, 843, 752, 841, 959, 720, 639, 798, 742, 849, 684, 745, 502], "recourse_recommended_ixs": [880, 812, 635, 819, 836, 921, 668, 759, 844, 992, 860, 747, 713, 872, 779, 901, 677, 927, 557, 861, 608, 920, 999, 510, 670, 818, 547, 790, 981, 679, 876, 904, 616, 965, 696, 544, 840, 609, 708, 524, 975, 578, 792, 566, 990, 893, 784, 837, 987, 859, 800, 744, 593, 512, 882, 945, 986, 645, 803, 628, 659, 762, 650, 870, 875, 517, 914, 884, 922, 563, 725, 899, 823, 915, 787, 807, 515, 866, 622, 780, 864, 543, 907, 785, 769, 918, 503, 822, 843, 752, 841, 959, 720, 639, 798, 742, 849, 684, 745, 502], "perc_recomm_found": 1.0, "gamma": 0.75, "eta": 0.75, "gamma_obs": 0.6899999976158142, "gamma_obs_pre": 0.1899999976158142, "eta_obs": 0.61, "costs": [1.0, 1.0], "lbd": 300.0, "thresh": 0.5, "r_type": "subpopulation", "t_type": "improvement", "eta_obs_individualized": NaN, "eta_obs_refits_batch0_mean": 0.5839999914169312, "model_score": 0.7, "model_f1": 0.6917960088691797, "model_refits_batch0_scores": [0.824, 0.81, 0.816, 0.818, 0.816], "model_refits_batch0_f1s": [0.8181818181818183, 0.7921225382932165, 0.7991266375545851, 0.7982261640798226, 0.800865800865801], "model_coef": NaN}