r_type,t_type,eta_mean,gamma_mean,perc_recomm_found_mean,eta_obs_mean,eta_obs_individualized_mean,eta_obs_refits_batch0_mean_mean,gamma_obs_mean,intv-cost_mean,eta_std,gamma_std,perc_recomm_found_std,eta_obs_std,eta_obs_individualized_std,eta_obs_refits_batch0_mean_std,gamma_obs_std,intv-cost_std
individualized,acceptance,0.75,0.75,1.0,1.0,,0.7453333338101705,0.25333333015441895,3.059999999731779,0.0,0.0,0.0,0.0,,0.08803026812007406,0.03055050476310745,0.4349114828388365
individualized,counterfactual,0.75,0.75,1.0,0.9733333333333333,,0.7346666852633158,0.26666667064030963,2.9753333342572055,0.0,0.0,0.0,0.023094010767585053,,0.07170309939245197,0.10066446774230597,0.43192746025636974
individualized,improvement,0.75,0.75,1.0,0.9666666666666667,0.7866666666666666,0.9573333263397217,0.7666666706403097,2.7606666635870933,0.0,0.0,0.0,0.03055050463303896,0.04163331998932265,0.028936736863741878,0.09451628965427336,0.14173684786374524
subpopulation,acceptance,0.75,0.75,1.0,0.96,,0.7280000050862631,0.2466666599114736,3.213999996622404,0.0,0.0,0.0,0.020000000000000018,,0.0839999914169382,0.08082903557262108,0.579582612336911
subpopulation,improvement,0.75,0.75,1.0,0.8666666666666667,,0.8746666510899862,0.6800000071525574,2.595333330531915,0.0,0.0,0.0,0.03055050463303896,,0.05096403997142305,0.05291503207868933,0.08600775168011889
