{"accuracy_pre": 1.0, "accuracy_post": 0.11, "recourse_seeking_ixs": [1938, 1961, 1154, 1298, 1158, 1743, 1560, 1590, 1538, 1883, 1516, 1229, 1161, 1439, 1204, 1701, 1964, 1336, 1607, 1182, 1781, 1270, 1842, 1546, 1006, 1804, 1332, 1250, 1059, 1084, 1794, 1042, 1711, 1065, 1434, 1218, 1956, 1561, 1470, 1119, 1368, 1491, 1947, 1937, 1034, 1473, 1681, 1808, 1652, 1936, 1455, 1440, 1449, 1518, 1882, 1226, 1306, 1562, 1212, 1733, 1692, 1959, 1257, 1108, 1016, 1443, 1235, 1602, 1623, 1103, 1980, 1147, 1467, 1519, 1256, 1978, 1494, 1244, 1338, 1007, 1316, 1572, 1658, 1303, 1238, 1731, 1272, 1375, 1873, 1453, 1259, 1894, 1496, 1279, 1413, 1931, 1612, 1405, 1820, 1913], "recourse_recommended_ixs": [1938, 1961, 1154, 1298, 1158, 1743, 1560, 1590, 1538, 1883, 1516, 1229, 1161, 1439, 1204, 1701, 1964, 1336, 1607, 1182, 1781, 1270, 1842, 1546, 1006, 1804, 1332, 1250, 1059, 1084, 1794, 1042, 1711, 1065, 1434, 1218, 1956, 1561, 1470, 1119, 1368, 1491, 1947, 1937, 1034, 1473, 1681, 1808, 1652, 1936, 1455, 1440, 1449, 1518, 1882, 1226, 1306, 1562, 1212, 1733, 1692, 1959, 1257, 1108, 1016, 1443, 1235, 1602, 1623, 1103, 1980, 1147, 1467, 1519, 1256, 1978, 1494, 1244, 1338, 1007, 1316, 1572, 1658, 1303, 1238, 1731, 1272, 1375, 1873, 1453, 1259, 1894, 1496, 1279, 1413, 1931, 1612, 1405, 1820, 1913], "perc_recomm_found": 1.0, "gamma": 0.75, "eta": 0.75, "gamma_obs": 0.05999999865889549, "gamma_obs_pre": 0.0, "eta_obs": 0.95, "costs": [1.0, 1.0, 1.0], "lbd": 150.0, "thresh": 0.5, "r_type": "individualized", "t_type": "counterfactual", "eta_obs_individualized": NaN, "eta_obs_refits_batch0_mean": 0.6480000019073486, "model_score": 0.977, "model_f1": 0.9926701570680629, "model_refits_batch0_scores": [0.998, 0.998, 0.998, 0.998, 0.998], "model_refits_batch0_f1s": [0.9979879275653923, 0.9979879275653923, 0.9979879275653923, 0.9979879275653923, 0.9979879275653923], "model_coef": [[-2.3825008588811247, -2.9781260199919783, 3.5658733069994097], [-1.936896338597984]]}