{"accuracy_pre": 1.0, "accuracy_post": 1.0, "recourse_seeking_ixs": [1937, 1209, 1976, 1009, 1830, 1575, 1814, 1230, 1782, 1097, 1127, 1390, 1402, 1791, 1357, 1931, 1776, 1014, 1802, 1432, 1730, 1253, 1000, 1570, 1376, 1088, 1888, 1971, 1083, 1344, 1919, 1987, 1538, 1069, 1025, 1155, 1707, 1921, 1786, 1643, 1218, 1525, 1099, 1065, 1673, 1222, 1168, 1288, 1094, 1640, 1464, 1792, 1104, 1457, 1499, 1137, 1969, 1674, 1890, 1027, 1677, 1790, 1225, 1708, 1373, 1961, 1350, 1157, 1759, 1691, 1551, 1897, 1480, 1978, 1257, 1039, 1020, 1511, 1554, 1478, 1043, 1238, 1360, 1161, 1794, 1247, 1028, 1139, 1587, 1372, 1249, 1073, 1769, 1580, 1305, 1336, 1246, 1016, 1184, 1364], "recourse_recommended_ixs": [1937, 1209, 1976, 1009, 1830, 1575, 1814, 1230, 1782, 1097, 1127, 1390, 1402, 1791, 1357, 1931, 1776, 1014, 1802, 1432, 1730, 1253, 1000, 1570, 1376, 1088, 1888, 1971, 1083, 1344, 1919, 1987, 1538, 1069, 1025, 1155, 1707, 1921, 1786, 1643, 1218, 1525, 1099, 1065, 1673, 1222, 1168, 1288, 1094, 1640, 1464, 1792, 1104, 1457, 1499, 1137, 1969, 1674, 1890, 1027, 1677, 1790, 1225, 1708, 1373, 1961, 1350, 1157, 1759, 1691, 1551, 1897, 1480, 1978, 1257, 1039, 1020, 1511, 1554, 1478, 1043, 1238, 1360, 1161, 1794, 1247, 1028, 1139, 1587, 1372, 1249, 1073, 1769, 1580, 1305, 1336, 1246, 1016, 1184, 1364], "perc_recomm_found": 1.0, "gamma": 0.95, "eta": 0.95, "gamma_obs": 1.0, "gamma_obs_pre": 0.0, "eta_obs": 1.0, "costs": [1.0, 1.0], "lbd": 150.0, "thresh": 0.5, "r_type": "individualized", "t_type": "improvement", "eta_obs_individualized": 1.0, "eta_obs_refits_batch0_mean": 0.9959999918937683, "model_score": 0.988, "model_f1": 0.9989594172736733, "model_refits_batch0_scores": [0.998, 0.998, 0.995, 0.995, 0.998], "model_refits_batch0_f1s": [0.9979674796747968, 0.9979674796747968, 0.9949031600407746, 0.9949031600407746, 0.9979674796747968], "model_coef": NaN}