{"accuracy_pre": 0.76, "accuracy_post": 0.9, "recourse_seeking_ixs": [203, 349, 352, 281, 242, 200, 268, 363, 360, 340, 257, 371, 390, 388, 370, 346, 272, 339, 359, 234, 369, 278, 361, 215, 205, 316, 271, 294, 382, 248, 237, 273, 303, 289, 389, 317, 295, 333, 238, 201, 328, 221, 296, 358, 380, 313, 321, 211, 220, 210], "recourse_recommended_ixs": [203, 349, 352, 281, 242, 200, 268, 363, 360, 340, 257, 371, 390, 388, 370, 346, 272, 339, 359, 234, 369, 278, 361, 215, 205, 316, 271, 294, 382, 248, 237, 273, 303, 289, 389, 317, 295, 333, 238, 201, 328, 221, 296, 358, 380, 313, 321, 211, 220, 210], "perc_recomm_found": 1.0, "gamma": 0.85, "eta": 0.85, "gamma_obs": 0.8799999952316284, "gamma_obs_pre": 0.23999999463558197, "eta_obs": 0.98, "costs": [1.0, 1.0], "lbd": 300.0, "thresh": 0.5, "r_type": "subpopulation", "t_type": "improvement", "eta_obs_individualized": NaN, "eta_obs_refits_batch0_mean": 0.9760000109672546, "model_score": 0.815, "model_f1": 0.827906976744186, "model_refits_batch0_scores": [0.845, 0.815, 0.825, 0.81, 0.84], "model_refits_batch0_f1s": [0.8646288209606988, 0.827906976744186, 0.8372093023255814, 0.820754716981132, 0.8608695652173912], "model_coef": [[0.0892843387739253, 0.17933814221519087, 0.8723300412911987], [-0.5136139243909458]]}