{"accuracy_pre": 0.78, "accuracy_post": 0.54, "recourse_seeking_ixs": [758, 599, 910, 913, 883, 864, 885, 892, 901, 546, 563, 929, 849, 822, 745, 939, 786, 900, 924, 869, 696, 665, 832, 706, 752, 609, 628, 789, 691, 997, 880, 670, 830, 779, 931, 801, 797, 532, 928, 684, 555, 693, 785, 823, 611, 990, 790, 652, 718, 828, 852, 980, 970, 723, 917, 848, 809, 586, 719, 732, 570, 933, 764, 560, 712, 731, 925, 509, 681, 539, 502, 637, 979, 603, 961, 664, 617, 999, 709, 666, 535, 645, 529, 575, 683, 965, 998, 863, 703, 878, 658, 631, 596, 989, 525, 824, 671, 710, 545, 648], "recourse_recommended_ixs": [758, 599, 910, 913, 883, 864, 885, 892, 901, 546, 563, 929, 849, 822, 745, 939, 786, 900, 924, 869, 696, 665, 832, 706, 752, 609, 628, 789, 691, 997, 880, 670, 830, 779, 931, 801, 797, 532, 928, 684, 555, 693, 785, 823, 611, 990, 790, 652, 718, 828, 852, 980, 970, 723, 917, 848, 809, 586, 719, 732, 570, 933, 764, 560, 712, 731, 925, 509, 681, 539, 502, 637, 979, 603, 961, 664, 617, 999, 709, 666, 535, 645, 529, 575, 683, 965, 998, 863, 703, 878, 658, 631, 596, 989, 525, 824, 671, 710, 545, 648], "perc_recomm_found": 1.0, "gamma": 0.75, "eta": 0.75, "gamma_obs": 0.5099999904632568, "gamma_obs_pre": 0.2199999988079071, "eta_obs": 0.97, "costs": [1.0, 1.0, 1.0], "lbd": 300.0, "thresh": 0.5, "r_type": "individualized", "t_type": "counterfactual", "eta_obs_individualized": NaN, "eta_obs_refits_batch0_mean": 0.5760000348091125, "model_score": 0.844, "model_f1": 0.8625954198473283, "model_refits_batch0_scores": [0.884, 0.892, 0.87, 0.878, 0.874], "model_refits_batch0_f1s": [0.8786610878661086, 0.8805309734513276, 0.8608137044967881, 0.871578947368421, 0.8695652173913043], "model_coef": NaN}