{"accuracy_pre": 0.9, "accuracy_post": 0.21, "recourse_seeking_ixs": [504, 569, 717, 545, 548, 949, 563, 719, 646, 900, 714, 728, 940, 565, 603, 767, 749, 939, 992, 665, 502, 669, 776, 882, 953, 567, 586, 636, 938, 873, 959, 795, 596, 686, 742, 505, 727, 914, 979, 641, 577, 593, 962, 905, 693, 527, 748, 803, 595, 880, 564, 846, 997, 966, 936, 522, 555, 822, 639, 896, 610, 842, 573, 631, 609, 798, 955, 813, 547, 656, 929, 998, 859, 845, 994, 702, 670, 523, 853, 549, 823, 885, 976, 705, 528, 552, 884, 988, 811, 825, 768, 703, 529, 827, 987, 781, 894, 540, 915, 526], "recourse_recommended_ixs": [504, 569, 717, 545, 548, 949, 563, 719, 646, 900, 714, 728, 940, 565, 603, 767, 749, 939, 992, 665, 502, 669, 776, 882, 953, 567, 586, 636, 938, 873, 959, 795, 596, 686, 742, 505, 727, 914, 979, 641, 577, 593, 962, 905, 693, 527, 748, 803, 595, 880, 564, 846, 997, 966, 936, 522, 555, 822, 639, 896, 610, 842, 573, 631, 609, 798, 955, 813, 547, 656, 929, 998, 859, 845, 994, 702, 670, 523, 853, 549, 823, 885, 976, 705, 528, 552, 884, 988, 811, 825, 768, 703, 529, 827, 987, 781, 894, 540, 915, 526], "perc_recomm_found": 1.0, "gamma": 0.75, "eta": 0.75, "gamma_obs": 0.12999999523162842, "gamma_obs_pre": 0.10000000149011612, "eta_obs": 0.92, "costs": [1.0, 1.0, 1.0], "lbd": 300.0, "thresh": 0.5, "r_type": "subpopulation", "t_type": "acceptance", "eta_obs_individualized": NaN, "eta_obs_refits_batch0_mean": 0.44600000977516174, "model_score": 0.846, "model_f1": 0.826722338204593, "model_refits_batch0_scores": [0.824, 0.822, 0.818, 0.804, 0.816], "model_refits_batch0_f1s": [0.8189300411522634, 0.8179959100204499, 0.8115942028985509, 0.7983539094650206, 0.8], "model_coef": [[-0.15516047170550962, 0.3887020845851001, 0.7972309199062461], [-0.34300633791006724]]}