{"accuracy_pre": 0.99, "accuracy_post": 0.53, "recourse_seeking_ixs": [1234, 1697, 1071, 1985, 1065, 1206, 1651, 1562, 1014, 1223, 1859, 1801, 1457, 1892, 1992, 1302, 1443, 1988, 1629, 1030, 1081, 1766, 1942, 1835, 1797, 1084, 1219, 1440, 1680, 1221, 1198, 1484, 1741, 1040, 1418, 1529, 1731, 1356, 1683, 1316, 1895, 1162, 1026, 1648, 1366, 1933, 1295, 1660, 1327, 1982, 1362, 1740, 1214, 1329, 1685, 1532, 1650, 1973, 1935, 1012, 1485, 1284, 1274, 1924, 1591, 1539, 1872, 1186, 1610, 1146, 1276, 1677, 1216, 1317, 1495, 1907, 1625, 1203, 1439, 1742, 1097, 1902, 1900, 1619, 1968, 1161, 1075, 1168, 1873, 1189, 1227, 1940, 1034, 1044, 1224, 1949, 1070, 1470, 1557, 1675], "recourse_recommended_ixs": [1234, 1697, 1071, 1985, 1065, 1206, 1651, 1562, 1014, 1223, 1859, 1801, 1457, 1892, 1992, 1302, 1443, 1988, 1629, 1030, 1081, 1766, 1942, 1835, 1797, 1084, 1219, 1440, 1680, 1221, 1198, 1484, 1741, 1040, 1418, 1529, 1731, 1356, 1683, 1316, 1895, 1162, 1026, 1648, 1366, 1933, 1295, 1660, 1327, 1982, 1362, 1740, 1214, 1329, 1685, 1532, 1650, 1973, 1935, 1012, 1485, 1284, 1274, 1924, 1591, 1539, 1872, 1186, 1610, 1146, 1276, 1677, 1216, 1317, 1495, 1907, 1625, 1203, 1439, 1742, 1097, 1902, 1900, 1619, 1968, 1161, 1075, 1168, 1873, 1189, 1227, 1940, 1034, 1044, 1224, 1949, 1070, 1470, 1557, 1675], "perc_recomm_found": 1.0, "gamma": 0.95, "eta": 0.95, "gamma_obs": 0.9700000286102295, "gamma_obs_pre": 0.009999999776482582, "eta_obs": 1.0, "costs": [1.0, 1.0, 1.0], "lbd": 150.0, "thresh": 0.5, "r_type": "subpopulation", "t_type": "acceptance", "eta_obs_individualized": NaN, "eta_obs_refits_batch0_mean": 0.6240000128746033, "model_score": 0.812, "model_f1": 0.9980276134122288, "model_refits_batch0_scores": [0.998, 0.998, 0.999, 0.998, 0.998], "model_refits_batch0_f1s": [0.99800796812749, 0.99800796812749, 0.9990069513406157, 0.99800796812749, 0.99800796812749], "model_coef": NaN}