{"accuracy_pre": 1.0, "accuracy_post": 0.53, "recourse_seeking_ixs": [1255, 1440, 1969, 1106, 1268, 1572, 1072, 1488, 1541, 1337, 1479, 1588, 1357, 1881, 1662, 1030, 1684, 1429, 1025, 1449, 1473, 1456, 1362, 1654, 1147, 1289, 1280, 1570, 1386, 1627, 1065, 1007, 1896, 1000, 1306, 1945, 1133, 1768, 1652, 1100, 1368, 1366, 1981, 1711, 1316, 1607, 1582, 1345, 1199, 1085, 1272, 1975, 1734, 1069, 1158, 1415, 1219, 1836, 1305, 1960, 1683, 1828, 1693, 1808, 1744, 1658, 1747, 1356, 1299, 1042, 1579, 1141, 1626, 1882, 1714, 1649, 1565, 1308, 1558, 1303, 1671, 1239, 1359, 1549, 1926, 1326, 1193, 1794, 1568, 1522, 1938, 1911, 1918, 1934, 1992, 1267, 1074, 1731, 1330, 1859], "recourse_recommended_ixs": [1255, 1440, 1969, 1106, 1268, 1572, 1072, 1488, 1541, 1337, 1479, 1588, 1357, 1881, 1662, 1030, 1684, 1429, 1025, 1449, 1473, 1456, 1362, 1654, 1147, 1289, 1280, 1570, 1386, 1627, 1065, 1007, 1896, 1000, 1306, 1945, 1133, 1768, 1652, 1100, 1368, 1366, 1981, 1711, 1316, 1607, 1582, 1345, 1199, 1085, 1272, 1975, 1734, 1069, 1158, 1415, 1219, 1836, 1305, 1960, 1683, 1828, 1693, 1808, 1744, 1658, 1747, 1356, 1299, 1042, 1579, 1141, 1626, 1882, 1714, 1649, 1565, 1308, 1558, 1303, 1671, 1239, 1359, 1549, 1926, 1326, 1193, 1794, 1568, 1522, 1938, 1911, 1918, 1934, 1992, 1267, 1074, 1731, 1330, 1859], "perc_recomm_found": 1.0, "gamma": 0.75, "eta": 0.75, "gamma_obs": 1.0, "gamma_obs_pre": 0.0, "eta_obs": 0.53, "costs": [1.0, 1.0], "lbd": 150.0, "thresh": 0.5, "r_type": "subpopulation", "t_type": "improvement", "eta_obs_individualized": NaN, "eta_obs_refits_batch0_mean": 0.5120000243186951, "model_score": 0.977, "model_f1": 0.9926701570680629, "model_refits_batch0_scores": [0.998, 0.998, 0.998, 0.998, 0.998], "model_refits_batch0_f1s": [0.9979879275653923, 0.9979879275653923, 0.9979879275653923, 0.9979879275653923, 0.9979879275653923], "model_coef": [[-2.3825008588811247, -2.9781260199919783, 3.5658733069994097], [-1.936896338597984]]}