{"accuracy_pre": 0.84, "accuracy_post": 0.76, "recourse_seeking_ixs": [512, 954, 516, 684, 984, 607, 575, 794, 983, 729, 931, 877, 819, 527, 606, 881, 570, 977, 928, 500, 962, 933, 580, 618, 959, 880, 859, 949, 782, 891, 545, 762, 884, 519, 963, 930, 982, 733, 814, 657, 642, 769, 515, 761, 507, 915, 732, 860, 637, 649, 803, 851, 713, 668, 714, 929, 650, 791, 553, 681, 709, 540, 946, 848, 660, 771, 911, 741, 567, 801, 908, 968, 693, 849, 599, 603, 748, 890, 501, 843, 820, 926, 647, 743, 845, 588, 576, 503, 560, 616, 838, 543, 996, 903, 813, 749, 888, 906, 844, 927], "recourse_recommended_ixs": [512, 954, 516, 684, 984, 607, 575, 794, 983, 729, 931, 877, 819, 527, 606, 881, 570, 977, 928, 500, 962, 933, 580, 618, 959, 880, 859, 949, 782, 891, 545, 762, 884, 519, 963, 930, 982, 733, 814, 657, 642, 769, 515, 761, 507, 915, 732, 860, 637, 649, 803, 851, 713, 668, 714, 929, 650, 791, 553, 681, 709, 540, 946, 848, 660, 771, 911, 741, 567, 801, 908, 968, 693, 849, 599, 603, 748, 890, 501, 843, 820, 926, 647, 743, 845, 588, 576, 503, 560, 616, 838, 543, 996, 903, 813, 749, 888, 906, 844, 927], "perc_recomm_found": 1.0, "gamma": 0.75, "eta": 0.75, "gamma_obs": 0.7599999904632568, "gamma_obs_pre": 0.1599999964237213, "eta_obs": 1.0, "costs": [1.0, 1.0, 1.0], "lbd": 300.0, "thresh": 0.5, "r_type": "individualized", "t_type": "improvement", "eta_obs_individualized": 1.0, "eta_obs_refits_batch0_mean": 1.0, "model_score": 0.844, "model_f1": 0.8629629629629629, "model_refits_batch0_scores": [0.862, 0.86, 0.86, 0.846, 0.86], "model_refits_batch0_f1s": [0.8516129032258065, 0.8504273504273505, 0.8458149779735683, 0.8285077951002228, 0.8478260869565217], "model_coef": NaN}