{"accuracy_pre": 0.85, "accuracy_post": 0.79, "recourse_seeking_ixs": [833, 565, 798, 517, 704, 545, 629, 597, 876, 889, 913, 513, 691, 895, 762, 699, 659, 959, 953, 921, 507, 623, 590, 841, 583, 881, 600, 852, 599, 878, 502, 838, 855, 534, 947, 858, 714, 515, 856, 622, 657, 572, 972, 826, 705, 936, 903, 779, 829, 711, 865, 797, 586, 574, 530, 832, 795, 514, 655, 687, 698, 773, 885, 783, 986, 516, 543, 994, 717, 727, 550, 948, 630, 568, 850, 541, 966, 564, 540, 665, 978, 609, 643, 979, 777, 964, 567, 989, 863, 668, 934, 835, 697, 716, 539, 954, 634, 678, 825, 806], "recourse_recommended_ixs": [833, 565, 798, 517, 704, 545, 629, 597, 876, 889, 913, 513, 691, 895, 762, 699, 659, 959, 953, 921, 507, 623, 590, 841, 583, 881, 600, 852, 599, 878, 502, 838, 855, 534, 947, 858, 714, 515, 856, 622, 657, 572, 972, 826, 705, 936, 903, 779, 829, 711, 865, 797, 586, 574, 530, 832, 795, 514, 655, 687, 698, 773, 885, 783, 986, 516, 543, 994, 717, 727, 550, 948, 630, 568, 850, 541, 966, 564, 540, 665, 978, 609, 643, 979, 777, 964, 567, 989, 863, 668, 934, 835, 697, 716, 539, 954, 634, 678, 825, 806], "perc_recomm_found": 1.0, "gamma": 0.75, "eta": 0.75, "gamma_obs": 0.800000011920929, "gamma_obs_pre": 0.15000000596046448, "eta_obs": 0.99, "costs": [1.0, 1.0, 1.0], "lbd": 300.0, "thresh": 0.5, "r_type": "individualized", "t_type": "improvement", "eta_obs_individualized": 1.0, "eta_obs_refits_batch0_mean": 0.9880000352859497, "model_score": 0.874, "model_f1": 0.86652977412731, "model_refits_batch0_scores": [0.886, 0.89, 0.88, 0.874, 0.872], "model_refits_batch0_f1s": [0.8784648187633263, 0.8861283643892339, 0.8728813559322034, 0.8684759916492694, 0.8688524590163934], "model_coef": [[0.594492694325962, 0.33108333829437153, 1.4018161030511183], [-0.1258241311860166]]}