{"accuracy_pre": 0.77, "accuracy_post": 0.78, "recourse_seeking_ixs": [961, 984, 946, 751, 640, 563, 781, 709, 662, 678, 814, 990, 893, 916, 531, 641, 740, 541, 634, 572, 981, 863, 837, 748, 569, 877, 926, 542, 504, 522, 943, 566, 798, 745, 515, 586, 503, 632, 688, 842, 802, 982, 561, 838, 573, 715, 722, 889, 639, 708, 895, 760, 948, 841, 887, 540, 739, 666, 793, 915, 741, 647, 858, 593, 890, 544, 777, 737, 691, 913, 616, 574, 702, 530, 778, 790, 773, 734, 811, 746, 500, 899, 723, 850, 953, 753, 668, 583, 762, 966, 815, 521, 980, 594, 833, 795, 557, 805, 625, 967], "recourse_recommended_ixs": [961, 984, 946, 751, 640, 563, 781, 709, 662, 678, 814, 990, 893, 916, 531, 641, 740, 541, 634, 572, 981, 863, 837, 748, 569, 877, 926, 542, 504, 522, 943, 566, 798, 745, 515, 586, 503, 632, 688, 842, 802, 982, 561, 838, 573, 715, 722, 889, 639, 708, 895, 760, 948, 841, 887, 540, 739, 666, 793, 915, 741, 647, 858, 593, 890, 544, 777, 737, 691, 913, 616, 574, 702, 530, 778, 790, 773, 734, 811, 746, 500, 899, 723, 850, 953, 753, 668, 583, 762, 966, 815, 521, 980, 594, 833, 795, 557, 805, 625, 967], "perc_recomm_found": 1.0, "gamma": 0.75, "eta": 0.75, "gamma_obs": 0.7300000190734863, "gamma_obs_pre": 0.23000000417232513, "eta_obs": 0.83, "costs": [1.0, 1.0], "lbd": 300.0, "thresh": 0.5, "r_type": "subpopulation", "t_type": "improvement", "eta_obs_individualized": NaN, "eta_obs_refits_batch0_mean": 0.8079999685287476, "model_score": 0.81, "model_f1": 0.8079999999999998, "model_refits_batch0_scores": [0.824, 0.81, 0.816, 0.818, 0.816], "model_refits_batch0_f1s": [0.8181818181818183, 0.7921225382932165, 0.7991266375545851, 0.7982261640798226, 0.800865800865801], "model_coef": NaN}