{"accuracy_pre": 0.86, "accuracy_post": 0.36, "recourse_seeking_ixs": [381, 316, 399, 321, 232, 260, 314, 284, 358, 200, 352, 386, 368, 349, 391, 210, 207, 214, 328, 273, 345, 248, 291, 396, 393, 243, 215, 313, 272, 329, 221, 377, 306, 361, 268, 327, 397, 242, 342, 293, 246, 235, 276, 380, 356, 238, 281, 256, 261, 375], "recourse_recommended_ixs": [381, 316, 399, 321, 232, 260, 314, 284, 358, 200, 352, 386, 368, 349, 391, 210, 207, 214, 328, 273, 345, 248, 291, 396, 393, 243, 215, 313, 272, 329, 221, 377, 306, 361, 268, 327, 397, 242, 342, 293, 246, 235, 276, 380, 356, 238, 281, 256, 261, 375], "perc_recomm_found": 1.0, "gamma": 0.75, "eta": 0.75, "gamma_obs": 0.36000001430511475, "gamma_obs_pre": 0.14000000059604645, "eta_obs": 1.0, "costs": [1.0, 1.0, 1.0], "lbd": 300.0, "thresh": 0.5, "r_type": "individualized", "t_type": "acceptance", "eta_obs_individualized": NaN, "eta_obs_refits_batch0_mean": 0.6919999718666077, "model_score": 0.89, "model_f1": 0.888888888888889, "model_refits_batch0_scores": [0.91, 0.88, 0.885, 0.895, 0.905], "model_refits_batch0_f1s": [0.9081632653061225, 0.8811881188118811, 0.8878048780487805, 0.8911917098445595, 0.9045226130653267], "model_coef": [[1.0725123715533602, 0.2180381731278218, 1.6860843883037773], [0.3237274772452617]]}