{"accuracy_pre": 0.8, "accuracy_post": 0.95, "recourse_seeking_ixs": [585, 793, 980, 998, 898, 698, 652, 550, 871, 931, 782, 615, 586, 673, 749, 598, 501, 941, 634, 767, 700, 850, 821, 922, 642, 502, 552, 978, 711, 551, 600, 863, 729, 534, 719, 843, 999, 960, 620, 680, 905, 715, 929, 651, 987, 995, 838, 549, 701, 592, 569, 611, 869, 547, 855, 714, 732, 687, 685, 623, 812, 859, 791, 887, 776, 535, 624, 899, 982, 640, 759, 969, 840, 519, 780, 717, 993, 638, 896, 912, 746, 544, 942, 510, 892, 655, 786, 760, 562, 965, 815, 627, 886, 970, 713, 904, 788, 739, 784, 597], "recourse_recommended_ixs": [585, 793, 980, 998, 898, 698, 652, 550, 871, 931, 782, 615, 586, 673, 749, 598, 501, 941, 634, 767, 700, 850, 821, 922, 642, 502, 552, 978, 711, 551, 600, 863, 729, 534, 719, 843, 999, 960, 620, 680, 905, 715, 929, 651, 987, 995, 838, 549, 701, 592, 569, 611, 869, 547, 855, 714, 732, 687, 685, 623, 812, 859, 791, 887, 776, 535, 624, 899, 982, 640, 759, 969, 840, 519, 780, 717, 993, 638, 896, 912, 746, 544, 942, 510, 892, 655, 786, 760, 562, 965, 815, 627, 886, 970, 713, 904, 788, 739, 784, 597], "perc_recomm_found": 1.0, "gamma": 0.95, "eta": 0.95, "gamma_obs": 0.949999988079071, "gamma_obs_pre": 0.20000000298023224, "eta_obs": 1.0, "costs": [1.0, 1.0], "lbd": 300.0, "thresh": 0.5, "r_type": "individualized", "t_type": "improvement", "eta_obs_individualized": 1.0, "eta_obs_refits_batch0_mean": 1.0, "model_score": 0.818, "model_f1": 0.8351648351648351, "model_refits_batch0_scores": [0.822, 0.82, 0.814, 0.828, 0.83], "model_refits_batch0_f1s": [0.8202020202020203, 0.8170731707317074, 0.8128772635814889, 0.822314049586777, 0.8261758691206543], "model_coef": [[0.4193815735163298, -0.17430836989550566, 0.8740051248645054], [-0.5287631658814632]]}