{"accuracy_pre": 0.84, "accuracy_post": 0.23, "recourse_seeking_ixs": [588, 886, 701, 729, 859, 893, 734, 941, 939, 627, 993, 751, 587, 557, 921, 513, 562, 553, 500, 793, 785, 645, 623, 515, 871, 960, 636, 913, 502, 541, 835, 791, 607, 714, 693, 725, 801, 619, 509, 794, 912, 521, 856, 908, 815, 635, 699, 720, 818, 640, 717, 506, 739, 726, 634, 688, 622, 934, 567, 890, 904, 668, 678, 947, 978, 547, 795, 838, 753, 998, 583, 880, 988, 837, 874, 522, 799, 926, 684, 504, 764, 658, 507, 568, 617, 754, 728, 967, 685, 670, 778, 746, 841, 959, 659, 958, 605, 861, 833, 981], "recourse_recommended_ixs": [588, 886, 701, 729, 859, 893, 734, 941, 939, 627, 993, 751, 587, 557, 921, 513, 562, 553, 500, 793, 785, 645, 623, 515, 871, 960, 636, 913, 502, 541, 835, 791, 607, 714, 693, 725, 801, 619, 509, 794, 912, 521, 856, 908, 815, 635, 699, 720, 818, 640, 717, 506, 739, 726, 634, 688, 622, 934, 567, 890, 904, 668, 678, 947, 978, 547, 795, 838, 753, 998, 583, 880, 988, 837, 874, 522, 799, 926, 684, 504, 764, 658, 507, 568, 617, 754, 728, 967, 685, 670, 778, 746, 841, 959, 659, 958, 605, 861, 833, 981], "perc_recomm_found": 1.0, "gamma": 0.75, "eta": 0.75, "gamma_obs": 0.23000000417232513, "gamma_obs_pre": 0.1599999964237213, "eta_obs": 1.0, "costs": [1.0, 1.0, 1.0], "lbd": 300.0, "thresh": 0.5, "r_type": "individualized", "t_type": "acceptance", "eta_obs_individualized": NaN, "eta_obs_refits_batch0_mean": 0.4959999918937683, "model_score": 0.85, "model_f1": 0.876984126984127, "model_refits_batch0_scores": [0.824, 0.822, 0.818, 0.804, 0.816], "model_refits_batch0_f1s": [0.8189300411522634, 0.8179959100204499, 0.8115942028985509, 0.7983539094650206, 0.8], "model_coef": [[-0.15516047170550962, 0.3887020845851001, 0.7972309199062461], [-0.34300633791006724]]}