{"accuracy_pre": 0.84, "accuracy_post": 0.76, "recourse_seeking_ixs": [299, 467, 359, 283, 368, 396, 495, 342, 270, 375, 284, 265, 454, 370, 328, 456, 309, 433, 445, 416, 336, 429, 422, 275, 462, 465, 378, 401, 329, 363, 384, 403, 258, 349, 345, 438, 391, 369, 471, 354, 282, 251, 295, 418, 260, 331, 356, 388, 327, 292, 395, 306, 437, 269, 326, 360, 263, 491, 411, 497, 303, 478, 390, 261, 481, 320, 300, 276, 420, 444, 389, 440, 452, 312, 250, 393, 412, 479, 338, 487, 362, 291, 469, 472, 313, 268, 267, 343, 332, 253, 314, 425, 492, 351, 475, 301, 339, 484, 365, 385], "recourse_recommended_ixs": [299, 467, 359, 283, 368, 396, 495, 342, 270, 375, 284, 265, 454, 370, 328, 456, 309, 433, 445, 416, 336, 429, 422, 275, 462, 465, 378, 401, 329, 363, 384, 403, 258, 349, 345, 438, 391, 369, 471, 354, 282, 251, 295, 418, 260, 331, 356, 388, 327, 292, 395, 306, 437, 269, 326, 360, 263, 491, 411, 497, 303, 478, 390, 261, 481, 320, 300, 276, 420, 444, 389, 440, 452, 312, 250, 393, 412, 479, 338, 487, 362, 291, 469, 472, 313, 268, 267, 343, 332, 253, 314, 425, 492, 351, 475, 301, 339, 484, 365, 385], "perc_recomm_found": 1.0, "gamma": 0.75, "eta": 0.75, "gamma_obs": 0.7799999713897705, "gamma_obs_pre": 0.1599999964237213, "eta_obs": 0.86, "costs": [1.0, 1.0], "lbd": 100.0, "thresh": 0.5, "r_type": "individualized", "t_type": "improvement", "eta_obs_individualized": 0.85, "eta_obs_refits_batch0_mean": 0.8579999804496765, "model_score": 0.816, "model_f1": 0.7909090909090909, "model_refits_batch0_scores": [0.82, 0.824, 0.82, 0.824, 0.808], "model_refits_batch0_f1s": [0.8034934497816594, 0.7924528301886793, 0.7945205479452055, 0.794392523364486, 0.7777777777777778], "model_coef": NaN}