{"accuracy_pre": 0.98, "accuracy_post": 0.95, "recourse_seeking_ixs": [1421, 1161, 1650, 1340, 1288, 1223, 1802, 1577, 1219, 1038, 1582, 1008, 1174, 1113, 1615, 1455, 1955, 1016, 1104, 1880, 1308, 1744, 1204, 1737, 1184, 1369, 1555, 1498, 1432, 1686, 1100, 1862, 1105, 1068, 1897, 1524, 1202, 1791, 1335, 1730, 1501, 1472, 1396, 1299, 1292, 1188, 1946, 1408, 1588, 1640, 1807, 1454, 1041, 1938, 1830, 1272, 1148, 1635, 1287, 1882, 1700, 1975, 1122, 1952, 1764, 1325, 1499, 1763, 1108, 1476, 1672, 1512, 1238, 1367, 1586, 1813, 1436, 1478, 1342, 1329, 1841, 1947, 1977, 1923, 1176, 1671, 1966, 1110, 1451, 1657, 1822, 1566, 1453, 1878, 1248, 1790, 1271, 1065, 1357, 1336], "recourse_recommended_ixs": [1421, 1161, 1650, 1340, 1288, 1223, 1802, 1577, 1219, 1038, 1582, 1008, 1174, 1113, 1615, 1455, 1955, 1016, 1104, 1880, 1308, 1744, 1204, 1737, 1184, 1369, 1555, 1498, 1432, 1686, 1100, 1862, 1105, 1068, 1897, 1524, 1202, 1791, 1335, 1730, 1501, 1472, 1396, 1299, 1292, 1188, 1946, 1408, 1588, 1640, 1807, 1454, 1041, 1938, 1830, 1272, 1148, 1635, 1287, 1882, 1700, 1975, 1122, 1952, 1764, 1325, 1499, 1763, 1108, 1476, 1672, 1512, 1238, 1367, 1586, 1813, 1436, 1478, 1342, 1329, 1841, 1947, 1977, 1923, 1176, 1671, 1966, 1110, 1451, 1657, 1822, 1566, 1453, 1878, 1248, 1790, 1271, 1065, 1357, 1336], "perc_recomm_found": 1.0, "gamma": 0.75, "eta": 0.75, "gamma_obs": 1.0, "gamma_obs_pre": 0.019999999552965164, "eta_obs": 0.95, "costs": [1.0, 1.0], "lbd": 150.0, "thresh": 0.5, "r_type": "individualized", "t_type": "improvement", "eta_obs_individualized": 1.0, "eta_obs_refits_batch0_mean": 0.9580000042915344, "model_score": 0.884, "model_f1": 0.9989594172736733, "model_refits_batch0_scores": [0.998, 0.998, 0.995, 0.995, 0.998], "model_refits_batch0_f1s": [0.9979674796747968, 0.9979674796747968, 0.9949031600407746, 0.9949031600407746, 0.9979674796747968], "model_coef": NaN}