{"accuracy_pre": 0.65, "accuracy_post": 0.53, "recourse_seeking_ixs": [660, 938, 676, 661, 871, 868, 525, 963, 817, 775, 976, 924, 521, 797, 979, 731, 596, 561, 671, 650, 685, 604, 520, 812, 670, 841, 875, 754, 842, 971, 581, 662, 882, 630, 528, 626, 964, 779, 784, 993, 572, 589, 782, 804, 843, 562, 891, 710, 922, 554, 885, 904, 614, 955, 568, 826, 994, 923, 696, 965, 912, 582, 750, 893, 795, 862, 970, 674, 510, 668, 792, 793, 622, 530, 839, 709, 989, 959, 840, 873, 857, 907, 985, 649, 947, 767, 677, 870, 872, 691, 647, 644, 753, 544, 886, 571, 975, 563, 553, 718], "recourse_recommended_ixs": [660, 938, 676, 661, 871, 868, 525, 963, 817, 775, 976, 924, 521, 797, 979, 731, 596, 561, 671, 650, 685, 604, 520, 812, 670, 841, 875, 754, 842, 971, 581, 662, 882, 630, 528, 626, 964, 779, 784, 993, 572, 589, 782, 804, 843, 562, 891, 710, 922, 554, 885, 904, 614, 955, 568, 826, 994, 923, 696, 965, 912, 582, 750, 893, 795, 862, 970, 674, 510, 668, 792, 793, 622, 530, 839, 709, 989, 959, 840, 873, 857, 907, 985, 649, 947, 767, 677, 870, 872, 691, 647, 644, 753, 544, 886, 571, 975, 563, 553, 718], "perc_recomm_found": 1.0, "gamma": 0.75, "eta": 0.75, "gamma_obs": 0.4000000059604645, "gamma_obs_pre": 0.3499999940395355, "eta_obs": 0.96, "costs": [1.0, 1.0, 1.0], "lbd": 300.0, "thresh": 0.5, "r_type": "subpopulation", "t_type": "acceptance", "eta_obs_individualized": NaN, "eta_obs_refits_batch0_mean": 0.559999942779541, "model_score": 0.756, "model_f1": 0.8081761006289309, "model_refits_batch0_scores": [0.762, 0.74, 0.742, 0.762, 0.776], "model_refits_batch0_f1s": [0.8083735909822866, 0.788961038961039, 0.7909238249594814, 0.8149300155520995, 0.8222222222222222], "model_coef": NaN}