{"accuracy_pre": 1.0, "accuracy_post": 0.44, "recourse_seeking_ixs": [1250, 1736, 1531, 1283, 1103, 1253, 1235, 1144, 1170, 1151, 1561, 1717, 1453, 1836, 1590, 1244, 1420, 1507, 1114, 1273, 1823, 1379, 1145, 1981, 1354, 1904, 1190, 1706, 1589, 1179, 1449, 1014, 1002, 1692, 1425, 1578, 1313, 1626, 1236, 1580, 1204, 1585, 1750, 1000, 1623, 1629, 1119, 1015, 1089, 1863, 1127, 1452, 1303, 1467, 1322, 1398, 1992, 1593, 1096, 1062, 1513, 1570, 1093, 1005, 1422, 1282, 1845, 1965, 1047, 1695, 1907, 1230, 1361, 1338, 1840, 1288, 1954, 1666, 1864, 1708, 1528, 1309, 1934, 1382, 1818, 1964, 1239, 1889, 1031, 1684, 1968, 1923, 1671, 1739, 1337, 1916, 1397, 1606, 1762, 1491], "recourse_recommended_ixs": [1250, 1736, 1531, 1283, 1103, 1253, 1235, 1144, 1170, 1151, 1561, 1717, 1453, 1836, 1590, 1244, 1420, 1507, 1114, 1273, 1823, 1379, 1145, 1981, 1354, 1904, 1190, 1706, 1589, 1179, 1449, 1014, 1002, 1692, 1425, 1578, 1313, 1626, 1236, 1580, 1204, 1585, 1750, 1000, 1623, 1629, 1119, 1015, 1089, 1863, 1127, 1452, 1303, 1467, 1322, 1398, 1992, 1593, 1096, 1062, 1513, 1570, 1093, 1005, 1422, 1282, 1845, 1965, 1047, 1695, 1907, 1230, 1361, 1338, 1840, 1288, 1954, 1666, 1864, 1708, 1528, 1309, 1934, 1382, 1818, 1964, 1239, 1889, 1031, 1684, 1968, 1923, 1671, 1739, 1337, 1916, 1397, 1606, 1762, 1491], "perc_recomm_found": 1.0, "gamma": 0.75, "eta": 0.75, "gamma_obs": 0.41999998688697815, "gamma_obs_pre": 0.0, "eta_obs": 0.98, "costs": [1.0, 1.0, 1.0], "lbd": 150.0, "thresh": 0.5, "r_type": "individualized", "t_type": "counterfactual", "eta_obs_individualized": NaN, "eta_obs_refits_batch0_mean": 0.6239999532699585, "model_score": 0.937, "model_f1": 0.9957356076759062, "model_refits_batch0_scores": [0.998, 0.998, 0.998, 0.998, 0.998], "model_refits_batch0_f1s": [0.9979879275653923, 0.9979879275653923, 0.9979879275653923, 0.9979879275653923, 0.9979879275653923], "model_coef": NaN}