{"accuracy_pre": 0.91, "accuracy_post": 0.46, "recourse_seeking_ixs": [800, 902, 966, 830, 673, 999, 752, 740, 524, 616, 904, 519, 546, 679, 678, 573, 927, 865, 847, 563, 961, 562, 543, 657, 997, 598, 812, 736, 925, 521, 551, 500, 983, 532, 940, 861, 845, 685, 945, 623, 655, 609, 956, 515, 766, 697, 742, 605, 846, 957, 643, 773, 774, 822, 973, 886, 991, 619, 844, 727, 518, 622, 967, 602, 944, 714, 750, 882, 586, 672, 706, 683, 503, 942, 522, 980, 510, 784, 591, 912, 881, 564, 962, 876, 941, 738, 607, 635, 508, 692, 838, 681, 910, 788, 779, 651, 768, 832, 716, 626], "recourse_recommended_ixs": [800, 902, 966, 830, 673, 999, 752, 740, 524, 616, 904, 519, 546, 679, 678, 573, 927, 865, 847, 563, 961, 562, 543, 657, 997, 598, 812, 736, 925, 521, 551, 500, 983, 532, 940, 861, 845, 685, 945, 623, 655, 609, 956, 515, 766, 697, 742, 605, 846, 957, 643, 773, 774, 822, 973, 886, 991, 619, 844, 727, 518, 622, 967, 602, 944, 714, 750, 882, 586, 672, 706, 683, 503, 942, 522, 980, 510, 784, 591, 912, 881, 564, 962, 876, 941, 738, 607, 635, 508, 692, 838, 681, 910, 788, 779, 651, 768, 832, 716, 626], "perc_recomm_found": 1.0, "gamma": 0.75, "eta": 0.75, "gamma_obs": 0.3700000047683716, "gamma_obs_pre": 0.09000000357627869, "eta_obs": 1.0, "costs": [1.0, 1.0, 1.0], "lbd": 300.0, "thresh": 0.5, "r_type": "individualized", "t_type": "acceptance", "eta_obs_individualized": NaN, "eta_obs_refits_batch0_mean": 0.44200000166893005, "model_score": 0.818, "model_f1": 0.8378947368421052, "model_refits_batch0_scores": [0.86, 0.85, 0.838, 0.826, 0.826], "model_refits_batch0_f1s": [0.8504273504273505, 0.8351648351648353, 0.8235294117647058, 0.8062360801781737, 0.8027210884353743], "model_coef": NaN}