{"accuracy_pre": 0.76, "accuracy_post": 0.44, "recourse_seeking_ixs": [466, 260, 418, 282, 332, 257, 350, 300, 395, 355, 496, 449, 337, 326, 365, 411, 447, 330, 297, 458, 413, 450, 429, 316, 255, 289, 348, 372, 268, 463, 480, 364, 393, 376, 340, 291, 498, 484, 352, 370, 322, 396, 448, 272, 481, 317, 280, 309, 436, 259, 483, 388, 420, 430, 499, 336, 425, 487, 279, 488, 435, 403, 360, 274, 320, 342, 273, 415, 468, 451, 258, 434, 409, 261, 457, 366, 492, 304, 479, 424, 375, 379, 341, 495, 426, 250, 286, 410, 383, 400, 454, 391, 308, 357, 464, 412, 367, 387, 371, 482], "recourse_recommended_ixs": [466, 260, 418, 282, 332, 257, 350, 300, 395, 355, 496, 449, 337, 326, 365, 411, 447, 330, 297, 458, 413, 450, 429, 316, 255, 289, 348, 372, 268, 463, 480, 364, 393, 376, 340, 291, 498, 484, 352, 370, 322, 396, 448, 272, 481, 317, 280, 309, 436, 259, 483, 388, 420, 430, 499, 336, 425, 487, 279, 488, 435, 403, 360, 274, 320, 342, 273, 415, 468, 451, 258, 434, 409, 261, 457, 366, 492, 304, 479, 424, 375, 379, 341, 495, 426, 250, 286, 410, 383, 400, 454, 391, 308, 357, 464, 412, 367, 387, 371, 482], "perc_recomm_found": 1.0, "gamma": 0.75, "eta": 0.75, "gamma_obs": 0.4399999976158142, "gamma_obs_pre": 0.23999999463558197, "eta_obs": 1.0, "costs": [1.0, 1.0, 1.0], "lbd": 100.0, "thresh": 0.5, "r_type": "individualized", "t_type": "acceptance", "eta_obs_individualized": NaN, "eta_obs_refits_batch0_mean": 0.4880000054836273, "model_score": 0.816, "model_f1": 0.8174603174603174, "model_refits_batch0_scores": [0.82, 0.8, 0.788, 0.82, 0.82], "model_refits_batch0_f1s": [0.8235294117647058, 0.7983870967741935, 0.7744680851063831, 0.8275862068965518, 0.8221343873517786], "model_coef": [[0.364131442133878, 0.5473275596048564, 0.8624555193504215], [-0.8739401198090159]]}