{"accuracy_pre": 0.8387096774193549, "accuracy_post": 0.9032258064516129, "recourse_seeking_ixs": [115, 100, 125, 104, 141, 166, 147, 128, 106, 107, 127, 173, 179, 164, 116, 184, 159, 122, 113, 145, 139, 172, 111, 189, 198, 175, 148, 109, 153, 133, 143], "recourse_recommended_ixs": [115, 100, 125, 104, 141, 166, 147, 128, 106, 107, 127, 173, 179, 164, 116, 184, 159, 122, 113, 145, 139, 172, 111, 189, 198, 175, 148, 109, 153, 133, 143], "perc_recomm_found": 1.0, "gamma": 0.75, "eta": 0.75, "gamma_obs": 0.9032257795333862, "gamma_obs_pre": 0.16129031777381897, "eta_obs": 1.0, "costs": [1.0, 1.0], "lbd": 50.0, "thresh": 0.5, "r_type": "subpopulation", "t_type": "improvement", "eta_obs_individualized": NaN, "eta_obs_refits_batch0_mean": 0.9612903594970703, "model_score": 0.84, "model_f1": 0.874074074074074, "model_refits_batch0_scores": [0.76, 0.74, 0.72, 0.77, 0.78], "model_refits_batch0_f1s": [0.7777777777777777, 0.7719298245614036, 0.75, 0.7722772277227722, 0.7708333333333333], "model_coef": [[0.40369860139718966, 0.10964738981360939, 1.098398996722711], [-0.311438634657002]]}