{"accuracy_pre": 0.72, "accuracy_post": 0.36, "recourse_seeking_ixs": [518, 724, 512, 864, 500, 657, 586, 824, 621, 865, 891, 843, 746, 845, 984, 690, 646, 535, 802, 795, 817, 993, 571, 995, 954, 868, 963, 804, 987, 849, 885, 763, 597, 821, 665, 570, 519, 862, 814, 922, 996, 618, 924, 748, 672, 923, 560, 921, 721, 652, 902, 627, 649, 880, 681, 794, 741, 841, 906, 941, 726, 528, 719, 942, 744, 966, 589, 860, 959, 930, 803, 507, 813, 890, 750, 978, 932, 769, 992, 732, 664, 899, 913, 545, 871, 708, 711, 609, 919, 911, 582, 680, 742, 916, 701, 879, 739, 785, 967, 606], "recourse_recommended_ixs": [518, 724, 512, 864, 500, 657, 586, 824, 621, 865, 891, 843, 746, 845, 984, 690, 646, 535, 802, 795, 817, 993, 571, 995, 954, 868, 963, 804, 987, 849, 885, 763, 597, 821, 665, 570, 519, 862, 814, 922, 996, 618, 924, 748, 672, 923, 560, 921, 721, 652, 902, 627, 649, 880, 681, 794, 741, 841, 906, 941, 726, 528, 719, 942, 744, 966, 589, 860, 959, 930, 803, 507, 813, 890, 750, 978, 932, 769, 992, 732, 664, 899, 913, 545, 871, 708, 711, 609, 919, 911, 582, 680, 742, 916, 701, 879, 739, 785, 967, 606], "perc_recomm_found": 1.0, "gamma": 0.75, "eta": 0.75, "gamma_obs": 0.36000001430511475, "gamma_obs_pre": 0.2800000011920929, "eta_obs": 1.0, "costs": [1.0, 1.0, 1.0], "lbd": 300.0, "thresh": 0.5, "r_type": "individualized", "t_type": "acceptance", "eta_obs_individualized": NaN, "eta_obs_refits_batch0_mean": 0.5199999809265137, "model_score": 0.764, "model_f1": 0.7741935483870969, "model_refits_batch0_scores": [0.778, 0.794, 0.784, 0.802, 0.806], "model_refits_batch0_f1s": [0.7412587412587412, 0.7736263736263737, 0.7440758293838863, 0.7724137931034482, 0.7868131868131869], "model_coef": NaN}