r_type,t_type,eta_mean,gamma_mean,perc_recomm_found_mean,eta_obs_mean,eta_obs_individualized_mean,eta_obs_refits_batch0_mean_mean,gamma_obs_mean,intv-cost_mean,eta_std,gamma_std,perc_recomm_found_std,eta_obs_std,eta_obs_individualized_std,eta_obs_refits_batch0_mean_std,gamma_obs_std,intv-cost_std
individualized,acceptance,0.75,0.75,1.0,1.0,,0.4226666666666666,0.0,0.12504216666666665,0.0,0.0,0.0,0.0,,0.16677629727672133,0.0,0.042591561459793106
individualized,counterfactual,0.75,0.75,1.0,1.0,,0.42333333333333334,0.0016666666666666668,0.12718533333333334,0.0,0.0,0.0,0.0,,0.16089230352423123,0.002886751345948129,0.04074703151253273
individualized,improvement,0.75,0.75,0.9983333333333334,0.9282328308207705,0.9298994974874372,0.9268994974874372,0.9298994974874372,9.832998324958124,0.0,0.0,0.0028867513459481316,0.012443715187142799,0.009849630799588841,0.01136268913044551,0.009849630799588841,0.10424572347434004
subpopulation,acceptance,0.75,0.75,1.0,1.0,,0.6096666666666667,0.0,0.35868950000000005,0.0,0.0,0.0,0.0,,0.3612884350949159,0.0,0.38059319377880374
subpopulation,improvement,0.75,0.75,1.0,0.9249999999999999,,0.9213333333333334,0.9266666666666667,9.616666666666667,0.0,0.0,0.0,0.013228756555322902,,0.008504900548115412,0.011547005383792462,0.10408329997330641
