{"accuracy_pre": 0.9, "accuracy_post": 0.37, "recourse_seeking_ixs": [650, 848, 908, 964, 537, 790, 643, 628, 686, 600, 708, 989, 623, 961, 545, 923, 587, 780, 869, 550, 500, 984, 875, 811, 919, 800, 915, 847, 511, 695, 596, 647, 551, 729, 627, 605, 666, 699, 756, 506, 696, 815, 930, 583, 710, 745, 748, 956, 904, 991, 609, 799, 814, 691, 966, 586, 938, 999, 595, 976, 927, 512, 700, 862, 782, 812, 582, 514, 680, 801, 657, 712, 662, 768, 638, 648, 788, 742, 903, 687, 716, 765, 713, 527, 824, 688, 738, 668, 590, 603, 965, 963, 882, 683, 845, 618, 914, 907, 641, 980], "recourse_recommended_ixs": [650, 848, 908, 964, 537, 790, 643, 628, 686, 600, 708, 989, 623, 961, 545, 923, 587, 780, 869, 550, 500, 984, 875, 811, 919, 800, 915, 847, 511, 695, 596, 647, 551, 729, 627, 605, 666, 699, 756, 506, 696, 815, 930, 583, 710, 745, 748, 956, 904, 991, 609, 799, 814, 691, 966, 586, 938, 999, 595, 976, 927, 512, 700, 862, 782, 812, 582, 514, 680, 801, 657, 712, 662, 768, 638, 648, 788, 742, 903, 687, 716, 765, 713, 527, 824, 688, 738, 668, 590, 603, 965, 963, 882, 683, 845, 618, 914, 907, 641, 980], "perc_recomm_found": 1.0, "gamma": 0.95, "eta": 0.95, "gamma_obs": 0.25999999046325684, "gamma_obs_pre": 0.10000000149011612, "eta_obs": 1.0, "costs": [1.0, 1.0, 1.0], "lbd": 300.0, "thresh": 0.5, "r_type": "individualized", "t_type": "acceptance", "eta_obs_individualized": NaN, "eta_obs_refits_batch0_mean": 0.4699999690055847, "model_score": 0.69, "model_f1": 0.7719999999999998, "model_refits_batch0_scores": [0.814, 0.808, 0.822, 0.758, 0.796], "model_refits_batch0_f1s": [0.8074534161490684, 0.8064516129032259, 0.8126315789473685, 0.7575150300601203, 0.782051282051282], "model_coef": NaN}