{"accuracy_pre": 0.93, "accuracy_post": 0.19, "recourse_seeking_ixs": [632, 685, 954, 872, 737, 697, 825, 787, 735, 838, 904, 612, 615, 783, 599, 594, 570, 734, 857, 753, 546, 853, 829, 802, 643, 988, 554, 951, 778, 762, 764, 739, 830, 746, 775, 799, 529, 511, 743, 909, 516, 676, 617, 885, 870, 694, 890, 824, 826, 738, 800, 625, 571, 756, 662, 992, 619, 705, 678, 720, 878, 873, 808, 936, 804, 914, 727, 630, 944, 660, 622, 984, 847, 530, 614, 761, 518, 654, 980, 931, 818, 666, 627, 549, 543, 611, 910, 677, 986, 963, 978, 722, 712, 771, 541, 661, 928, 757, 990, 814], "recourse_recommended_ixs": [632, 685, 954, 872, 737, 697, 825, 787, 735, 838, 904, 612, 615, 783, 599, 594, 570, 734, 857, 753, 546, 853, 829, 802, 643, 988, 554, 951, 778, 762, 764, 739, 830, 746, 775, 799, 529, 511, 743, 909, 516, 676, 617, 885, 870, 694, 890, 824, 826, 738, 800, 625, 571, 756, 662, 992, 619, 705, 678, 720, 878, 873, 808, 936, 804, 914, 727, 630, 944, 660, 622, 984, 847, 530, 614, 761, 518, 654, 980, 931, 818, 666, 627, 549, 543, 611, 910, 677, 986, 963, 978, 722, 712, 771, 541, 661, 928, 757, 990, 814], "perc_recomm_found": 1.0, "gamma": 0.95, "eta": 0.95, "gamma_obs": 0.18000000715255737, "gamma_obs_pre": 0.07000000029802322, "eta_obs": 0.99, "costs": [1.0, 1.0, 1.0], "lbd": 300.0, "thresh": 0.5, "r_type": "subpopulation", "t_type": "acceptance", "eta_obs_individualized": NaN, "eta_obs_refits_batch0_mean": 0.47200003266334534, "model_score": 0.822, "model_f1": 0.8301886792452831, "model_refits_batch0_scores": [0.82, 0.828, 0.806, 0.818, 0.836], "model_refits_batch0_f1s": [0.7906976744186047, 0.8045454545454546, 0.7662650602409637, 0.7858823529411765, 0.8217391304347826], "model_coef": NaN}