{"accuracy_pre": 0.73, "accuracy_post": 0.66, "recourse_seeking_ixs": [256, 495, 420, 460, 398, 424, 365, 377, 353, 260, 444, 318, 272, 489, 340, 403, 356, 412, 328, 322, 343, 323, 480, 364, 498, 408, 492, 397, 310, 284, 476, 285, 406, 471, 379, 431, 450, 396, 274, 437, 287, 307, 320, 321, 362, 350, 264, 395, 304, 374, 267, 488, 277, 291, 317, 254, 499, 373, 351, 389, 392, 257, 477, 452, 464, 393, 308, 463, 404, 493, 456, 324, 470, 325, 449, 409, 410, 459, 332, 481, 411, 334, 440, 441, 294, 483, 313, 433, 316, 358, 413, 399, 344, 479, 263, 385, 309, 331, 384, 253], "recourse_recommended_ixs": [256, 495, 420, 460, 398, 424, 365, 377, 353, 260, 444, 318, 272, 489, 340, 403, 356, 412, 328, 322, 343, 323, 480, 364, 498, 408, 492, 397, 310, 284, 476, 285, 406, 471, 379, 431, 450, 396, 274, 437, 287, 307, 320, 321, 362, 350, 264, 395, 304, 374, 267, 488, 277, 291, 317, 254, 499, 373, 351, 389, 392, 257, 477, 452, 464, 393, 308, 463, 404, 493, 456, 324, 470, 325, 449, 409, 410, 459, 332, 481, 411, 334, 440, 441, 294, 483, 313, 433, 316, 358, 413, 399, 344, 479, 263, 385, 309, 331, 384, 253], "perc_recomm_found": 1.0, "gamma": 0.75, "eta": 0.75, "gamma_obs": 0.7799999713897705, "gamma_obs_pre": 0.27000001072883606, "eta_obs": 0.76, "costs": [1.0, 1.0], "lbd": 100.0, "thresh": 0.5, "r_type": "individualized", "t_type": "improvement", "eta_obs_individualized": 0.78, "eta_obs_refits_batch0_mean": 0.8060000538825989, "model_score": 0.752, "model_f1": 0.7500000000000001, "model_refits_batch0_scores": [0.8, 0.76, 0.768, 0.784, 0.776], "model_refits_batch0_f1s": [0.8, 0.7560975609756099, 0.7542372881355932, 0.7610619469026549, 0.7741935483870968], "model_coef": NaN}