{"accuracy_pre": 1.0, "accuracy_post": 0.12, "recourse_seeking_ixs": [1119, 1326, 1758, 1507, 1292, 1420, 1612, 1093, 1693, 1460, 1954, 1880, 1171, 1298, 1034, 1937, 1537, 1858, 1796, 1978, 1304, 1700, 1204, 1518, 1582, 1405, 1589, 1299, 1002, 1853, 1662, 1966, 1423, 1874, 1174, 1194, 1212, 1219, 1053, 1637, 1560, 1762, 1369, 1133, 1202, 1528, 1607, 1581, 1170, 1282, 1848, 1519, 1772, 1025, 1734, 1873, 1214, 1253, 1776, 1578, 1072, 1286, 1382, 1896, 1296, 1424, 1236, 1695, 1144, 1629, 1495, 1398, 1976, 1288, 1556, 1062, 1231, 1239, 1084, 1091, 1554, 1201, 1293, 1391, 1960, 1902, 1623, 1549, 1998, 1839, 1437, 1126, 1434, 1106, 1276, 1154, 1626, 1542, 1305, 1428], "recourse_recommended_ixs": [1119, 1326, 1758, 1507, 1292, 1420, 1612, 1093, 1693, 1460, 1954, 1880, 1171, 1298, 1034, 1937, 1537, 1858, 1796, 1978, 1304, 1700, 1204, 1518, 1582, 1405, 1589, 1299, 1002, 1853, 1662, 1966, 1423, 1874, 1174, 1194, 1212, 1219, 1053, 1637, 1560, 1762, 1369, 1133, 1202, 1528, 1607, 1581, 1170, 1282, 1848, 1519, 1772, 1025, 1734, 1873, 1214, 1253, 1776, 1578, 1072, 1286, 1382, 1896, 1296, 1424, 1236, 1695, 1144, 1629, 1495, 1398, 1976, 1288, 1556, 1062, 1231, 1239, 1084, 1091, 1554, 1201, 1293, 1391, 1960, 1902, 1623, 1549, 1998, 1839, 1437, 1126, 1434, 1106, 1276, 1154, 1626, 1542, 1305, 1428], "perc_recomm_found": 1.0, "gamma": 0.75, "eta": 0.75, "gamma_obs": 0.17000000178813934, "gamma_obs_pre": 0.0, "eta_obs": 0.95, "costs": [1.0, 1.0, 1.0], "lbd": 150.0, "thresh": 0.5, "r_type": "subpopulation", "t_type": "acceptance", "eta_obs_individualized": NaN, "eta_obs_refits_batch0_mean": 0.6700000166893005, "model_score": 0.827, "model_f1": 0.9978858350951374, "model_refits_batch0_scores": [0.998, 0.998, 0.998, 0.998, 0.998], "model_refits_batch0_f1s": [0.9979879275653923, 0.9979879275653923, 0.9979879275653923, 0.9979879275653923, 0.9979879275653923], "model_coef": [[-2.3825008588811247, -2.9781260199919783, 3.5658733069994097], [-1.936896338597984]]}