{"accuracy_pre": 0.8, "accuracy_post": 0.24, "recourse_seeking_ixs": [253, 347, 282, 395, 285, 340, 388, 202, 305, 394, 205, 357, 216, 322, 283, 271, 258, 301, 296, 393, 237, 373, 377, 254, 233, 268, 297, 276, 391, 383, 270, 293, 308, 355, 328, 299, 288, 359, 278, 385, 386, 286, 361, 206, 275, 337, 374, 348, 251, 238], "recourse_recommended_ixs": [253, 347, 282, 395, 285, 340, 388, 202, 305, 394, 205, 357, 216, 322, 283, 271, 258, 301, 296, 393, 237, 373, 377, 254, 233, 268, 297, 276, 391, 383, 270, 293, 308, 355, 328, 299, 288, 359, 278, 385, 386, 286, 361, 206, 275, 337, 374, 348, 251, 238], "perc_recomm_found": 1.0, "gamma": 0.85, "eta": 0.85, "gamma_obs": 0.23999999463558197, "gamma_obs_pre": 0.20000000298023224, "eta_obs": 1.0, "costs": [1.0, 1.0, 1.0], "lbd": 300.0, "thresh": 0.5, "r_type": "subpopulation", "t_type": "acceptance", "eta_obs_individualized": NaN, "eta_obs_refits_batch0_mean": 0.7960000038146973, "model_score": 0.84, "model_f1": 0.8350515463917526, "model_refits_batch0_scores": [0.845, 0.83, 0.84, 0.835, 0.81], "model_refits_batch0_f1s": [0.8426395939086294, 0.8229166666666666, 0.8350515463917526, 0.8307692307692308, 0.8020833333333334], "model_coef": [[-0.16946272731113443, 0.5524081474879146, 0.9458878856188276], [-0.9974245096703458]]}