{"accuracy_pre": 0.99, "accuracy_post": 1.0, "recourse_seeking_ixs": [1477, 1494, 1030, 1710, 1940, 1886, 1889, 1023, 1171, 1895, 1195, 1761, 1786, 1764, 1325, 1408, 1049, 1942, 1807, 1828, 1073, 1498, 1065, 1022, 1614, 1888, 1278, 1531, 1563, 1862, 1961, 1152, 1759, 1061, 1703, 1875, 1094, 1603, 1356, 1299, 1478, 1927, 1740, 1622, 1802, 1669, 1839, 1020, 1122, 1876, 1286, 1910, 1813, 1345, 1097, 1541, 1007, 1794, 1542, 1430, 1221, 1502, 1227, 1873, 1527, 1077, 1901, 1499, 1127, 1319, 1533, 1545, 1204, 1811, 1657, 1668, 1161, 1145, 1588, 1410, 1559, 1971, 1483, 1233, 1380, 1580, 1349, 1117, 1333, 1149, 1576, 1697, 1026, 1027, 1154, 1674, 1693, 1526, 1311, 1450], "recourse_recommended_ixs": [1477, 1494, 1030, 1710, 1940, 1886, 1889, 1023, 1171, 1895, 1195, 1761, 1786, 1764, 1325, 1408, 1049, 1942, 1807, 1828, 1073, 1498, 1065, 1022, 1614, 1888, 1278, 1531, 1563, 1862, 1961, 1152, 1759, 1061, 1703, 1875, 1094, 1603, 1356, 1299, 1478, 1927, 1740, 1622, 1802, 1669, 1839, 1020, 1122, 1876, 1286, 1910, 1813, 1345, 1097, 1541, 1007, 1794, 1542, 1430, 1221, 1502, 1227, 1873, 1527, 1077, 1901, 1499, 1127, 1319, 1533, 1545, 1204, 1811, 1657, 1668, 1161, 1145, 1588, 1410, 1559, 1971, 1483, 1233, 1380, 1580, 1349, 1117, 1333, 1149, 1576, 1697, 1026, 1027, 1154, 1674, 1693, 1526, 1311, 1450], "perc_recomm_found": 1.0, "gamma": 0.75, "eta": 0.75, "gamma_obs": 1.0, "gamma_obs_pre": 0.009999999776482582, "eta_obs": 1.0, "costs": [1.0, 1.0], "lbd": 150.0, "thresh": 0.5, "r_type": "individualized", "t_type": "improvement", "eta_obs_individualized": 0.99, "eta_obs_refits_batch0_mean": 0.9880000352859497, "model_score": 0.984, "model_f1": 0.997907949790795, "model_refits_batch0_scores": [0.998, 0.998, 0.995, 0.995, 0.998], "model_refits_batch0_f1s": [0.9979674796747968, 0.9979674796747968, 0.9949031600407746, 0.9949031600407746, 0.9979674796747968], "model_coef": NaN}