r_type,t_type,x1_mean,x2_mean,x3_mean,causes_mean,non-causes_mean,x1_std,x2_std,x3_std,causes_std,non-causes_std
individualized,acceptance,0.23900000000000002,0.4713333333333334,1.9686666666666668,2.679,0.0,0.07629547824084992,0.1812879845255425,0.1775086852335215,0.12264990827554692,0.0
individualized,counterfactual,0.1279191919191919,0.366983164983165,2.37673063973064,2.8716329966329965,0.0,0.08480791959599887,0.16590867282616736,0.040724319394149056,0.1790826230894446,0.0
individualized,improvement,1.2663333333333333,1.1866666666666665,,2.453,0.0,0.10750038759620063,0.10127849393298326,,0.08507055894961565,0.0
subpopulation,acceptance,0.21507070707070708,0.4045218855218855,2.147781144781145,2.7673737373737377,0.0,0.0920557272121618,0.14613551187570287,0.15174321567386112,0.07722266814518669,0.0
subpopulation,counterfactual,0.1279191919191919,0.366983164983165,2.37673063973064,2.8716329966329965,0.0,0.08480791959599887,0.16590867282616736,0.040724319394149056,0.1790826230894446,0.0
subpopulation,improvement,1.2996666666666667,1.1193333333333333,,2.419,0.0,0.09293187468965279,0.05293706955747874,,0.040037482438335284,0.0
