{"accuracy_pre": 1.0, "accuracy_post": 1.0, "recourse_seeking_ixs": [1998, 1319, 1523, 1532, 1362, 1329, 1687, 1102, 1214, 1657, 1708, 1537, 1906, 1408, 1924, 1639, 1379, 1131, 1949, 1166, 1221, 1896, 1485, 1090, 1576, 1994, 1892, 1991, 1400, 1369, 1170, 1855, 1084, 1697, 1065, 1146, 1236, 1505, 1941, 1030, 1685, 1383, 1289, 1234, 1886, 1503, 1110, 1274, 1953, 1060, 1561, 1087, 1302, 1731, 1150, 1645, 1575, 1658, 1954, 1655, 1457, 1216, 1723, 1468, 1675, 1646, 1914, 1659, 1434, 1012, 1769, 1075, 1667, 1077, 1931, 1284, 1681, 1427, 1028, 1674, 1791, 1145, 1295, 1627, 1168, 1650, 1519, 1816, 1189, 1036, 1707, 1435, 1742, 1821, 1372, 1610, 1778, 1206, 1344, 1044], "recourse_recommended_ixs": [1998, 1319, 1523, 1532, 1362, 1329, 1687, 1102, 1214, 1657, 1708, 1537, 1906, 1408, 1924, 1639, 1379, 1131, 1949, 1166, 1221, 1896, 1485, 1090, 1576, 1994, 1892, 1991, 1400, 1369, 1170, 1855, 1084, 1697, 1065, 1146, 1236, 1505, 1941, 1030, 1685, 1383, 1289, 1234, 1886, 1503, 1110, 1274, 1953, 1060, 1561, 1087, 1302, 1731, 1150, 1645, 1575, 1658, 1954, 1655, 1457, 1216, 1723, 1468, 1675, 1646, 1914, 1659, 1434, 1012, 1769, 1075, 1667, 1077, 1931, 1284, 1681, 1427, 1028, 1674, 1791, 1145, 1295, 1627, 1168, 1650, 1519, 1816, 1189, 1036, 1707, 1435, 1742, 1821, 1372, 1610, 1778, 1206, 1344, 1044], "perc_recomm_found": 1.0, "gamma": 0.95, "eta": 0.95, "gamma_obs": 1.0, "gamma_obs_pre": 0.0, "eta_obs": 1.0, "costs": [1.0, 1.0, 1.0], "lbd": 150.0, "thresh": 0.5, "r_type": "individualized", "t_type": "counterfactual", "eta_obs_individualized": NaN, "eta_obs_refits_batch0_mean": 1.0, "model_score": 0.662, "model_f1": 1.0, "model_refits_batch0_scores": [0.999, 0.996, 0.996, 0.996, 0.996], "model_refits_batch0_f1s": [0.9990009990009989, 0.9959919839679359, 0.9959919839679359, 0.9959919839679359, 0.9959919839679359], "model_coef": NaN}