{"accuracy_pre": 0.851063829787234, "accuracy_post": 0.7446808510638298, "recourse_seeking_ixs": [189, 117, 130, 163, 193, 154, 177, 106, 153, 170, 133, 111, 182, 144, 123, 186, 188, 146, 100, 138, 180, 132, 151, 145, 194, 116, 169, 159, 172, 110, 101, 195, 165, 105, 184, 199, 148, 114, 197, 107, 122, 135, 155, 128, 121, 178, 147], "recourse_recommended_ixs": [189, 117, 130, 163, 193, 154, 177, 106, 153, 170, 133, 111, 182, 144, 123, 186, 188, 146, 100, 138, 180, 132, 151, 145, 194, 116, 169, 159, 172, 110, 101, 195, 165, 105, 184, 199, 148, 114, 197, 107, 122, 135, 155, 128, 121, 178, 147], "perc_recomm_found": 1.0, "gamma": 0.75, "eta": 0.75, "gamma_obs": 0.7446808218955994, "gamma_obs_pre": 0.1489361673593521, "eta_obs": 0.9148936170212766, "costs": [1.0, 1.0], "lbd": 50.0, "thresh": 0.5, "r_type": "subpopulation", "t_type": "improvement", "eta_obs_individualized": NaN, "eta_obs_refits_batch0_mean": 0.9106383323669434, "model_score": 0.81, "model_f1": 0.7959183673469388, "model_refits_batch0_scores": [0.76, 0.74, 0.72, 0.77, 0.78], "model_refits_batch0_f1s": [0.7777777777777777, 0.7719298245614036, 0.75, 0.7722772277227722, 0.7708333333333333], "model_coef": [[0.40369860139718966, 0.10964738981360939, 1.098398996722711], [-0.311438634657002]]}