{"inv": 0.0851063829787234, "val_m2": 0.9148936170212766, "val_m1": 0.9148936170212766}