{"accuracy_pre": 0.7, "accuracy_post": 0.44, "recourse_seeking_ixs": [353, 302, 340, 439, 371, 254, 444, 250, 432, 477, 259, 255, 338, 285, 334, 307, 348, 328, 398, 407, 397, 329, 421, 284, 280, 301, 391, 447, 336, 310, 463, 369, 392, 386, 315, 290, 363, 412, 442, 396, 268, 445, 314, 456, 450, 273, 473, 470, 331, 481, 489, 354, 378, 333, 395, 379, 382, 304, 492, 388, 372, 287, 460, 309, 406, 339, 383, 416, 367, 459, 471, 253, 484, 466, 465, 423, 430, 317, 288, 375, 425, 393, 278, 281, 381, 443, 426, 472, 312, 385, 424, 422, 448, 364, 335, 441, 420, 316, 319, 279], "recourse_recommended_ixs": [353, 302, 340, 439, 371, 254, 444, 250, 432, 477, 259, 255, 338, 285, 334, 307, 348, 328, 398, 407, 397, 329, 421, 284, 280, 301, 391, 447, 336, 310, 463, 369, 392, 386, 315, 290, 363, 412, 442, 396, 268, 445, 314, 456, 450, 273, 473, 470, 331, 481, 489, 354, 378, 333, 395, 379, 382, 304, 492, 388, 372, 287, 460, 309, 406, 339, 383, 416, 367, 459, 471, 253, 484, 466, 465, 423, 430, 317, 288, 375, 425, 393, 278, 281, 381, 443, 426, 472, 312, 385, 424, 422, 448, 364, 335, 441, 420, 316, 319, 279], "perc_recomm_found": 1.0, "gamma": 0.75, "eta": 0.75, "gamma_obs": 0.3799999952316284, "gamma_obs_pre": 0.30000001192092896, "eta_obs": 1.0, "costs": [1.0, 1.0, 1.0], "lbd": 100.0, "thresh": 0.5, "r_type": "subpopulation", "t_type": "acceptance", "eta_obs_individualized": NaN, "eta_obs_refits_batch0_mean": 0.492000013589859, "model_score": 0.756, "model_f1": 0.7336244541484717, "model_refits_batch0_scores": [0.716, 0.768, 0.756, 0.768, 0.748], "model_refits_batch0_f1s": [0.6899563318777292, 0.752136752136752, 0.7162790697674419, 0.743362831858407, 0.7296137339055794], "model_coef": NaN}