{"accuracy_pre": 0.85, "accuracy_post": 0.49, "recourse_seeking_ixs": [705, 895, 709, 598, 961, 549, 930, 517, 529, 703, 521, 901, 846, 566, 993, 660, 524, 957, 920, 875, 879, 742, 958, 720, 864, 785, 508, 580, 775, 907, 899, 543, 744, 766, 512, 616, 589, 998, 836, 876, 752, 886, 780, 725, 659, 944, 863, 588, 823, 708, 880, 805, 807, 861, 713, 918, 657, 965, 844, 730, 990, 628, 893, 700, 871, 779, 792, 614, 756, 999, 986, 905, 783, 533, 870, 987, 913, 584, 790, 671, 848, 970, 812, 667, 803, 513, 914, 638, 669, 650, 915, 503, 921, 849, 808, 904, 625, 841, 796, 608], "recourse_recommended_ixs": [705, 895, 709, 598, 961, 549, 930, 517, 529, 703, 521, 901, 846, 566, 993, 660, 524, 957, 920, 875, 879, 742, 958, 720, 864, 785, 508, 580, 775, 907, 899, 543, 744, 766, 512, 616, 589, 998, 836, 876, 752, 886, 780, 725, 659, 944, 863, 588, 823, 708, 880, 805, 807, 861, 713, 918, 657, 965, 844, 730, 990, 628, 893, 700, 871, 779, 792, 614, 756, 999, 986, 905, 783, 533, 870, 987, 913, 584, 790, 671, 848, 970, 812, 667, 803, 513, 914, 638, 669, 650, 915, 503, 921, 849, 808, 904, 625, 841, 796, 608], "perc_recomm_found": 1.0, "gamma": 0.95, "eta": 0.95, "gamma_obs": 0.3499999940395355, "gamma_obs_pre": 0.15000000596046448, "eta_obs": 0.97, "costs": [1.0, 1.0, 1.0], "lbd": 300.0, "thresh": 0.5, "r_type": "subpopulation", "t_type": "counterfactual", "eta_obs_individualized": NaN, "eta_obs_refits_batch0_mean": 0.28600001335144043, "model_score": 0.698, "model_f1": 0.6919642857142857, "model_refits_batch0_scores": [0.83, 0.822, 0.816, 0.824, 0.822], "model_refits_batch0_f1s": [0.8268839103869655, 0.8118393234672305, 0.7973568281938326, 0.8095238095238094, 0.8086021505376344], "model_coef": NaN}