{"accuracy_pre": 0.71, "accuracy_post": 0.31, "recourse_seeking_ixs": [733, 990, 914, 789, 661, 805, 998, 840, 869, 857, 687, 879, 719, 931, 841, 994, 756, 729, 509, 809, 587, 665, 704, 671, 700, 819, 987, 542, 887, 883, 558, 988, 898, 571, 646, 655, 720, 597, 776, 854, 928, 723, 935, 732, 900, 878, 598, 859, 591, 710, 779, 849, 709, 843, 737, 768, 902, 582, 957, 852, 656, 959, 528, 663, 763, 654, 546, 837, 662, 797, 552, 684, 657, 618, 681, 623, 745, 561, 759, 554, 828, 778, 933, 507, 934, 811, 804, 535, 502, 628, 758, 595, 694, 901, 838, 692, 612, 999, 813, 979], "recourse_recommended_ixs": [733, 990, 914, 789, 661, 805, 998, 840, 869, 857, 687, 879, 719, 931, 841, 994, 756, 729, 509, 809, 587, 665, 704, 671, 700, 819, 987, 542, 887, 883, 558, 988, 898, 571, 646, 655, 720, 597, 776, 854, 928, 723, 935, 732, 900, 878, 598, 859, 591, 710, 779, 849, 709, 843, 737, 768, 902, 582, 957, 852, 656, 959, 528, 663, 763, 654, 546, 837, 662, 797, 552, 684, 657, 618, 681, 623, 745, 561, 759, 554, 828, 778, 933, 507, 934, 811, 804, 535, 502, 628, 758, 595, 694, 901, 838, 692, 612, 999, 813, 979], "perc_recomm_found": 1.0, "gamma": 0.75, "eta": 0.75, "gamma_obs": 0.28999999165534973, "gamma_obs_pre": 0.28999999165534973, "eta_obs": 0.98, "costs": [1.0, 1.0, 1.0], "lbd": 300.0, "thresh": 0.5, "r_type": "individualized", "t_type": "acceptance", "eta_obs_individualized": NaN, "eta_obs_refits_batch0_mean": 0.33799999952316284, "model_score": 0.742, "model_f1": 0.7735849056603773, "model_refits_batch0_scores": [0.794, 0.79, 0.778, 0.774, 0.806], "model_refits_batch0_f1s": [0.7935871743486975, 0.7789473684210526, 0.7633262260127932, 0.7670103092783506, 0.7931769722814498], "model_coef": NaN}