{"accuracy_pre": 0.98, "accuracy_post": 0.38, "recourse_seeking_ixs": [882, 551, 550, 647, 700, 856, 783, 963, 830, 671, 609, 970, 650, 500, 980, 928, 800, 512, 930, 833, 562, 964, 634, 641, 938, 824, 596, 623, 638, 780, 757, 866, 687, 999, 503, 713, 662, 914, 587, 984, 812, 904, 862, 993, 699, 831, 817, 710, 590, 915, 604, 838, 777, 514, 768, 707, 627, 965, 801, 586, 517, 553, 683, 883, 665, 729, 666, 767, 643, 657, 961, 791, 688, 745, 738, 537, 944, 690, 759, 680, 603, 616, 927, 815, 686, 900, 628, 850, 645, 976, 753, 567, 926, 529, 583, 565, 790, 785, 811, 799], "recourse_recommended_ixs": [882, 551, 550, 647, 700, 856, 783, 963, 830, 671, 609, 970, 650, 500, 980, 928, 800, 512, 930, 833, 562, 964, 634, 641, 938, 824, 596, 623, 638, 780, 757, 866, 687, 999, 503, 713, 662, 914, 587, 984, 812, 904, 862, 993, 699, 831, 817, 710, 590, 915, 604, 838, 777, 514, 768, 707, 627, 965, 801, 586, 517, 553, 683, 883, 665, 729, 666, 767, 643, 657, 961, 791, 688, 745, 738, 537, 944, 690, 759, 680, 603, 616, 927, 815, 686, 900, 628, 850, 645, 976, 753, 567, 926, 529, 583, 565, 790, 785, 811, 799], "perc_recomm_found": 1.0, "gamma": 0.75, "eta": 0.75, "gamma_obs": 0.38999998569488525, "gamma_obs_pre": 0.019999999552965164, "eta_obs": 0.99, "costs": [1.0, 1.0, 1.0], "lbd": 300.0, "thresh": 0.5, "r_type": "individualized", "t_type": "counterfactual", "eta_obs_individualized": NaN, "eta_obs_refits_batch0_mean": 0.6339999437332153, "model_score": 0.768, "model_f1": 0.8565965583173996, "model_refits_batch0_scores": [0.848, 0.848, 0.854, 0.86, 0.86], "model_refits_batch0_f1s": [0.8560606060606061, 0.8538461538461539, 0.858252427184466, 0.8622047244094487, 0.8653846153846154], "model_coef": [[0.4785356577166362, 0.5453121859304917, 1.0835655347085427], [0.2661836809075705]]}