{"accuracy_pre": 0.82, "accuracy_post": 0.57, "recourse_seeking_ixs": [730, 906, 802, 859, 878, 745, 806, 719, 621, 682, 599, 977, 625, 650, 756, 676, 743, 644, 726, 881, 988, 588, 949, 596, 890, 678, 815, 662, 657, 981, 921, 948, 752, 776, 635, 707, 998, 520, 748, 968, 913, 888, 631, 549, 807, 928, 536, 658, 789, 620, 645, 894, 769, 722, 516, 753, 833, 868, 900, 694, 957, 791, 817, 706, 576, 663, 736, 731, 738, 830, 693, 673, 727, 978, 709, 546, 522, 757, 641, 959, 728, 614, 822, 991, 969, 695, 850, 826, 564, 944, 613, 836, 509, 579, 585, 938, 834, 617, 639, 929], "recourse_recommended_ixs": [730, 906, 802, 859, 878, 745, 806, 719, 621, 682, 599, 977, 625, 650, 756, 676, 743, 644, 726, 881, 988, 588, 949, 596, 890, 678, 815, 662, 657, 981, 921, 948, 752, 776, 635, 707, 998, 520, 748, 968, 913, 888, 631, 549, 807, 928, 536, 658, 789, 620, 645, 894, 769, 722, 516, 753, 833, 868, 900, 694, 957, 791, 817, 706, 576, 663, 736, 731, 738, 830, 693, 673, 727, 978, 709, 546, 522, 757, 641, 959, 728, 614, 822, 991, 969, 695, 850, 826, 564, 944, 613, 836, 509, 579, 585, 938, 834, 617, 639, 929], "perc_recomm_found": 1.0, "gamma": 0.95, "eta": 0.95, "gamma_obs": 0.3100000023841858, "gamma_obs_pre": 0.18000000715255737, "eta_obs": 1.0, "costs": [1.0, 1.0, 1.0], "lbd": 300.0, "thresh": 0.5, "r_type": "individualized", "t_type": "acceptance", "eta_obs_individualized": NaN, "eta_obs_refits_batch0_mean": 0.3959999680519104, "model_score": 0.782, "model_f1": 0.796875, "model_refits_batch0_scores": [0.83, 0.822, 0.816, 0.824, 0.822], "model_refits_batch0_f1s": [0.8268839103869655, 0.8118393234672305, 0.7973568281938326, 0.8095238095238094, 0.8086021505376344], "model_coef": NaN}