{"accuracy_pre": 0.99, "accuracy_post": 0.58, "recourse_seeking_ixs": [1735, 1910, 1344, 1807, 1987, 1100, 1070, 1855, 1102, 1992, 1423, 1223, 1942, 1401, 1065, 1509, 1161, 1582, 1410, 1221, 1382, 1730, 1408, 1905, 1129, 1227, 1496, 1081, 1074, 1551, 1270, 1177, 1732, 1321, 1918, 1188, 1359, 1672, 1524, 1685, 1554, 1875, 1740, 1292, 1302, 1305, 1278, 1677, 1675, 1122, 1084, 1422, 1909, 1528, 1276, 1030, 1759, 1603, 1865, 1253, 1357, 1195, 1297, 1329, 1804, 1384, 1863, 1954, 1308, 1966, 1668, 1533, 1390, 1776, 1240, 1231, 1731, 1176, 1593, 1811, 1512, 1523, 1947, 1069, 1829, 1649, 1790, 1764, 1432, 1622, 1882, 1974, 1374, 1029, 1351, 1451, 1222, 1472, 1733, 1373], "recourse_recommended_ixs": [1735, 1910, 1344, 1807, 1987, 1100, 1070, 1855, 1102, 1992, 1423, 1223, 1942, 1401, 1065, 1509, 1161, 1582, 1410, 1221, 1382, 1730, 1408, 1905, 1129, 1227, 1496, 1081, 1074, 1551, 1270, 1177, 1732, 1321, 1918, 1188, 1359, 1672, 1524, 1685, 1554, 1875, 1740, 1292, 1302, 1305, 1278, 1677, 1675, 1122, 1084, 1422, 1909, 1528, 1276, 1030, 1759, 1603, 1865, 1253, 1357, 1195, 1297, 1329, 1804, 1384, 1863, 1954, 1308, 1966, 1668, 1533, 1390, 1776, 1240, 1231, 1731, 1176, 1593, 1811, 1512, 1523, 1947, 1069, 1829, 1649, 1790, 1764, 1432, 1622, 1882, 1974, 1374, 1029, 1351, 1451, 1222, 1472, 1733, 1373], "perc_recomm_found": 1.0, "gamma": 0.75, "eta": 0.75, "gamma_obs": 0.5799999833106995, "gamma_obs_pre": 0.009999999776482582, "eta_obs": 1.0, "costs": [1.0, 1.0, 1.0], "lbd": 150.0, "thresh": 0.5, "r_type": "individualized", "t_type": "counterfactual", "eta_obs_individualized": NaN, "eta_obs_refits_batch0_mean": 0.800000011920929, "model_score": 0.969, "model_f1": 0.9835051546391753, "model_refits_batch0_scores": [0.998, 0.998, 0.998, 0.998, 0.998], "model_refits_batch0_f1s": [0.9979674796747968, 0.9979674796747968, 0.9979674796747968, 0.9979674796747968, 0.9979674796747968], "model_coef": NaN}