{"accuracy_pre": 0.88, "accuracy_post": 0.76, "recourse_seeking_ixs": [793, 510, 630, 910, 760, 657, 874, 810, 563, 702, 974, 802, 744, 583, 791, 975, 965, 651, 609, 821, 949, 940, 978, 579, 608, 721, 995, 714, 871, 572, 511, 899, 956, 698, 834, 803, 864, 687, 534, 506, 664, 650, 647, 897, 533, 925, 742, 735, 782, 777, 928, 505, 633, 729, 600, 764, 539, 829, 741, 578, 847, 612, 522, 902, 888, 718, 611, 790, 717, 844, 529, 865, 739, 880, 582, 836, 846, 831, 757, 754, 681, 665, 604, 518, 538, 629, 602, 823, 837, 540, 559, 512, 963, 577, 571, 884, 552, 701, 820, 519], "recourse_recommended_ixs": [793, 510, 630, 910, 760, 657, 874, 810, 563, 702, 974, 802, 744, 583, 791, 975, 965, 651, 609, 821, 949, 940, 978, 579, 608, 721, 995, 714, 871, 572, 511, 899, 956, 698, 834, 803, 864, 687, 534, 506, 664, 650, 647, 897, 533, 925, 742, 735, 782, 777, 928, 505, 633, 729, 600, 764, 539, 829, 741, 578, 847, 612, 522, 902, 888, 718, 611, 790, 717, 844, 529, 865, 739, 880, 582, 836, 846, 831, 757, 754, 681, 665, 604, 518, 538, 629, 602, 823, 837, 540, 559, 512, 963, 577, 571, 884, 552, 701, 820, 519], "perc_recomm_found": 1.0, "gamma": 0.75, "eta": 0.75, "gamma_obs": 0.7300000190734863, "gamma_obs_pre": 0.11999999731779099, "eta_obs": 0.95, "costs": [1.0, 1.0], "lbd": 300.0, "thresh": 0.5, "r_type": "subpopulation", "t_type": "improvement", "eta_obs_individualized": NaN, "eta_obs_refits_batch0_mean": 0.9239999651908875, "model_score": 0.782, "model_f1": 0.7835051546391754, "model_refits_batch0_scores": [0.824, 0.822, 0.818, 0.804, 0.816], "model_refits_batch0_f1s": [0.8189300411522634, 0.8179959100204499, 0.8115942028985509, 0.7983539094650206, 0.8], "model_coef": [[-0.15516047170550962, 0.3887020845851001, 0.7972309199062461], [-0.34300633791006724]]}