{"accuracy_pre": 1.0, "accuracy_post": 1.0, "recourse_seeking_ixs": [1003, 1270, 1432, 1710, 1731, 1882, 1478, 1681, 1378, 1661, 1580, 1237, 1133, 1724, 1188, 1122, 1285, 1602, 1776, 1273, 1528, 1080, 1356, 1426, 1107, 1980, 1382, 1841, 1863, 1221, 1041, 1978, 1430, 1218, 1673, 1336, 1149, 1946, 1494, 1637, 1564, 1510, 1493, 1473, 1345, 1381, 1240, 1992, 1542, 1810, 1421, 1070, 1457, 1268, 1209, 1814, 1030, 1260, 1890, 1446, 1588, 1693, 1735, 1855, 1161, 1788, 1962, 1748, 1680, 1284, 1412, 1985, 1840, 1320, 1449, 1243, 1730, 1204, 1168, 1069, 1491, 1399, 1515, 1818, 1059, 1480, 1276, 1014, 1082, 1360, 1108, 1309, 1688, 1463, 1786, 1675, 1490, 1217, 1154, 1092], "recourse_recommended_ixs": [1003, 1270, 1432, 1710, 1731, 1882, 1478, 1681, 1378, 1661, 1580, 1237, 1133, 1724, 1188, 1122, 1285, 1602, 1776, 1273, 1528, 1080, 1356, 1426, 1107, 1980, 1382, 1841, 1863, 1221, 1041, 1978, 1430, 1218, 1673, 1336, 1149, 1946, 1494, 1637, 1564, 1510, 1493, 1473, 1345, 1381, 1240, 1992, 1542, 1810, 1421, 1070, 1457, 1268, 1209, 1814, 1030, 1260, 1890, 1446, 1588, 1693, 1735, 1855, 1161, 1788, 1962, 1748, 1680, 1284, 1412, 1985, 1840, 1320, 1449, 1243, 1730, 1204, 1168, 1069, 1491, 1399, 1515, 1818, 1059, 1480, 1276, 1014, 1082, 1360, 1108, 1309, 1688, 1463, 1786, 1675, 1490, 1217, 1154, 1092], "perc_recomm_found": 1.0, "gamma": 0.95, "eta": 0.95, "gamma_obs": 1.0, "gamma_obs_pre": 0.0, "eta_obs": 1.0, "costs": [1.0, 1.0, 1.0], "lbd": 150.0, "thresh": 0.5, "r_type": "individualized", "t_type": "acceptance", "eta_obs_individualized": NaN, "eta_obs_refits_batch0_mean": 0.7560000419616699, "model_score": 0.998, "model_f1": 0.998972250770812, "model_refits_batch0_scores": [0.998, 0.996, 0.996, 0.994, 0.998], "model_refits_batch0_f1s": [0.9979591836734694, 0.9959100204498978, 0.9959100204498978, 0.9938524590163934, 0.9979591836734694], "model_coef": NaN}