{"accuracy_pre": 0.88, "accuracy_post": 0.84, "recourse_seeking_ixs": [202, 235, 266, 317, 210, 318, 213, 240, 284, 396, 315, 259, 384, 285, 268, 348, 303, 272, 238, 270, 330, 369, 203, 337, 325, 291, 265, 302, 253, 350, 228, 247, 262, 282, 243, 223, 344, 301, 321, 273, 261, 292, 234, 329, 360, 367, 382, 379, 319, 328], "recourse_recommended_ixs": [202, 235, 266, 317, 210, 318, 213, 240, 284, 396, 315, 259, 384, 285, 268, 348, 303, 272, 238, 270, 330, 369, 203, 337, 325, 291, 265, 302, 253, 350, 228, 247, 262, 282, 243, 223, 344, 301, 321, 273, 261, 292, 234, 329, 360, 367, 382, 379, 319, 328], "perc_recomm_found": 1.0, "gamma": 0.75, "eta": 0.75, "gamma_obs": 0.7200000286102295, "gamma_obs_pre": 0.11999999731779099, "eta_obs": 0.84, "costs": [1.0, 1.0], "lbd": 300.0, "thresh": 0.5, "r_type": "subpopulation", "t_type": "improvement", "eta_obs_individualized": NaN, "eta_obs_refits_batch0_mean": 0.9079999923706055, "model_score": 0.78, "model_f1": 0.7708333333333334, "model_refits_batch0_scores": [0.79, 0.755, 0.76, 0.77, 0.805], "model_refits_batch0_f1s": [0.7789473684210526, 0.7609756097560975, 0.7692307692307693, 0.7766990291262136, 0.7891891891891891], "model_coef": [[0.2395400345047999, -0.1253147156680164, 0.9994422438043192], [-0.20205949061269626]]}