{"accuracy_pre": 0.8, "accuracy_post": 0.75, "recourse_seeking_ixs": [448, 359, 276, 432, 250, 355, 283, 426, 495, 301, 454, 419, 332, 321, 482, 421, 264, 270, 410, 396, 318, 266, 430, 475, 467, 477, 311, 319, 313, 418, 346, 493, 257, 400, 484, 474, 487, 438, 344, 440, 368, 457, 328, 277, 254, 489, 405, 387, 274, 401, 376, 399, 483, 427, 354, 442, 258, 299, 385, 300, 450, 256, 439, 402, 284, 444, 268, 411, 326, 305, 279, 353, 453, 298, 297, 486, 429, 423, 414, 377, 491, 302, 478, 320, 378, 466, 447, 265, 476, 309, 338, 404, 253, 392, 286, 370, 408, 307, 330, 306], "recourse_recommended_ixs": [448, 359, 276, 432, 250, 355, 283, 426, 495, 301, 454, 419, 332, 321, 482, 421, 264, 270, 410, 396, 318, 266, 430, 475, 467, 477, 311, 319, 313, 418, 346, 493, 257, 400, 484, 474, 487, 438, 344, 440, 368, 457, 328, 277, 254, 489, 405, 387, 274, 401, 376, 399, 483, 427, 354, 442, 258, 299, 385, 300, 450, 256, 439, 402, 284, 444, 268, 411, 326, 305, 279, 353, 453, 298, 297, 486, 429, 423, 414, 377, 491, 302, 478, 320, 378, 466, 447, 265, 476, 309, 338, 404, 253, 392, 286, 370, 408, 307, 330, 306], "perc_recomm_found": 1.0, "gamma": 0.75, "eta": 0.75, "gamma_obs": 0.7400000095367432, "gamma_obs_pre": 0.20000000298023224, "eta_obs": 0.87, "costs": [1.0, 1.0], "lbd": 100.0, "thresh": 0.5, "r_type": "subpopulation", "t_type": "improvement", "eta_obs_individualized": NaN, "eta_obs_refits_batch0_mean": 0.8500000238418579, "model_score": 0.82, "model_f1": 0.8051948051948051, "model_refits_batch0_scores": [0.824, 0.828, 0.82, 0.824, 0.824], "model_refits_batch0_f1s": [0.8053097345132744, 0.8122270742358079, 0.8085106382978724, 0.8086956521739128, 0.8053097345132744], "model_coef": NaN}