{"accuracy_pre": 0.86, "accuracy_post": 0.69, "recourse_seeking_ixs": [893, 878, 724, 963, 924, 901, 567, 700, 645, 523, 763, 586, 990, 766, 929, 572, 690, 557, 993, 753, 836, 865, 775, 640, 983, 538, 666, 746, 974, 799, 600, 790, 570, 861, 835, 641, 913, 521, 510, 758, 783, 731, 627, 722, 511, 851, 625, 741, 659, 736, 791, 841, 882, 776, 967, 868, 694, 661, 853, 994, 676, 973, 581, 701, 708, 513, 863, 605, 580, 648, 910, 905, 616, 781, 762, 812, 626, 935, 679, 584, 617, 692, 509, 951, 984, 598, 964, 536, 508, 965, 578, 842, 821, 637, 777, 683, 897, 516, 732, 834], "recourse_recommended_ixs": [893, 878, 724, 963, 924, 901, 567, 700, 645, 523, 763, 586, 990, 766, 929, 572, 690, 557, 993, 753, 836, 865, 775, 640, 983, 538, 666, 746, 974, 799, 600, 790, 570, 861, 835, 641, 913, 521, 510, 758, 783, 731, 627, 722, 511, 851, 625, 741, 659, 736, 791, 841, 882, 776, 967, 868, 694, 661, 853, 994, 676, 973, 581, 701, 708, 513, 863, 605, 580, 648, 910, 905, 616, 781, 762, 812, 626, 935, 679, 584, 617, 692, 509, 951, 984, 598, 964, 536, 508, 965, 578, 842, 821, 637, 777, 683, 897, 516, 732, 834], "perc_recomm_found": 1.0, "gamma": 0.75, "eta": 0.75, "gamma_obs": 0.6899999976158142, "gamma_obs_pre": 0.14000000059604645, "eta_obs": 0.94, "costs": [1.0, 1.0, 1.0], "lbd": 300.0, "thresh": 0.5, "r_type": "subpopulation", "t_type": "improvement", "eta_obs_individualized": NaN, "eta_obs_refits_batch0_mean": 0.9420000314712524, "model_score": 0.9, "model_f1": 0.8853118712273642, "model_refits_batch0_scores": [0.866, 0.864, 0.86, 0.856, 0.852], "model_refits_batch0_f1s": [0.8552915766738661, 0.8547008547008548, 0.8430493273542601, 0.8378378378378378, 0.8348214285714286], "model_coef": [[0.687721670390012, 1.0293311246961712, 0.9718462232035527], [-0.013664388085315504]]}