{"accuracy_pre": 0.86, "accuracy_post": 0.75, "recourse_seeking_ixs": [360, 370, 376, 442, 473, 420, 471, 497, 481, 465, 483, 484, 300, 405, 472, 263, 368, 362, 458, 315, 314, 356, 491, 469, 430, 349, 363, 426, 321, 487, 255, 289, 320, 467, 371, 422, 375, 395, 369, 275, 336, 335, 401, 303, 440, 365, 261, 396, 312, 301, 474, 329, 318, 284, 486, 327, 345, 388, 280, 306, 251, 403, 253, 412, 270, 332, 444, 446, 385, 295, 322, 364, 326, 393, 341, 408, 277, 418, 456, 454, 386, 313, 299, 269, 436, 478, 460, 445, 292, 260, 495, 499, 390, 267, 411, 342, 331, 384, 462, 250], "recourse_recommended_ixs": [360, 370, 376, 442, 473, 420, 471, 497, 481, 465, 483, 484, 300, 405, 472, 263, 368, 362, 458, 315, 314, 356, 491, 469, 430, 349, 363, 426, 321, 487, 255, 289, 320, 467, 371, 422, 375, 395, 369, 275, 336, 335, 401, 303, 440, 365, 261, 396, 312, 301, 474, 329, 318, 284, 486, 327, 345, 388, 280, 306, 251, 403, 253, 412, 270, 332, 444, 446, 385, 295, 322, 364, 326, 393, 341, 408, 277, 418, 456, 454, 386, 313, 299, 269, 436, 478, 460, 445, 292, 260, 495, 499, 390, 267, 411, 342, 331, 384, 462, 250], "perc_recomm_found": 1.0, "gamma": 0.75, "eta": 0.75, "gamma_obs": 0.7599999904632568, "gamma_obs_pre": 0.14000000059604645, "eta_obs": 0.75, "costs": [1.0, 1.0], "lbd": 100.0, "thresh": 0.5, "r_type": "subpopulation", "t_type": "improvement", "eta_obs_individualized": NaN, "eta_obs_refits_batch0_mean": 0.7760000228881836, "model_score": 0.816, "model_f1": 0.7909090909090909, "model_refits_batch0_scores": [0.82, 0.824, 0.82, 0.824, 0.808], "model_refits_batch0_f1s": [0.8034934497816594, 0.7924528301886793, 0.7945205479452055, 0.794392523364486, 0.7777777777777778], "model_coef": NaN}