r_type,t_type,x1_mean,x2_mean,x3_mean,causes_mean,non-causes_mean,x1_std,x2_std,x3_std,causes_std,non-causes_std
individualized,acceptance,0.06893425460636517,0.0395180067001675,1.5429020100502513,0.10845226130653267,1.5429020100502513,0.10570934611857927,0.06528178459462816,0.8032215372182926,0.17091440613325498,0.8032215372182926
individualized,counterfactual,-0.018059344340751377,-0.014197176357980379,1.756599664991625,-0.03225652069873176,1.756599664991625,0.025312072407792627,0.02110872161509522,0.9113967717115907,0.046363913254149375,0.9113967717115907
individualized,improvement,1.7054455782312925,1.3395170068027211,,3.044962585034014,0.0,0.06059807119146201,0.17825469295805813,,0.2129449821529702,0.0
subpopulation,acceptance,-0.002044252044252043,-0.008889073889073883,1.6873988973988974,-0.010933325933325931,1.6873988973988974,0.0483546711797176,0.04462794425494803,0.925387815041097,0.09221776126861708,0.925387815041097
subpopulation,improvement,1.7526054421768709,1.1166326530612245,,2.8692380952380954,0.0,0.035214759299551514,0.2037123114878638,,0.2300759006676431,0.0
