{"accuracy_pre": 0.25, "accuracy_post": 0.72, "recourse_seeking_ixs": [1836, 1489, 1674, 1447, 1161, 1824, 1115, 1762, 1961, 1941, 1872, 1864, 1935, 1826, 1777, 1191, 1033, 1210, 1797, 1806, 1301, 1594, 1949, 1111, 1828, 1629, 1925, 1655, 1553, 1907, 1281, 1093, 1418, 1730, 1761, 1533, 1545, 1059, 1326, 1578, 1369, 1923, 1816, 1231, 1607, 1471, 1217, 1555, 1799, 1203, 1030, 1681, 1363, 1673, 1529, 1831, 1376, 1757, 1742, 1569, 1101, 1523, 1293, 1873, 1108, 1898, 1617, 1682, 1504, 1192, 1286, 1563, 1804, 1572, 1452, 1299, 1645, 1574, 1560, 1186, 1361, 1690, 1084, 1737, 1982, 1942, 1805, 1859, 1732, 1105, 1044, 1995, 1485, 1333, 1922, 1625, 1994, 1585, 1234, 1110], "recourse_recommended_ixs": [1836, 1489, 1674, 1447, 1161, 1824, 1115, 1762, 1961, 1941, 1872, 1864, 1935, 1826, 1777, 1191, 1033, 1210, 1797, 1806, 1301, 1594, 1949, 1111, 1828, 1629, 1925, 1655, 1553, 1907, 1281, 1093, 1418, 1730, 1761, 1533, 1545, 1059, 1326, 1578, 1369, 1923, 1816, 1231, 1607, 1471, 1217, 1555, 1799, 1203, 1030, 1681, 1363, 1673, 1529, 1831, 1376, 1757, 1742, 1569, 1101, 1523, 1293, 1873, 1108, 1898, 1617, 1682, 1504, 1192, 1286, 1563, 1804, 1572, 1452, 1299, 1645, 1574, 1560, 1186, 1361, 1690, 1084, 1737, 1982, 1942, 1805, 1859, 1732, 1105, 1044, 1995, 1485, 1333, 1922, 1625, 1994, 1585, 1234, 1110], "perc_recomm_found": 1.0, "gamma": 0.95, "eta": 0.95, "gamma_obs": 0.7099999785423279, "gamma_obs_pre": 0.75, "eta_obs": 0.95, "costs": [1.0, 1.0, 1.0], "lbd": 150.0, "thresh": 0.5, "r_type": "individualized", "t_type": "counterfactual", "eta_obs_individualized": NaN, "eta_obs_refits_batch0_mean": 0.4700000286102295, "model_score": 0.237, "model_f1": 0.9871414441147379, "model_refits_batch0_scores": [0.998, 0.998, 0.998, 0.998, 0.998], "model_refits_batch0_f1s": [0.99800796812749, 0.99800796812749, 0.99800796812749, 0.99800796812749, 0.99800796812749], "model_coef": [[-1.4772435662888521, -1.846554638080656, 3.532578813399066], [-1.7375217910702037]]}