{"inv": 0.045454545454545456, "val_m2": 0.9545454545454546, "val_m1": 1.0}