{"accuracy_pre": 0.8409090909090909, "accuracy_post": 0.7727272727272727, "recourse_seeking_ixs": [115, 162, 131, 102, 145, 168, 101, 127, 163, 114, 129, 156, 186, 144, 187, 138, 188, 105, 174, 120, 117, 110, 108, 149, 132, 148, 137, 121, 142, 171, 119, 111, 107, 151, 199, 180, 150, 135, 100, 133, 146, 196, 106, 181], "recourse_recommended_ixs": [115, 162, 131, 102, 145, 168, 101, 127, 163, 114, 129, 156, 186, 144, 187, 138, 188, 105, 174, 120, 117, 110, 108, 149, 132, 148, 137, 121, 142, 171, 119, 111, 107, 151, 199, 180, 150, 135, 100, 133, 146, 196, 106, 181], "perc_recomm_found": 1.0, "gamma": 0.75, "eta": 0.75, "gamma_obs": 0.7727272510528564, "gamma_obs_pre": 0.15909090638160706, "eta_obs": 1.0, "costs": [1.0, 1.0], "lbd": 50.0, "thresh": 0.5, "r_type": "individualized", "t_type": "improvement", "eta_obs_individualized": 0.8181818181818182, "eta_obs_refits_batch0_mean": 0.9909090995788574, "model_score": 0.82, "model_f1": 0.8333333333333334, "model_refits_batch0_scores": [0.76, 0.74, 0.72, 0.77, 0.78], "model_refits_batch0_f1s": [0.7777777777777777, 0.7719298245614036, 0.75, 0.7722772277227722, 0.7708333333333333], "model_coef": [[0.40369860139718966, 0.10964738981360939, 1.098398996722711], [-0.311438634657002]]}