{"accuracy_pre": 0.89, "accuracy_post": 0.42, "recourse_seeking_ixs": [956, 615, 718, 634, 837, 928, 977, 668, 531, 757, 694, 572, 871, 574, 546, 744, 886, 884, 667, 719, 920, 599, 933, 973, 637, 717, 993, 747, 760, 652, 621, 982, 551, 683, 583, 693, 990, 932, 780, 609, 726, 912, 804, 946, 800, 692, 827, 964, 624, 738, 597, 554, 537, 661, 828, 541, 961, 594, 794, 503, 925, 527, 543, 523, 700, 500, 702, 903, 890, 816, 557, 987, 720, 677, 542, 674, 578, 909, 875, 763, 991, 943, 598, 819, 817, 616, 559, 569, 706, 735, 958, 584, 576, 778, 528, 894, 622, 589, 854, 550], "recourse_recommended_ixs": [956, 615, 718, 634, 837, 928, 977, 668, 531, 757, 694, 572, 871, 574, 546, 744, 886, 884, 667, 719, 920, 599, 933, 973, 637, 717, 993, 747, 760, 652, 621, 982, 551, 683, 583, 693, 990, 932, 780, 609, 726, 912, 804, 946, 800, 692, 827, 964, 624, 738, 597, 554, 537, 661, 828, 541, 961, 594, 794, 503, 925, 527, 543, 523, 700, 500, 702, 903, 890, 816, 557, 987, 720, 677, 542, 674, 578, 909, 875, 763, 991, 943, 598, 819, 817, 616, 559, 569, 706, 735, 958, 584, 576, 778, 528, 894, 622, 589, 854, 550], "perc_recomm_found": 1.0, "gamma": 0.75, "eta": 0.75, "gamma_obs": 0.41999998688697815, "gamma_obs_pre": 0.10999999940395355, "eta_obs": 1.0, "costs": [1.0, 1.0, 1.0], "lbd": 300.0, "thresh": 0.5, "r_type": "individualized", "t_type": "counterfactual", "eta_obs_individualized": NaN, "eta_obs_refits_batch0_mean": 0.7000000476837158, "model_score": 0.892, "model_f1": 0.8980392156862744, "model_refits_batch0_scores": [0.886, 0.89, 0.88, 0.874, 0.872], "model_refits_batch0_f1s": [0.8784648187633263, 0.8861283643892339, 0.8728813559322034, 0.8684759916492694, 0.8688524590163934], "model_coef": [[0.594492694325962, 0.33108333829437153, 1.4018161030511183], [-0.1258241311860166]]}