{"accuracy_pre": 0.77, "accuracy_post": 0.7, "recourse_seeking_ixs": [924, 853, 996, 602, 673, 751, 738, 811, 766, 760, 654, 994, 646, 789, 822, 509, 975, 704, 958, 855, 656, 955, 591, 944, 596, 873, 946, 746, 632, 919, 830, 967, 620, 587, 547, 840, 755, 557, 702, 696, 590, 610, 592, 527, 585, 502, 815, 662, 739, 954, 842, 703, 584, 545, 843, 777, 952, 914, 973, 613, 767, 896, 583, 938, 603, 982, 983, 686, 741, 851, 744, 708, 635, 883, 977, 828, 723, 538, 854, 563, 630, 985, 628, 859, 685, 622, 774, 852, 711, 758, 605, 546, 510, 864, 731, 615, 905, 653, 657, 941], "recourse_recommended_ixs": [924, 853, 996, 602, 673, 738, 811, 766, 760, 654, 994, 646, 789, 822, 509, 975, 704, 958, 855, 656, 955, 591, 944, 596, 873, 946, 746, 632, 919, 830, 967, 620, 587, 547, 840, 755, 557, 702, 696, 590, 610, 592, 527, 585, 502, 815, 662, 739, 954, 842, 703, 584, 545, 843, 777, 952, 914, 973, 613, 767, 896, 583, 938, 603, 982, 983, 686, 741, 851, 744, 708, 635, 883, 828, 723, 538, 854, 563, 630, 985, 628, 859, 685, 622, 774, 852, 711, 758, 605, 546, 510, 864, 731, 615, 905, 653, 657, 941], "perc_recomm_found": 0.98, "gamma": 0.75, "eta": 0.75, "gamma_obs": 0.6632652878761292, "gamma_obs_pre": 0.2142857164144516, "eta_obs": 0.9489795918367347, "costs": [1.0, 1.0], "lbd": 300.0, "thresh": 0.5, "r_type": "subpopulation", "t_type": "improvement", "eta_obs_individualized": NaN, "eta_obs_refits_batch0_mean": 0.9367347955703735, "model_score": 0.812, "model_f1": 0.7834101382488479, "model_refits_batch0_scores": [0.778, 0.794, 0.784, 0.802, 0.806], "model_refits_batch0_f1s": [0.7412587412587412, 0.7736263736263737, 0.7440758293838863, 0.7724137931034482, 0.7868131868131869], "model_coef": NaN}