{"accuracy_pre": 0.98, "accuracy_post": 0.95, "recourse_seeking_ixs": [1203, 1319, 1298, 1129, 1177, 1065, 1148, 1836, 1463, 1276, 1914, 1185, 1337, 1661, 1800, 1622, 1708, 1646, 1580, 1009, 1730, 1029, 1537, 1088, 1170, 1671, 1672, 1657, 1340, 1118, 1223, 1982, 1239, 1028, 1360, 1985, 1430, 1278, 1480, 1006, 1707, 1209, 1603, 1635, 1886, 1109, 1284, 1978, 1087, 1024, 1353, 1980, 1073, 1110, 1347, 1367, 1299, 1491, 1275, 1427, 1763, 1875, 1357, 1159, 1620, 1068, 1270, 1451, 1027, 1052, 1184, 1528, 1521, 1841, 1133, 1401, 1455, 1234, 1477, 1901, 1832, 1023, 1872, 1472, 1304, 1240, 1921, 1105, 1290, 1333, 1844, 1807, 1026, 1149, 1373, 1703, 1931, 1003, 1246, 1918], "recourse_recommended_ixs": [1203, 1319, 1298, 1129, 1177, 1065, 1148, 1836, 1463, 1276, 1914, 1185, 1337, 1661, 1800, 1622, 1708, 1646, 1580, 1009, 1730, 1029, 1537, 1088, 1170, 1671, 1672, 1657, 1340, 1118, 1223, 1982, 1239, 1028, 1360, 1985, 1430, 1278, 1480, 1006, 1707, 1209, 1603, 1635, 1886, 1109, 1284, 1978, 1087, 1024, 1353, 1980, 1073, 1110, 1347, 1367, 1299, 1491, 1275, 1427, 1763, 1875, 1357, 1159, 1620, 1068, 1270, 1451, 1027, 1052, 1184, 1528, 1521, 1841, 1133, 1401, 1455, 1234, 1477, 1901, 1832, 1023, 1872, 1472, 1304, 1240, 1921, 1105, 1290, 1333, 1844, 1807, 1026, 1149, 1373, 1703, 1931, 1003, 1246, 1918], "perc_recomm_found": 1.0, "gamma": 0.95, "eta": 0.95, "gamma_obs": 1.0, "gamma_obs_pre": 0.019999999552965164, "eta_obs": 0.95, "costs": [1.0, 1.0], "lbd": 150.0, "thresh": 0.5, "r_type": "subpopulation", "t_type": "improvement", "eta_obs_individualized": NaN, "eta_obs_refits_batch0_mean": 0.9399999380111694, "model_score": 0.9, "model_f1": 0.9958762886597937, "model_refits_batch0_scores": [0.998, 0.998, 0.995, 0.995, 0.998], "model_refits_batch0_f1s": [0.9979674796747968, 0.9979674796747968, 0.9949031600407746, 0.9949031600407746, 0.9979674796747968], "model_coef": NaN}