{"accuracy_pre": 0.94, "accuracy_post": 0.35, "recourse_seeking_ixs": [677, 735, 854, 610, 603, 656, 736, 546, 856, 647, 508, 919, 982, 598, 584, 915, 958, 589, 818, 840, 920, 586, 522, 778, 913, 590, 690, 948, 779, 594, 894, 583, 538, 807, 775, 946, 580, 613, 635, 999, 822, 752, 714, 843, 951, 731, 668, 620, 776, 746, 661, 755, 527, 890, 636, 547, 936, 602, 761, 896, 631, 934, 789, 944, 862, 622, 724, 830, 751, 811, 605, 540, 509, 852, 985, 615, 904, 654, 771, 623, 722, 785, 709, 916, 786, 524, 796, 744, 979, 885, 737, 685, 954, 975, 526, 686, 938, 947, 611, 758], "recourse_recommended_ixs": [677, 735, 854, 610, 603, 656, 736, 546, 856, 647, 508, 919, 982, 598, 584, 915, 958, 589, 818, 840, 920, 586, 522, 778, 913, 590, 690, 948, 779, 594, 894, 583, 538, 807, 775, 946, 580, 613, 635, 999, 822, 752, 714, 843, 951, 731, 668, 620, 776, 746, 661, 755, 527, 890, 636, 547, 936, 602, 761, 896, 631, 934, 789, 944, 862, 622, 724, 830, 751, 811, 605, 540, 509, 852, 985, 615, 904, 654, 771, 623, 722, 785, 709, 916, 786, 524, 796, 744, 979, 885, 737, 685, 954, 975, 526, 686, 938, 947, 611, 758], "perc_recomm_found": 1.0, "gamma": 0.75, "eta": 0.75, "gamma_obs": 0.3499999940395355, "gamma_obs_pre": 0.05999999865889549, "eta_obs": 1.0, "costs": [1.0, 1.0, 1.0], "lbd": 300.0, "thresh": 0.5, "r_type": "individualized", "t_type": "acceptance", "eta_obs_individualized": NaN, "eta_obs_refits_batch0_mean": 0.5600000619888306, "model_score": 0.854, "model_f1": 0.8402625820568927, "model_refits_batch0_scores": [0.868, 0.852, 0.858, 0.858, 0.848], "model_refits_batch0_f1s": [0.858974358974359, 0.8412017167381973, 0.8459869848156182, 0.8432671081677705, 0.8325991189427313], "model_coef": NaN}