r_type,t_type,x1_mean,x2_mean,x3_mean,causes_mean,non-causes_mean,x1_std,x2_std,x3_std,causes_std,non-causes_std
individualized,acceptance,0.8493336950623981,0.007524145415084101,0.043071984083921135,0.8568578404774824,0.043071984083921135,0.1015243414047167,0.002563567675266664,0.02343272483975869,0.10041727573520197,0.02343272483975869
individualized,counterfactual,0.8493336950623981,0.007524145415084101,0.043071984083921135,0.8568578404774824,0.043071984083921135,0.1015243414047167,0.002563567675266664,0.02343272483975869,0.10041727573520197,0.02343272483975869
individualized,improvement,1.32,1.9349999999999998,,3.2550000000000003,0.0,0.08072793816269558,0.27974810097657504,,0.35952607694018524,0.0
subpopulation,acceptance,0.8493336950623981,0.007524145415084101,0.043071984083921135,0.8568578404774824,0.043071984083921135,0.1015243414047167,0.002563567675266664,0.02343272483975869,0.10041727573520197,0.02343272483975869
subpopulation,improvement,1.1273333333333333,1.4686666666666666,,2.596,0.0,0.10089763789768974,0.10597326706926297,,0.2014646370954464,0.0
