{"accuracy_pre": 0.92, "accuracy_post": 0.48, "recourse_seeking_ixs": [625, 669, 945, 867, 733, 689, 817, 774, 730, 829, 895, 598, 601, 773, 578, 574, 554, 729, 847, 744, 540, 844, 822, 794, 630, 985, 546, 944, 770, 754, 756, 735, 826, 739, 765, 778, 519, 509, 738, 903, 511, 663, 605, 878, 863, 685, 880, 814, 818, 734, 780, 615, 556, 746, 642, 990, 608, 697, 666, 712, 871, 868, 801, 913, 796, 907, 721, 620, 937, 638, 612, 978, 838, 520, 599, 753, 514, 632, 974, 910, 806, 654, 616, 545, 533, 596, 904, 665, 983, 955, 972, 716, 700, 760, 529, 640, 909, 748, 986, 805], "recourse_recommended_ixs": [625, 669, 945, 867, 733, 689, 817, 774, 730, 829, 895, 598, 601, 773, 578, 574, 554, 729, 847, 744, 540, 844, 822, 794, 630, 985, 546, 944, 770, 754, 756, 735, 826, 739, 765, 778, 519, 509, 738, 903, 511, 663, 605, 878, 863, 685, 880, 814, 818, 734, 780, 615, 556, 746, 642, 990, 608, 697, 666, 712, 871, 868, 801, 913, 796, 907, 721, 620, 937, 638, 612, 978, 838, 520, 599, 753, 514, 632, 974, 910, 806, 654, 616, 545, 533, 596, 904, 665, 983, 955, 972, 716, 700, 760, 529, 640, 909, 748, 986, 805], "perc_recomm_found": 1.0, "gamma": 0.95, "eta": 0.95, "gamma_obs": 0.47999998927116394, "gamma_obs_pre": 0.07999999821186066, "eta_obs": 1.0, "costs": [1.0, 1.0, 1.0], "lbd": 300.0, "thresh": 0.5, "r_type": "subpopulation", "t_type": "counterfactual", "eta_obs_individualized": NaN, "eta_obs_refits_batch0_mean": 0.5060000419616699, "model_score": 0.868, "model_f1": 0.8692152917505029, "model_refits_batch0_scores": [0.866, 0.864, 0.86, 0.856, 0.852], "model_refits_batch0_f1s": [0.8552915766738661, 0.8547008547008548, 0.8430493273542601, 0.8378378378378378, 0.8348214285714286], "model_coef": [[0.687721670390012, 1.0293311246961712, 0.9718462232035527], [-0.013664388085315504]]}