{"accuracy_pre": 1.0, "accuracy_post": 0.0, "recourse_seeking_ixs": [302, 296, 376, 352, 364, 356, 279, 211, 318, 348, 288, 380, 305, 382, 240, 304, 389, 332, 293, 346, 284, 386, 253, 238, 286, 377, 394, 271, 354, 316, 313, 233, 335, 300, 268, 282, 392, 297, 260, 299, 228, 285, 315, 369, 351, 283, 301, 331, 359, 214], "recourse_recommended_ixs": [302, 296, 376, 352, 364, 356, 279, 211, 318, 348, 288, 380, 305, 382, 240, 304, 389, 332, 293, 346, 284, 386, 253, 238, 286, 377, 394, 271, 354, 316, 313, 233, 335, 300, 268, 282, 392, 297, 260, 299, 228, 285, 315, 369, 351, 283, 301, 331, 359, 214], "perc_recomm_found": 1.0, "gamma": 0.95, "eta": 0.95, "gamma_obs": 0.0, "gamma_obs_pre": 0.0, "eta_obs": 1.0, "costs": [5.0, 5.0, 0.0001, 0.01, 0.1], "lbd": 300.0, "thresh": 0.5, "r_type": "individualized", "t_type": "counterfactual", "eta_obs_individualized": NaN, "eta_obs_refits_batch0_mean": 0.968, "model_score": 0.985, "model_f1": 0.988929889298893, "model_refits_batch0_scores": [0.995, 0.97, 0.995, 0.985, 0.98], "model_refits_batch0_f1s": [0.996282527881041, 0.9779411764705882, 0.996282527881041, 0.988929889298893, 0.9851851851851852], "model_coef": [[-0.5930306028896171, 0.8368561266055082, 0.005333506630559723, 0.023932172008233554, 0.9800294583626994], [-12.066944353712943]]}