r_type,t_type,x1_mean,x2_mean,x3_mean,causes_mean,non-causes_mean,x1_std,x2_std,x3_std,causes_std,non-causes_std
individualized,acceptance,0.11433333333333333,0.156,3.6213333333333337,0.2703333333333333,3.6213333333333337,0.043500957843860565,0.06369458375717672,0.45635987261516925,0.08393052682625872,0.45635987261516925
individualized,counterfactual,0.015,0.06500000000000002,3.8729999999999998,0.08000000000000002,3.8729999999999998,0.01609347693943108,0.04464302857109944,0.49869028464569076,0.028687976575562112,0.49869028464569076
individualized,improvement,1.9033333333333333,3.1033333333333335,,5.006666666666667,0.0,0.11622535581074112,0.21864202096882826,,0.3324595213455826,0.0
subpopulation,acceptance,0.10366666666666667,0.16533333333333336,3.6609999999999996,0.269,3.6609999999999996,0.031069813860616115,0.08013322240702253,0.5047504333826768,0.09806120537705011,0.5047504333826768
subpopulation,improvement,1.6300000000000001,1.8646666666666665,,3.494666666666667,0.0,0.17376133056580775,0.08717989064763344,,0.25526718029024653,0.0
