{"accuracy_pre": 0.86, "accuracy_post": 0.4, "recourse_seeking_ixs": [755, 623, 505, 738, 699, 978, 887, 571, 694, 947, 759, 573, 713, 674, 782, 879, 659, 868, 601, 552, 776, 511, 716, 644, 826, 870, 938, 875, 647, 783, 675, 834, 925, 985, 905, 916, 784, 529, 541, 732, 892, 907, 942, 670, 842, 971, 996, 718, 524, 814, 789, 934, 765, 642, 551, 940, 684, 686, 786, 729, 589, 715, 855, 553, 569, 510, 544, 648, 655, 756, 921, 617, 750, 955, 846, 803, 959, 531, 945, 840, 877, 664, 861, 696, 829, 779, 880, 873, 761, 515, 630, 809, 645, 977, 991, 752, 568, 581, 676, 999], "recourse_recommended_ixs": [755, 623, 505, 738, 699, 978, 887, 571, 694, 947, 759, 573, 713, 674, 782, 879, 659, 868, 601, 552, 776, 511, 716, 644, 826, 870, 938, 875, 647, 783, 675, 834, 925, 985, 905, 916, 784, 529, 541, 732, 892, 907, 942, 670, 842, 971, 996, 718, 524, 814, 789, 934, 765, 642, 551, 940, 684, 686, 786, 729, 589, 715, 855, 553, 569, 510, 544, 648, 655, 756, 921, 617, 750, 955, 846, 803, 959, 531, 945, 840, 877, 664, 861, 696, 829, 779, 880, 873, 761, 515, 630, 809, 645, 977, 991, 752, 568, 581, 676, 999], "perc_recomm_found": 1.0, "gamma": 0.75, "eta": 0.75, "gamma_obs": 0.3400000035762787, "gamma_obs_pre": 0.14000000059604645, "eta_obs": 0.99, "costs": [1.0, 1.0, 1.0], "lbd": 300.0, "thresh": 0.5, "r_type": "subpopulation", "t_type": "acceptance", "eta_obs_individualized": NaN, "eta_obs_refits_batch0_mean": 0.36399999260902405, "model_score": 0.766, "model_f1": 0.7525562372188138, "model_refits_batch0_scores": [0.804, 0.782, 0.782, 0.786, 0.806], "model_refits_batch0_f1s": [0.8016194331983807, 0.7705263157894737, 0.7714884696016772, 0.7737843551797039, 0.7966457023060797], "model_coef": NaN}