{"accuracy_pre": 0.84, "accuracy_post": 0.24, "recourse_seeking_ixs": [587, 857, 818, 743, 705, 665, 731, 694, 668, 870, 776, 735, 984, 808, 620, 614, 677, 599, 699, 565, 778, 954, 804, 545, 829, 734, 578, 783, 628, 549, 771, 765, 750, 796, 809, 603, 980, 605, 523, 510, 742, 890, 737, 515, 943, 974, 709, 798, 722, 662, 754, 836, 903, 773, 909, 566, 744, 688, 640, 941, 608, 725, 866, 847, 871, 794, 913, 729, 679, 720, 618, 936, 636, 612, 945, 761, 529, 601, 724, 516, 631, 769, 961, 799, 991, 646, 851, 615, 548, 542, 596, 894, 663, 828, 844, 972, 716, 760, 825, 536], "recourse_recommended_ixs": [587, 857, 818, 743, 705, 665, 731, 694, 668, 870, 776, 735, 984, 808, 620, 614, 677, 599, 699, 565, 778, 954, 804, 545, 829, 734, 578, 783, 628, 549, 771, 765, 750, 796, 809, 603, 980, 605, 523, 510, 742, 890, 737, 515, 943, 974, 709, 798, 722, 662, 754, 836, 903, 773, 909, 566, 744, 688, 640, 941, 608, 725, 866, 847, 871, 794, 913, 729, 679, 720, 618, 936, 636, 612, 945, 761, 529, 601, 724, 516, 631, 769, 961, 799, 991, 646, 851, 615, 548, 542, 596, 894, 663, 828, 844, 972, 716, 760, 825, 536], "perc_recomm_found": 1.0, "gamma": 0.75, "eta": 0.75, "gamma_obs": 0.23999999463558197, "gamma_obs_pre": 0.1599999964237213, "eta_obs": 1.0, "costs": [1.0, 1.0, 1.0], "lbd": 300.0, "thresh": 0.5, "r_type": "individualized", "t_type": "acceptance", "eta_obs_individualized": NaN, "eta_obs_refits_batch0_mean": 0.5659999847412109, "model_score": 0.814, "model_f1": 0.8119658119658121, "model_refits_batch0_scores": [0.778, 0.794, 0.784, 0.802, 0.806], "model_refits_batch0_f1s": [0.7412587412587412, 0.7736263736263737, 0.7440758293838863, 0.7724137931034482, 0.7868131868131869], "model_coef": NaN}