{"accuracy_pre": 0.88, "accuracy_post": 0.32, "recourse_seeking_ixs": [335, 453, 379, 315, 341, 266, 401, 468, 368, 433, 356, 256, 408, 466, 286, 307, 407, 358, 291, 269, 277, 382, 308, 346, 483, 386, 464, 313, 330, 435, 327, 280, 281, 448, 284, 463, 455, 360, 354, 462, 301, 385, 395, 446, 253, 454, 254, 430, 392, 444, 294, 474, 295, 342, 459, 406, 351, 447, 498, 333, 338, 410, 461, 377, 409, 482, 414, 390, 376, 282, 467, 458, 384, 442, 345, 352, 469, 273, 479, 347, 272, 258, 361, 373, 436, 369, 270, 340, 415, 293, 419, 426, 425, 365, 424, 434, 328, 422, 470, 370], "recourse_recommended_ixs": [335, 453, 379, 315, 341, 266, 401, 468, 368, 433, 356, 256, 408, 466, 286, 307, 407, 358, 291, 269, 277, 382, 308, 346, 483, 386, 464, 313, 330, 435, 327, 280, 281, 448, 284, 463, 455, 360, 354, 462, 301, 385, 395, 446, 253, 454, 254, 430, 392, 444, 294, 474, 295, 342, 459, 406, 351, 447, 498, 333, 338, 410, 461, 377, 409, 482, 414, 390, 376, 282, 467, 458, 384, 442, 345, 352, 469, 273, 479, 347, 272, 258, 361, 373, 436, 369, 270, 340, 415, 293, 419, 426, 425, 365, 424, 434, 328, 422, 470, 370], "perc_recomm_found": 1.0, "gamma": 0.75, "eta": 0.75, "gamma_obs": 0.30000001192092896, "gamma_obs_pre": 0.11999999731779099, "eta_obs": 0.98, "costs": [1.0, 1.0, 1.0], "lbd": 100.0, "thresh": 0.5, "r_type": "subpopulation", "t_type": "acceptance", "eta_obs_individualized": NaN, "eta_obs_refits_batch0_mean": 0.5080000162124634, "model_score": 0.824, "model_f1": 0.8370370370370371, "model_refits_batch0_scores": [0.824, 0.816, 0.812, 0.812, 0.812], "model_refits_batch0_f1s": [0.8370370370370371, 0.8308823529411764, 0.8199233716475095, 0.8212927756653993, 0.8171206225680934], "model_coef": [[0.4686956329121448, 0.3009492700343433, 0.7838336038431756], [-0.4018181489572338]]}