{"accuracy_pre": 0.79, "accuracy_post": 0.79, "recourse_seeking_ixs": [600, 911, 767, 890, 596, 649, 552, 888, 619, 651, 971, 559, 535, 659, 958, 545, 946, 592, 620, 808, 855, 728, 534, 831, 523, 828, 570, 684, 931, 905, 981, 661, 730, 643, 560, 513, 830, 703, 566, 568, 521, 972, 595, 692, 702, 833, 605, 604, 675, 712, 778, 815, 871, 579, 835, 863, 956, 982, 785, 539, 810, 597, 678, 563, 573, 640, 752, 959, 856, 792, 824, 613, 565, 543, 852, 874, 825, 929, 740, 784, 743, 954, 689, 627, 848, 786, 761, 917, 734, 962, 914, 549, 847, 819, 797, 672, 657, 864, 588, 934], "recourse_recommended_ixs": [600, 911, 767, 890, 596, 649, 552, 888, 619, 651, 971, 559, 535, 659, 958, 545, 946, 592, 620, 808, 855, 728, 534, 831, 523, 828, 570, 684, 931, 905, 981, 661, 730, 643, 560, 513, 830, 703, 566, 568, 521, 972, 595, 692, 702, 833, 605, 604, 675, 712, 778, 815, 871, 579, 835, 863, 956, 982, 785, 539, 810, 597, 678, 563, 573, 640, 752, 959, 856, 792, 824, 613, 565, 543, 852, 874, 825, 929, 740, 784, 743, 954, 689, 627, 848, 786, 761, 917, 734, 962, 914, 549, 847, 819, 797, 672, 657, 864, 588, 934], "perc_recomm_found": 1.0, "gamma": 0.75, "eta": 0.75, "gamma_obs": 0.7900000214576721, "gamma_obs_pre": 0.20999999344348907, "eta_obs": 1.0, "costs": [1.0, 1.0], "lbd": 300.0, "thresh": 0.5, "r_type": "individualized", "t_type": "improvement", "eta_obs_individualized": 0.8, "eta_obs_refits_batch0_mean": 0.9940000772476196, "model_score": 0.81, "model_f1": 0.794816414686825, "model_refits_batch0_scores": [0.82, 0.828, 0.806, 0.818, 0.836], "model_refits_batch0_f1s": [0.7906976744186047, 0.8045454545454546, 0.7662650602409637, 0.7858823529411765, 0.8217391304347826], "model_coef": NaN}