{"accuracy_pre": 1.0, "accuracy_post": 0.0, "recourse_seeking_ixs": [234, 399, 304, 344, 230, 372, 370, 325, 258, 314, 221, 284, 219, 241, 297, 320, 367, 307, 329, 257, 356, 319, 311, 363, 223, 248, 264, 249, 333, 378, 294, 232, 239, 274, 323, 253, 385, 312, 242, 215, 283, 282, 388, 332, 371, 386, 256, 279, 210, 208], "recourse_recommended_ixs": [234, 399, 304, 344, 230, 372, 370, 325, 258, 314, 221, 284, 219, 241, 297, 320, 367, 307, 329, 257, 356, 319, 311, 363, 223, 248, 264, 249, 333, 378, 294, 232, 239, 274, 323, 253, 385, 312, 242, 215, 283, 282, 388, 332, 371, 386, 256, 279, 210, 208], "perc_recomm_found": 1.0, "gamma": 0.85, "eta": 0.85, "gamma_obs": 0.0, "gamma_obs_pre": 0.0, "eta_obs": 1.0, "costs": [5.0, 5.0, 0.0001, 0.01, 0.1], "lbd": 300.0, "thresh": 0.5, "r_type": "individualized", "t_type": "counterfactual", "eta_obs_individualized": NaN, "eta_obs_refits_batch0_mean": 0.944, "model_score": 0.995, "model_f1": 0.9956709956709957, "model_refits_batch0_scores": [0.985, 0.98, 0.97, 0.98, 0.98], "model_refits_batch0_f1s": [0.9868995633187774, 0.983050847457627, 0.9745762711864409, 0.982905982905983, 0.982905982905983], "model_coef": [[-0.5176517533033055, 0.9265584802375996, 0.009902208607704277, 0.3419470310786441, 0.6737283315699382], [-12.95356554238956]]}