r_type,t_type,x1_mean,x2_mean,x3_mean,causes_mean,non-causes_mean,x1_std,x2_std,x3_std,causes_std,non-causes_std
individualized,acceptance,0.1624273437837371,0.2839362611737272,0.6909034849073715,1.1372670898648356,0.0,0.11397369878747385,0.11129705450299471,0.23089807674310028,0.21711479908736214,0.0
individualized,counterfactual,0.13660703522434123,0.26715569271323064,0.8332758717682892,1.237038599705861,0.0,0.12540042436916057,0.06010389483459253,0.2794612578933115,0.35087578085832644,0.0
individualized,improvement,1.2304026661169518,1.133006940149797,,2.363409606266749,0.0,0.19741762441813443,0.09626986572607447,,0.20275127501567905,0.0
subpopulation,acceptance,0.15691045102004006,0.21765813231566655,0.8334174427325113,1.2079860260682178,0.0,0.09659923751278167,0.06946375544818408,0.27925404136185816,0.2942878939492652,0.0
subpopulation,counterfactual,0.13660703522434123,0.26715569271323064,0.8332758717682892,1.237038599705861,0.0,0.12540042436916057,0.06010389483459253,0.2794612578933115,0.35087578085832644,0.0
subpopulation,improvement,1.2767179828299122,1.1197009012914756,,2.396418884121388,0.0,0.1313671040475391,0.17775873971819786,,0.150766480241547,0.0
