{"accuracy_pre": 1.0, "accuracy_post": 0.0, "recourse_seeking_ixs": [324, 323, 272, 392, 223, 380, 244, 349, 365, 345, 274, 312, 347, 275, 315, 252, 258, 264, 288, 294, 243, 226, 220, 334, 335, 342, 245, 270, 276, 388, 225, 310, 321, 285, 396, 215, 261, 214, 394, 340, 247, 232, 219, 271, 314, 212, 222, 287, 300, 248], "recourse_recommended_ixs": [324, 323, 272, 392, 223, 380, 244, 349, 365, 345, 274, 312, 347, 275, 315, 252, 258, 264, 288, 294, 243, 226, 220, 334, 335, 342, 245, 270, 276, 388, 225, 310, 321, 285, 396, 215, 261, 214, 394, 340, 247, 232, 219, 271, 314, 212, 222, 287, 300, 248], "perc_recomm_found": 1.0, "gamma": 0.95, "eta": 0.95, "gamma_obs": 0.0, "gamma_obs_pre": 0.0, "eta_obs": 1.0, "costs": [5.0, 5.0, 0.0001, 0.01, 0.1], "lbd": 300.0, "thresh": 0.5, "r_type": "subpopulation", "t_type": "acceptance", "eta_obs_individualized": NaN, "eta_obs_refits_batch0_mean": 0.9559999999999998, "model_score": 1.0, "model_f1": 1.0, "model_refits_batch0_scores": [0.99, 1.0, 0.975, 0.985, 1.0], "model_refits_batch0_f1s": [0.9916666666666667, 1.0, 0.9789029535864979, 0.9875518672199171, 1.0], "model_coef": [[-0.6079628283939311, 1.0513017542709073, 0.006790621907200741, -0.006614933774123956, 0.5625619568003876], [-8.818999669527297]]}