{"accuracy_pre": 0.87, "accuracy_post": 0.25, "recourse_seeking_ixs": [899, 882, 753, 965, 703, 637, 571, 707, 993, 532, 775, 591, 897, 770, 807, 576, 690, 567, 732, 758, 802, 903, 681, 969, 977, 547, 679, 984, 997, 932, 608, 793, 572, 860, 764, 650, 776, 527, 513, 990, 921, 910, 651, 713, 514, 851, 832, 746, 762, 803, 943, 738, 633, 999, 757, 841, 675, 822, 741, 777, 937, 586, 801, 926, 515, 735, 616, 583, 654, 724, 852, 625, 743, 952, 636, 944, 687, 588, 626, 886, 511, 796, 705, 605, 966, 544, 509, 581, 826, 957, 645, 783, 694, 902, 520, 737, 967, 733, 521, 949], "recourse_recommended_ixs": [899, 882, 753, 965, 703, 637, 571, 707, 993, 532, 775, 591, 897, 770, 807, 576, 690, 567, 732, 758, 802, 903, 681, 969, 977, 547, 679, 984, 997, 932, 608, 793, 572, 860, 764, 650, 776, 527, 513, 990, 921, 910, 651, 713, 514, 851, 832, 746, 762, 803, 943, 738, 633, 999, 757, 841, 675, 822, 741, 777, 937, 586, 801, 926, 515, 735, 616, 583, 654, 724, 852, 625, 743, 952, 636, 944, 687, 588, 626, 886, 511, 796, 705, 605, 966, 544, 509, 581, 826, 957, 645, 783, 694, 902, 520, 737, 967, 733, 521, 949], "perc_recomm_found": 1.0, "gamma": 0.95, "eta": 0.95, "gamma_obs": 0.23000000417232513, "gamma_obs_pre": 0.12999999523162842, "eta_obs": 0.94, "costs": [1.0, 1.0, 1.0], "lbd": 300.0, "thresh": 0.5, "r_type": "subpopulation", "t_type": "counterfactual", "eta_obs_individualized": NaN, "eta_obs_refits_batch0_mean": 0.35199999809265137, "model_score": 0.872, "model_f1": 0.8686868686868688, "model_refits_batch0_scores": [0.848, 0.852, 0.822, 0.838, 0.836], "model_refits_batch0_f1s": [0.8396624472573839, 0.8445378151260504, 0.8086021505376344, 0.8258064516129033, 0.8270042194092827], "model_coef": NaN}