{"accuracy_pre": 0.68, "accuracy_post": 0.44, "recourse_seeking_ixs": [283, 324, 253, 214, 297, 349, 301, 381, 382, 262, 219, 399, 282, 284, 273, 289, 254, 306, 365, 230, 207, 340, 351, 319, 295, 304, 277, 280, 394, 217, 268, 344, 220, 321, 294, 250, 249, 201, 229, 392, 208, 259, 334, 209, 331, 232, 322, 251, 308, 356], "recourse_recommended_ixs": [283, 324, 253, 214, 297, 349, 301, 381, 382, 262, 219, 399, 282, 284, 273, 289, 254, 306, 365, 230, 207, 340, 351, 319, 295, 304, 277, 280, 394, 217, 268, 344, 220, 321, 294, 250, 249, 201, 229, 392, 208, 259, 334, 209, 331, 232, 322, 251, 308, 356], "perc_recomm_found": 1.0, "gamma": 0.75, "eta": 0.75, "gamma_obs": 0.41999998688697815, "gamma_obs_pre": 0.3199999928474426, "eta_obs": 0.98, "costs": [1.0, 1.0, 1.0], "lbd": 300.0, "thresh": 0.5, "r_type": "individualized", "t_type": "counterfactual", "eta_obs_individualized": NaN, "eta_obs_refits_batch0_mean": 0.6240000128746033, "model_score": 0.78, "model_f1": 0.7634408602150536, "model_refits_batch0_scores": [0.78, 0.775, 0.775, 0.755, 0.76], "model_refits_batch0_f1s": [0.7731958762886598, 0.7567567567567567, 0.7540983606557377, 0.7562189054726368, 0.7333333333333334], "model_coef": [[0.46629446868718166, 0.22897983363025054, 0.960753952118381], [-0.26987378431839804]]}