{"accuracy_pre": 1.0, "accuracy_post": 0.97, "recourse_seeking_ixs": [1570, 1287, 1495, 1028, 1876, 1284, 1927, 1247, 1068, 1069, 1072, 1195, 1211, 1429, 1127, 1155, 1401, 1180, 1325, 1472, 1467, 1582, 1785, 1111, 1094, 1923, 1235, 1147, 1083, 1170, 1336, 1476, 1273, 1283, 1799, 1298, 1536, 1518, 1225, 1202, 1730, 1257, 1776, 1937, 1118, 1566, 1174, 1528, 1845, 1278, 1378, 1482, 1161, 1661, 1542, 1168, 1381, 1686, 1786, 1996, 1288, 1515, 1792, 1219, 1356, 1430, 1423, 1636, 1493, 1073, 1339, 1319, 1622, 1431, 1275, 1685, 1484, 1080, 1875, 1409, 1675, 1683, 1382, 1483, 1063, 1963, 1038, 1427, 1091, 1081, 1309, 1311, 1674, 1613, 1039, 1635, 1620, 1454, 1552, 1014], "recourse_recommended_ixs": [1570, 1287, 1495, 1028, 1876, 1284, 1927, 1247, 1068, 1069, 1072, 1195, 1211, 1429, 1127, 1155, 1401, 1180, 1325, 1472, 1467, 1582, 1785, 1111, 1094, 1923, 1235, 1147, 1083, 1170, 1336, 1476, 1273, 1283, 1799, 1298, 1536, 1518, 1225, 1202, 1730, 1257, 1776, 1937, 1118, 1566, 1174, 1528, 1845, 1278, 1378, 1482, 1161, 1661, 1542, 1168, 1381, 1686, 1786, 1996, 1288, 1515, 1792, 1219, 1356, 1430, 1423, 1636, 1493, 1073, 1339, 1319, 1622, 1431, 1275, 1685, 1484, 1080, 1875, 1409, 1675, 1683, 1382, 1483, 1063, 1963, 1038, 1427, 1091, 1081, 1309, 1311, 1674, 1613, 1039, 1635, 1620, 1454, 1552, 1014], "perc_recomm_found": 1.0, "gamma": 0.95, "eta": 0.95, "gamma_obs": 1.0, "gamma_obs_pre": 0.0, "eta_obs": 0.98, "costs": [1.0, 1.0, 1.0], "lbd": 150.0, "thresh": 0.5, "r_type": "subpopulation", "t_type": "acceptance", "eta_obs_individualized": NaN, "eta_obs_refits_batch0_mean": 0.8920000195503235, "model_score": 0.814, "model_f1": 0.997907949790795, "model_refits_batch0_scores": [0.998, 0.998, 0.995, 0.995, 0.998], "model_refits_batch0_f1s": [0.9979674796747968, 0.9979674796747968, 0.9949031600407746, 0.9949031600407746, 0.9979674796747968], "model_coef": NaN}