{"accuracy_pre": 1.0, "accuracy_post": 0.99, "recourse_seeking_ixs": [1094, 1515, 1937, 1878, 1580, 1582, 1936, 1170, 1276, 1109, 1688, 1955, 1981, 1886, 1813, 1703, 1882, 1921, 1727, 1588, 1786, 1782, 1467, 1501, 1180, 1810, 1958, 1286, 1478, 1402, 1776, 1804, 1412, 1496, 1876, 1602, 1994, 1873, 1347, 1587, 1963, 1014, 1491, 1570, 1824, 1594, 1918, 1246, 1272, 1476, 1100, 1779, 1938, 1154, 1225, 1830, 1291, 1805, 1845, 1463, 1218, 1379, 1287, 1242, 1683, 1081, 1299, 1386, 1730, 1365, 1020, 1352, 1490, 1418, 1966, 1006, 1188, 1333, 1518, 1828, 1483, 1168, 1942, 1009, 1008, 1737, 1185, 1072, 1555, 1243, 1510, 1464, 1757, 1917, 1174, 1846, 1395, 1199, 1640, 1446], "recourse_recommended_ixs": [1094, 1515, 1937, 1878, 1580, 1582, 1936, 1170, 1276, 1109, 1688, 1955, 1981, 1886, 1813, 1703, 1882, 1921, 1727, 1588, 1786, 1782, 1467, 1501, 1180, 1810, 1958, 1286, 1478, 1402, 1776, 1804, 1412, 1496, 1876, 1602, 1994, 1873, 1347, 1587, 1963, 1014, 1491, 1570, 1824, 1594, 1918, 1246, 1272, 1476, 1100, 1779, 1938, 1154, 1225, 1830, 1291, 1805, 1845, 1463, 1218, 1379, 1287, 1242, 1683, 1081, 1299, 1386, 1730, 1365, 1020, 1352, 1490, 1418, 1966, 1006, 1188, 1333, 1518, 1828, 1483, 1168, 1942, 1009, 1008, 1737, 1185, 1072, 1555, 1243, 1510, 1464, 1757, 1917, 1174, 1846, 1395, 1199, 1640, 1446], "perc_recomm_found": 1.0, "gamma": 0.95, "eta": 0.95, "gamma_obs": 0.9900000095367432, "gamma_obs_pre": 0.0, "eta_obs": 1.0, "costs": [1.0, 1.0, 1.0], "lbd": 150.0, "thresh": 0.5, "r_type": "subpopulation", "t_type": "acceptance", "eta_obs_individualized": NaN, "eta_obs_refits_batch0_mean": 0.7080000638961792, "model_score": 0.92, "model_f1": 0.9959100204498978, "model_refits_batch0_scores": [1.0, 0.996, 0.999, 0.996, 0.998], "model_refits_batch0_f1s": [1.0, 0.9959100204498978, 0.9989827060020345, 0.9959100204498978, 0.9979591836734694], "model_coef": NaN}