{"accuracy_pre": 0.94, "accuracy_post": 0.3, "recourse_seeking_ixs": [200, 303, 239, 392, 254, 291, 211, 329, 336, 316, 377, 308, 227, 353, 265, 210, 310, 342, 202, 389, 261, 345, 348, 322, 238, 369, 397, 319, 273, 372, 252, 396, 233, 228, 351, 232, 321, 394, 246, 215, 375, 235, 260, 283, 276, 267, 251, 327, 314, 384], "recourse_recommended_ixs": [200, 303, 239, 392, 254, 291, 211, 329, 336, 316, 377, 308, 227, 353, 265, 210, 310, 342, 202, 389, 261, 345, 348, 322, 238, 369, 397, 319, 273, 372, 252, 396, 233, 228, 351, 232, 321, 394, 246, 215, 375, 235, 260, 283, 276, 267, 251, 327, 314, 384], "perc_recomm_found": 1.0, "gamma": 0.75, "eta": 0.75, "gamma_obs": 0.2800000011920929, "gamma_obs_pre": 0.05999999865889549, "eta_obs": 0.98, "costs": [1.0, 1.0, 1.0], "lbd": 300.0, "thresh": 0.5, "r_type": "subpopulation", "t_type": "acceptance", "eta_obs_individualized": NaN, "eta_obs_refits_batch0_mean": 0.7120000123977661, "model_score": 0.89, "model_f1": 0.888888888888889, "model_refits_batch0_scores": [0.91, 0.88, 0.885, 0.895, 0.905], "model_refits_batch0_f1s": [0.9081632653061225, 0.8811881188118811, 0.8878048780487805, 0.8911917098445595, 0.9045226130653267], "model_coef": [[1.0725123715533602, 0.2180381731278218, 1.6860843883037773], [0.3237274772452617]]}