{"accuracy_pre": 0.99, "accuracy_post": 0.99, "recourse_seeking_ixs": [1326, 1240, 1301, 1979, 1443, 1457, 1239, 1818, 1000, 1204, 1084, 1483, 1089, 1296, 1048, 1036, 1146, 1010, 1622, 1954, 1507, 1688, 1665, 1439, 1319, 1256, 1906, 1072, 1051, 1695, 1768, 1847, 1299, 1145, 1272, 1978, 1777, 1353, 1685, 1853, 1890, 1704, 1680, 1316, 1554, 1883, 1488, 1288, 1428, 1960, 1111, 1903, 1578, 1579, 1772, 1157, 1959, 1093, 1099, 1042, 1808, 1627, 1683, 1724, 1437, 1098, 1403, 1637, 1750, 1529, 1981, 1896, 1879, 1714, 1662, 1612, 1091, 1267, 1295, 1193, 1179, 1375, 1568, 1351, 1542, 1502, 1692, 1549, 1513, 1838, 1975, 1966, 1642, 1206, 1562, 1452, 1937, 1977, 1874, 1114], "recourse_recommended_ixs": [1326, 1240, 1301, 1979, 1443, 1457, 1239, 1818, 1000, 1204, 1084, 1483, 1089, 1296, 1048, 1036, 1146, 1010, 1622, 1954, 1507, 1688, 1665, 1439, 1319, 1256, 1906, 1072, 1051, 1695, 1768, 1847, 1299, 1145, 1272, 1978, 1777, 1353, 1685, 1853, 1890, 1704, 1680, 1316, 1554, 1883, 1488, 1288, 1428, 1960, 1111, 1903, 1578, 1579, 1772, 1157, 1959, 1093, 1099, 1042, 1808, 1627, 1683, 1724, 1437, 1098, 1403, 1637, 1750, 1529, 1981, 1896, 1879, 1714, 1662, 1612, 1091, 1267, 1295, 1193, 1179, 1375, 1568, 1351, 1542, 1502, 1692, 1549, 1513, 1838, 1975, 1966, 1642, 1206, 1562, 1452, 1937, 1977, 1874, 1114], "perc_recomm_found": 1.0, "gamma": 0.75, "eta": 0.75, "gamma_obs": 1.0, "gamma_obs_pre": 0.009999999776482582, "eta_obs": 0.99, "costs": [1.0, 1.0, 1.0], "lbd": 150.0, "thresh": 0.5, "r_type": "individualized", "t_type": "improvement", "eta_obs_individualized": 1.0, "eta_obs_refits_batch0_mean": 0.9899999499320984, "model_score": 0.694, "model_f1": 0.9989417989417989, "model_refits_batch0_scores": [1.0, 1.0, 0.999, 0.997, 1.0], "model_refits_batch0_f1s": [1.0, 1.0, 0.9989929506545822, 0.9969909729187563, 1.0], "model_coef": NaN}