{"accuracy_pre": 0.91, "accuracy_post": 0.18, "recourse_seeking_ixs": [562, 753, 850, 934, 526, 820, 811, 775, 567, 881, 945, 532, 884, 838, 632, 920, 513, 529, 999, 812, 578, 831, 643, 502, 661, 504, 782, 927, 954, 614, 537, 948, 817, 595, 750, 615, 979, 522, 921, 658, 871, 620, 832, 726, 853, 607, 635, 841, 912, 983, 947, 795, 576, 606, 791, 822, 507, 662, 697, 527, 964, 563, 737, 763, 521, 937, 710, 696, 675, 924, 886, 774, 777, 859, 701, 771, 918, 944, 770, 501, 733, 982, 882, 907, 967, 778, 599, 926, 941, 654, 500, 575, 901, 978, 806, 557, 904, 897, 890, 693], "recourse_recommended_ixs": [562, 753, 850, 934, 526, 820, 811, 775, 567, 881, 945, 532, 884, 838, 632, 920, 513, 529, 999, 812, 578, 831, 643, 502, 661, 504, 782, 927, 954, 614, 537, 948, 817, 595, 750, 615, 979, 522, 921, 658, 871, 620, 832, 726, 853, 607, 635, 841, 912, 983, 947, 795, 576, 606, 791, 822, 507, 662, 697, 527, 964, 563, 737, 763, 521, 937, 710, 696, 675, 924, 886, 774, 777, 859, 701, 771, 918, 944, 770, 501, 733, 982, 882, 907, 967, 778, 599, 926, 941, 654, 500, 575, 901, 978, 806, 557, 904, 897, 890, 693], "perc_recomm_found": 1.0, "gamma": 0.75, "eta": 0.75, "gamma_obs": 0.18000000715255737, "gamma_obs_pre": 0.09000000357627869, "eta_obs": 1.0, "costs": [1.0, 1.0, 1.0], "lbd": 300.0, "thresh": 0.5, "r_type": "individualized", "t_type": "acceptance", "eta_obs_individualized": NaN, "eta_obs_refits_batch0_mean": 0.5700000524520874, "model_score": 0.826, "model_f1": 0.8349146110056926, "model_refits_batch0_scores": [0.806, 0.824, 0.796, 0.794, 0.808], "model_refits_batch0_f1s": [0.8166351606805293, 0.8370370370370369, 0.80078125, 0.8074766355140186, 0.8146718146718146], "model_coef": NaN}