{"accuracy_pre": 0.8, "accuracy_post": 0.28, "recourse_seeking_ixs": [281, 294, 310, 200, 362, 387, 383, 202, 280, 210, 317, 266, 221, 314, 320, 204, 326, 264, 396, 307, 282, 319, 284, 265, 333, 289, 359, 259, 258, 374, 248, 349, 385, 381, 394, 398, 249, 355, 328, 240, 372, 237, 378, 338, 243, 261, 376, 234, 260, 244], "recourse_recommended_ixs": [281, 294, 310, 200, 362, 387, 383, 202, 280, 210, 317, 266, 221, 314, 320, 204, 326, 264, 396, 307, 282, 319, 284, 265, 333, 289, 359, 259, 258, 374, 248, 349, 385, 381, 394, 398, 249, 355, 328, 240, 372, 237, 378, 338, 243, 261, 376, 234, 260, 244], "perc_recomm_found": 1.0, "gamma": 0.9, "eta": 0.9, "gamma_obs": 0.2800000011920929, "gamma_obs_pre": 0.20000000298023224, "eta_obs": 1.0, "costs": [1.0, 1.0, 1.0], "lbd": 300.0, "thresh": 0.5, "r_type": "individualized", "t_type": "counterfactual", "eta_obs_individualized": NaN, "eta_obs_refits_batch0_mean": 0.5679999589920044, "model_score": 0.82, "model_f1": 0.8043478260869565, "model_refits_batch0_scores": [0.825, 0.855, 0.825, 0.825, 0.81], "model_refits_batch0_f1s": [0.8128342245989306, 0.8497409326424871, 0.8044692737430168, 0.8167539267015707, 0.797872340425532], "model_coef": [[-0.03469255131631568, 0.297972323148673, 0.8210151570344043], [-0.3943902837117776]]}