{"accuracy_pre": 0.97, "accuracy_post": 0.43, "recourse_seeking_ixs": [674, 587, 589, 642, 724, 721, 770, 948, 686, 508, 631, 921, 985, 894, 718, 585, 783, 745, 609, 842, 843, 598, 862, 916, 979, 546, 771, 619, 728, 856, 547, 937, 596, 590, 522, 583, 502, 656, 957, 901, 580, 538, 736, 715, 767, 612, 579, 632, 602, 653, 999, 755, 983, 955, 704, 828, 777, 864, 746, 852, 977, 858, 786, 766, 663, 527, 807, 776, 628, 936, 623, 702, 621, 832, 830, 944, 743, 604, 540, 509, 854, 954, 613, 904, 650, 896, 707, 622, 953, 823, 744, 731, 919, 975, 524, 951, 760, 941, 816, 886], "recourse_recommended_ixs": [674, 587, 589, 642, 724, 721, 770, 948, 686, 508, 631, 921, 985, 894, 718, 585, 783, 745, 609, 842, 843, 598, 862, 916, 979, 546, 771, 619, 728, 856, 547, 937, 596, 590, 522, 583, 502, 656, 957, 901, 580, 538, 736, 715, 767, 612, 579, 632, 602, 653, 999, 755, 983, 955, 704, 828, 777, 864, 746, 852, 977, 858, 786, 766, 663, 527, 807, 776, 628, 936, 623, 702, 621, 832, 830, 944, 743, 604, 540, 509, 854, 954, 613, 904, 650, 896, 707, 622, 953, 823, 744, 731, 919, 975, 524, 951, 760, 941, 816, 886], "perc_recomm_found": 1.0, "gamma": 0.95, "eta": 0.95, "gamma_obs": 0.4099999964237213, "gamma_obs_pre": 0.029999999329447746, "eta_obs": 1.0, "costs": [1.0, 1.0, 1.0], "lbd": 300.0, "thresh": 0.5, "r_type": "subpopulation", "t_type": "counterfactual", "eta_obs_individualized": NaN, "eta_obs_refits_batch0_mean": 0.4939999580383301, "model_score": 0.862, "model_f1": 0.847682119205298, "model_refits_batch0_scores": [0.862, 0.86, 0.86, 0.846, 0.86], "model_refits_batch0_f1s": [0.8516129032258065, 0.8504273504273505, 0.8458149779735683, 0.8285077951002228, 0.8478260869565217], "model_coef": NaN}