{"accuracy_pre": 0.76, "accuracy_post": 0.32, "recourse_seeking_ixs": [314, 278, 364, 351, 269, 215, 383, 365, 293, 369, 337, 274, 329, 290, 387, 394, 352, 257, 308, 339, 243, 258, 359, 287, 252, 361, 260, 372, 347, 371, 370, 382, 264, 395, 345, 222, 321, 325, 296, 388, 265, 295, 214, 356, 340, 284, 379, 342, 242, 281], "recourse_recommended_ixs": [314, 278, 364, 351, 269, 215, 383, 365, 293, 369, 337, 274, 329, 290, 387, 394, 352, 257, 308, 339, 243, 258, 359, 287, 252, 361, 260, 372, 347, 371, 370, 382, 264, 395, 345, 222, 321, 325, 296, 388, 265, 295, 214, 356, 340, 284, 379, 342, 242, 281], "perc_recomm_found": 1.0, "gamma": 0.9, "eta": 0.9, "gamma_obs": 0.3199999928474426, "gamma_obs_pre": 0.23999999463558197, "eta_obs": 1.0, "costs": [1.0, 1.0, 1.0], "lbd": 300.0, "thresh": 0.5, "r_type": "individualized", "t_type": "counterfactual", "eta_obs_individualized": NaN, "eta_obs_refits_batch0_mean": 0.41999998688697815, "model_score": 0.82, "model_f1": 0.7804878048780488, "model_refits_batch0_scores": [0.8, 0.81, 0.815, 0.81, 0.805], "model_refits_batch0_f1s": [0.7468354430379747, 0.759493670886076, 0.7784431137724551, 0.7625000000000001, 0.7607361963190183], "model_coef": [[0.02260722935085026, 0.19040615693601223, 0.6777748981822612], [-0.6662360638079102]]}