{"accuracy_pre": 0.7, "accuracy_post": 0.4, "recourse_seeking_ixs": [512, 828, 518, 684, 875, 618, 589, 995, 984, 838, 931, 869, 817, 533, 612, 877, 582, 919, 729, 500, 899, 865, 600, 626, 906, 739, 941, 950, 810, 757, 560, 771, 885, 527, 963, 990, 959, 911, 793, 665, 649, 762, 516, 759, 507, 821, 734, 851, 646, 657, 811, 926, 715, 676, 716, 741, 660, 733, 570, 683, 711, 544, 928, 843, 666, 763, 910, 747, 580, 983, 921, 961, 693, 844, 606, 609, 748, 884, 503, 761, 818, 962, 651, 868, 791, 602, 593, 504, 575, 623, 829, 552, 998, 801, 785, 986, 749, 946, 927, 835], "recourse_recommended_ixs": [512, 828, 518, 684, 875, 618, 589, 995, 984, 838, 931, 869, 817, 533, 612, 877, 582, 919, 729, 500, 899, 865, 600, 626, 906, 739, 941, 950, 810, 757, 560, 771, 885, 527, 963, 990, 959, 911, 793, 665, 649, 762, 516, 759, 507, 821, 734, 851, 646, 657, 811, 926, 715, 676, 716, 741, 660, 733, 570, 683, 711, 544, 928, 843, 666, 763, 910, 747, 580, 983, 921, 961, 693, 844, 606, 609, 748, 884, 503, 761, 818, 962, 651, 868, 791, 602, 593, 504, 575, 623, 829, 552, 998, 801, 785, 986, 749, 946, 927, 835], "perc_recomm_found": 1.0, "gamma": 0.75, "eta": 0.75, "gamma_obs": 0.36000001430511475, "gamma_obs_pre": 0.30000001192092896, "eta_obs": 0.91, "costs": [1.0, 1.0, 1.0], "lbd": 300.0, "thresh": 0.5, "r_type": "subpopulation", "t_type": "counterfactual", "eta_obs_individualized": NaN, "eta_obs_refits_batch0_mean": 0.40799999237060547, "model_score": 0.76, "model_f1": 0.7715355805243446, "model_refits_batch0_scores": [0.794, 0.788, 0.784, 0.8, 0.806], "model_refits_batch0_f1s": [0.7632183908045977, 0.7644444444444445, 0.742857142857143, 0.7641509433962264, 0.7820224719101123], "model_coef": NaN}