{"accuracy_pre": 1.0, "accuracy_post": 0.92, "recourse_seeking_ixs": [1642, 1198, 1805, 1002, 1560, 1594, 1435, 1931, 1751, 1814, 1657, 1683, 1177, 1717, 1118, 1505, 1791, 1372, 1898, 1131, 1009, 1274, 1014, 1533, 1310, 1679, 1757, 1864, 1348, 1886, 1168, 1841, 1713, 1233, 1459, 1661, 1681, 1352, 1633, 1289, 1475, 1314, 1237, 1356, 1270, 1212, 1629, 1486, 1313, 1824, 1708, 1366, 1308, 1769, 1470, 1872, 1892, 1087, 1302, 1319, 1603, 1723, 1807, 1952, 1860, 1659, 1431, 1901, 1928, 1989, 1900, 1574, 1726, 1329, 1921, 1627, 1961, 1387, 1819, 1303, 1619, 1176, 1230, 1016, 1873, 1816, 1675, 1639, 1942, 1569, 1101, 1306, 1652, 1469, 1420, 1161, 1143, 1030, 1858, 1990], "recourse_recommended_ixs": [1642, 1198, 1805, 1002, 1560, 1594, 1435, 1931, 1751, 1814, 1657, 1683, 1177, 1717, 1118, 1505, 1791, 1372, 1898, 1131, 1009, 1274, 1014, 1533, 1310, 1679, 1757, 1864, 1348, 1886, 1168, 1841, 1713, 1233, 1459, 1661, 1681, 1352, 1633, 1289, 1475, 1314, 1237, 1356, 1270, 1212, 1629, 1486, 1313, 1824, 1708, 1366, 1308, 1769, 1470, 1872, 1892, 1087, 1302, 1319, 1603, 1723, 1807, 1952, 1860, 1659, 1431, 1901, 1928, 1989, 1900, 1574, 1726, 1329, 1921, 1627, 1961, 1387, 1819, 1303, 1619, 1176, 1230, 1016, 1873, 1816, 1675, 1639, 1942, 1569, 1101, 1306, 1652, 1469, 1420, 1161, 1143, 1030, 1858, 1990], "perc_recomm_found": 1.0, "gamma": 0.75, "eta": 0.75, "gamma_obs": 1.0, "gamma_obs_pre": 0.0, "eta_obs": 0.92, "costs": [1.0, 1.0, 1.0], "lbd": 150.0, "thresh": 0.5, "r_type": "subpopulation", "t_type": "acceptance", "eta_obs_individualized": NaN, "eta_obs_refits_batch0_mean": 0.8680000305175781, "model_score": 0.931, "model_f1": 1.0, "model_refits_batch0_scores": [0.993, 1.0, 0.996, 0.996, 0.994], "model_refits_batch0_f1s": [0.992964824120603, 1.0, 0.9959919839679359, 0.9959919839679359, 0.9939759036144578], "model_coef": NaN}