{"accuracy_pre": 0.98, "accuracy_post": 0.99, "recourse_seeking_ixs": [1938, 1858, 1363, 1470, 1737, 1616, 1619, 1443, 1744, 1096, 1529, 1014, 1631, 1595, 1269, 1789, 1195, 1427, 1520, 1985, 1454, 1707, 1605, 1418, 1742, 1875, 1291, 1830, 1486, 1203, 1642, 1088, 1310, 1360, 1340, 1149, 1216, 1709, 1597, 1668, 1735, 1118, 1199, 1861, 1983, 1161, 1373, 1977, 1231, 1685, 1256, 1798, 1677, 1057, 1993, 1391, 1438, 1784, 1588, 1146, 1839, 1786, 1807, 1533, 1238, 1434, 1293, 1806, 1591, 1528, 1133, 1701, 1646, 1991, 1576, 1931, 1319, 1119, 1206, 1814, 1282, 1761, 1922, 1277, 1476, 1771, 1128, 1236, 1914, 1611, 1569, 1655, 1778, 1859, 1317, 1288, 1210, 1594, 1731, 1099], "recourse_recommended_ixs": [1938, 1858, 1363, 1470, 1737, 1616, 1619, 1443, 1744, 1096, 1529, 1014, 1631, 1595, 1269, 1789, 1195, 1427, 1520, 1985, 1454, 1707, 1605, 1418, 1742, 1875, 1291, 1830, 1486, 1203, 1642, 1088, 1310, 1360, 1340, 1149, 1216, 1709, 1597, 1668, 1735, 1118, 1199, 1861, 1983, 1161, 1373, 1977, 1231, 1685, 1256, 1798, 1677, 1057, 1993, 1391, 1438, 1784, 1588, 1146, 1839, 1786, 1807, 1533, 1238, 1434, 1293, 1806, 1591, 1528, 1133, 1701, 1646, 1991, 1576, 1931, 1319, 1119, 1206, 1814, 1282, 1761, 1922, 1277, 1476, 1771, 1128, 1236, 1914, 1611, 1569, 1655, 1778, 1859, 1317, 1288, 1210, 1594, 1731, 1099], "perc_recomm_found": 1.0, "gamma": 0.95, "eta": 0.95, "gamma_obs": 1.0, "gamma_obs_pre": 0.019999999552965164, "eta_obs": 0.99, "costs": [1.0, 1.0], "lbd": 150.0, "thresh": 0.5, "r_type": "subpopulation", "t_type": "improvement", "eta_obs_individualized": NaN, "eta_obs_refits_batch0_mean": 0.9780000448226929, "model_score": 0.988, "model_f1": 1.0, "model_refits_batch0_scores": [0.997, 0.994, 0.996, 0.994, 0.996], "model_refits_batch0_f1s": [0.9970089730807578, 0.9939999999999999, 0.9960079840319361, 0.9939999999999999, 0.9960079840319361], "model_coef": NaN}