{"accuracy_pre": 0.9, "accuracy_post": 0.72, "recourse_seeking_ixs": [397, 369, 305, 275, 393, 298, 318, 380, 328, 321, 392, 338, 293, 354, 274, 398, 261, 323, 315, 234, 245, 280, 364, 289, 228, 387, 224, 362, 273, 357, 292, 294, 312, 356, 302, 251, 281, 332, 385, 395, 396, 337, 355, 336, 226, 367, 277, 372, 378, 304], "recourse_recommended_ixs": [397, 369, 305, 275, 393, 298, 318, 380, 328, 321, 392, 338, 293, 354, 274, 398, 261, 323, 315, 234, 245, 280, 364, 289, 228, 387, 224, 362, 273, 357, 292, 294, 312, 356, 302, 251, 281, 332, 385, 395, 396, 337, 355, 336, 226, 367, 277, 372, 378, 304], "perc_recomm_found": 1.0, "gamma": 0.75, "eta": 0.75, "gamma_obs": 0.7400000095367432, "gamma_obs_pre": 0.10000000149011612, "eta_obs": 0.98, "costs": [1.0, 1.0, 1.0], "lbd": 300.0, "thresh": 0.5, "r_type": "subpopulation", "t_type": "improvement", "eta_obs_individualized": NaN, "eta_obs_refits_batch0_mean": 0.8719999194145203, "model_score": 0.87, "model_f1": 0.8505747126436781, "model_refits_batch0_scores": [0.875, 0.875, 0.87, 0.875, 0.855], "model_refits_batch0_f1s": [0.8538011695906433, 0.8603351955307263, 0.8452380952380953, 0.8538011695906433, 0.8304093567251463], "model_coef": [[0.6189032503937344, 0.8304628547788736, 1.2502856571743606], [-0.2857744472837757]]}