{"accuracy_pre": 0.7, "accuracy_post": 0.86, "recourse_seeking_ixs": [372, 342, 206, 255, 317, 345, 224, 360, 281, 261, 304, 324, 370, 233, 293, 211, 346, 362, 208, 347, 389, 310, 328, 241, 302, 220, 267, 369, 245, 289, 201, 340, 377, 397, 399, 313, 348, 306, 382, 274, 226, 258, 388, 358, 221, 215, 209, 204, 332, 301], "recourse_recommended_ixs": [372, 342, 206, 255, 317, 345, 224, 360, 281, 261, 304, 324, 370, 233, 293, 211, 346, 362, 208, 347, 389, 310, 328, 241, 302, 220, 267, 369, 245, 289, 201, 340, 377, 397, 399, 313, 348, 306, 382, 274, 226, 258, 388, 358, 221, 215, 209, 204, 332, 301], "perc_recomm_found": 1.0, "gamma": 0.85, "eta": 0.85, "gamma_obs": 0.8600000143051147, "gamma_obs_pre": 0.30000001192092896, "eta_obs": 1.0, "costs": [1.0, 1.0], "lbd": 300.0, "thresh": 0.5, "r_type": "individualized", "t_type": "improvement", "eta_obs_individualized": 0.86, "eta_obs_refits_batch0_mean": 1.0, "model_score": 0.815, "model_f1": 0.827906976744186, "model_refits_batch0_scores": [0.845, 0.815, 0.825, 0.81, 0.84], "model_refits_batch0_f1s": [0.8646288209606988, 0.827906976744186, 0.8372093023255814, 0.820754716981132, 0.8608695652173912], "model_coef": [[0.0892843387739253, 0.17933814221519087, 0.8723300412911987], [-0.5136139243909458]]}