{"accuracy_pre": 1.0, "accuracy_post": 0.98, "recourse_seeking_ixs": [1323, 1270, 1889, 1853, 1724, 1945, 1683, 1903, 1928, 1214, 1858, 1488, 1863, 1093, 1695, 1174, 1062, 1170, 1482, 1010, 1838, 1476, 1542, 1382, 1772, 1011, 1937, 1357, 1099, 1567, 1292, 1457, 1580, 1042, 1353, 1520, 1111, 1437, 1808, 1126, 1206, 1744, 1642, 1394, 1322, 1256, 1267, 1558, 1307, 1622, 1483, 1680, 1873, 1983, 1309, 1333, 1008, 1091, 1428, 1651, 1240, 1361, 1324, 1439, 1484, 1272, 1952, 1434, 1879, 1851, 1607, 1301, 1802, 1053, 1549, 1236, 1668, 1554, 1977, 1741, 1589, 1700, 1250, 1351, 1804, 1278, 1005, 1204, 1626, 1453, 1907, 1313, 1570, 1746, 1964, 1346, 1283, 1144, 1976, 1820], "recourse_recommended_ixs": [1323, 1270, 1889, 1853, 1724, 1945, 1683, 1903, 1928, 1214, 1858, 1488, 1863, 1093, 1695, 1174, 1062, 1170, 1482, 1010, 1838, 1476, 1542, 1382, 1772, 1011, 1937, 1357, 1099, 1567, 1292, 1457, 1580, 1042, 1353, 1520, 1111, 1437, 1808, 1126, 1206, 1744, 1642, 1394, 1322, 1256, 1267, 1558, 1307, 1622, 1483, 1680, 1873, 1983, 1309, 1333, 1008, 1091, 1428, 1651, 1240, 1361, 1324, 1439, 1484, 1272, 1952, 1434, 1879, 1851, 1607, 1301, 1802, 1053, 1549, 1236, 1668, 1554, 1977, 1741, 1589, 1700, 1250, 1351, 1804, 1278, 1005, 1204, 1626, 1453, 1907, 1313, 1570, 1746, 1964, 1346, 1283, 1144, 1976, 1820], "perc_recomm_found": 1.0, "gamma": 0.95, "eta": 0.95, "gamma_obs": 1.0, "gamma_obs_pre": 0.0, "eta_obs": 0.98, "costs": [1.0, 1.0, 1.0], "lbd": 150.0, "thresh": 0.5, "r_type": "individualized", "t_type": "improvement", "eta_obs_individualized": 1.0, "eta_obs_refits_batch0_mean": 0.9819999933242798, "model_score": 0.775, "model_f1": 1.0, "model_refits_batch0_scores": [1.0, 1.0, 0.999, 0.997, 1.0], "model_refits_batch0_f1s": [1.0, 1.0, 0.9989929506545822, 0.9969909729187563, 1.0], "model_coef": NaN}