{"accuracy_pre": 1.0, "accuracy_post": 1.0, "recourse_seeking_ixs": [1559, 1966, 1853, 1284, 1971, 1240, 1374, 1985, 1613, 1463, 1688, 1675, 1528, 1152, 1014, 1605, 1142, 1043, 1342, 1357, 1409, 1381, 1516, 1380, 1230, 1467, 1137, 1733, 1657, 1603, 1454, 1630, 1257, 1013, 1129, 1775, 1941, 1418, 1132, 1330, 1824, 1117, 1286, 1097, 1786, 1547, 1139, 1977, 1588, 1918, 1162, 1446, 1938, 1108, 1882, 1122, 1004, 1526, 1652, 1248, 1465, 1356, 1320, 1148, 1876, 1592, 1049, 1828, 1422, 1000, 1015, 1444, 1030, 1185, 1542, 1177, 1144, 1855, 1838, 1026, 1329, 1429, 1978, 1242, 1069, 1897, 1081, 1681, 1510, 1686, 1166, 1727, 1373, 1872, 1273, 1406, 1118, 1472, 1767, 1306], "recourse_recommended_ixs": [1559, 1966, 1853, 1284, 1971, 1240, 1374, 1985, 1613, 1463, 1688, 1675, 1528, 1152, 1014, 1605, 1142, 1043, 1342, 1357, 1409, 1381, 1516, 1380, 1230, 1467, 1137, 1733, 1657, 1603, 1454, 1630, 1257, 1013, 1129, 1775, 1941, 1418, 1132, 1330, 1824, 1117, 1286, 1097, 1786, 1547, 1139, 1977, 1588, 1918, 1162, 1446, 1938, 1108, 1882, 1122, 1004, 1526, 1652, 1248, 1465, 1356, 1320, 1148, 1876, 1592, 1049, 1828, 1422, 1000, 1015, 1444, 1030, 1185, 1542, 1177, 1144, 1855, 1838, 1026, 1329, 1429, 1978, 1242, 1069, 1897, 1081, 1681, 1510, 1686, 1166, 1727, 1373, 1872, 1273, 1406, 1118, 1472, 1767, 1306], "perc_recomm_found": 1.0, "gamma": 0.75, "eta": 0.75, "gamma_obs": 1.0, "gamma_obs_pre": 0.0, "eta_obs": 1.0, "costs": [1.0, 1.0, 1.0], "lbd": 150.0, "thresh": 0.5, "r_type": "individualized", "t_type": "acceptance", "eta_obs_individualized": NaN, "eta_obs_refits_batch0_mean": 0.8760000467300415, "model_score": 0.997, "model_f1": 0.9969356486210419, "model_refits_batch0_scores": [0.997, 0.996, 0.997, 0.998, 0.997], "model_refits_batch0_f1s": [0.9969356486210419, 0.9959100204498978, 0.9969356486210419, 0.9979591836734694, 0.9969356486210419], "model_coef": NaN}