{"accuracy_pre": 0.88, "accuracy_post": 0.78, "recourse_seeking_ixs": [241, 351, 276, 305, 294, 314, 287, 354, 283, 295, 251, 262, 344, 286, 236, 365, 395, 252, 370, 352, 296, 381, 277, 304, 201, 203, 261, 359, 235, 313, 315, 297, 324, 341, 320, 329, 293, 225, 362, 386, 232, 383, 250, 292, 266, 213, 346, 264, 368, 281], "recourse_recommended_ixs": [241, 351, 276, 305, 294, 314, 287, 354, 283, 295, 251, 262, 344, 286, 236, 365, 395, 252, 370, 352, 296, 381, 277, 304, 201, 203, 261, 359, 235, 313, 315, 297, 324, 341, 320, 329, 293, 225, 362, 386, 232, 383, 250, 292, 266, 213, 346, 264, 368, 281], "perc_recomm_found": 1.0, "gamma": 0.75, "eta": 0.75, "gamma_obs": 0.7799999713897705, "gamma_obs_pre": 0.11999999731779099, "eta_obs": 1.0, "costs": [1.0, 1.0, 1.0], "lbd": 300.0, "thresh": 0.5, "r_type": "individualized", "t_type": "improvement", "eta_obs_individualized": 1.0, "eta_obs_refits_batch0_mean": 0.5679999589920044, "model_score": 0.895, "model_f1": 0.8934010152284263, "model_refits_batch0_scores": [0.975, 0.985, 0.97, 0.965, 0.985], "model_refits_batch0_f1s": [0.9753694581280787, 0.9850746268656716, 0.9705882352941176, 0.9655172413793104, 0.9850746268656716], "model_coef": [[1.7504952852098035, 1.3477663782633582, 0.17124832043789126], [0.24812960856078317]]}