{"accuracy_pre": 1.0, "accuracy_post": 0.53, "recourse_seeking_ixs": [1560, 1312, 1224, 1223, 1071, 1942, 1408, 1836, 1030, 1065, 1237, 1214, 1327, 1081, 1219, 1084, 1168, 1985, 1992, 1659, 1306, 1757, 1443, 1040, 1574, 1674, 1495, 1814, 1835, 1778, 1026, 1561, 1668, 1363, 1816, 1675, 1892, 1645, 1320, 1713, 1625, 1933, 1372, 1503, 1711, 1973, 1332, 1012, 1743, 1203, 1532, 1773, 1697, 1291, 1562, 1899, 1366, 1197, 1633, 1161, 1014, 1935, 1860, 1221, 1998, 1968, 1458, 1210, 1281, 1931, 1884, 1434, 1492, 1594, 1166, 1075, 1177, 1198, 1233, 1938, 1034, 1044, 1231, 1470, 1070, 1447, 1941, 1452, 1923, 1648, 1934, 1895, 1567, 1344, 1872, 1655, 1906, 1611, 1360, 1610], "recourse_recommended_ixs": [1560, 1312, 1224, 1223, 1071, 1942, 1408, 1836, 1030, 1065, 1237, 1214, 1327, 1081, 1219, 1084, 1168, 1985, 1992, 1659, 1306, 1757, 1443, 1040, 1574, 1674, 1495, 1814, 1835, 1778, 1026, 1561, 1668, 1363, 1816, 1675, 1892, 1645, 1320, 1713, 1625, 1933, 1372, 1503, 1711, 1973, 1332, 1012, 1743, 1203, 1532, 1773, 1697, 1291, 1562, 1899, 1366, 1197, 1633, 1161, 1014, 1935, 1860, 1221, 1998, 1968, 1458, 1210, 1281, 1931, 1884, 1434, 1492, 1594, 1166, 1075, 1177, 1198, 1233, 1938, 1034, 1044, 1231, 1470, 1070, 1447, 1941, 1452, 1923, 1648, 1934, 1895, 1567, 1344, 1872, 1655, 1906, 1611, 1360, 1610], "perc_recomm_found": 1.0, "gamma": 0.95, "eta": 0.95, "gamma_obs": 0.5299999713897705, "gamma_obs_pre": 0.0, "eta_obs": 1.0, "costs": [1.0, 1.0, 1.0], "lbd": 150.0, "thresh": 0.5, "r_type": "individualized", "t_type": "counterfactual", "eta_obs_individualized": NaN, "eta_obs_refits_batch0_mean": 1.0, "model_score": 0.799, "model_f1": 1.0, "model_refits_batch0_scores": [0.999, 0.996, 0.996, 0.996, 0.996], "model_refits_batch0_f1s": [0.9990009990009989, 0.9959919839679359, 0.9959919839679359, 0.9959919839679359, 0.9959919839679359], "model_coef": NaN}