{"accuracy_pre": 0.94, "accuracy_post": 0.76, "recourse_seeking_ixs": [904, 767, 862, 654, 630, 793, 646, 782, 577, 965, 642, 985, 865, 624, 547, 966, 834, 696, 713, 585, 592, 874, 843, 952, 542, 877, 940, 614, 640, 907, 687, 855, 680, 615, 796, 601, 983, 987, 675, 570, 765, 799, 746, 892, 530, 711, 645, 581, 947, 996, 995, 567, 881, 749, 657, 552, 760, 821, 732, 788, 916, 510, 991, 928, 896, 802, 550, 814, 717, 873, 954, 715, 759, 899, 603, 912, 925, 977, 871, 590, 662, 776, 921, 929, 856, 611, 517, 993, 772, 868, 534, 571, 850, 625, 660, 500, 519, 565, 739, 779], "recourse_recommended_ixs": [904, 767, 862, 654, 630, 793, 646, 782, 577, 965, 642, 985, 865, 624, 547, 966, 834, 696, 713, 585, 592, 874, 843, 952, 542, 877, 940, 614, 640, 907, 687, 855, 680, 615, 796, 601, 983, 987, 675, 570, 765, 799, 746, 892, 530, 711, 645, 581, 947, 996, 995, 567, 881, 749, 657, 552, 760, 821, 732, 788, 916, 510, 991, 928, 896, 802, 550, 814, 717, 873, 954, 715, 759, 899, 603, 912, 925, 977, 871, 590, 662, 776, 921, 929, 856, 611, 517, 993, 772, 868, 534, 571, 850, 625, 660, 500, 519, 565, 739, 779], "perc_recomm_found": 1.0, "gamma": 0.75, "eta": 0.75, "gamma_obs": 0.7699999809265137, "gamma_obs_pre": 0.05999999865889549, "eta_obs": 0.99, "costs": [1.0, 1.0, 1.0], "lbd": 300.0, "thresh": 0.5, "r_type": "subpopulation", "t_type": "improvement", "eta_obs_individualized": NaN, "eta_obs_refits_batch0_mean": 0.9819999933242798, "model_score": 0.882, "model_f1": 0.9132075471698113, "model_refits_batch0_scores": [0.89, 0.896, 0.876, 0.878, 0.874], "model_refits_batch0_f1s": [0.8842105263157893, 0.8884120171673819, 0.869198312236287, 0.8742268041237113, 0.8711656441717791], "model_coef": NaN}