{"accuracy_pre": 0.84, "accuracy_post": 0.75, "recourse_seeking_ixs": [720, 604, 955, 756, 761, 891, 882, 862, 879, 987, 876, 709, 993, 934, 944, 541, 658, 880, 659, 818, 546, 861, 699, 581, 601, 645, 883, 718, 649, 802, 688, 969, 906, 847, 745, 620, 938, 999, 964, 680, 675, 776, 917, 923, 670, 694, 569, 519, 696, 703, 509, 564, 597, 551, 952, 977, 617, 568, 804, 759, 950, 798, 915, 513, 726, 630, 782, 842, 626, 676, 905, 992, 924, 642, 809, 647, 590, 916, 985, 606, 674, 797, 801, 609, 835, 755, 968, 712, 530, 779, 990, 753, 849, 562, 738, 731, 553, 623, 873, 743], "recourse_recommended_ixs": [720, 604, 955, 756, 761, 891, 882, 862, 879, 987, 876, 709, 993, 934, 541, 658, 880, 659, 818, 546, 861, 699, 581, 601, 645, 883, 718, 649, 802, 688, 969, 906, 847, 745, 620, 938, 999, 964, 680, 675, 776, 917, 923, 670, 694, 569, 519, 696, 703, 509, 564, 597, 551, 952, 977, 617, 568, 804, 759, 950, 798, 915, 513, 726, 630, 782, 842, 626, 676, 905, 992, 924, 642, 809, 647, 590, 916, 985, 606, 674, 797, 801, 609, 835, 755, 968, 712, 530, 779, 990, 753, 849, 562, 738, 731, 553, 623, 873, 743], "perc_recomm_found": 0.99, "gamma": 0.75, "eta": 0.75, "gamma_obs": 0.7070707082748413, "gamma_obs_pre": 0.1515151560306549, "eta_obs": 0.7272727272727273, "costs": [1.0, 1.0], "lbd": 300.0, "thresh": 0.5, "r_type": "subpopulation", "t_type": "improvement", "eta_obs_individualized": NaN, "eta_obs_refits_batch0_mean": 0.6383838653564453, "model_score": 0.754, "model_f1": 0.7655310621242484, "model_refits_batch0_scores": [0.794, 0.79, 0.778, 0.774, 0.806], "model_refits_batch0_f1s": [0.7935871743486975, 0.7789473684210526, 0.7633262260127932, 0.7670103092783506, 0.7931769722814498], "model_coef": NaN}