{"accuracy_pre": 0.86, "accuracy_post": 1.0, "recourse_seeking_ixs": [262, 333, 259, 324, 399, 280, 283, 380, 347, 296, 245, 204, 298, 356, 215, 329, 266, 200, 222, 258, 253, 239, 236, 208, 348, 307, 385, 302, 277, 349, 217, 391, 227, 225, 398, 232, 381, 371, 272, 386, 288, 234, 251, 335, 308, 264, 218, 206, 285, 270], "recourse_recommended_ixs": [262, 333, 259, 324, 399, 280, 283, 380, 347, 296, 245, 204, 298, 215, 329, 266, 200, 222, 258, 253, 239, 236, 208, 348, 307, 385, 302, 277, 349, 217, 391, 227, 225, 398, 232, 381, 371, 272, 386, 288, 234, 251, 335, 308, 264, 218, 206, 285, 270], "perc_recomm_found": 0.98, "gamma": 0.95, "eta": 0.95, "gamma_obs": 1.0, "gamma_obs_pre": 0.1428571492433548, "eta_obs": 1.0, "costs": [1.0, 1.0], "lbd": 300.0, "thresh": 0.5, "r_type": "individualized", "t_type": "improvement", "eta_obs_individualized": 1.0, "eta_obs_refits_batch0_mean": 1.0, "model_score": 0.86, "model_f1": 0.8640776699029126, "model_refits_batch0_scores": [0.855, 0.85, 0.86, 0.82, 0.865], "model_refits_batch0_f1s": [0.855721393034826, 0.854368932038835, 0.8640776699029126, 0.8085106382978724, 0.8682926829268292], "model_coef": [[-0.2164880148354696, -0.030773429397347764, 1.1364269950085266], [-0.7425240528984184]]}