{"accuracy_pre": 0.14, "accuracy_post": 0.88, "recourse_seeking_ixs": [1015, 1186, 1212, 1981, 1466, 1402, 1894, 1620, 1742, 1519, 1655, 1324, 1747, 1680, 1683, 1542, 1362, 1307, 1029, 1746, 1157, 1423, 1012, 1081, 1470, 1174, 1036, 1851, 1532, 1323, 1151, 1373, 1385, 1533, 1235, 1025, 1507, 1055, 1106, 1155, 1912, 1216, 1393, 1622, 1708, 1457, 1460, 1838, 1483, 1146, 1375, 1099, 1248, 1051, 1779, 1226, 1062, 1238, 1240, 1820, 1589, 1822, 1119, 1014, 1529, 1977, 1239, 1188, 1907, 1900, 1437, 1109, 1947, 1491, 1316, 1417, 1002, 1802, 1570, 1848, 1845, 1549, 1789, 1286, 1958, 1659, 1467, 1649, 1211, 1808, 1704, 1121, 1615, 1652, 1144, 1918, 1954, 1382, 1883, 1281], "recourse_recommended_ixs": [1015, 1186, 1212, 1981, 1466, 1402, 1894, 1620, 1742, 1519, 1655, 1324, 1747, 1680, 1683, 1542, 1362, 1307, 1029, 1746, 1157, 1423, 1012, 1081, 1470, 1174, 1036, 1851, 1532, 1323, 1151, 1373, 1385, 1533, 1235, 1025, 1507, 1055, 1106, 1155, 1912, 1216, 1393, 1622, 1708, 1457, 1460, 1838, 1483, 1146, 1375, 1099, 1248, 1051, 1779, 1226, 1062, 1238, 1240, 1820, 1589, 1822, 1119, 1014, 1529, 1977, 1239, 1188, 1907, 1900, 1437, 1109, 1947, 1491, 1316, 1417, 1002, 1802, 1570, 1848, 1845, 1549, 1789, 1286, 1958, 1659, 1467, 1649, 1211, 1808, 1704, 1121, 1615, 1652, 1144, 1918, 1954, 1382, 1883, 1281], "perc_recomm_found": 1.0, "gamma": 0.95, "eta": 0.95, "gamma_obs": 0.8799999952316284, "gamma_obs_pre": 0.8600000143051147, "eta_obs": 0.98, "costs": [1.0, 1.0, 1.0], "lbd": 150.0, "thresh": 0.5, "r_type": "individualized", "t_type": "counterfactual", "eta_obs_individualized": NaN, "eta_obs_refits_batch0_mean": 0.6399999856948853, "model_score": 0.149, "model_f1": 0.9967637540453074, "model_refits_batch0_scores": [0.998, 0.998, 0.998, 0.998, 0.998], "model_refits_batch0_f1s": [0.9979879275653923, 0.9979879275653923, 0.9979879275653923, 0.9979879275653923, 0.9979879275653923], "model_coef": NaN}