{"accuracy_pre": 0.88, "accuracy_post": 0.73, "recourse_seeking_ixs": [854, 891, 756, 736, 795, 964, 592, 866, 720, 988, 940, 793, 911, 797, 809, 890, 998, 708, 773, 752, 927, 905, 977, 923, 840, 918, 893, 580, 543, 972, 747, 529, 899, 846, 692, 614, 637, 576, 625, 570, 633, 861, 556, 710, 982, 957, 555, 950, 586, 954, 530, 571, 662, 687, 776, 945, 623, 743, 836, 559, 744, 845, 876, 961, 787, 567, 541, 965, 986, 825, 817, 591, 826, 782, 916, 695, 859, 611, 843, 628, 609, 670, 589, 907, 973, 593, 505, 771, 958, 534, 848, 897, 894, 676, 896, 712, 827, 901, 948, 936], "recourse_recommended_ixs": [854, 891, 756, 736, 795, 964, 592, 866, 720, 988, 940, 793, 911, 797, 809, 890, 998, 708, 773, 752, 927, 905, 977, 923, 840, 918, 893, 580, 543, 972, 747, 529, 899, 846, 692, 614, 637, 576, 625, 570, 633, 861, 556, 710, 982, 957, 555, 950, 586, 954, 530, 571, 662, 687, 776, 945, 623, 743, 836, 559, 744, 845, 876, 961, 787, 567, 541, 965, 986, 825, 817, 826, 782, 916, 695, 859, 611, 843, 628, 609, 670, 589, 907, 973, 593, 505, 771, 958, 534, 848, 897, 894, 676, 896, 712, 827, 901, 948, 936], "perc_recomm_found": 0.99, "gamma": 0.75, "eta": 0.75, "gamma_obs": 0.747474730014801, "gamma_obs_pre": 0.12121212482452393, "eta_obs": 0.9696969696969697, "costs": [1.0, 1.0], "lbd": 300.0, "thresh": 0.5, "r_type": "individualized", "t_type": "improvement", "eta_obs_individualized": 0.7676767676767676, "eta_obs_refits_batch0_mean": 0.9353535771369934, "model_score": 0.794, "model_f1": 0.7866108786610879, "model_refits_batch0_scores": [0.814, 0.808, 0.822, 0.758, 0.796], "model_refits_batch0_f1s": [0.8074534161490684, 0.8064516129032259, 0.8126315789473685, 0.7575150300601203, 0.782051282051282], "model_coef": NaN}