{"accuracy_pre": 0.99, "accuracy_post": 0.94, "recourse_seeking_ixs": [1415, 1332, 1759, 1539, 1542, 1459, 1049, 1170, 1829, 1020, 1977, 1590, 1791, 1607, 1520, 1903, 1494, 1966, 1326, 1470, 1306, 1267, 1305, 1293, 1190, 1036, 1423, 1528, 1642, 1768, 1969, 1890, 1239, 1313, 1379, 1570, 1299, 1253, 1802, 1206, 1106, 1466, 1976, 1193, 1626, 1777, 1781, 1151, 1602, 1362, 1889, 1839, 1146, 1089, 1236, 1751, 1460, 1531, 1220, 1558, 1713, 1443, 1724, 1289, 1842, 1863, 1879, 1391, 1964, 1612, 1484, 1572, 1071, 1420, 1744, 1681, 1353, 1750, 1256, 1098, 1880, 1276, 1747, 1316, 1808, 1668, 1161, 1235, 1298, 1304, 1091, 1157, 1847, 1283, 1907, 1559, 1981, 1492, 1823, 1960], "recourse_recommended_ixs": [1415, 1332, 1759, 1539, 1542, 1459, 1049, 1170, 1829, 1020, 1977, 1590, 1791, 1607, 1520, 1903, 1494, 1966, 1326, 1470, 1306, 1267, 1305, 1293, 1190, 1036, 1423, 1528, 1642, 1768, 1969, 1890, 1239, 1313, 1379, 1570, 1299, 1253, 1802, 1206, 1106, 1466, 1976, 1193, 1626, 1777, 1781, 1151, 1602, 1362, 1889, 1839, 1146, 1089, 1236, 1460, 1531, 1220, 1558, 1713, 1443, 1724, 1289, 1842, 1863, 1879, 1391, 1964, 1612, 1484, 1572, 1420, 1744, 1681, 1353, 1750, 1256, 1098, 1880, 1276, 1747, 1316, 1808, 1668, 1161, 1235, 1298, 1304, 1091, 1157, 1847, 1283, 1907, 1559, 1981, 1492, 1823, 1960], "perc_recomm_found": 0.98, "gamma": 0.75, "eta": 0.75, "gamma_obs": 1.0, "gamma_obs_pre": 0.010204081423580647, "eta_obs": 0.9591836734693877, "costs": [1.0, 1.0], "lbd": 150.0, "thresh": 0.5, "r_type": "subpopulation", "t_type": "improvement", "eta_obs_individualized": NaN, "eta_obs_refits_batch0_mean": 0.9591836929321289, "model_score": 0.768, "model_f1": 0.9989304812834224, "model_refits_batch0_scores": [0.999, 0.999, 0.997, 0.996, 0.998], "model_refits_batch0_f1s": [0.9989929506545822, 0.9989929506545822, 0.9969727547931382, 0.995983935742972, 0.9979838709677419], "model_coef": NaN}