{"accuracy_pre": 0.82, "accuracy_post": 0.64, "recourse_seeking_ixs": [451, 460, 334, 396, 324, 258, 305, 499, 371, 256, 407, 445, 321, 461, 429, 354, 463, 355, 279, 319, 406, 304, 273, 397, 378, 308, 490, 366, 288, 473, 430, 384, 343, 418, 268, 495, 426, 278, 364, 345, 476, 272, 349, 375, 340, 433, 440, 386, 331, 470, 310, 462, 327, 266, 437, 452, 261, 456, 382, 498, 489, 271, 341, 359, 336, 330, 307, 325, 488, 280, 442, 285, 318, 316, 423, 458, 368, 487, 376, 356, 281, 363, 314, 474, 312, 264, 450, 385, 373, 259, 346, 344, 484, 392, 479, 436, 332, 467, 398, 362], "recourse_recommended_ixs": [451, 460, 334, 396, 324, 258, 305, 499, 371, 256, 407, 445, 321, 461, 429, 354, 463, 355, 279, 319, 406, 304, 273, 397, 378, 308, 490, 366, 288, 473, 430, 384, 343, 418, 268, 495, 426, 278, 364, 345, 476, 272, 349, 375, 340, 433, 440, 386, 331, 470, 310, 462, 327, 266, 437, 452, 261, 456, 382, 498, 489, 271, 341, 359, 336, 330, 307, 325, 488, 280, 442, 285, 318, 316, 423, 458, 368, 487, 376, 356, 281, 363, 314, 474, 312, 264, 450, 385, 373, 259, 346, 344, 484, 392, 479, 436, 332, 467, 398, 362], "perc_recomm_found": 1.0, "gamma": 0.75, "eta": 0.75, "gamma_obs": 0.6399999856948853, "gamma_obs_pre": 0.18000000715255737, "eta_obs": 0.8, "costs": [1.0, 1.0], "lbd": 100.0, "thresh": 0.5, "r_type": "subpopulation", "t_type": "improvement", "eta_obs_individualized": NaN, "eta_obs_refits_batch0_mean": 0.8159999847412109, "model_score": 0.816, "model_f1": 0.8217054263565892, "model_refits_batch0_scores": [0.828, 0.856, 0.82, 0.84, 0.836], "model_refits_batch0_f1s": [0.8365019011406843, 0.8615384615384616, 0.8301886792452831, 0.8425196850393701, 0.8416988416988418], "model_coef": NaN}