{"accuracy_pre": 0.85, "accuracy_post": 0.58, "recourse_seeking_ixs": [582, 534, 890, 924, 690, 845, 992, 716, 569, 575, 899, 979, 971, 974, 754, 937, 670, 741, 601, 909, 737, 933, 614, 968, 850, 972, 847, 807, 833, 553, 516, 862, 590, 641, 652, 799, 967, 857, 877, 920, 835, 959, 626, 600, 756, 705, 902, 680, 617, 844, 894, 943, 653, 536, 846, 638, 704, 973, 777, 528, 501, 693, 842, 880, 997, 618, 685, 781, 673, 637, 859, 549, 707, 834, 791, 800, 701, 509, 860, 783, 722, 522, 560, 683, 538, 649, 542, 529, 878, 679, 998, 815, 825, 793, 769, 762, 782, 541, 778, 517], "recourse_recommended_ixs": [582, 534, 890, 924, 690, 845, 992, 716, 569, 575, 899, 979, 971, 974, 754, 937, 670, 741, 601, 909, 737, 933, 614, 968, 850, 972, 847, 807, 833, 553, 516, 862, 590, 641, 652, 799, 967, 857, 877, 920, 835, 959, 626, 600, 756, 705, 902, 680, 617, 844, 894, 943, 653, 536, 846, 638, 704, 973, 777, 528, 501, 693, 842, 880, 997, 618, 685, 781, 673, 637, 859, 549, 707, 834, 791, 800, 701, 509, 860, 783, 722, 522, 560, 683, 538, 649, 542, 529, 878, 679, 998, 815, 825, 793, 769, 762, 782, 541, 778, 517], "perc_recomm_found": 1.0, "gamma": 0.95, "eta": 0.95, "gamma_obs": 0.1899999976158142, "gamma_obs_pre": 0.15000000596046448, "eta_obs": 1.0, "costs": [1.0, 1.0, 1.0], "lbd": 300.0, "thresh": 0.5, "r_type": "subpopulation", "t_type": "counterfactual", "eta_obs_individualized": NaN, "eta_obs_refits_batch0_mean": 0.3160000145435333, "model_score": 0.834, "model_f1": 0.8266129032258065, "model_refits_batch0_scores": [0.83, 0.822, 0.816, 0.824, 0.822], "model_refits_batch0_f1s": [0.8268839103869655, 0.8118393234672305, 0.7973568281938326, 0.8095238095238094, 0.8086021505376344], "model_coef": NaN}