{"accuracy_pre": 0.96, "accuracy_post": 0.68, "recourse_seeking_ixs": [719, 877, 644, 901, 741, 690, 685, 550, 946, 593, 813, 956, 983, 579, 575, 508, 976, 758, 546, 766, 700, 526, 505, 718, 598, 612, 820, 520, 563, 778, 737, 709, 573, 827, 860, 858, 796, 979, 798, 613, 549, 986, 623, 768, 872, 570, 609, 930, 755, 850, 885, 992, 684, 522, 577, 552, 646, 896, 903, 512, 958, 527, 553, 894, 955, 973, 776, 994, 529, 662, 760, 542, 876, 523, 963, 567, 658, 824, 530, 962, 547, 650, 711, 883, 515, 906, 753, 957, 843, 846, 765, 604, 539, 893, 607, 871, 710, 693, 959, 816], "recourse_recommended_ixs": [719, 877, 644, 901, 741, 690, 685, 550, 946, 593, 813, 956, 983, 579, 575, 508, 976, 758, 546, 766, 700, 526, 505, 718, 598, 612, 820, 520, 563, 778, 737, 709, 573, 827, 860, 858, 796, 979, 798, 613, 549, 986, 623, 768, 872, 570, 609, 930, 755, 850, 885, 992, 684, 522, 577, 552, 646, 896, 903, 512, 958, 527, 553, 894, 955, 973, 776, 994, 529, 662, 760, 542, 876, 523, 963, 567, 824, 530, 962, 547, 650, 711, 883, 515, 906, 753, 957, 843, 846, 765, 604, 539, 893, 607, 871, 710, 693, 959, 816], "perc_recomm_found": 0.99, "gamma": 0.75, "eta": 0.75, "gamma_obs": 0.6767676472663879, "gamma_obs_pre": 0.03030303120613098, "eta_obs": 0.9292929292929293, "costs": [1.0, 1.0, 1.0], "lbd": 300.0, "thresh": 0.5, "r_type": "subpopulation", "t_type": "improvement", "eta_obs_individualized": NaN, "eta_obs_refits_batch0_mean": 0.8545454144477844, "model_score": 0.836, "model_f1": 0.8493723849372385, "model_refits_batch0_scores": [0.806, 0.824, 0.796, 0.794, 0.808], "model_refits_batch0_f1s": [0.8166351606805293, 0.8370370370370369, 0.80078125, 0.8074766355140186, 0.8146718146718146], "model_coef": NaN}