{"accuracy_pre": 0.9, "accuracy_post": 0.96, "recourse_seeking_ixs": [359, 217, 350, 319, 292, 246, 365, 223, 357, 391, 333, 227, 296, 254, 351, 208, 244, 236, 388, 392, 243, 307, 281, 207, 253, 203, 397, 346, 238, 297, 209, 211, 218, 210, 331, 271, 215, 337, 361, 202, 313, 310, 237, 377, 338, 201, 329, 316, 328, 332], "recourse_recommended_ixs": [359, 217, 350, 319, 292, 246, 365, 223, 357, 391, 333, 227, 296, 254, 351, 208, 244, 236, 388, 392, 243, 307, 281, 207, 253, 203, 397, 346, 238, 297, 209, 211, 218, 210, 331, 271, 215, 337, 361, 202, 313, 310, 237, 377, 338, 201, 329, 316, 328, 332], "perc_recomm_found": 1.0, "gamma": 0.95, "eta": 0.95, "gamma_obs": 0.9599999785423279, "gamma_obs_pre": 0.10000000149011612, "eta_obs": 1.0, "costs": [1.0, 1.0, 1.0], "lbd": 300.0, "thresh": 0.5, "r_type": "subpopulation", "t_type": "improvement", "eta_obs_individualized": NaN, "eta_obs_refits_batch0_mean": 0.9440000653266907, "model_score": 0.88, "model_f1": 0.8857142857142858, "model_refits_batch0_scores": [0.9, 0.875, 0.89, 0.875, 0.875], "model_refits_batch0_f1s": [0.903846153846154, 0.8768472906403941, 0.8981481481481481, 0.8792270531400966, 0.8815165876777251], "model_coef": [[0.4649170591786886, 0.9001312728421814, 1.295518963328292], [0.07671517222498235]]}