{"accuracy_pre": 0.98, "accuracy_post": 0.84, "recourse_seeking_ixs": [1346, 1519, 1528, 1149, 1420, 1443, 1563, 1203, 1245, 1597, 1308, 1859, 1707, 1210, 1485, 1786, 1014, 1146, 1793, 1277, 1734, 1532, 1291, 1523, 1199, 1723, 1520, 1476, 1607, 1366, 1895, 1118, 1096, 1206, 1778, 1315, 1650, 1954, 1565, 1624, 1660, 1668, 1088, 1400, 1817, 1861, 1805, 1875, 1161, 1470, 1195, 1397, 1661, 1738, 1773, 1057, 1638, 1791, 1437, 1635, 1587, 1860, 1536, 1685, 1811, 1462, 1835, 1787, 1807, 1588, 1360, 1133, 1290, 1740, 1618, 1680, 1891, 1716, 1119, 1743, 1999, 1284, 1764, 1438, 1281, 1238, 1269, 1128, 1658, 1427, 1481, 1568, 1655, 1995, 1216, 1288, 1687, 1540, 1816, 1733], "recourse_recommended_ixs": [1346, 1519, 1528, 1149, 1420, 1443, 1563, 1203, 1245, 1597, 1308, 1859, 1707, 1210, 1485, 1786, 1014, 1146, 1793, 1277, 1734, 1532, 1291, 1523, 1199, 1723, 1520, 1476, 1607, 1366, 1895, 1118, 1096, 1206, 1778, 1315, 1650, 1954, 1565, 1624, 1660, 1668, 1088, 1400, 1817, 1861, 1805, 1875, 1161, 1470, 1195, 1397, 1661, 1738, 1773, 1057, 1638, 1791, 1437, 1635, 1587, 1860, 1536, 1685, 1811, 1462, 1835, 1787, 1807, 1588, 1360, 1133, 1290, 1740, 1618, 1680, 1891, 1716, 1119, 1743, 1999, 1284, 1764, 1438, 1281, 1238, 1269, 1128, 1658, 1427, 1481, 1568, 1655, 1995, 1216, 1288, 1687, 1540, 1816, 1733], "perc_recomm_found": 1.0, "gamma": 0.75, "eta": 0.75, "gamma_obs": 1.0, "gamma_obs_pre": 0.019999999552965164, "eta_obs": 0.84, "costs": [1.0, 1.0], "lbd": 150.0, "thresh": 0.5, "r_type": "subpopulation", "t_type": "improvement", "eta_obs_individualized": NaN, "eta_obs_refits_batch0_mean": 0.8399999737739563, "model_score": 0.994, "model_f1": 1.0, "model_refits_batch0_scores": [0.998, 0.998, 1.0, 0.994, 0.996], "model_refits_batch0_f1s": [0.99800796812749, 0.99800796812749, 1.0, 0.9939999999999999, 0.9960079840319361], "model_coef": NaN}