{"accuracy_pre": 0.95, "accuracy_post": 0.52, "recourse_seeking_ixs": [733, 799, 663, 766, 939, 529, 791, 628, 689, 811, 644, 859, 834, 927, 966, 723, 667, 680, 824, 968, 749, 747, 903, 569, 973, 617, 940, 710, 816, 536, 506, 625, 640, 761, 688, 552, 769, 851, 947, 836, 541, 567, 924, 762, 857, 820, 956, 715, 786, 821, 780, 885, 544, 865, 759, 530, 941, 772, 877, 516, 547, 500, 995, 814, 588, 556, 900, 503, 590, 991, 858, 734, 560, 832, 778, 847, 690, 652, 807, 615, 704, 763, 742, 696, 784, 729, 592, 713, 642, 993, 817, 753, 863, 889, 732, 946, 925, 731, 770, 793], "recourse_recommended_ixs": [733, 799, 663, 766, 939, 529, 791, 628, 689, 811, 644, 859, 834, 927, 966, 723, 667, 680, 824, 968, 749, 747, 903, 569, 973, 617, 940, 710, 816, 536, 506, 625, 640, 761, 688, 552, 769, 851, 947, 836, 541, 567, 924, 762, 857, 820, 956, 715, 786, 821, 780, 885, 544, 865, 759, 530, 941, 772, 877, 516, 547, 500, 995, 814, 588, 556, 900, 503, 590, 991, 858, 734, 560, 832, 778, 847, 690, 652, 807, 615, 704, 763, 742, 696, 784, 729, 592, 713, 642, 993, 817, 753, 863, 889, 732, 946, 925, 731, 770, 793], "perc_recomm_found": 1.0, "gamma": 0.75, "eta": 0.75, "gamma_obs": 0.4699999988079071, "gamma_obs_pre": 0.05000000074505806, "eta_obs": 1.0, "costs": [1.0, 1.0, 1.0], "lbd": 300.0, "thresh": 0.5, "r_type": "individualized", "t_type": "counterfactual", "eta_obs_individualized": NaN, "eta_obs_refits_batch0_mean": 0.5679999589920044, "model_score": 0.744, "model_f1": 0.8223140495867769, "model_refits_batch0_scores": [0.862, 0.86, 0.86, 0.846, 0.86], "model_refits_batch0_f1s": [0.8516129032258065, 0.8504273504273505, 0.8458149779735683, 0.8285077951002228, 0.8478260869565217], "model_coef": NaN}