{"accuracy_pre": 0.91, "accuracy_post": 0.32, "recourse_seeking_ixs": [896, 570, 575, 845, 829, 843, 671, 586, 911, 787, 889, 637, 714, 592, 593, 750, 595, 723, 809, 812, 976, 583, 628, 907, 579, 975, 571, 854, 861, 988, 958, 788, 555, 777, 950, 715, 736, 990, 578, 613, 717, 534, 622, 752, 995, 700, 915, 648, 744, 708, 773, 923, 771, 954, 838, 520, 615, 894, 918, 511, 986, 807, 522, 657, 732, 814, 963, 587, 822, 951, 866, 901, 925, 886, 748, 916, 687, 594, 987, 827, 580, 836, 563, 670, 590, 997, 945, 559, 922, 899, 695, 674, 677, 973, 893, 633, 589, 647, 742, 543], "recourse_recommended_ixs": [896, 570, 575, 845, 829, 843, 671, 586, 911, 787, 889, 637, 714, 592, 593, 750, 595, 723, 809, 812, 976, 583, 628, 907, 579, 975, 571, 854, 861, 988, 958, 788, 555, 777, 950, 715, 736, 990, 578, 613, 717, 534, 622, 752, 995, 700, 915, 648, 744, 708, 773, 923, 771, 954, 838, 520, 615, 894, 918, 511, 986, 807, 522, 657, 732, 814, 963, 587, 822, 951, 866, 901, 925, 886, 748, 916, 687, 594, 987, 827, 580, 836, 563, 670, 590, 997, 945, 559, 922, 899, 695, 674, 677, 973, 893, 633, 589, 647, 742, 543], "perc_recomm_found": 1.0, "gamma": 0.75, "eta": 0.75, "gamma_obs": 0.23999999463558197, "gamma_obs_pre": 0.09000000357627869, "eta_obs": 0.9, "costs": [1.0, 1.0, 1.0], "lbd": 300.0, "thresh": 0.5, "r_type": "subpopulation", "t_type": "counterfactual", "eta_obs_individualized": NaN, "eta_obs_refits_batch0_mean": 0.437999963760376, "model_score": 0.794, "model_f1": 0.7866108786610879, "model_refits_batch0_scores": [0.814, 0.808, 0.822, 0.758, 0.796], "model_refits_batch0_f1s": [0.8074534161490684, 0.8064516129032259, 0.8126315789473685, 0.7575150300601203, 0.782051282051282], "model_coef": NaN}