{"accuracy_pre": 0.92, "accuracy_post": 0.94, "recourse_seeking_ixs": [865, 975, 791, 871, 766, 744, 794, 860, 549, 799, 842, 963, 529, 728, 759, 918, 972, 927, 712, 580, 603, 852, 584, 771, 658, 708, 789, 845, 596, 777, 699, 843, 602, 968, 661, 897, 760, 853, 971, 894, 628, 534, 705, 621, 707, 525, 501, 704, 966, 836, 730, 622, 998, 693, 676, 641, 778, 514, 952, 679, 857, 637, 690, 542, 800, 934, 763, 833, 956, 505, 878, 519, 562, 537, 772, 541, 528, 876, 687, 890, 807, 815, 973, 741, 840, 755, 538, 917, 516, 719, 674, 588, 570, 737, 582, 504, 928, 552, 948, 663], "recourse_recommended_ixs": [865, 975, 791, 871, 766, 744, 794, 860, 549, 799, 842, 963, 529, 728, 759, 918, 972, 927, 712, 580, 603, 852, 584, 771, 658, 708, 789, 845, 596, 777, 699, 843, 602, 968, 661, 897, 760, 853, 971, 894, 628, 534, 705, 621, 707, 525, 501, 704, 966, 836, 730, 622, 998, 693, 676, 641, 778, 514, 952, 679, 857, 637, 690, 542, 800, 934, 763, 833, 956, 505, 878, 519, 562, 537, 772, 541, 528, 876, 687, 890, 807, 815, 973, 741, 840, 755, 538, 917, 516, 719, 674, 588, 570, 737, 582, 504, 928, 552, 948, 663], "perc_recomm_found": 1.0, "gamma": 0.95, "eta": 0.95, "gamma_obs": 0.949999988079071, "gamma_obs_pre": 0.07999999821186066, "eta_obs": 0.99, "costs": [1.0, 1.0, 1.0], "lbd": 300.0, "thresh": 0.5, "r_type": "subpopulation", "t_type": "improvement", "eta_obs_individualized": NaN, "eta_obs_refits_batch0_mean": 0.9899999499320984, "model_score": 0.886, "model_f1": 0.8835341365461847, "model_refits_batch0_scores": [0.886, 0.89, 0.88, 0.874, 0.872], "model_refits_batch0_f1s": [0.8784648187633263, 0.8861283643892339, 0.8728813559322034, 0.8684759916492694, 0.8688524590163934], "model_coef": [[0.594492694325962, 0.33108333829437153, 1.4018161030511183], [-0.1258241311860166]]}