{"accuracy_pre": 0.9, "accuracy_post": 0.16, "recourse_seeking_ixs": [260, 214, 202, 381, 339, 372, 261, 323, 377, 321, 219, 384, 362, 304, 246, 267, 358, 385, 242, 253, 387, 293, 229, 221, 266, 376, 290, 216, 315, 282, 210, 284, 217, 359, 226, 263, 331, 250, 297, 238, 247, 275, 380, 270, 286, 345, 222, 349, 231, 259], "recourse_recommended_ixs": [260, 214, 202, 381, 339, 372, 261, 323, 377, 321, 219, 384, 362, 304, 246, 267, 358, 385, 242, 253, 387, 293, 229, 221, 266, 376, 290, 216, 315, 282, 210, 284, 217, 359, 226, 263, 331, 250, 297, 238, 247, 275, 380, 270, 286, 345, 222, 349, 231, 259], "perc_recomm_found": 1.0, "gamma": 0.75, "eta": 0.75, "gamma_obs": 0.1599999964237213, "gamma_obs_pre": 0.10000000149011612, "eta_obs": 0.96, "costs": [1.0, 1.0, 1.0], "lbd": 300.0, "thresh": 0.5, "r_type": "individualized", "t_type": "counterfactual", "eta_obs_individualized": NaN, "eta_obs_refits_batch0_mean": 0.7720000147819519, "model_score": 0.8, "model_f1": 0.8230088495575222, "model_refits_batch0_scores": [0.805, 0.78, 0.8, 0.8, 0.8], "model_refits_batch0_f1s": [0.8266666666666665, 0.8053097345132745, 0.8198198198198199, 0.8214285714285715, 0.8260869565217391], "model_coef": [[0.40172156737985065, -0.5943080802571039, 1.1395636427477842], [0.12640627131743817]]}