{"accuracy_pre": 0.79, "accuracy_post": 0.22, "recourse_seeking_ixs": [383, 375, 353, 278, 385, 312, 457, 360, 298, 354, 379, 369, 488, 421, 280, 485, 497, 467, 307, 470, 268, 356, 448, 273, 294, 427, 386, 403, 416, 443, 425, 472, 370, 367, 489, 445, 276, 435, 479, 412, 395, 257, 330, 361, 304, 496, 260, 487, 376, 301, 442, 264, 316, 465, 340, 277, 388, 430, 482, 436, 281, 320, 397, 393, 483, 357, 288, 458, 380, 366, 469, 461, 499, 271, 324, 287, 311, 274, 454, 327, 374, 279, 417, 332, 269, 347, 410, 308, 333, 460, 350, 433, 426, 440, 344, 336, 270, 447, 431, 406], "recourse_recommended_ixs": [383, 375, 353, 278, 385, 312, 457, 360, 298, 354, 379, 369, 488, 421, 280, 485, 497, 467, 307, 470, 268, 356, 448, 273, 294, 427, 386, 403, 416, 443, 425, 472, 370, 367, 489, 445, 276, 435, 479, 412, 395, 257, 330, 361, 304, 496, 260, 487, 376, 301, 442, 264, 316, 465, 340, 277, 388, 430, 482, 436, 281, 320, 397, 393, 483, 357, 288, 458, 380, 366, 469, 461, 499, 271, 324, 287, 311, 274, 454, 327, 374, 279, 417, 332, 269, 347, 410, 308, 333, 460, 350, 433, 426, 440, 344, 336, 270, 447, 431, 406], "perc_recomm_found": 1.0, "gamma": 0.75, "eta": 0.75, "gamma_obs": 0.23000000417232513, "gamma_obs_pre": 0.2199999988079071, "eta_obs": 0.99, "costs": [1.0, 1.0, 1.0], "lbd": 100.0, "thresh": 0.5, "r_type": "subpopulation", "t_type": "acceptance", "eta_obs_individualized": NaN, "eta_obs_refits_batch0_mean": 0.7459999918937683, "model_score": 0.792, "model_f1": 0.8045112781954887, "model_refits_batch0_scores": [0.792, 0.784, 0.788, 0.792, 0.792], "model_refits_batch0_f1s": [0.7999999999999999, 0.7857142857142857, 0.8029739776951673, 0.8115942028985507, 0.8015267175572519], "model_coef": NaN}