{"accuracy_pre": 0.79, "accuracy_post": 0.91, "recourse_seeking_ixs": [999, 693, 969, 940, 614, 683, 547, 845, 765, 502, 941, 634, 588, 758, 648, 863, 931, 696, 732, 680, 769, 548, 638, 905, 549, 700, 989, 998, 822, 501, 771, 592, 960, 832, 706, 729, 899, 573, 571, 980, 655, 802, 532, 923, 611, 995, 657, 902, 687, 685, 840, 625, 907, 691, 820, 776, 929, 827, 604, 535, 978, 546, 562, 868, 585, 601, 792, 545, 746, 640, 815, 967, 506, 534, 615, 994, 901, 983, 631, 761, 982, 838, 517, 652, 801, 718, 885, 630, 896, 912, 970, 542, 859, 510, 826, 642, 887, 701, 805, 550], "recourse_recommended_ixs": [999, 693, 969, 940, 614, 683, 547, 845, 765, 502, 941, 634, 588, 758, 648, 863, 931, 696, 732, 680, 769, 548, 638, 905, 549, 700, 989, 998, 822, 501, 771, 592, 960, 832, 706, 729, 899, 573, 571, 980, 655, 802, 532, 923, 611, 995, 657, 902, 687, 685, 840, 625, 907, 691, 820, 776, 929, 827, 604, 535, 978, 546, 562, 868, 585, 601, 792, 545, 746, 640, 815, 967, 506, 534, 615, 994, 901, 983, 631, 761, 982, 838, 517, 652, 801, 718, 885, 630, 896, 912, 970, 542, 859, 510, 826, 642, 887, 701, 805, 550], "perc_recomm_found": 1.0, "gamma": 0.95, "eta": 0.95, "gamma_obs": 0.9100000262260437, "gamma_obs_pre": 0.20999999344348907, "eta_obs": 1.0, "costs": [1.0, 1.0], "lbd": 300.0, "thresh": 0.5, "r_type": "subpopulation", "t_type": "improvement", "eta_obs_individualized": NaN, "eta_obs_refits_batch0_mean": 0.9959999918937683, "model_score": 0.824, "model_f1": 0.8423005565862709, "model_refits_batch0_scores": [0.824, 0.81, 0.816, 0.818, 0.816], "model_refits_batch0_f1s": [0.8181818181818183, 0.7921225382932165, 0.7991266375545851, 0.7982261640798226, 0.800865800865801], "model_coef": NaN}