{"accuracy_pre": 0.73, "accuracy_post": 0.45, "recourse_seeking_ixs": [348, 327, 322, 369, 418, 478, 492, 453, 263, 423, 474, 280, 282, 350, 461, 385, 489, 376, 341, 389, 328, 365, 427, 459, 425, 415, 406, 479, 296, 318, 343, 347, 456, 449, 374, 431, 278, 294, 285, 447, 308, 267, 467, 295, 457, 436, 497, 433, 362, 428, 257, 300, 275, 315, 472, 261, 499, 260, 465, 330, 400, 363, 448, 434, 277, 490, 338, 371, 271, 429, 344, 253, 326, 387, 276, 281, 339, 485, 284, 335, 407, 422, 323, 337, 366, 329, 368, 316, 319, 470, 398, 450, 358, 491, 390, 320, 288, 432, 487, 290], "recourse_recommended_ixs": [348, 327, 322, 369, 418, 478, 492, 453, 263, 423, 474, 280, 282, 350, 461, 385, 489, 376, 341, 389, 328, 365, 427, 459, 425, 415, 406, 479, 296, 318, 343, 347, 456, 449, 374, 431, 278, 294, 285, 447, 308, 267, 467, 295, 457, 436, 497, 433, 362, 428, 257, 300, 275, 315, 472, 261, 499, 260, 465, 330, 400, 363, 448, 434, 277, 490, 338, 371, 271, 429, 344, 253, 326, 387, 276, 281, 339, 485, 284, 335, 407, 422, 323, 337, 366, 329, 368, 316, 319, 470, 398, 450, 358, 491, 390, 320, 288, 432, 487, 290], "perc_recomm_found": 1.0, "gamma": 0.75, "eta": 0.75, "gamma_obs": 0.3700000047683716, "gamma_obs_pre": 0.27000001072883606, "eta_obs": 0.99, "costs": [1.0, 1.0, 1.0], "lbd": 100.0, "thresh": 0.5, "r_type": "individualized", "t_type": "counterfactual", "eta_obs_individualized": NaN, "eta_obs_refits_batch0_mean": 0.38199999928474426, "model_score": 0.76, "model_f1": 0.7540983606557378, "model_refits_batch0_scores": [0.736, 0.732, 0.792, 0.748, 0.748], "model_refits_batch0_f1s": [0.7272727272727272, 0.7148936170212765, 0.7903225806451613, 0.7469879518072289, 0.7469879518072289], "model_coef": NaN}