{"accuracy_pre": 0.88, "accuracy_post": 0.52, "recourse_seeking_ixs": [397, 368, 399, 248, 386, 338, 311, 349, 252, 382, 319, 204, 280, 256, 398, 387, 236, 215, 239, 315, 238, 361, 246, 358, 304, 269, 231, 222, 207, 290, 209, 305, 247, 380, 356, 253, 370, 354, 327, 279, 261, 329, 237, 391, 362, 283, 347, 251, 328, 394], "recourse_recommended_ixs": [397, 368, 399, 248, 386, 338, 311, 349, 252, 382, 319, 204, 280, 256, 398, 387, 236, 215, 239, 315, 238, 361, 246, 358, 304, 269, 231, 222, 207, 290, 209, 305, 247, 380, 356, 253, 370, 354, 327, 279, 261, 329, 237, 391, 362, 283, 347, 251, 328, 394], "perc_recomm_found": 1.0, "gamma": 0.9, "eta": 0.9, "gamma_obs": 0.5199999809265137, "gamma_obs_pre": 0.11999999731779099, "eta_obs": 1.0, "costs": [1.0, 1.0, 1.0], "lbd": 300.0, "thresh": 0.5, "r_type": "individualized", "t_type": "counterfactual", "eta_obs_individualized": NaN, "eta_obs_refits_batch0_mean": 0.6200000047683716, "model_score": 0.9, "model_f1": 0.9, "model_refits_batch0_scores": [0.88, 0.86, 0.885, 0.89, 0.865], "model_refits_batch0_f1s": [0.88, 0.8627450980392157, 0.8888888888888888, 0.8910891089108911, 0.8682926829268293], "model_coef": [[0.5409262445636082, 0.955481782507, 0.9332635226719466], [-0.04808206059469919]]}