{"accuracy_pre": 0.98, "accuracy_post": 0.48, "recourse_seeking_ixs": [226, 326, 203, 271, 322, 311, 275, 258, 231, 272, 213, 280, 365, 287, 356, 236, 340, 210, 240, 357, 205, 238, 200, 315, 390, 328, 207, 288, 293, 359, 374, 216, 252, 312, 379, 358, 377, 367, 376, 250, 269, 237, 291, 303, 296, 368, 218, 267, 268, 298], "recourse_recommended_ixs": [226, 326, 203, 271, 322, 311, 275, 258, 231, 272, 213, 280, 365, 287, 356, 236, 340, 210, 240, 357, 205, 238, 200, 315, 390, 328, 207, 288, 293, 359, 374, 216, 252, 312, 379, 358, 377, 367, 376, 250, 269, 237, 291, 303, 296, 368, 218, 267, 268, 298], "perc_recomm_found": 1.0, "gamma": 0.95, "eta": 0.95, "gamma_obs": 0.47999998927116394, "gamma_obs_pre": 0.019999999552965164, "eta_obs": 1.0, "costs": [1.0, 1.0, 1.0], "lbd": 300.0, "thresh": 0.5, "r_type": "individualized", "t_type": "acceptance", "eta_obs_individualized": NaN, "eta_obs_refits_batch0_mean": 0.9120000004768372, "model_score": 0.9, "model_f1": 0.9056603773584906, "model_refits_batch0_scores": [0.905, 0.895, 0.89, 0.895, 0.895], "model_refits_batch0_f1s": [0.9140271493212669, 0.900473933649289, 0.8981481481481481, 0.9014084507042254, 0.8985507246376812], "model_coef": [[0.7965064020343948, 0.21539398773124335, 1.3147597064760808], [-0.2964631371152807]]}