{"accuracy_pre": 0.93, "accuracy_post": 0.23, "recourse_seeking_ixs": [744, 738, 742, 788, 540, 741, 844, 572, 591, 874, 836, 871, 612, 834, 700, 802, 655, 902, 899, 609, 963, 907, 716, 862, 976, 922, 577, 711, 782, 706, 826, 665, 623, 512, 649, 795, 651, 733, 538, 582, 571, 601, 574, 750, 533, 760, 722, 611, 928, 693, 629, 897, 579, 995, 810, 546, 653, 578, 758, 647, 605, 990, 547, 620, 715, 708, 803, 663, 650, 543, 539, 954, 641, 521, 873, 558, 819, 618, 698, 654, 510, 745, 780, 661, 822, 793, 970, 831, 985, 713, 930, 518, 828, 823, 837, 959, 671, 600, 522, 534], "recourse_recommended_ixs": [744, 738, 742, 788, 540, 741, 844, 572, 591, 874, 836, 871, 612, 834, 700, 802, 655, 902, 899, 609, 963, 907, 716, 862, 976, 922, 577, 711, 782, 706, 826, 665, 623, 512, 649, 795, 651, 733, 538, 582, 571, 601, 574, 750, 533, 760, 722, 611, 928, 693, 629, 897, 579, 995, 810, 546, 653, 578, 758, 647, 605, 990, 547, 620, 715, 708, 803, 663, 650, 543, 539, 954, 641, 521, 873, 558, 819, 618, 698, 654, 510, 745, 780, 661, 822, 793, 970, 831, 985, 713, 930, 518, 828, 823, 837, 959, 671, 600, 522, 534], "perc_recomm_found": 1.0, "gamma": 0.95, "eta": 0.95, "gamma_obs": 0.1599999964237213, "gamma_obs_pre": 0.07000000029802322, "eta_obs": 0.89, "costs": [1.0, 1.0, 1.0], "lbd": 300.0, "thresh": 0.5, "r_type": "individualized", "t_type": "counterfactual", "eta_obs_individualized": NaN, "eta_obs_refits_batch0_mean": 0.5819999575614929, "model_score": 0.786, "model_f1": 0.835030549898167, "model_refits_batch0_scores": [0.806, 0.824, 0.796, 0.794, 0.808], "model_refits_batch0_f1s": [0.8166351606805293, 0.8370370370370369, 0.80078125, 0.8074766355140186, 0.8146718146718146], "model_coef": NaN}