{"accuracy_pre": 0.98, "accuracy_post": 0.75, "recourse_seeking_ixs": [606, 709, 571, 509, 655, 552, 938, 776, 502, 599, 892, 978, 814, 812, 524, 676, 891, 853, 834, 573, 743, 686, 521, 840, 755, 732, 958, 551, 756, 879, 753, 660, 584, 640, 553, 635, 508, 887, 846, 694, 952, 786, 670, 969, 784, 906, 604, 849, 674, 646, 936, 801, 861, 993, 882, 940, 644, 796, 544, 531, 664, 716, 925, 803, 713, 795, 747, 738, 858, 511, 620, 922, 642, 839, 990, 564, 857, 680, 998, 862, 557, 729, 802, 809, 505, 797, 626, 609, 934, 546, 589, 991, 647, 715, 989, 754, 561, 854, 530, 519], "recourse_recommended_ixs": [606, 709, 571, 509, 655, 552, 938, 776, 502, 599, 892, 978, 814, 812, 524, 676, 891, 853, 834, 573, 743, 686, 521, 840, 755, 732, 958, 551, 756, 879, 753, 660, 584, 640, 553, 635, 508, 887, 846, 694, 952, 786, 670, 969, 784, 906, 604, 849, 674, 646, 936, 801, 861, 993, 882, 940, 644, 796, 544, 531, 664, 716, 925, 803, 713, 795, 747, 738, 858, 511, 620, 922, 642, 839, 990, 564, 857, 680, 998, 862, 557, 729, 802, 809, 505, 797, 626, 609, 934, 546, 589, 991, 647, 715, 989, 754, 561, 854, 530, 519], "perc_recomm_found": 1.0, "gamma": 0.75, "eta": 0.75, "gamma_obs": 0.7599999904632568, "gamma_obs_pre": 0.019999999552965164, "eta_obs": 0.98, "costs": [1.0, 1.0, 1.0], "lbd": 300.0, "thresh": 0.5, "r_type": "individualized", "t_type": "improvement", "eta_obs_individualized": 1.0, "eta_obs_refits_batch0_mean": 0.965999960899353, "model_score": 0.802, "model_f1": 0.8806584362139918, "model_refits_batch0_scores": [0.89, 0.896, 0.876, 0.878, 0.874], "model_refits_batch0_f1s": [0.8842105263157893, 0.8884120171673819, 0.869198312236287, 0.8742268041237113, 0.8711656441717791], "model_coef": NaN}