r_type,t_type,pop_density_mean,flu_shot_mean,covid_shots_mean,bmi_diff_mean,appetite_loss_mean,fatigue_mean,fever_mean,causes_mean,non-causes_mean,pop_density_std,flu_shot_std,covid_shots_std,bmi_diff_std,appetite_loss_std,fatigue_std,fever_std,causes_std,non-causes_std
individualized,acceptance,0.009175052737144243,0.0,0.0,-0.010378324169173843,0.7631737386312549,0.0,0.0,-0.0012032714320295995,0.7631737386312549,0.018186095749216123,0.0,0.0,0.0016414905126854516,0.023356079192967925,0.0,0.0,0.017125243746791415,0.023356079192967925
individualized,counterfactual,0.012101895404657698,0.0,0.0,-0.015839129724134177,0.7558592279146916,0.0,0.0,-0.0037372343194764777,0.7558592279146916,0.023009699136521043,0.0,0.0,0.002182537589305158,0.007009647895143758,0.0,0.0,0.025093465878681758,0.007009647895143758
individualized,improvement,-0.40445335902831037,0.0,2.3215739484396205,0.007918903506184493,,,,1.9250394929174943,0.0,0.022329487761974097,0.0,0.01625078627157091,0.0016992025658964214,,,,0.03233846494444761,0.0
subpopulation,acceptance,-0.0016167137686548662,0.0,0.0,-0.00735305419207695,0.7955672690763054,0.0,0.0,-0.008969767960731817,0.7955672690763054,0.0037236254665066436,0.0,0.0,0.006166060737483042,0.006624731644510932,0.0,0.0,0.004544668709848537,0.006624731644510932
subpopulation,improvement,-0.3765684162423293,0.0045045045045045045,2.259918886277582,0.004939654328241286,,,,1.8927946288679982,0.0,0.054365678039837696,0.0078020306647246735,0.18696024322504654,0.008404168570396598,,,,0.15975822905032733,0.0
