{"accuracy_pre": 0.83, "accuracy_post": 0.2, "recourse_seeking_ixs": [983, 874, 784, 964, 738, 899, 556, 773, 641, 522, 687, 583, 994, 832, 673, 559, 973, 551, 705, 886, 747, 863, 790, 637, 977, 536, 966, 691, 902, 836, 600, 786, 557, 880, 762, 639, 909, 521, 511, 797, 783, 740, 626, 718, 513, 929, 623, 954, 766, 724, 663, 882, 700, 777, 967, 811, 690, 953, 820, 844, 913, 676, 577, 781, 990, 514, 757, 605, 576, 643, 710, 847, 615, 754, 656, 625, 660, 957, 581, 616, 764, 509, 912, 992, 598, 965, 534, 508, 736, 573, 822, 860, 633, 779, 680, 893, 517, 735, 997, 728], "recourse_recommended_ixs": [983, 874, 784, 964, 738, 899, 556, 773, 641, 522, 687, 583, 994, 832, 673, 559, 973, 551, 705, 886, 747, 863, 790, 637, 977, 536, 966, 691, 902, 836, 600, 786, 557, 880, 762, 639, 909, 521, 511, 797, 783, 740, 626, 718, 513, 929, 623, 954, 766, 724, 663, 882, 700, 777, 967, 811, 690, 953, 820, 844, 913, 676, 577, 781, 990, 514, 757, 605, 576, 643, 710, 847, 615, 754, 656, 625, 660, 957, 581, 616, 764, 509, 912, 992, 598, 965, 534, 508, 736, 573, 822, 860, 633, 779, 680, 893, 517, 735, 997, 728], "perc_recomm_found": 1.0, "gamma": 0.75, "eta": 0.75, "gamma_obs": 0.20999999344348907, "gamma_obs_pre": 0.17000000178813934, "eta_obs": 0.99, "costs": [1.0, 1.0, 1.0], "lbd": 300.0, "thresh": 0.5, "r_type": "subpopulation", "t_type": "counterfactual", "eta_obs_individualized": NaN, "eta_obs_refits_batch0_mean": 0.46399998664855957, "model_score": 0.868, "model_f1": 0.8923679060665362, "model_refits_batch0_scores": [0.82, 0.828, 0.806, 0.818, 0.836], "model_refits_batch0_f1s": [0.7906976744186047, 0.8045454545454546, 0.7662650602409637, 0.7858823529411765, 0.8217391304347826], "model_coef": NaN}