{"accuracy_pre": 0.86, "accuracy_post": 0.24, "recourse_seeking_ixs": [271, 204, 362, 330, 343, 385, 291, 230, 237, 313, 334, 365, 295, 211, 361, 383, 248, 218, 303, 294, 371, 326, 299, 367, 335, 298, 304, 323, 374, 200, 280, 249, 223, 252, 300, 228, 238, 376, 245, 229, 270, 348, 327, 315, 396, 201, 340, 346, 322, 216], "recourse_recommended_ixs": [271, 204, 362, 330, 343, 385, 291, 230, 237, 313, 334, 365, 295, 211, 361, 383, 248, 218, 303, 294, 371, 326, 299, 367, 335, 298, 304, 323, 374, 200, 280, 249, 223, 252, 300, 228, 238, 376, 245, 229, 270, 348, 327, 315, 396, 201, 340, 346, 322, 216], "perc_recomm_found": 1.0, "gamma": 0.95, "eta": 0.95, "gamma_obs": 0.23999999463558197, "gamma_obs_pre": 0.14000000059604645, "eta_obs": 1.0, "costs": [1.0, 1.0, 1.0], "lbd": 300.0, "thresh": 0.5, "r_type": "individualized", "t_type": "acceptance", "eta_obs_individualized": NaN, "eta_obs_refits_batch0_mean": 0.9239999651908875, "model_score": 0.82, "model_f1": 0.8200000000000001, "model_refits_batch0_scores": [0.825, 0.85, 0.835, 0.84, 0.83], "model_refits_batch0_f1s": [0.8241206030150753, 0.8421052631578947, 0.8290155440414508, 0.8400000000000001, 0.8282828282828283], "model_coef": [[2.3360595675138884, 2.166813407465765, -0.950960166062375], [0.6618900531062429]]}