r_type,t_type,x1_mean,x2_mean,x3_mean,causes_mean,non-causes_mean,x1_std,x2_std,x3_std,causes_std,non-causes_std
individualized,acceptance,0.36733333333333335,1.0296666666666667,2.6080000000000005,4.005000000000001,0.0,0.03728717384481342,0.10640175437150146,0.20711590957722203,0.1633370747870796,0.0
individualized,counterfactual,0.252,1.072,2.9680000000000004,4.292000000000001,0.0,0.039153543900903816,0.09462029380635009,0.22224311012942535,0.16802083204174353,0.0
individualized,improvement,1.0346666666666666,1.7466666666666668,2.654333333333333,5.435666666666666,0.0,0.02145538005567221,0.07028750481652704,0.1423598726233389,0.1906628787502518,0.0
subpopulation,acceptance,0.35700000000000004,1.039,2.6273333333333335,4.023333333333333,0.0,0.04288356328478317,0.11587924749496781,0.22522507261256114,0.17861224295476918,0.0
subpopulation,improvement,0.948,1.5806666666666667,2.522,5.050666666666666,0.0,0.06255397669213371,0.13957554704651284,0.09071383576941261,0.25759334877541656,0.0
