{"inv": 0.5172413793103449, "val_m2": 0.4827586206896552, "val_m1": 1.0}