{"accuracy_pre": 0.77, "accuracy_post": 0.73, "recourse_seeking_ixs": [376, 334, 310, 425, 374, 311, 411, 297, 493, 255, 320, 305, 251, 418, 279, 489, 379, 312, 268, 272, 416, 447, 358, 321, 494, 282, 412, 299, 443, 465, 407, 400, 440, 253, 446, 479, 351, 286, 340, 478, 298, 283, 426, 402, 356, 336, 431, 290, 498, 338, 261, 264, 333, 436, 491, 420, 375, 410, 322, 434, 365, 399, 452, 257, 350, 396, 495, 389, 427, 294, 307, 271, 278, 428, 451, 342, 460, 417, 344, 352, 288, 316, 390, 459, 331, 260, 329, 368, 324, 266, 470, 499, 481, 419, 487, 326, 353, 381, 482, 313], "recourse_recommended_ixs": [376, 334, 310, 425, 374, 311, 411, 297, 493, 255, 320, 305, 251, 418, 279, 489, 379, 312, 268, 272, 416, 447, 358, 321, 494, 282, 412, 299, 443, 465, 407, 400, 440, 253, 446, 479, 351, 286, 340, 478, 298, 283, 426, 402, 356, 336, 431, 290, 498, 338, 261, 264, 333, 436, 491, 420, 375, 410, 322, 434, 365, 399, 452, 257, 350, 396, 495, 389, 427, 294, 307, 271, 278, 428, 451, 342, 460, 417, 344, 352, 288, 316, 390, 459, 331, 260, 329, 368, 324, 266, 470, 499, 481, 419, 487, 326, 353, 381, 482, 313], "perc_recomm_found": 1.0, "gamma": 0.75, "eta": 0.75, "gamma_obs": 0.7200000286102295, "gamma_obs_pre": 0.23000000417232513, "eta_obs": 0.91, "costs": [1.0, 1.0], "lbd": 100.0, "thresh": 0.5, "r_type": "subpopulation", "t_type": "improvement", "eta_obs_individualized": NaN, "eta_obs_refits_batch0_mean": 0.8399999737739563, "model_score": 0.78, "model_f1": 0.7985347985347986, "model_refits_batch0_scores": [0.792, 0.792, 0.8, 0.784, 0.788], "model_refits_batch0_f1s": [0.8088235294117648, 0.8059701492537314, 0.8091603053435114, 0.8029197080291971, 0.8072727272727273], "model_coef": [[0.019921245174506698, -0.07225109570491474, 0.9684320407921226], [-0.16544405042990218]]}