{"accuracy_pre": 1.0, "accuracy_post": 0.96, "recourse_seeking_ixs": [1805, 1243, 1761, 1081, 1384, 1816, 1351, 1457, 1073, 1270, 1811, 1336, 1936, 1260, 1915, 1994, 1248, 1412, 1026, 1875, 1521, 1792, 1980, 1454, 1246, 1185, 1570, 1451, 1807, 1037, 1861, 1364, 1672, 1406, 1431, 1925, 1074, 1501, 1878, 1804, 1390, 1127, 1966, 1996, 1800, 1799, 1714, 1152, 1566, 1220, 1287, 1484, 1493, 1147, 1855, 1510, 1918, 1154, 1671, 1209, 1872, 1430, 1464, 1171, 1044, 1658, 1104, 1906, 1113, 1829, 1286, 1135, 1166, 1685, 1971, 1217, 1897, 1063, 1472, 1708, 1882, 1567, 1881, 1757, 1779, 1880, 1025, 1640, 1911, 1285, 1068, 1177, 1480, 1788, 1225, 1808, 1677, 1542, 1582, 1421], "recourse_recommended_ixs": [1805, 1243, 1761, 1081, 1384, 1816, 1351, 1457, 1073, 1270, 1811, 1336, 1936, 1260, 1915, 1994, 1248, 1412, 1026, 1875, 1521, 1792, 1980, 1454, 1246, 1185, 1570, 1451, 1807, 1037, 1861, 1364, 1672, 1406, 1431, 1925, 1074, 1501, 1878, 1804, 1390, 1127, 1966, 1996, 1800, 1799, 1714, 1152, 1566, 1220, 1287, 1484, 1493, 1147, 1855, 1510, 1918, 1154, 1671, 1209, 1872, 1430, 1464, 1171, 1044, 1658, 1104, 1906, 1113, 1829, 1286, 1135, 1166, 1685, 1971, 1217, 1897, 1063, 1472, 1708, 1882, 1567, 1881, 1757, 1779, 1880, 1025, 1640, 1911, 1285, 1068, 1177, 1480, 1788, 1225, 1808, 1677, 1542, 1582, 1421], "perc_recomm_found": 1.0, "gamma": 0.75, "eta": 0.75, "gamma_obs": 1.0, "gamma_obs_pre": 0.0, "eta_obs": 0.96, "costs": [1.0, 1.0, 1.0], "lbd": 150.0, "thresh": 0.5, "r_type": "subpopulation", "t_type": "improvement", "eta_obs_individualized": NaN, "eta_obs_refits_batch0_mean": 0.9599999189376831, "model_score": 0.938, "model_f1": 0.9979508196721312, "model_refits_batch0_scores": [1.0, 0.996, 1.0, 0.996, 0.998], "model_refits_batch0_f1s": [1.0, 0.9959100204498978, 1.0, 0.9959100204498978, 0.9979591836734694], "model_coef": [[2.1650913559683787, 2.7063642005291455, 5.087964699962023], [0.0330270914912409]]}