{"accuracy_pre": 1.0, "accuracy_post": 1.0, "recourse_seeking_ixs": [1081, 1934, 1648, 1964, 1199, 1030, 1973, 1770, 1913, 1291, 1391, 1995, 1731, 1312, 1352, 1617, 1888, 1344, 1539, 1116, 1864, 1621, 1346, 1324, 1234, 1316, 1016, 1652, 1295, 1382, 1791, 1651, 1680, 1099, 1535, 1711, 1184, 1076, 1639, 1611, 1146, 1498, 1040, 1906, 1161, 1989, 1733, 1569, 1303, 1364, 1924, 1440, 1170, 1470, 1650, 1201, 1026, 1998, 1206, 1726, 1372, 1738, 1077, 1820, 1090, 1816, 1102, 1131, 1923, 1520, 1769, 1014, 1233, 1591, 1831, 1285, 1771, 1872, 1737, 1725, 1282, 1585, 1840, 1562, 1766, 1166, 1855, 1413, 1210, 1627, 1433, 1457, 1263, 1221, 1055, 1794, 1459, 1836, 1363, 1458], "recourse_recommended_ixs": [1081, 1934, 1648, 1964, 1199, 1030, 1973, 1770, 1913, 1291, 1391, 1995, 1731, 1312, 1352, 1617, 1888, 1344, 1539, 1116, 1864, 1621, 1346, 1324, 1234, 1316, 1016, 1652, 1295, 1382, 1791, 1651, 1680, 1099, 1535, 1711, 1184, 1076, 1639, 1611, 1146, 1498, 1040, 1906, 1161, 1989, 1733, 1569, 1303, 1364, 1924, 1440, 1170, 1470, 1650, 1201, 1026, 1998, 1206, 1726, 1372, 1738, 1077, 1820, 1090, 1816, 1102, 1131, 1923, 1520, 1769, 1014, 1233, 1591, 1831, 1285, 1771, 1872, 1737, 1725, 1282, 1585, 1840, 1562, 1766, 1166, 1855, 1413, 1210, 1627, 1433, 1457, 1263, 1221, 1055, 1794, 1459, 1836, 1363, 1458], "perc_recomm_found": 1.0, "gamma": 0.75, "eta": 0.75, "gamma_obs": 1.0, "gamma_obs_pre": 0.0, "eta_obs": 1.0, "costs": [1.0, 1.0, 1.0], "lbd": 150.0, "thresh": 0.5, "r_type": "individualized", "t_type": "counterfactual", "eta_obs_individualized": NaN, "eta_obs_refits_batch0_mean": 0.9340000152587891, "model_score": 0.956, "model_f1": 1.0, "model_refits_batch0_scores": [0.993, 1.0, 0.996, 0.996, 0.994], "model_refits_batch0_f1s": [0.992964824120603, 1.0, 0.9959919839679359, 0.9959919839679359, 0.9939759036144578], "model_coef": NaN}