{"accuracy_pre": 0.96, "accuracy_post": 0.04, "recourse_seeking_ixs": [225, 309, 289, 358, 277, 349, 346, 310, 292, 216, 303, 338, 207, 240, 268, 314, 365, 217, 243, 288, 279, 265, 399, 252, 396, 274, 246, 218, 376, 389, 320, 397, 371, 294, 229, 297, 238, 203, 308, 224, 361, 239, 295, 290, 390, 231, 377, 328, 278, 201], "recourse_recommended_ixs": [225, 309, 289, 358, 277, 349, 346, 310, 292, 216, 303, 338, 207, 240, 268, 314, 365, 217, 243, 288, 279, 265, 399, 252, 396, 274, 246, 218, 376, 389, 320, 397, 371, 294, 229, 297, 238, 203, 308, 224, 361, 239, 295, 290, 390, 231, 377, 328, 278, 201], "perc_recomm_found": 1.0, "gamma": 0.95, "eta": 0.95, "gamma_obs": 0.04, "gamma_obs_pre": 0.04, "eta_obs": 1.0, "costs": [5.0, 5.0, 0.0001, 0.01, 0.1], "lbd": 300.0, "thresh": 0.5, "r_type": "subpopulation", "t_type": "acceptance", "eta_obs_individualized": NaN, "eta_obs_refits_batch0_mean": 1.0, "model_score": 0.99, "model_f1": 0.9921259842519685, "model_refits_batch0_scores": [0.99, 0.99, 0.99, 0.99, 0.99], "model_refits_batch0_f1s": [0.9921259842519685, 0.9921259842519685, 0.9921259842519685, 0.9921259842519685, 0.9921259842519685], "model_coef": [[2.740735951651545e-05, 8.134746608430129e-05, 0.027732301482997965, 0.00011201442873607471, 0.00022894876872786633], [-15.310997798137167]]}