{"accuracy_pre": 0.81, "accuracy_post": 0.93, "recourse_seeking_ixs": [948, 651, 735, 994, 625, 926, 755, 608, 753, 914, 569, 880, 555, 822, 897, 883, 969, 613, 932, 725, 708, 580, 763, 704, 966, 712, 544, 976, 557, 952, 641, 713, 636, 617, 950, 638, 807, 804, 923, 728, 702, 850, 762, 723, 551, 837, 938, 666, 796, 785, 737, 549, 900, 718, 648, 844, 957, 799, 756, 852, 815, 937, 974, 696, 865, 949, 519, 921, 536, 684, 835, 867, 507, 990, 701, 588, 683, 811, 902, 861, 541, 977, 633, 699, 786, 920, 655, 680, 909, 946, 663, 838, 577, 614, 710, 812, 767, 793, 739, 757], "recourse_recommended_ixs": [948, 651, 735, 994, 625, 926, 755, 608, 753, 914, 569, 880, 555, 822, 897, 883, 969, 613, 932, 725, 708, 580, 763, 704, 966, 712, 544, 976, 557, 952, 641, 713, 636, 617, 950, 638, 807, 804, 923, 728, 702, 850, 762, 723, 551, 837, 938, 666, 796, 785, 737, 549, 900, 718, 648, 844, 957, 799, 756, 852, 815, 937, 974, 696, 865, 949, 519, 921, 536, 684, 835, 867, 507, 990, 701, 588, 683, 811, 902, 861, 541, 977, 633, 699, 786, 920, 655, 680, 909, 946, 663, 838, 577, 614, 710, 812, 767, 793, 739, 757], "perc_recomm_found": 1.0, "gamma": 0.95, "eta": 0.95, "gamma_obs": 0.9399999976158142, "gamma_obs_pre": 0.1899999976158142, "eta_obs": 0.99, "costs": [1.0, 1.0], "lbd": 300.0, "thresh": 0.5, "r_type": "subpopulation", "t_type": "improvement", "eta_obs_individualized": NaN, "eta_obs_refits_batch0_mean": 0.9860000610351562, "model_score": 0.85, "model_f1": 0.8781431334622825, "model_refits_batch0_scores": [0.778, 0.794, 0.784, 0.802, 0.806], "model_refits_batch0_f1s": [0.7412587412587412, 0.7736263736263737, 0.7440758293838863, 0.7724137931034482, 0.7868131868131869], "model_coef": NaN}