{"accuracy_pre": 0.79, "accuracy_post": 0.26, "recourse_seeking_ixs": [447, 320, 393, 316, 313, 442, 277, 260, 385, 287, 365, 384, 307, 363, 326, 372, 383, 301, 425, 251, 283, 263, 490, 346, 340, 288, 406, 293, 310, 311, 499, 432, 259, 419, 350, 468, 488, 483, 375, 482, 402, 285, 351, 254, 464, 443, 404, 421, 386, 279, 357, 476, 479, 348, 273, 261, 323, 438, 494, 299, 424, 317, 436, 302, 460, 411, 268, 339, 257, 272, 407, 396, 334, 398, 297, 441, 462, 486, 394, 498, 252, 300, 258, 451, 458, 446, 414, 278, 379, 492, 388, 265, 491, 455, 253, 330, 355, 319, 412, 371], "recourse_recommended_ixs": [447, 320, 393, 316, 313, 442, 277, 260, 385, 287, 365, 384, 307, 363, 326, 372, 383, 301, 425, 251, 283, 263, 490, 346, 340, 288, 406, 293, 310, 311, 499, 432, 259, 419, 350, 468, 488, 483, 375, 482, 402, 285, 351, 254, 464, 443, 404, 421, 386, 279, 357, 476, 479, 348, 273, 261, 323, 438, 494, 299, 424, 317, 436, 302, 460, 411, 268, 339, 257, 272, 407, 396, 334, 398, 297, 441, 462, 486, 394, 498, 252, 300, 258, 451, 458, 446, 414, 278, 379, 492, 388, 265, 491, 455, 253, 330, 355, 319, 412, 371], "perc_recomm_found": 1.0, "gamma": 0.75, "eta": 0.75, "gamma_obs": 0.25999999046325684, "gamma_obs_pre": 0.20999999344348907, "eta_obs": 1.0, "costs": [1.0, 1.0, 1.0], "lbd": 100.0, "thresh": 0.5, "r_type": "individualized", "t_type": "acceptance", "eta_obs_individualized": NaN, "eta_obs_refits_batch0_mean": 0.9360000491142273, "model_score": 0.8, "model_f1": 0.7916666666666666, "model_refits_batch0_scores": [0.8, 0.796, 0.792, 0.8, 0.812], "model_refits_batch0_f1s": [0.7916666666666666, 0.7901234567901234, 0.7833333333333333, 0.7933884297520661, 0.8], "model_coef": [[-0.10360710355820973, -0.4840985551564463, 1.2888307442029043], [-0.6215992533679852]]}