{"accuracy_pre": 0.74, "accuracy_post": 0.36, "recourse_seeking_ixs": [241, 264, 208, 270, 271, 303, 294, 217, 323, 253, 389, 372, 288, 328, 277, 291, 230, 244, 366, 390, 285, 358, 240, 239, 263, 320, 375, 256, 238, 292, 276, 385, 257, 333, 363, 296, 341, 312, 222, 223, 243, 254, 252, 325, 214, 279, 348, 393, 289, 369], "recourse_recommended_ixs": [241, 264, 208, 270, 271, 303, 294, 217, 323, 253, 389, 372, 288, 328, 277, 291, 230, 244, 366, 390, 285, 358, 240, 239, 263, 320, 375, 256, 238, 292, 276, 385, 257, 333, 363, 296, 341, 312, 222, 223, 243, 254, 252, 325, 214, 279, 348, 393, 289, 369], "perc_recomm_found": 1.0, "gamma": 0.9, "eta": 0.9, "gamma_obs": 0.36000001430511475, "gamma_obs_pre": 0.25999999046325684, "eta_obs": 1.0, "costs": [1.0, 1.0, 1.0], "lbd": 300.0, "thresh": 0.5, "r_type": "individualized", "t_type": "acceptance", "eta_obs_individualized": NaN, "eta_obs_refits_batch0_mean": 0.8199999928474426, "model_score": 0.805, "model_f1": 0.8202764976958525, "model_refits_batch0_scores": [0.81, 0.81, 0.8, 0.795, 0.815], "model_refits_batch0_f1s": [0.8240740740740741, 0.8256880733944955, 0.8148148148148149, 0.807511737089202, 0.832579185520362], "model_coef": [[0.3904322519790784, -0.2577039203328694, 1.1462900901101083], [-0.6682115609993429]]}