{"accuracy_pre": 0.88, "accuracy_post": 0.39, "recourse_seeking_ixs": [954, 572, 713, 822, 654, 774, 811, 888, 706, 605, 597, 609, 926, 902, 975, 586, 793, 821, 927, 506, 683, 578, 865, 693, 717, 777, 984, 812, 741, 650, 546, 676, 542, 785, 700, 764, 891, 873, 701, 760, 754, 615, 758, 976, 694, 945, 869, 746, 689, 846, 859, 577, 837, 647, 852, 718, 552, 574, 511, 579, 602, 623, 998, 733, 663, 966, 539, 582, 571, 949, 795, 534, 608, 995, 823, 874, 871, 646, 651, 898, 612, 930, 862, 925, 661, 649, 543, 540, 840, 641, 519, 897, 558, 803, 611, 681, 714, 653, 722, 510], "recourse_recommended_ixs": [954, 572, 713, 822, 654, 774, 811, 888, 706, 605, 597, 609, 926, 902, 975, 586, 793, 821, 927, 506, 683, 578, 865, 693, 717, 777, 984, 812, 741, 650, 546, 676, 542, 785, 700, 764, 891, 873, 701, 760, 754, 615, 758, 976, 694, 945, 869, 746, 689, 846, 859, 577, 837, 647, 852, 718, 552, 574, 511, 579, 602, 623, 998, 733, 663, 966, 539, 582, 571, 949, 795, 534, 608, 995, 823, 874, 871, 646, 651, 898, 612, 930, 862, 925, 661, 649, 543, 540, 840, 641, 519, 897, 558, 803, 611, 681, 714, 653, 722, 510], "perc_recomm_found": 1.0, "gamma": 0.75, "eta": 0.75, "gamma_obs": 0.3100000023841858, "gamma_obs_pre": 0.11999999731779099, "eta_obs": 0.96, "costs": [1.0, 1.0, 1.0], "lbd": 300.0, "thresh": 0.5, "r_type": "individualized", "t_type": "counterfactual", "eta_obs_individualized": NaN, "eta_obs_refits_batch0_mean": 0.4399999976158142, "model_score": 0.782, "model_f1": 0.7351129363449691, "model_refits_batch0_scores": [0.814, 0.808, 0.822, 0.758, 0.796], "model_refits_batch0_f1s": [0.8074534161490684, 0.8064516129032259, 0.8126315789473685, 0.7575150300601203, 0.782051282051282], "model_coef": NaN}