{"accuracy_pre": 0.88, "accuracy_post": 0.26, "recourse_seeking_ixs": [858, 512, 843, 525, 625, 609, 848, 709, 957, 999, 667, 846, 808, 549, 596, 645, 639, 958, 819, 866, 884, 769, 875, 513, 981, 608, 859, 901, 990, 523, 920, 993, 557, 758, 752, 805, 864, 700, 589, 796, 780, 937, 712, 812, 893, 779, 756, 669, 922, 723, 879, 871, 503, 907, 841, 798, 998, 823, 882, 987, 784, 945, 628, 766, 744, 725, 792, 670, 616, 517, 529, 505, 790, 915, 800, 742, 930, 837, 890, 762, 622, 992, 968, 713, 588, 818, 986, 804, 660, 515, 895, 566, 913, 959, 948, 921, 680, 730, 918, 840], "recourse_recommended_ixs": [858, 512, 843, 525, 625, 609, 848, 709, 957, 999, 667, 846, 808, 549, 596, 645, 639, 958, 819, 866, 884, 769, 875, 513, 981, 608, 859, 901, 990, 523, 920, 993, 557, 758, 752, 805, 864, 700, 589, 796, 780, 937, 712, 812, 893, 779, 756, 669, 922, 723, 879, 871, 503, 907, 841, 798, 998, 823, 882, 987, 784, 945, 628, 766, 744, 725, 792, 670, 616, 517, 529, 505, 790, 915, 800, 742, 930, 837, 890, 762, 622, 992, 968, 713, 588, 818, 986, 804, 660, 515, 895, 566, 913, 959, 948, 921, 680, 730, 918, 840], "perc_recomm_found": 1.0, "gamma": 0.95, "eta": 0.95, "gamma_obs": 0.3100000023841858, "gamma_obs_pre": 0.11999999731779099, "eta_obs": 0.89, "costs": [1.0, 1.0, 1.0], "lbd": 300.0, "thresh": 0.5, "r_type": "individualized", "t_type": "counterfactual", "eta_obs_individualized": NaN, "eta_obs_refits_batch0_mean": 0.3720000088214874, "model_score": 0.664, "model_f1": 0.696035242290749, "model_refits_batch0_scores": [0.822, 0.82, 0.814, 0.828, 0.83], "model_refits_batch0_f1s": [0.8202020202020203, 0.8170731707317074, 0.8128772635814889, 0.822314049586777, 0.8261758691206543], "model_coef": [[0.4193815735163298, -0.17430836989550566, 0.8740051248645054], [-0.5287631658814632]]}