{"accuracy_pre": 0.96, "accuracy_post": 0.92, "recourse_seeking_ixs": [1351, 1622, 1623, 1426, 1242, 1103, 1422, 1761, 1880, 1995, 1483, 1402, 1230, 1496, 1830, 1175, 1008, 1211, 1683, 1700, 1147, 1675, 1691, 1927, 1838, 1222, 1855, 1235, 1430, 1881, 1889, 1657, 1515, 1170, 1646, 1234, 1105, 1901, 1137, 1635, 1204, 1594, 1350, 1063, 1630, 1482, 1897, 1814, 1862, 1763, 1941, 1005, 1822, 1360, 1270, 1917, 1127, 1219, 1043, 1502, 1468, 1340, 1829, 1453, 1011, 1878, 1327, 1291, 1865, 1661, 1451, 1730, 1791, 1952, 1942, 1686, 1636, 1492, 1845, 1009, 1615, 1966, 1111, 1595, 1276, 1174, 1069, 1091, 1708, 1747, 1794, 1297, 1239, 1122, 1620, 1680, 1369, 1379, 1813, 1039], "recourse_recommended_ixs": [1351, 1622, 1623, 1426, 1242, 1103, 1422, 1761, 1880, 1995, 1483, 1402, 1230, 1496, 1830, 1175, 1008, 1211, 1683, 1700, 1147, 1675, 1691, 1927, 1838, 1222, 1855, 1235, 1430, 1881, 1889, 1657, 1515, 1170, 1646, 1234, 1105, 1901, 1137, 1635, 1204, 1594, 1350, 1063, 1630, 1482, 1897, 1814, 1862, 1763, 1941, 1005, 1822, 1360, 1270, 1917, 1127, 1219, 1043, 1502, 1468, 1340, 1829, 1453, 1011, 1878, 1327, 1291, 1865, 1661, 1451, 1730, 1791, 1952, 1942, 1686, 1636, 1492, 1845, 1009, 1966, 1111, 1595, 1276, 1174, 1069, 1091, 1708, 1747, 1794, 1297, 1122, 1620, 1680, 1369, 1379, 1813, 1039], "perc_recomm_found": 0.98, "gamma": 0.75, "eta": 0.75, "gamma_obs": 1.0, "gamma_obs_pre": 0.020408162847161293, "eta_obs": 0.9387755102040817, "costs": [1.0, 1.0], "lbd": 150.0, "thresh": 0.5, "r_type": "individualized", "t_type": "improvement", "eta_obs_individualized": 0.3163265306122449, "eta_obs_refits_batch0_mean": 0.9346939325332642, "model_score": 0.813, "model_f1": 0.997907949790795, "model_refits_batch0_scores": [0.998, 0.998, 0.995, 0.995, 0.998], "model_refits_batch0_f1s": [0.9979674796747968, 0.9979674796747968, 0.9949031600407746, 0.9949031600407746, 0.9979674796747968], "model_coef": NaN}