{"accuracy_pre": 1.0, "accuracy_post": 0.99, "recourse_seeking_ixs": [1278, 1684, 1902, 1437, 1539, 1271, 1158, 1257, 1864, 1453, 1115, 1216, 1242, 1042, 1608, 1518, 1385, 1803, 1714, 1874, 1248, 1980, 1708, 1059, 1546, 1882, 1379, 1106, 1578, 1938, 1253, 1006, 1179, 1729, 1448, 1065, 1324, 1868, 1334, 1079, 1157, 1412, 1873, 1302, 1304, 1313, 1034, 1642, 1606, 1937, 1375, 1936, 1881, 1976, 1268, 1974, 1592, 1226, 1306, 1704, 1331, 1736, 1728, 1507, 1246, 1016, 1717, 1211, 1337, 1151, 1100, 1394, 1146, 1470, 1956, 1236, 1614, 1203, 1462, 1490, 1007, 1853, 1529, 1659, 1918, 1643, 1734, 1256, 1964, 1629, 1366, 1223, 1894, 1747, 1947, 1234, 1731, 1423, 1630, 1415], "recourse_recommended_ixs": [1278, 1684, 1902, 1437, 1539, 1271, 1158, 1257, 1864, 1453, 1115, 1216, 1242, 1042, 1608, 1518, 1385, 1803, 1714, 1874, 1248, 1980, 1708, 1059, 1546, 1882, 1379, 1106, 1578, 1938, 1253, 1006, 1179, 1729, 1448, 1065, 1324, 1868, 1334, 1079, 1157, 1412, 1873, 1302, 1304, 1313, 1034, 1642, 1606, 1937, 1375, 1936, 1881, 1976, 1268, 1974, 1592, 1226, 1306, 1704, 1331, 1736, 1728, 1507, 1246, 1016, 1717, 1211, 1337, 1151, 1100, 1394, 1146, 1470, 1956, 1236, 1614, 1203, 1462, 1490, 1007, 1853, 1529, 1659, 1918, 1643, 1734, 1256, 1964, 1629, 1366, 1223, 1894, 1747, 1947, 1234, 1731, 1423, 1630, 1415], "perc_recomm_found": 1.0, "gamma": 0.95, "eta": 0.95, "gamma_obs": 1.0, "gamma_obs_pre": 0.0, "eta_obs": 1.0, "costs": [1.0, 1.0, 1.0], "lbd": 150.0, "thresh": 0.5, "r_type": "individualized", "t_type": "counterfactual", "eta_obs_individualized": NaN, "eta_obs_refits_batch0_mean": 0.9899999499320984, "model_score": 0.969, "model_f1": 0.9989462592202318, "model_refits_batch0_scores": [0.999, 0.999, 0.997, 0.998, 0.998], "model_refits_batch0_f1s": [0.9989929506545822, 0.9989929506545822, 0.9969727547931382, 0.9979879275653923, 0.9979838709677419], "model_coef": NaN}