{"accuracy_pre": 0.89, "accuracy_post": 0.15, "recourse_seeking_ixs": [609, 864, 922, 501, 555, 532, 732, 711, 638, 942, 568, 947, 817, 838, 862, 664, 726, 500, 875, 931, 649, 949, 668, 577, 688, 924, 537, 771, 551, 794, 893, 737, 572, 976, 692, 825, 715, 826, 936, 708, 852, 619, 850, 515, 687, 899, 944, 935, 616, 772, 685, 901, 548, 713, 946, 759, 874, 560, 800, 878, 528, 961, 660, 865, 663, 570, 752, 567, 824, 919, 575, 614, 840, 581, 730, 611, 909, 504, 633, 729, 854, 536, 861, 599, 645, 530, 695, 744, 858, 718, 983, 985, 539, 549, 624, 795, 804, 514, 747, 678], "recourse_recommended_ixs": [609, 864, 922, 501, 555, 532, 732, 711, 638, 942, 568, 947, 817, 838, 862, 664, 726, 500, 875, 931, 649, 949, 668, 577, 688, 924, 537, 771, 551, 794, 893, 737, 572, 976, 692, 825, 715, 826, 936, 708, 852, 619, 850, 515, 687, 899, 944, 935, 616, 772, 685, 901, 548, 713, 946, 759, 874, 560, 800, 878, 528, 961, 660, 865, 663, 570, 752, 567, 824, 919, 575, 614, 840, 581, 730, 611, 909, 504, 633, 729, 854, 536, 861, 599, 645, 530, 695, 744, 858, 718, 983, 985, 539, 549, 624, 795, 804, 514, 747, 678], "perc_recomm_found": 1.0, "gamma": 0.95, "eta": 0.95, "gamma_obs": 0.15000000596046448, "gamma_obs_pre": 0.10999999940395355, "eta_obs": 1.0, "costs": [1.0, 1.0, 1.0], "lbd": 300.0, "thresh": 0.5, "r_type": "subpopulation", "t_type": "acceptance", "eta_obs_individualized": NaN, "eta_obs_refits_batch0_mean": 0.38599997758865356, "model_score": 0.836, "model_f1": 0.8717948717948718, "model_refits_batch0_scores": [0.822, 0.82, 0.814, 0.828, 0.83], "model_refits_batch0_f1s": [0.8202020202020203, 0.8170731707317074, 0.8128772635814889, 0.822314049586777, 0.8261758691206543], "model_coef": [[0.4193815735163298, -0.17430836989550566, 0.8740051248645054], [-0.5287631658814632]]}