{"accuracy_pre": 0.0, "accuracy_post": 0.56, "recourse_seeking_ixs": [1214, 1738, 1976, 1579, 1284, 1161, 1717, 1109, 1874, 1961, 1003, 1704, 1323, 1739, 1119, 1777, 1301, 1193, 1236, 1219, 1859, 1519, 1098, 1896, 1484, 1572, 1582, 1267, 1474, 1452, 1589, 1127, 1911, 1560, 1683, 1851, 1428, 1542, 1443, 1692, 1741, 1853, 1622, 1580, 1803, 1731, 1002, 1528, 1593, 1361, 1554, 1072, 1313, 1520, 1689, 1268, 1289, 1194, 1558, 1074, 1398, 1093, 1099, 1890, 1724, 1111, 1304, 1796, 1557, 1010, 1847, 1804, 1062, 1983, 1486, 1546, 1531, 1742, 1549, 1889, 1659, 1615, 1959, 1791, 1144, 1292, 1036, 1189, 1606, 1680, 1375, 1403, 1533, 1975, 1288, 1570, 1106, 1968, 1316, 1394], "recourse_recommended_ixs": [1214, 1738, 1976, 1579, 1284, 1161, 1717, 1109, 1874, 1961, 1003, 1704, 1323, 1739, 1119, 1777, 1301, 1193, 1236, 1219, 1859, 1519, 1098, 1896, 1484, 1572, 1582, 1267, 1474, 1452, 1589, 1127, 1911, 1560, 1683, 1851, 1428, 1542, 1443, 1692, 1741, 1853, 1622, 1580, 1803, 1731, 1002, 1528, 1593, 1361, 1554, 1072, 1313, 1520, 1689, 1268, 1289, 1194, 1558, 1074, 1398, 1093, 1099, 1890, 1724, 1111, 1304, 1796, 1557, 1010, 1847, 1804, 1062, 1983, 1486, 1546, 1531, 1742, 1549, 1889, 1659, 1615, 1959, 1791, 1144, 1292, 1036, 1189, 1606, 1680, 1375, 1403, 1533, 1975, 1288, 1570, 1106, 1968, 1316, 1394], "perc_recomm_found": 1.0, "gamma": 0.95, "eta": 0.95, "gamma_obs": 1.0, "gamma_obs_pre": 1.0, "eta_obs": 0.56, "costs": [1.0, 1.0], "lbd": 150.0, "thresh": 0.5, "r_type": "subpopulation", "t_type": "improvement", "eta_obs_individualized": NaN, "eta_obs_refits_batch0_mean": 0.4139999747276306, "model_score": 0.188, "model_f1": 0.9924812030075187, "model_refits_batch0_scores": [0.998, 0.998, 0.998, 0.998, 0.998], "model_refits_batch0_f1s": [0.9979879275653923, 0.9979879275653923, 0.9979879275653923, 0.9979879275653923, 0.9979879275653923], "model_coef": [[-2.3825008588811247, -2.9781260199919783, 3.5658733069994097], [-1.936896338597984]]}