{"accuracy_pre": 0.83, "accuracy_post": 0.75, "recourse_seeking_ixs": [437, 283, 429, 443, 342, 339, 332, 320, 362, 263, 457, 421, 425, 467, 292, 400, 479, 277, 388, 330, 379, 309, 322, 488, 259, 306, 302, 461, 313, 344, 350, 293, 417, 486, 409, 380, 440, 372, 367, 324, 359, 374, 351, 272, 385, 476, 392, 415, 465, 490, 402, 414, 424, 305, 291, 489, 355, 469, 446, 316, 454, 299, 497, 418, 254, 356, 419, 480, 311, 271, 346, 347, 428, 303, 438, 453, 315, 345, 250, 370, 295, 396, 430, 420, 300, 451, 482, 285, 463, 364, 426, 264, 251, 382, 448, 442, 404, 449, 492, 475], "recourse_recommended_ixs": [437, 283, 429, 443, 342, 339, 332, 320, 362, 263, 457, 421, 425, 467, 292, 400, 479, 277, 388, 330, 379, 309, 322, 488, 259, 306, 302, 461, 313, 344, 350, 293, 417, 486, 409, 380, 440, 372, 367, 324, 359, 374, 351, 272, 385, 476, 392, 415, 465, 490, 402, 414, 424, 305, 291, 489, 355, 469, 446, 316, 454, 299, 497, 418, 254, 356, 419, 480, 311, 271, 346, 347, 428, 303, 438, 453, 315, 345, 250, 370, 295, 396, 430, 420, 300, 451, 482, 285, 463, 364, 426, 264, 251, 382, 448, 442, 404, 449, 492, 475], "perc_recomm_found": 1.0, "gamma": 0.75, "eta": 0.75, "gamma_obs": 0.699999988079071, "gamma_obs_pre": 0.17000000178813934, "eta_obs": 0.81, "costs": [1.0, 1.0], "lbd": 100.0, "thresh": 0.5, "r_type": "subpopulation", "t_type": "improvement", "eta_obs_individualized": NaN, "eta_obs_refits_batch0_mean": 0.8140000104904175, "model_score": 0.84, "model_f1": 0.8181818181818181, "model_refits_batch0_scores": [0.832, 0.836, 0.832, 0.824, 0.836], "model_refits_batch0_f1s": [0.8125000000000001, 0.8127853881278538, 0.8235294117647058, 0.7924528301886792, 0.8225108225108225], "model_coef": NaN}