{"accuracy_pre": 0.99, "accuracy_post": 0.94, "recourse_seeking_ixs": [1457, 1443, 1388, 1626, 1093, 1973, 1886, 1170, 1532, 1798, 1603, 1356, 1382, 1805, 1987, 1475, 1504, 1096, 1560, 1841, 1054, 1814, 1303, 1928, 1178, 1182, 1694, 1189, 1253, 1621, 1242, 1786, 1066, 1842, 1858, 1914, 1459, 1915, 1748, 1408, 1076, 1598, 1574, 1308, 1452, 1186, 1631, 1913, 1879, 1536, 1236, 1016, 1781, 1593, 1184, 1787, 1605, 1285, 1410, 1999, 1439, 1778, 1011, 1870, 1950, 1697, 1953, 1751, 1348, 1528, 1935, 1360, 1161, 1575, 1933, 1520, 1773, 1821, 1105, 1485, 1533, 1276, 1446, 1696, 1039, 1149, 1150, 1116, 1238, 1277, 1571, 1418, 1895, 1572, 1961, 1970, 1133, 1225, 1745, 1826], "recourse_recommended_ixs": [1457, 1443, 1388, 1626, 1093, 1973, 1886, 1170, 1532, 1798, 1603, 1356, 1382, 1805, 1987, 1475, 1504, 1096, 1560, 1841, 1054, 1814, 1303, 1928, 1178, 1182, 1694, 1189, 1253, 1621, 1242, 1786, 1066, 1842, 1858, 1914, 1459, 1915, 1748, 1408, 1076, 1598, 1574, 1308, 1452, 1186, 1631, 1913, 1879, 1536, 1236, 1016, 1781, 1593, 1184, 1787, 1605, 1285, 1410, 1999, 1439, 1778, 1011, 1870, 1950, 1697, 1953, 1751, 1348, 1528, 1935, 1360, 1161, 1575, 1933, 1520, 1773, 1821, 1105, 1485, 1533, 1276, 1446, 1696, 1039, 1149, 1150, 1116, 1238, 1277, 1571, 1418, 1895, 1572, 1961, 1970, 1133, 1225, 1745, 1826], "perc_recomm_found": 1.0, "gamma": 0.75, "eta": 0.75, "gamma_obs": 1.0, "gamma_obs_pre": 0.009999999776482582, "eta_obs": 0.94, "costs": [1.0, 1.0, 1.0], "lbd": 150.0, "thresh": 0.5, "r_type": "subpopulation", "t_type": "improvement", "eta_obs_individualized": NaN, "eta_obs_refits_batch0_mean": 0.9439999461174011, "model_score": 0.998, "model_f1": 0.999004975124378, "model_refits_batch0_scores": [0.981, 0.998, 0.993, 0.989, 0.994], "model_refits_batch0_f1s": [0.9806714140386571, 0.99800796812749, 0.992964824120603, 0.9889001009081735, 0.9939759036144578], "model_coef": NaN}