{"accuracy_pre": 0.98, "accuracy_post": 0.95, "recourse_seeking_ixs": [1082, 1435, 1198, 1744, 1281, 1011, 1143, 1740, 1697, 1499, 1816, 1391, 1941, 1329, 1649, 1870, 1502, 1258, 1116, 1594, 1039, 1641, 1464, 1823, 1898, 1789, 1661, 1820, 1414, 1100, 1212, 1030, 1270, 1234, 1189, 1446, 1520, 1990, 1366, 1327, 1387, 1723, 1290, 1667, 1625, 1315, 1664, 1934, 1793, 1924, 1369, 1401, 1267, 1099, 1348, 1618, 1657, 1766, 1953, 1624, 1617, 1504, 1991, 1725, 1855, 1971, 1567, 1942, 1302, 1665, 1629, 1277, 1075, 1376, 1475, 1223, 1830, 1962, 1408, 1711, 1552, 1949, 1002, 1735, 1633, 1184, 1090, 1798, 1203, 1070, 1162, 1067, 1168, 1836, 1388, 1995, 1233, 1404, 1639, 1459], "recourse_recommended_ixs": [1082, 1435, 1198, 1744, 1281, 1011, 1143, 1740, 1697, 1499, 1816, 1391, 1941, 1329, 1649, 1870, 1502, 1258, 1116, 1594, 1039, 1641, 1464, 1823, 1898, 1789, 1661, 1820, 1414, 1100, 1212, 1030, 1270, 1234, 1189, 1446, 1520, 1990, 1366, 1327, 1387, 1723, 1290, 1667, 1625, 1315, 1664, 1934, 1793, 1924, 1369, 1401, 1267, 1099, 1348, 1618, 1657, 1766, 1953, 1624, 1617, 1504, 1991, 1725, 1855, 1971, 1567, 1942, 1302, 1665, 1629, 1277, 1075, 1376, 1475, 1223, 1830, 1962, 1408, 1711, 1552, 1949, 1002, 1735, 1633, 1184, 1090, 1798, 1203, 1070, 1162, 1067, 1168, 1836, 1388, 1995, 1233, 1404, 1639, 1459], "perc_recomm_found": 1.0, "gamma": 0.95, "eta": 0.95, "gamma_obs": 1.0, "gamma_obs_pre": 0.019999999552965164, "eta_obs": 0.95, "costs": [1.0, 1.0, 1.0], "lbd": 150.0, "thresh": 0.5, "r_type": "subpopulation", "t_type": "improvement", "eta_obs_individualized": NaN, "eta_obs_refits_batch0_mean": 0.949999988079071, "model_score": 0.994, "model_f1": 1.0, "model_refits_batch0_scores": [0.999, 0.996, 0.996, 0.996, 0.996], "model_refits_batch0_f1s": [0.9990009990009989, 0.9959919839679359, 0.9959919839679359, 0.9959919839679359, 0.9959919839679359], "model_coef": NaN}