{"accuracy_pre": 0.91, "accuracy_post": 0.35, "recourse_seeking_ixs": [588, 878, 731, 753, 945, 666, 735, 829, 669, 885, 787, 713, 987, 939, 622, 615, 809, 601, 868, 566, 690, 852, 818, 546, 966, 914, 578, 796, 629, 554, 972, 773, 757, 804, 826, 604, 991, 607, 523, 510, 678, 909, 844, 514, 980, 738, 808, 709, 769, 663, 917, 820, 736, 722, 729, 568, 754, 780, 642, 681, 611, 798, 907, 890, 866, 801, 931, 789, 743, 721, 619, 941, 636, 614, 954, 961, 529, 603, 727, 516, 631, 697, 923, 814, 654, 739, 616, 549, 543, 599, 910, 665, 847, 870, 975, 977, 705, 762, 541, 640], "recourse_recommended_ixs": [588, 878, 731, 753, 945, 666, 735, 829, 669, 885, 787, 713, 987, 939, 622, 615, 809, 601, 868, 566, 690, 852, 818, 546, 966, 914, 578, 796, 629, 554, 972, 773, 757, 804, 826, 604, 991, 607, 523, 510, 678, 909, 844, 514, 980, 738, 808, 709, 769, 663, 917, 820, 736, 722, 729, 568, 754, 780, 642, 681, 611, 798, 907, 890, 866, 801, 931, 789, 743, 721, 619, 941, 636, 614, 954, 961, 529, 603, 727, 516, 631, 697, 923, 814, 654, 739, 616, 549, 543, 599, 910, 665, 847, 870, 975, 977, 705, 762, 541, 640], "perc_recomm_found": 1.0, "gamma": 0.95, "eta": 0.95, "gamma_obs": 0.25, "gamma_obs_pre": 0.09000000357627869, "eta_obs": 1.0, "costs": [1.0, 1.0, 1.0], "lbd": 300.0, "thresh": 0.5, "r_type": "subpopulation", "t_type": "acceptance", "eta_obs_individualized": NaN, "eta_obs_refits_batch0_mean": 0.45399999618530273, "model_score": 0.814, "model_f1": 0.8177966101694916, "model_refits_batch0_scores": [0.794, 0.788, 0.784, 0.8, 0.806], "model_refits_batch0_f1s": [0.7632183908045977, 0.7644444444444445, 0.742857142857143, 0.7641509433962264, 0.7820224719101123], "model_coef": NaN}