{"accuracy_pre": 1.0, "accuracy_post": 0.0, "recourse_seeking_ixs": [201, 255, 353, 315, 275, 272, 290, 394, 338, 331, 380, 326, 396, 367, 213, 256, 254, 263, 389, 341, 362, 325, 239, 260, 227, 388, 283, 342, 337, 292, 354, 234, 392, 386, 350, 200, 393, 387, 333, 327, 219, 293, 216, 317, 390, 308, 225, 299, 205, 369], "recourse_recommended_ixs": [201, 255, 353, 315, 275, 272, 290, 394, 338, 331, 380, 326, 396, 367, 213, 256, 254, 263, 389, 341, 362, 325, 239, 260, 227, 388, 283, 342, 337, 292, 354, 234, 392, 386, 350, 200, 393, 387, 333, 327, 219, 293, 216, 317, 390, 308, 225, 299, 205, 369], "perc_recomm_found": 1.0, "gamma": 0.9, "eta": 0.9, "gamma_obs": 0.0, "gamma_obs_pre": 0.0, "eta_obs": 1.0, "costs": [5.0, 5.0, 0.0001, 0.01, 0.1], "lbd": 300.0, "thresh": 0.5, "r_type": "individualized", "t_type": "counterfactual", "eta_obs_individualized": NaN, "eta_obs_refits_batch0_mean": 1.0, "model_score": 1.0, "model_f1": 1.0, "model_refits_batch0_scores": [0.99, 0.985, 0.995, 0.99, 0.995], "model_refits_batch0_f1s": [0.9922480620155039, 0.9883268482490272, 0.9961389961389961, 0.9923076923076923, 0.9961389961389961], "model_coef": [[-0.6741585866818789, 1.1691084567973464, 0.008229735672963746, -0.1565836406360455, 0.5217323163254624], [-7.458784042199183]]}