{"accuracy_pre": 1.0, "accuracy_post": 1.0, "recourse_seeking_ixs": [1464, 1463, 1652, 1170, 1626, 1403, 1736, 1602, 1289, 1204, 1301, 1904, 1543, 1689, 1490, 1456, 1829, 1975, 1567, 1078, 1900, 1299, 1279, 1792, 1839, 1253, 1500, 1761, 1098, 1278, 1578, 1051, 1492, 1776, 1106, 1000, 1512, 1460, 1868, 1006, 1958, 1236, 1889, 1651, 1996, 1934, 1150, 1016, 1114, 1593, 1935, 1654, 1382, 1384, 1502, 1257, 1537, 1244, 1333, 1582, 1189, 1042, 1344, 1306, 1161, 1439, 1002, 1494, 1353, 1945, 1842, 1470, 1993, 1179, 1044, 1479, 1485, 1222, 1933, 1453, 1270, 1422, 1011, 1744, 1267, 1397, 1207, 1686, 1501, 1020, 1246, 1821, 1307, 1738, 1542, 1146, 1219, 1065, 1070, 1612], "recourse_recommended_ixs": [1464, 1463, 1652, 1170, 1626, 1403, 1736, 1602, 1289, 1204, 1301, 1904, 1543, 1689, 1490, 1456, 1829, 1975, 1567, 1078, 1900, 1299, 1279, 1792, 1839, 1253, 1500, 1761, 1098, 1278, 1578, 1051, 1492, 1776, 1106, 1000, 1512, 1460, 1868, 1006, 1958, 1236, 1889, 1651, 1996, 1934, 1150, 1016, 1114, 1593, 1935, 1654, 1382, 1384, 1502, 1257, 1537, 1244, 1333, 1582, 1189, 1042, 1344, 1306, 1161, 1439, 1002, 1494, 1353, 1945, 1842, 1470, 1993, 1179, 1044, 1479, 1485, 1222, 1933, 1453, 1270, 1422, 1011, 1744, 1267, 1397, 1207, 1686, 1501, 1020, 1246, 1821, 1307, 1738, 1542, 1146, 1219, 1065, 1070, 1612], "perc_recomm_found": 1.0, "gamma": 0.95, "eta": 0.95, "gamma_obs": 1.0, "gamma_obs_pre": 0.0, "eta_obs": 1.0, "costs": [1.0, 1.0], "lbd": 150.0, "thresh": 0.5, "r_type": "individualized", "t_type": "improvement", "eta_obs_individualized": 1.0, "eta_obs_refits_batch0_mean": 1.0, "model_score": 0.971, "model_f1": 0.9989304812834224, "model_refits_batch0_scores": [0.999, 0.999, 0.997, 0.996, 0.998], "model_refits_batch0_f1s": [0.9989929506545822, 0.9989929506545822, 0.9969727547931382, 0.995983935742972, 0.9979838709677419], "model_coef": NaN}