{"accuracy_pre": 0.95, "accuracy_post": 0.93, "recourse_seeking_ixs": [963, 552, 734, 864, 563, 683, 822, 721, 527, 504, 560, 623, 841, 912, 635, 775, 999, 500, 558, 751, 634, 812, 761, 853, 829, 541, 662, 595, 715, 964, 882, 945, 899, 835, 808, 941, 737, 897, 948, 900, 838, 663, 646, 960, 893, 770, 886, 637, 614, 837, 537, 733, 501, 710, 624, 896, 811, 606, 954, 993, 913, 578, 754, 697, 880, 849, 865, 553, 743, 818, 760, 978, 746, 703, 859, 616, 890, 726, 551, 659, 684, 764, 526, 939, 649, 756, 904, 771, 513, 575, 668, 806, 831, 781, 927, 717, 950, 678, 502, 959], "recourse_recommended_ixs": [963, 552, 734, 864, 563, 683, 822, 721, 527, 504, 560, 623, 841, 912, 635, 775, 999, 500, 558, 751, 634, 812, 761, 853, 829, 541, 662, 595, 715, 964, 882, 945, 899, 835, 808, 941, 737, 897, 948, 900, 838, 663, 646, 960, 893, 770, 886, 637, 614, 837, 537, 733, 501, 710, 624, 896, 811, 606, 954, 993, 913, 578, 754, 697, 880, 849, 865, 553, 743, 818, 760, 978, 746, 703, 859, 616, 890, 726, 551, 659, 684, 764, 526, 939, 649, 756, 904, 771, 513, 575, 668, 806, 831, 781, 927, 717, 950, 678, 502, 959], "perc_recomm_found": 1.0, "gamma": 0.95, "eta": 0.95, "gamma_obs": 0.9300000071525574, "gamma_obs_pre": 0.05000000074505806, "eta_obs": 1.0, "costs": [1.0, 1.0, 1.0], "lbd": 300.0, "thresh": 0.5, "r_type": "individualized", "t_type": "improvement", "eta_obs_individualized": 1.0, "eta_obs_refits_batch0_mean": 1.0, "model_score": 0.87, "model_f1": 0.8777555110220441, "model_refits_batch0_scores": [0.848, 0.848, 0.854, 0.86, 0.86], "model_refits_batch0_f1s": [0.8560606060606061, 0.8538461538461539, 0.858252427184466, 0.8622047244094487, 0.8653846153846154], "model_coef": [[0.4785356577166362, 0.5453121859304917, 1.0835655347085427], [0.2661836809075705]]}