{"accuracy_pre": 0.94, "accuracy_post": 0.62, "recourse_seeking_ixs": [864, 941, 788, 867, 762, 737, 791, 859, 549, 794, 840, 963, 529, 721, 755, 916, 954, 925, 707, 580, 603, 851, 584, 767, 653, 706, 778, 843, 596, 774, 693, 842, 602, 968, 658, 894, 756, 852, 971, 893, 628, 534, 701, 621, 705, 525, 501, 699, 966, 835, 728, 622, 998, 687, 674, 641, 776, 514, 928, 676, 853, 637, 685, 542, 799, 934, 761, 823, 956, 505, 877, 519, 562, 537, 769, 541, 528, 871, 683, 888, 806, 810, 973, 736, 839, 753, 538, 909, 516, 716, 673, 588, 570, 734, 582, 504, 926, 552, 948, 661], "recourse_recommended_ixs": [864, 941, 788, 867, 762, 737, 791, 859, 549, 794, 840, 963, 529, 721, 755, 916, 954, 925, 707, 580, 603, 851, 584, 767, 653, 706, 778, 843, 596, 774, 693, 842, 602, 968, 658, 894, 756, 852, 971, 893, 628, 534, 701, 621, 705, 525, 501, 699, 966, 835, 728, 622, 998, 687, 674, 641, 776, 514, 928, 676, 853, 637, 685, 542, 799, 934, 761, 823, 956, 505, 877, 519, 562, 537, 769, 541, 528, 871, 683, 888, 806, 810, 973, 736, 839, 753, 538, 909, 516, 716, 673, 588, 570, 734, 582, 504, 926, 552, 948, 661], "perc_recomm_found": 1.0, "gamma": 0.95, "eta": 0.95, "gamma_obs": 0.4300000071525574, "gamma_obs_pre": 0.05999999865889549, "eta_obs": 0.99, "costs": [1.0, 1.0, 1.0], "lbd": 300.0, "thresh": 0.5, "r_type": "subpopulation", "t_type": "acceptance", "eta_obs_individualized": NaN, "eta_obs_refits_batch0_mean": 0.5419999957084656, "model_score": 0.886, "model_f1": 0.8764940239043825, "model_refits_batch0_scores": [0.89, 0.896, 0.876, 0.878, 0.874], "model_refits_batch0_f1s": [0.8842105263157893, 0.8884120171673819, 0.869198312236287, 0.8742268041237113, 0.8711656441717791], "model_coef": NaN}