{"accuracy_pre": 0.82, "accuracy_post": 0.24, "recourse_seeking_ixs": [327, 335, 441, 397, 279, 400, 382, 407, 314, 295, 262, 396, 405, 375, 476, 345, 294, 392, 403, 352, 469, 371, 289, 438, 423, 487, 433, 338, 393, 466, 300, 251, 307, 298, 340, 268, 439, 390, 389, 317, 489, 493, 263, 306, 367, 484, 272, 250, 372, 406, 412, 497, 301, 462, 399, 347, 474, 473, 436, 366, 316, 299, 408, 318, 290, 256, 336, 269, 429, 329, 288, 292, 333, 381, 415, 326, 453, 444, 472, 435, 258, 348, 253, 254, 445, 303, 320, 499, 404, 384, 486, 409, 277, 457, 357, 428, 271, 430, 420, 291], "recourse_recommended_ixs": [327, 335, 441, 397, 279, 400, 382, 407, 314, 295, 262, 396, 405, 375, 476, 345, 294, 392, 403, 352, 469, 371, 289, 438, 423, 487, 433, 338, 393, 466, 300, 251, 307, 298, 340, 268, 439, 390, 389, 317, 489, 493, 263, 306, 367, 484, 272, 250, 372, 406, 412, 497, 301, 462, 399, 347, 474, 473, 436, 366, 316, 299, 408, 318, 290, 256, 336, 269, 429, 329, 288, 292, 333, 381, 415, 326, 453, 444, 472, 435, 258, 348, 253, 254, 445, 303, 320, 499, 404, 384, 486, 409, 277, 457, 357, 428, 271, 430, 420, 291], "perc_recomm_found": 1.0, "gamma": 0.75, "eta": 0.75, "gamma_obs": 0.23999999463558197, "gamma_obs_pre": 0.18000000715255737, "eta_obs": 1.0, "costs": [1.0, 1.0, 1.0], "lbd": 100.0, "thresh": 0.5, "r_type": "individualized", "t_type": "acceptance", "eta_obs_individualized": NaN, "eta_obs_refits_batch0_mean": 0.6680000424385071, "model_score": 0.84, "model_f1": 0.84375, "model_refits_batch0_scores": [0.836, 0.836, 0.832, 0.832, 0.848], "model_refits_batch0_f1s": [0.8404669260700389, 0.8379446640316205, 0.8319999999999999, 0.8278688524590164, 0.8492063492063492], "model_coef": [[-0.578285178412088, -0.062113255789826904, 1.322774006673148], [-0.6339041667493469]]}