r_type,t_type,x1_mean,x2_mean,x3_mean,causes_mean,non-causes_mean,x1_std,x2_std,x3_std,causes_std,non-causes_std
individualized,acceptance,0.22073789595625026,0.3355662268456243,2.1783985564530544,0.5563041228018746,2.1783985564530544,0.058136535241519884,0.027438160138369413,0.28856703885223267,0.08538954743966981,0.28856703885223267
individualized,counterfactual,0.19424141761298008,0.24475557676359852,2.345783896322747,0.4389969943765786,2.345783896322747,0.14709034286613704,0.06430369909373926,0.23636644172656124,0.1660017827425387,0.23636644172656124
individualized,improvement,1.3879999989569187,1.8853333290616672,,3.273333328018586,0.0,0.18945183553890033,0.20585756138069658,,0.2226596789871669,0.0
subpopulation,acceptance,0.2497398376055365,0.40113821204915284,2.4028780512228245,0.6508780496546893,2.4028780512228245,0.08532696419318041,0.04175285794418619,0.20924782632550298,0.12061011710273319,0.20924782632550298
subpopulation,improvement,1.3553333316047986,1.823999991973241,,3.17933332357804,0.0,0.18199267068375607,0.11830469040806764,,0.1473272906217171,0.0
