{"accuracy_pre": 0.79, "accuracy_post": 0.92, "recourse_seeking_ixs": [587, 583, 754, 926, 617, 968, 670, 769, 645, 815, 954, 811, 693, 592, 837, 906, 671, 839, 690, 649, 844, 857, 537, 549, 809, 877, 891, 840, 561, 975, 531, 603, 984, 651, 658, 792, 925, 869, 805, 977, 766, 974, 553, 756, 675, 814, 878, 722, 730, 911, 665, 979, 599, 704, 803, 929, 922, 614, 683, 712, 579, 646, 856, 622, 843, 955, 602, 995, 961, 543, 552, 851, 988, 870, 679, 950, 750, 514, 920, 751, 513, 818, 559, 848, 775, 506, 551, 510, 547, 793, 936, 912, 717, 942, 886, 577, 838, 689, 580, 565], "recourse_recommended_ixs": [587, 583, 754, 926, 617, 968, 670, 769, 645, 815, 954, 811, 693, 592, 837, 906, 671, 839, 690, 649, 844, 857, 537, 549, 809, 877, 891, 840, 561, 975, 531, 603, 984, 651, 658, 792, 925, 869, 805, 977, 766, 974, 553, 756, 675, 814, 878, 722, 730, 911, 665, 979, 599, 704, 803, 929, 922, 614, 683, 712, 579, 646, 856, 622, 843, 955, 602, 995, 961, 543, 552, 851, 988, 870, 679, 950, 750, 514, 920, 751, 513, 818, 559, 848, 775, 506, 551, 510, 547, 793, 936, 912, 717, 942, 886, 577, 838, 689, 580, 565], "perc_recomm_found": 1.0, "gamma": 0.95, "eta": 0.95, "gamma_obs": 0.9200000166893005, "gamma_obs_pre": 0.20999999344348907, "eta_obs": 1.0, "costs": [1.0, 1.0], "lbd": 300.0, "thresh": 0.5, "r_type": "subpopulation", "t_type": "improvement", "eta_obs_individualized": NaN, "eta_obs_refits_batch0_mean": 0.9979999661445618, "model_score": 0.664, "model_f1": 0.7357723577235772, "model_refits_batch0_scores": [0.824, 0.822, 0.818, 0.804, 0.816], "model_refits_batch0_f1s": [0.8189300411522634, 0.8179959100204499, 0.8115942028985509, 0.7983539094650206, 0.8], "model_coef": [[-0.15516047170550962, 0.3887020845851001, 0.7972309199062461], [-0.34300633791006724]]}