{"accuracy_pre": 1.0, "accuracy_post": 1.0, "recourse_seeking_ixs": [314, 244, 346, 259, 304, 268, 296, 356, 284, 286, 297, 352, 389, 279, 285, 359, 380, 211, 302, 354, 386, 301, 300, 348, 362, 313, 299, 214, 238, 316, 332, 397, 369, 334, 335, 288, 364, 392, 318, 233, 260, 351, 382, 221, 305, 240, 372, 395, 315, 360], "recourse_recommended_ixs": [314, 244, 346, 259, 304, 268, 296, 356, 284, 286, 297, 352, 389, 279, 285, 359, 380, 211, 302, 354, 386, 301, 300, 348, 362, 313, 299, 214, 238, 316, 332, 397, 369, 334, 335, 288, 364, 392, 318, 233, 260, 351, 382, 221, 305, 240, 372, 395, 315, 360], "perc_recomm_found": 1.0, "gamma": 0.95, "eta": 0.95, "gamma_obs": 0.98, "gamma_obs_pre": 0.0, "eta_obs": 0.98, "costs": [5.0, 5.0], "lbd": 300.0, "thresh": 0.5, "r_type": "individualized", "t_type": "improvement", "eta_obs_individualized": 0.98, "eta_obs_refits_batch0_mean": 0.9800000000000001, "model_score": 0.985, "model_f1": 0.988929889298893, "model_refits_batch0_scores": [0.995, 0.97, 0.995, 0.985, 0.98], "model_refits_batch0_f1s": [0.996282527881041, 0.9779411764705882, 0.996282527881041, 0.988929889298893, 0.9851851851851852], "model_coef": [[-0.5930306028896171, 0.8368561266055082, 0.005333506630559723, 0.023932172008233554, 0.9800294583626994], [-12.066944353712943]]}