{"accuracy_pre": 0.92, "accuracy_post": 0.76, "recourse_seeking_ixs": [321, 237, 276, 318, 296, 375, 287, 215, 279, 249, 241, 278, 228, 366, 319, 295, 293, 315, 265, 327, 281, 344, 388, 343, 392, 376, 252, 374, 389, 297, 326, 380, 213, 331, 363, 233, 202, 307, 275, 246, 312, 386, 268, 229, 337, 290, 304, 367, 255, 379], "recourse_recommended_ixs": [321, 237, 276, 318, 296, 375, 287, 215, 279, 249, 241, 278, 228, 366, 319, 295, 293, 315, 265, 327, 281, 344, 388, 343, 392, 376, 252, 374, 389, 297, 326, 380, 213, 331, 363, 233, 202, 307, 275, 246, 312, 386, 268, 229, 337, 290, 304, 367, 255, 379], "perc_recomm_found": 1.0, "gamma": 0.85, "eta": 0.85, "gamma_obs": 0.7599999904632568, "gamma_obs_pre": 0.07999999821186066, "eta_obs": 1.0, "costs": [1.0, 1.0, 1.0], "lbd": 300.0, "thresh": 0.5, "r_type": "individualized", "t_type": "improvement", "eta_obs_individualized": 1.0, "eta_obs_refits_batch0_mean": 0.9399999380111694, "model_score": 0.88, "model_f1": 0.8787878787878788, "model_refits_batch0_scores": [0.86, 0.89, 0.86, 0.87, 0.89], "model_refits_batch0_f1s": [0.8541666666666666, 0.8900000000000001, 0.8526315789473685, 0.865979381443299, 0.8910891089108911], "model_coef": [[0.48356916298123404, 0.673915414008556, 1.2418191204873157], [0.13055598237106933]]}