{"accuracy_pre": 0.85, "accuracy_post": 0.34, "recourse_seeking_ixs": [906, 987, 530, 892, 596, 961, 741, 719, 858, 913, 813, 610, 833, 998, 824, 696, 501, 774, 738, 915, 706, 717, 557, 841, 614, 732, 724, 518, 775, 786, 952, 705, 587, 840, 675, 756, 580, 552, 928, 973, 889, 986, 672, 623, 626, 882, 611, 662, 807, 740, 730, 669, 707, 771, 668, 925, 950, 905, 844, 541, 835, 910, 559, 728, 899, 897, 964, 697, 660, 885, 772, 921, 722, 537, 663, 795, 763, 924, 842, 718, 832, 870, 674, 939, 615, 810, 736, 553, 684, 760, 922, 563, 798, 791, 710, 700, 845, 796, 780, 602], "recourse_recommended_ixs": [906, 987, 530, 892, 596, 961, 741, 719, 858, 913, 813, 610, 833, 998, 824, 696, 501, 774, 738, 915, 706, 717, 557, 841, 614, 732, 724, 518, 775, 786, 952, 705, 587, 840, 675, 756, 580, 552, 928, 973, 889, 986, 672, 623, 626, 882, 611, 662, 807, 740, 730, 669, 707, 771, 668, 925, 950, 905, 844, 541, 835, 910, 559, 728, 899, 897, 964, 697, 660, 885, 772, 921, 722, 537, 663, 795, 763, 924, 842, 718, 832, 870, 674, 939, 615, 810, 736, 553, 684, 760, 922, 563, 798, 791, 710, 700, 845, 796, 780, 602], "perc_recomm_found": 1.0, "gamma": 0.95, "eta": 0.95, "gamma_obs": 0.33000001311302185, "gamma_obs_pre": 0.15000000596046448, "eta_obs": 0.99, "costs": [1.0, 1.0, 1.0], "lbd": 300.0, "thresh": 0.5, "r_type": "subpopulation", "t_type": "acceptance", "eta_obs_individualized": NaN, "eta_obs_refits_batch0_mean": 0.41999998688697815, "model_score": 0.816, "model_f1": 0.832699619771863, "model_refits_batch0_scores": [0.82, 0.828, 0.806, 0.818, 0.836], "model_refits_batch0_f1s": [0.7906976744186047, 0.8045454545454546, 0.7662650602409637, 0.7858823529411765, 0.8217391304347826], "model_coef": NaN}