{"accuracy_pre": 0.8, "accuracy_post": 0.93, "recourse_seeking_ixs": [570, 713, 698, 619, 592, 645, 639, 545, 999, 935, 701, 747, 571, 827, 759, 831, 501, 942, 877, 772, 993, 862, 700, 696, 729, 502, 548, 739, 882, 547, 784, 711, 714, 529, 933, 588, 786, 632, 899, 611, 683, 916, 765, 646, 718, 680, 838, 929, 873, 544, 995, 585, 552, 603, 898, 542, 965, 969, 780, 980, 928, 620, 655, 788, 917, 805, 782, 530, 624, 905, 982, 637, 976, 966, 855, 514, 662, 785, 719, 912, 636, 900, 985, 814, 536, 992, 506, 907, 651, 792, 758, 549, 964, 977, 627, 868, 859, 709, 856, 879], "recourse_recommended_ixs": [570, 713, 698, 619, 592, 645, 639, 545, 999, 935, 701, 747, 571, 827, 759, 831, 501, 942, 877, 772, 993, 862, 700, 696, 729, 502, 548, 739, 882, 547, 784, 711, 714, 529, 933, 588, 786, 632, 899, 611, 683, 916, 765, 646, 718, 680, 838, 929, 873, 544, 995, 585, 552, 603, 898, 542, 965, 969, 780, 980, 928, 620, 655, 788, 917, 805, 782, 530, 624, 905, 982, 637, 976, 966, 855, 514, 662, 785, 719, 912, 636, 900, 985, 814, 536, 992, 506, 907, 651, 792, 758, 549, 964, 977, 627, 868, 859, 709, 856, 879], "perc_recomm_found": 1.0, "gamma": 0.95, "eta": 0.95, "gamma_obs": 0.9300000071525574, "gamma_obs_pre": 0.20000000298023224, "eta_obs": 1.0, "costs": [1.0, 1.0], "lbd": 300.0, "thresh": 0.5, "r_type": "subpopulation", "t_type": "improvement", "eta_obs_individualized": NaN, "eta_obs_refits_batch0_mean": 0.984000027179718, "model_score": 0.78, "model_f1": 0.7963302752293578, "model_refits_batch0_scores": [0.794, 0.79, 0.778, 0.774, 0.806], "model_refits_batch0_f1s": [0.7935871743486975, 0.7789473684210526, 0.7633262260127932, 0.7670103092783506, 0.7931769722814498], "model_coef": NaN}