{"accuracy_pre": 0.76, "accuracy_post": 0.93, "recourse_seeking_ixs": [976, 628, 751, 879, 960, 586, 970, 678, 609, 587, 915, 782, 783, 842, 947, 698, 544, 566, 647, 640, 948, 595, 702, 863, 684, 565, 723, 654, 517, 848, 858, 643, 982, 774, 542, 757, 877, 704, 825, 546, 747, 944, 798, 758, 507, 999, 533, 569, 883, 802, 762, 532, 881, 748, 781, 744, 506, 584, 670, 875, 889, 852, 500, 722, 685, 904, 714, 635, 593, 811, 657, 528, 871, 610, 564, 679, 630, 953, 876, 996, 816, 921, 749, 666, 739, 769, 613, 986, 634, 633, 855, 720, 984, 703, 806, 826, 943, 594, 557, 656], "recourse_recommended_ixs": [976, 628, 751, 879, 960, 586, 970, 678, 609, 587, 915, 782, 783, 842, 947, 698, 544, 566, 647, 640, 948, 595, 702, 863, 684, 565, 723, 654, 517, 848, 858, 643, 982, 774, 542, 757, 877, 704, 825, 546, 747, 944, 798, 758, 507, 999, 533, 569, 883, 802, 762, 532, 881, 748, 781, 744, 506, 584, 670, 875, 889, 852, 500, 722, 685, 904, 714, 635, 593, 811, 657, 528, 871, 610, 564, 679, 630, 953, 876, 996, 816, 921, 749, 666, 739, 769, 613, 986, 634, 633, 855, 720, 984, 703, 806, 826, 943, 594, 557, 656], "perc_recomm_found": 1.0, "gamma": 0.95, "eta": 0.95, "gamma_obs": 0.949999988079071, "gamma_obs_pre": 0.23999999463558197, "eta_obs": 0.98, "costs": [1.0, 1.0], "lbd": 300.0, "thresh": 0.5, "r_type": "individualized", "t_type": "improvement", "eta_obs_individualized": 0.99, "eta_obs_refits_batch0_mean": 0.9899999499320984, "model_score": 0.78, "model_f1": 0.7621052631578947, "model_refits_batch0_scores": [0.794, 0.79, 0.778, 0.774, 0.806], "model_refits_batch0_f1s": [0.7935871743486975, 0.7789473684210526, 0.7633262260127932, 0.7670103092783506, 0.7931769722814498], "model_coef": NaN}