{"accuracy_pre": 0.84, "accuracy_post": 0.96, "recourse_seeking_ixs": [696, 636, 523, 637, 798, 930, 616, 540, 857, 647, 565, 786, 906, 670, 846, 700, 889, 606, 730, 687, 861, 802, 824, 823, 904, 795, 544, 842, 562, 950, 892, 810, 710, 662, 600, 788, 887, 865, 757, 946, 675, 960, 822, 747, 841, 695, 596, 804, 986, 677, 657, 939, 688, 553, 825, 907, 676, 895, 642, 771, 623, 952, 526, 577, 602, 502, 745, 722, 611, 684, 737, 585, 615, 742, 990, 618, 936, 818, 833, 763, 724, 878, 807, 812, 980, 591, 869, 580, 608, 998, 972, 859, 541, 529, 718, 873, 994, 719, 567, 504], "recourse_recommended_ixs": [696, 636, 523, 637, 798, 930, 616, 540, 857, 647, 565, 786, 906, 670, 846, 700, 889, 606, 730, 687, 861, 802, 824, 823, 904, 795, 544, 842, 562, 950, 892, 810, 710, 662, 600, 788, 887, 865, 757, 946, 675, 960, 822, 747, 841, 695, 596, 804, 986, 677, 657, 939, 688, 553, 825, 907, 676, 895, 642, 771, 623, 952, 526, 577, 602, 502, 745, 722, 611, 684, 737, 585, 615, 742, 990, 618, 936, 818, 833, 763, 724, 878, 807, 812, 980, 591, 869, 580, 608, 998, 972, 859, 541, 529, 718, 873, 994, 719, 567, 504], "perc_recomm_found": 1.0, "gamma": 0.95, "eta": 0.95, "gamma_obs": 0.9599999785423279, "gamma_obs_pre": 0.1599999964237213, "eta_obs": 1.0, "costs": [1.0, 1.0], "lbd": 300.0, "thresh": 0.5, "r_type": "individualized", "t_type": "improvement", "eta_obs_individualized": 0.94, "eta_obs_refits_batch0_mean": 1.0, "model_score": 0.816, "model_f1": 0.832699619771863, "model_refits_batch0_scores": [0.82, 0.828, 0.806, 0.818, 0.836], "model_refits_batch0_f1s": [0.7906976744186047, 0.8045454545454546, 0.7662650602409637, 0.7858823529411765, 0.8217391304347826], "model_coef": NaN}