{"accuracy_pre": 0.72, "accuracy_post": 0.4, "recourse_seeking_ixs": [348, 223, 258, 312, 290, 374, 237, 392, 339, 393, 331, 319, 298, 225, 346, 356, 232, 337, 224, 352, 325, 268, 205, 242, 254, 342, 206, 287, 309, 236, 317, 366, 300, 289, 333, 373, 203, 280, 233, 347, 327, 329, 246, 368, 315, 277, 326, 260, 217, 288], "recourse_recommended_ixs": [348, 223, 258, 312, 290, 374, 237, 392, 339, 393, 331, 319, 298, 225, 346, 356, 232, 337, 224, 352, 325, 268, 205, 242, 254, 342, 206, 287, 309, 236, 317, 366, 300, 289, 333, 373, 203, 280, 233, 347, 327, 329, 246, 368, 315, 277, 326, 260, 217, 288], "perc_recomm_found": 1.0, "gamma": 0.85, "eta": 0.85, "gamma_obs": 0.4000000059604645, "gamma_obs_pre": 0.2800000011920929, "eta_obs": 1.0, "costs": [1.0, 1.0, 1.0], "lbd": 300.0, "thresh": 0.5, "r_type": "individualized", "t_type": "acceptance", "eta_obs_individualized": NaN, "eta_obs_refits_batch0_mean": 0.8760000467300415, "model_score": 0.79, "model_f1": 0.798076923076923, "model_refits_batch0_scores": [0.795, 0.79, 0.795, 0.8, 0.815], "model_refits_batch0_f1s": [0.7960199004975125, 0.796116504854369, 0.7960199004975125, 0.8130841121495328, 0.8262910798122066], "model_coef": [[0.6420304191205048, -0.6404150407882445, 1.18575602372667], [-0.6871603866622781]]}