{"accuracy_pre": 0.99, "accuracy_post": 1.0, "recourse_seeking_ixs": [1156, 1132, 1993, 1219, 1256, 1973, 1034, 1459, 1659, 1612, 1111, 1550, 1954, 1394, 1226, 1284, 1606, 1482, 1750, 1881, 1108, 1967, 1882, 1447, 1405, 1106, 1662, 1561, 1193, 1289, 1918, 1666, 1170, 1098, 1128, 1299, 1015, 1484, 1338, 1161, 1005, 1091, 1730, 1889, 1520, 1386, 1900, 1336, 1842, 1014, 1002, 1692, 1859, 1572, 1863, 1449, 1952, 1627, 1902, 1070, 1776, 1931, 1552, 1746, 1590, 1602, 1000, 1079, 1302, 1322, 1229, 1020, 1099, 1057, 1109, 1594, 1131, 1085, 1145, 1369, 1695, 1843, 1524, 1044, 1308, 1303, 1357, 1980, 1630, 1637, 1437, 1998, 1500, 1729, 1423, 1607, 1880, 1541, 1319, 1567], "recourse_recommended_ixs": [1156, 1132, 1993, 1219, 1256, 1973, 1034, 1459, 1659, 1612, 1111, 1550, 1954, 1394, 1226, 1284, 1606, 1482, 1750, 1881, 1108, 1967, 1882, 1447, 1405, 1106, 1662, 1561, 1193, 1289, 1918, 1666, 1170, 1098, 1128, 1299, 1015, 1484, 1338, 1161, 1005, 1091, 1730, 1889, 1520, 1386, 1900, 1336, 1842, 1014, 1002, 1692, 1859, 1572, 1863, 1449, 1952, 1627, 1902, 1070, 1776, 1931, 1552, 1746, 1590, 1602, 1000, 1079, 1302, 1322, 1229, 1020, 1099, 1057, 1109, 1594, 1131, 1085, 1145, 1369, 1695, 1843, 1524, 1044, 1308, 1303, 1357, 1980, 1630, 1637, 1437, 1998, 1500, 1729, 1423, 1607, 1880, 1541, 1319, 1567], "perc_recomm_found": 1.0, "gamma": 0.95, "eta": 0.95, "gamma_obs": 1.0, "gamma_obs_pre": 0.009999999776482582, "eta_obs": 1.0, "costs": [1.0, 1.0, 1.0], "lbd": 150.0, "thresh": 0.5, "r_type": "subpopulation", "t_type": "acceptance", "eta_obs_individualized": NaN, "eta_obs_refits_batch0_mean": 0.9860000610351562, "model_score": 0.971, "model_f1": 0.9989304812834224, "model_refits_batch0_scores": [0.999, 0.999, 0.997, 0.998, 0.998], "model_refits_batch0_f1s": [0.9989929506545822, 0.9989929506545822, 0.9969727547931382, 0.9979879275653923, 0.9979838709677419], "model_coef": NaN}