{"accuracy_pre": 0.94, "accuracy_post": 0.28, "recourse_seeking_ixs": [142, 185, 114, 152, 169, 192, 173, 186, 126, 136, 113, 196, 116, 159, 137, 198, 146, 190, 163, 103, 162, 129, 119, 123, 132, 144, 168, 151, 139, 149, 148, 145, 183, 157, 138, 109, 172, 107, 121, 118, 101, 155, 195, 191, 128, 134, 166, 111, 161, 122], "recourse_recommended_ixs": [142, 185, 114, 152, 169, 192, 173, 186, 126, 136, 113, 196, 116, 159, 137, 198, 146, 190, 163, 103, 162, 129, 119, 123, 132, 144, 168, 151, 139, 149, 148, 145, 183, 157, 138, 109, 172, 107, 121, 118, 101, 155, 195, 191, 128, 134, 166, 111, 161, 122], "perc_recomm_found": 1.0, "gamma": 0.75, "eta": 0.75, "gamma_obs": 0.2800000011920929, "gamma_obs_pre": 0.05999999865889549, "eta_obs": 1.0, "costs": [1.0, 1.0, 1.0], "lbd": 50.0, "thresh": 0.5, "r_type": "individualized", "t_type": "counterfactual", "eta_obs_individualized": NaN, "eta_obs_refits_batch0_mean": 0.843999981880188, "model_score": 0.85, "model_f1": 0.8674698795180724, "model_refits_batch0_scores": [0.76, 0.74, 0.72, 0.77, 0.78], "model_refits_batch0_f1s": [0.7777777777777777, 0.7719298245614036, 0.75, 0.7722772277227722, 0.7708333333333333], "model_coef": [[0.40369860139718966, 0.10964738981360939, 1.098398996722711], [-0.311438634657002]]}