{"accuracy_pre": 0.99, "accuracy_post": 1.0, "recourse_seeking_ixs": [1976, 1816, 1738, 1607, 1953, 1888, 1533, 1539, 1658, 1677, 1657, 1186, 1431, 1356, 1433, 1977, 1076, 1011, 1159, 1898, 1447, 1221, 1314, 1575, 1807, 1830, 1766, 1552, 1771, 1383, 1841, 1784, 1694, 1303, 1574, 1831, 1769, 1928, 1057, 1519, 1199, 1347, 1102, 1177, 1028, 1751, 1801, 1627, 1655, 1096, 1899, 1503, 1213, 1009, 1206, 1118, 1797, 1973, 1650, 1605, 1664, 1611, 1565, 1748, 1306, 1237, 1911, 1462, 1971, 1459, 1201, 1044, 1363, 1346, 1996, 1585, 1835, 1075, 1184, 1457, 1528, 1116, 1397, 1734, 1978, 1690, 1178, 1610, 1707, 1725, 1940, 1412, 1133, 1313, 1293, 1460, 1327, 1683, 1269, 1146], "recourse_recommended_ixs": [1976, 1816, 1738, 1607, 1953, 1888, 1533, 1539, 1658, 1677, 1657, 1186, 1431, 1356, 1433, 1977, 1076, 1011, 1159, 1898, 1447, 1221, 1314, 1575, 1807, 1830, 1766, 1552, 1771, 1383, 1841, 1784, 1694, 1303, 1574, 1831, 1769, 1928, 1057, 1519, 1199, 1347, 1102, 1177, 1028, 1751, 1801, 1627, 1655, 1096, 1899, 1503, 1213, 1009, 1206, 1118, 1797, 1973, 1650, 1605, 1664, 1611, 1565, 1748, 1306, 1237, 1911, 1462, 1971, 1459, 1201, 1044, 1363, 1346, 1996, 1585, 1835, 1075, 1184, 1457, 1528, 1116, 1397, 1734, 1978, 1690, 1178, 1610, 1707, 1725, 1940, 1412, 1133, 1313, 1293, 1460, 1327, 1683, 1269, 1146], "perc_recomm_found": 1.0, "gamma": 0.95, "eta": 0.95, "gamma_obs": 1.0, "gamma_obs_pre": 0.009999999776482582, "eta_obs": 1.0, "costs": [1.0, 1.0], "lbd": 150.0, "thresh": 0.5, "r_type": "individualized", "t_type": "improvement", "eta_obs_individualized": 1.0, "eta_obs_refits_batch0_mean": 0.9940000772476196, "model_score": 0.991, "model_f1": 1.0, "model_refits_batch0_scores": [0.997, 0.994, 0.996, 0.994, 0.996], "model_refits_batch0_f1s": [0.9970089730807578, 0.9939999999999999, 0.9960079840319361, 0.9939999999999999, 0.9960079840319361], "model_coef": NaN}