{"accuracy_pre": 0.84, "accuracy_post": 0.24, "recourse_seeking_ixs": [831, 957, 643, 765, 615, 560, 817, 614, 918, 656, 523, 800, 547, 794, 933, 737, 991, 680, 685, 921, 697, 550, 604, 908, 962, 789, 529, 625, 712, 926, 743, 860, 692, 909, 602, 603, 759, 658, 661, 969, 700, 799, 691, 834, 874, 555, 597, 906, 553, 659, 720, 733, 586, 970, 790, 894, 775, 895, 609, 757, 716, 552, 853, 747, 851, 618, 503, 889, 813, 584, 508, 975, 786, 867, 525, 914, 635, 901, 723, 947, 606, 505, 721, 699, 865, 749, 538, 600, 578, 928, 864, 668, 654, 701, 512, 517, 879, 669, 774, 852], "recourse_recommended_ixs": [831, 957, 643, 765, 615, 560, 817, 614, 918, 656, 523, 800, 547, 794, 933, 737, 991, 680, 685, 921, 697, 550, 604, 908, 962, 789, 529, 625, 712, 926, 743, 860, 692, 909, 602, 603, 759, 658, 661, 969, 700, 799, 691, 834, 874, 555, 597, 906, 553, 659, 720, 733, 586, 970, 790, 894, 775, 895, 609, 757, 716, 552, 853, 747, 851, 618, 503, 889, 813, 584, 508, 975, 786, 867, 525, 914, 635, 901, 723, 947, 606, 505, 721, 699, 865, 749, 538, 600, 578, 928, 864, 668, 654, 701, 512, 517, 879, 669, 774, 852], "perc_recomm_found": 1.0, "gamma": 0.95, "eta": 0.95, "gamma_obs": 0.20000000298023224, "gamma_obs_pre": 0.1599999964237213, "eta_obs": 0.92, "costs": [1.0, 1.0, 1.0], "lbd": 300.0, "thresh": 0.5, "r_type": "individualized", "t_type": "counterfactual", "eta_obs_individualized": NaN, "eta_obs_refits_batch0_mean": 0.5300000309944153, "model_score": 0.866, "model_f1": 0.858252427184466, "model_refits_batch0_scores": [0.806, 0.824, 0.796, 0.794, 0.808], "model_refits_batch0_f1s": [0.8166351606805293, 0.8370370370370369, 0.80078125, 0.8074766355140186, 0.8146718146718146], "model_coef": NaN}