{"accuracy_pre": 0.88, "accuracy_post": 0.38, "recourse_seeking_ixs": [315, 292, 242, 371, 303, 343, 299, 245, 216, 376, 365, 378, 366, 324, 363, 248, 200, 228, 252, 397, 249, 379, 340, 209, 367, 390, 322, 212, 275, 218, 237, 250, 385, 317, 271, 383, 294, 217, 384, 341, 300, 335, 389, 211, 280, 261, 230, 347, 238, 318], "recourse_recommended_ixs": [315, 292, 242, 371, 303, 343, 299, 245, 216, 376, 365, 378, 366, 324, 363, 248, 200, 228, 252, 397, 249, 379, 340, 209, 367, 390, 322, 212, 275, 218, 237, 250, 385, 317, 271, 383, 294, 217, 384, 341, 300, 335, 389, 211, 280, 261, 230, 347, 238, 318], "perc_recomm_found": 1.0, "gamma": 0.95, "eta": 0.95, "gamma_obs": 0.3199999928474426, "gamma_obs_pre": 0.11999999731779099, "eta_obs": 0.9, "costs": [1.0, 1.0, 1.0], "lbd": 300.0, "thresh": 0.5, "r_type": "individualized", "t_type": "counterfactual", "eta_obs_individualized": NaN, "eta_obs_refits_batch0_mean": 0.8840000033378601, "model_score": 0.82, "model_f1": 0.8200000000000001, "model_refits_batch0_scores": [0.825, 0.85, 0.835, 0.84, 0.83], "model_refits_batch0_f1s": [0.8241206030150753, 0.8421052631578947, 0.8290155440414508, 0.8400000000000001, 0.8282828282828283], "model_coef": [[2.3360595675138884, 2.166813407465765, -0.950960166062375], [0.6618900531062429]]}