r_type,t_type,eta_mean,gamma_mean,perc_recomm_found_mean,eta_obs_mean,eta_obs_individualized_mean,eta_obs_refits_batch0_mean_mean,gamma_obs_mean,intv-cost_mean,eta_std,gamma_std,perc_recomm_found_std,eta_obs_std,eta_obs_individualized_std,eta_obs_refits_batch0_mean_std,gamma_obs_std,intv-cost_std
individualized,acceptance,0.75,0.75,1.0,1.0,,0.7553333242734274,0.996666669845581,4.265000000000001,0.0,0.0,0.0,0.0,,0.08893442311508498,0.005773497185855025,0.6525036398365915
individualized,counterfactual,0.75,0.75,1.0,0.9966666666666667,,0.7280000249544779,0.996666669845581,4.921666666666666,0.0,0.0,0.0,0.005773502691896262,,0.09406386188524025,0.005773497185855025,0.7607616797219305
individualized,improvement,0.75,0.75,1.0,0.9933333333333333,1.0,0.9933332999547323,1.0,3.91,0.0,0.0,0.0,0.005773502691896262,0.0,0.005773531598612731,0.0,0.6280859813751624
subpopulation,acceptance,0.75,0.75,1.0,0.9233333333333333,,0.7126666704813639,0.9933333396911621,4.899,0.0,0.0,0.0,0.01527525231651942,,0.07414400851076718,0.01154699437171005,0.15697770542341447
subpopulation,improvement,0.75,0.75,1.0,0.8533333333333334,,0.8546666502952576,1.0,3.924666666666667,0.0,0.0,0.0,0.04163331998932269,,0.04387861882108978,0.0,0.5968629099997201
