{"accuracy_pre": 0.82, "accuracy_post": 0.28, "recourse_seeking_ixs": [462, 469, 446, 475, 436, 287, 494, 423, 425, 331, 399, 268, 487, 430, 481, 460, 452, 302, 360, 474, 411, 470, 290, 497, 390, 384, 349, 444, 486, 333, 381, 414, 316, 442, 459, 484, 429, 250, 336, 480, 256, 372, 458, 320, 362, 356, 392, 307, 358, 457, 369, 285, 345, 344, 366, 395, 433, 397, 483, 437, 422, 402, 371, 347, 343, 299, 385, 325, 254, 456, 464, 301, 276, 354, 283, 391, 428, 440, 438, 332, 261, 380, 450, 396, 398, 435, 324, 413, 421, 368, 318, 251, 269, 472, 296, 348, 277, 297, 491, 461], "recourse_recommended_ixs": [462, 469, 446, 475, 436, 287, 494, 423, 425, 331, 399, 268, 487, 430, 481, 460, 452, 302, 360, 474, 411, 470, 290, 497, 390, 384, 349, 444, 486, 333, 381, 414, 316, 442, 459, 484, 429, 250, 336, 480, 256, 372, 458, 320, 362, 356, 392, 307, 358, 457, 369, 285, 345, 344, 366, 395, 433, 397, 483, 437, 422, 402, 371, 347, 343, 299, 385, 325, 254, 456, 464, 301, 276, 354, 283, 391, 428, 440, 438, 332, 261, 380, 450, 396, 398, 435, 324, 413, 421, 368, 318, 251, 269, 472, 296, 348, 277, 297, 491, 461], "perc_recomm_found": 1.0, "gamma": 0.75, "eta": 0.75, "gamma_obs": 0.2800000011920929, "gamma_obs_pre": 0.18000000715255737, "eta_obs": 1.0, "costs": [1.0, 1.0, 1.0], "lbd": 100.0, "thresh": 0.5, "r_type": "subpopulation", "t_type": "acceptance", "eta_obs_individualized": NaN, "eta_obs_refits_batch0_mean": 0.7419999837875366, "model_score": 0.844, "model_f1": 0.8602150537634409, "model_refits_batch0_scores": [0.82, 0.836, 0.82, 0.832, 0.808], "model_refits_batch0_f1s": [0.8314606741573034, 0.859106529209622, 0.8314606741573034, 0.8521126760563381, 0.8195488721804511], "model_coef": [[0.3649762780376191, -0.16135842680610266, 1.1404697713857248], [-0.3137067525883348]]}