{"accuracy_pre": 0.85, "accuracy_post": 0.53, "recourse_seeking_ixs": [877, 533, 812, 567, 784, 501, 868, 930, 606, 946, 664, 870, 943, 869, 655, 544, 780, 528, 623, 931, 600, 857, 564, 515, 500, 651, 696, 549, 845, 572, 822, 685, 779, 828, 952, 547, 807, 858, 732, 849, 722, 699, 919, 861, 638, 926, 893, 697, 551, 715, 757, 514, 840, 695, 979, 659, 752, 936, 804, 899, 918, 942, 797, 922, 776, 610, 711, 985, 646, 576, 790, 683, 678, 566, 772, 562, 820, 924, 941, 569, 605, 668, 574, 983, 604, 871, 713, 504, 620, 830, 731, 532, 756, 583, 633, 523, 701, 726, 847, 852], "recourse_recommended_ixs": [877, 533, 812, 567, 784, 501, 868, 930, 606, 946, 664, 870, 943, 869, 655, 544, 780, 528, 623, 931, 600, 857, 564, 515, 500, 651, 696, 549, 845, 572, 822, 685, 779, 828, 952, 547, 807, 858, 732, 849, 722, 699, 919, 861, 638, 926, 893, 697, 551, 715, 757, 514, 840, 695, 979, 659, 752, 936, 804, 899, 918, 942, 797, 922, 776, 610, 711, 985, 646, 576, 790, 683, 678, 566, 772, 562, 820, 924, 941, 569, 605, 668, 574, 983, 604, 871, 713, 504, 620, 830, 731, 532, 756, 583, 633, 523, 701, 726, 847, 852], "perc_recomm_found": 1.0, "gamma": 0.75, "eta": 0.75, "gamma_obs": 0.1899999976158142, "gamma_obs_pre": 0.15000000596046448, "eta_obs": 0.96, "costs": [1.0, 1.0, 1.0], "lbd": 300.0, "thresh": 0.5, "r_type": "individualized", "t_type": "counterfactual", "eta_obs_individualized": NaN, "eta_obs_refits_batch0_mean": 0.28999999165534973, "model_score": 0.838, "model_f1": 0.8625792811839323, "model_refits_batch0_scores": [0.83, 0.822, 0.816, 0.824, 0.822], "model_refits_batch0_f1s": [0.8268839103869655, 0.8118393234672305, 0.7973568281938326, 0.8095238095238094, 0.8086021505376344], "model_coef": NaN}