{"accuracy_pre": 0.94, "accuracy_post": 0.8, "recourse_seeking_ixs": [230, 326, 321, 260, 249, 279, 214, 269, 290, 318, 283, 301, 350, 264, 294, 256, 330, 391, 393, 371, 202, 293, 329, 322, 338, 389, 343, 368, 242, 233, 217, 381, 331, 262, 206, 335, 373, 288, 383, 358, 382, 392, 228, 315, 345, 237, 243, 266, 201, 359], "recourse_recommended_ixs": [230, 326, 321, 260, 249, 279, 214, 269, 290, 318, 283, 301, 350, 264, 294, 256, 330, 391, 393, 371, 202, 293, 329, 322, 338, 389, 343, 368, 242, 233, 217, 381, 331, 262, 206, 335, 373, 288, 383, 358, 382, 392, 228, 315, 345, 237, 243, 266, 201, 359], "perc_recomm_found": 1.0, "gamma": 0.85, "eta": 0.85, "gamma_obs": 0.800000011920929, "gamma_obs_pre": 0.05999999865889549, "eta_obs": 0.96, "costs": [1.0, 1.0, 1.0], "lbd": 300.0, "thresh": 0.5, "r_type": "subpopulation", "t_type": "improvement", "eta_obs_individualized": NaN, "eta_obs_refits_batch0_mean": 0.843999981880188, "model_score": 0.89, "model_f1": 0.8804347826086957, "model_refits_batch0_scores": [0.895, 0.87, 0.885, 0.895, 0.9], "model_refits_batch0_f1s": [0.8888888888888888, 0.8522727272727272, 0.8795811518324608, 0.8771929824561404, 0.8876404494382023], "model_coef": [[0.30272364211163727, 1.1932620295146266, 1.324748135898973], [-0.25230761405238317]]}