{"accuracy_pre": 0.76, "accuracy_post": 0.3, "recourse_seeking_ixs": [204, 242, 390, 224, 388, 348, 347, 240, 350, 346, 256, 328, 212, 352, 267, 397, 382, 325, 201, 314, 293, 208, 215, 360, 302, 313, 265, 226, 376, 339, 362, 278, 257, 233, 345, 289, 359, 209, 237, 370, 317, 234, 321, 372, 333, 274, 235, 220, 211, 363], "recourse_recommended_ixs": [204, 242, 390, 224, 388, 348, 347, 240, 350, 346, 256, 328, 212, 352, 267, 397, 382, 325, 201, 314, 293, 208, 215, 360, 302, 313, 265, 226, 376, 339, 362, 278, 257, 233, 345, 289, 359, 209, 237, 370, 317, 234, 321, 372, 333, 274, 235, 220, 211, 363], "perc_recomm_found": 1.0, "gamma": 0.85, "eta": 0.85, "gamma_obs": 0.30000001192092896, "gamma_obs_pre": 0.23999999463558197, "eta_obs": 1.0, "costs": [1.0, 1.0, 1.0], "lbd": 300.0, "thresh": 0.5, "r_type": "subpopulation", "t_type": "acceptance", "eta_obs_individualized": NaN, "eta_obs_refits_batch0_mean": 0.7279999852180481, "model_score": 0.815, "model_f1": 0.827906976744186, "model_refits_batch0_scores": [0.845, 0.815, 0.825, 0.81, 0.84], "model_refits_batch0_f1s": [0.8646288209606988, 0.827906976744186, 0.8372093023255814, 0.820754716981132, 0.8608695652173912], "model_coef": [[0.0892843387739253, 0.17933814221519087, 0.8723300412911987], [-0.5136139243909458]]}