{"accuracy_pre": 0.89, "accuracy_post": 0.43, "recourse_seeking_ixs": [605, 862, 881, 501, 549, 526, 729, 702, 633, 941, 564, 946, 985, 783, 861, 664, 722, 500, 947, 994, 645, 778, 668, 572, 686, 775, 532, 757, 546, 784, 886, 732, 567, 975, 688, 789, 708, 822, 935, 701, 826, 617, 850, 514, 685, 894, 943, 933, 611, 759, 681, 936, 539, 707, 923, 750, 871, 551, 795, 821, 515, 959, 660, 944, 663, 566, 747, 563, 820, 928, 569, 610, 838, 574, 725, 609, 801, 504, 628, 723, 854, 530, 858, 586, 642, 523, 690, 737, 857, 711, 982, 915, 534, 544, 623, 919, 922, 513, 739, 677], "recourse_recommended_ixs": [605, 862, 881, 501, 549, 526, 729, 702, 633, 941, 564, 946, 985, 783, 861, 664, 722, 500, 947, 994, 645, 778, 668, 572, 686, 775, 532, 757, 546, 784, 886, 732, 567, 975, 688, 789, 708, 822, 935, 701, 826, 617, 850, 514, 685, 894, 943, 933, 611, 759, 681, 936, 539, 707, 923, 750, 871, 551, 795, 821, 515, 959, 660, 944, 663, 566, 747, 563, 820, 928, 569, 610, 838, 574, 725, 609, 801, 504, 628, 723, 854, 530, 858, 586, 642, 523, 690, 737, 857, 711, 982, 915, 534, 544, 623, 919, 922, 513, 739, 677], "perc_recomm_found": 1.0, "gamma": 0.95, "eta": 0.95, "gamma_obs": 0.4300000071525574, "gamma_obs_pre": 0.10999999940395355, "eta_obs": 1.0, "costs": [1.0, 1.0, 1.0], "lbd": 300.0, "thresh": 0.5, "r_type": "individualized", "t_type": "counterfactual", "eta_obs_individualized": NaN, "eta_obs_refits_batch0_mean": 0.6360000371932983, "model_score": 0.874, "model_f1": 0.8716904276985743, "model_refits_batch0_scores": [0.886, 0.89, 0.88, 0.874, 0.872], "model_refits_batch0_f1s": [0.8784648187633263, 0.8861283643892339, 0.8728813559322034, 0.8684759916492694, 0.8688524590163934], "model_coef": [[0.594492694325962, 0.33108333829437153, 1.4018161030511183], [-0.1258241311860166]]}