{"accuracy_pre": 1.0, "accuracy_post": 1.0, "recourse_seeking_ixs": [1253, 1523, 1696, 1983, 1470, 1977, 1026, 1572, 1807, 1934, 1707, 1081, 1177, 1457, 1223, 1346, 1563, 1133, 1805, 1650, 1900, 1519, 1313, 1677, 1254, 1360, 1594, 1651, 1443, 1281, 1941, 1922, 1645, 1111, 1915, 1633, 1331, 1060, 1504, 1879, 1607, 1352, 1016, 1386, 1665, 1991, 1841, 1310, 1870, 1723, 1168, 1077, 1674, 1711, 1293, 1557, 1118, 1362, 1320, 1625, 1376, 1588, 1030, 1364, 1295, 1344, 1606, 1533, 1598, 1683, 1961, 1440, 1940, 1769, 1797, 1840, 1989, 1291, 1995, 1561, 1435, 1075, 1569, 1697, 1567, 1370, 1503, 1464, 1257, 1189, 1369, 1898, 1231, 1084, 1632, 1398, 1289, 1529, 1431, 1258], "recourse_recommended_ixs": [1253, 1523, 1696, 1983, 1470, 1977, 1026, 1572, 1807, 1934, 1707, 1081, 1177, 1457, 1223, 1346, 1563, 1133, 1805, 1650, 1900, 1519, 1313, 1677, 1254, 1360, 1594, 1651, 1443, 1281, 1941, 1922, 1645, 1111, 1915, 1633, 1331, 1060, 1504, 1879, 1607, 1352, 1016, 1386, 1665, 1991, 1841, 1310, 1870, 1723, 1168, 1077, 1674, 1711, 1293, 1557, 1118, 1362, 1320, 1625, 1376, 1588, 1030, 1364, 1295, 1344, 1606, 1533, 1598, 1683, 1961, 1440, 1940, 1769, 1797, 1840, 1989, 1291, 1995, 1561, 1435, 1075, 1569, 1697, 1567, 1370, 1503, 1464, 1257, 1189, 1369, 1898, 1231, 1084, 1632, 1398, 1289, 1529, 1431, 1258], "perc_recomm_found": 1.0, "gamma": 0.95, "eta": 0.95, "gamma_obs": 1.0, "gamma_obs_pre": 0.0, "eta_obs": 1.0, "costs": [1.0, 1.0], "lbd": 150.0, "thresh": 0.5, "r_type": "subpopulation", "t_type": "improvement", "eta_obs_individualized": NaN, "eta_obs_refits_batch0_mean": 0.9760000109672546, "model_score": 0.885, "model_f1": 1.0, "model_refits_batch0_scores": [0.997, 0.994, 0.996, 0.994, 0.996], "model_refits_batch0_f1s": [0.9970089730807578, 0.9939999999999999, 0.9960079840319361, 0.9939999999999999, 0.9960079840319361], "model_coef": NaN}