{"accuracy_pre": 0.99, "accuracy_post": 0.88, "recourse_seeking_ixs": [1627, 1687, 1291, 1873, 1924, 1655, 1495, 1464, 1938, 1773, 1685, 1469, 1197, 1366, 1977, 1100, 1529, 1077, 1386, 1926, 1859, 1840, 1562, 1900, 1344, 1650, 1914, 1652, 1949, 1953, 1639, 1214, 1831, 1532, 1971, 1680, 1617, 1398, 1503, 1994, 1561, 1992, 1253, 1331, 1761, 1097, 1567, 1633, 1961, 1028, 1276, 1660, 1093, 1569, 1677, 1537, 1651, 1431, 1769, 1587, 1757, 1923, 1026, 1133, 1661, 1931, 1438, 1708, 1201, 1940, 1414, 1952, 1044, 1189, 1836, 1070, 1942, 1102, 1707, 1533, 1427, 1388, 1576, 1178, 1131, 1258, 1539, 1736, 1166, 1379, 1568, 1447, 1033, 1883, 1619, 1383, 1146, 1798, 1076, 1899], "recourse_recommended_ixs": [1627, 1687, 1291, 1873, 1924, 1655, 1495, 1464, 1938, 1773, 1685, 1469, 1197, 1366, 1977, 1100, 1529, 1077, 1386, 1926, 1859, 1840, 1562, 1900, 1344, 1650, 1914, 1652, 1949, 1953, 1639, 1214, 1831, 1532, 1971, 1680, 1617, 1398, 1503, 1994, 1561, 1992, 1253, 1331, 1761, 1097, 1567, 1633, 1961, 1028, 1276, 1660, 1093, 1569, 1677, 1537, 1651, 1431, 1769, 1587, 1757, 1923, 1026, 1133, 1661, 1931, 1438, 1708, 1201, 1940, 1414, 1952, 1044, 1189, 1836, 1070, 1942, 1102, 1707, 1533, 1427, 1388, 1576, 1178, 1131, 1258, 1539, 1736, 1166, 1379, 1568, 1447, 1033, 1883, 1619, 1383, 1146, 1798, 1076, 1899], "perc_recomm_found": 1.0, "gamma": 0.95, "eta": 0.95, "gamma_obs": 1.0, "gamma_obs_pre": 0.009999999776482582, "eta_obs": 0.88, "costs": [1.0, 1.0], "lbd": 150.0, "thresh": 0.5, "r_type": "subpopulation", "t_type": "improvement", "eta_obs_individualized": NaN, "eta_obs_refits_batch0_mean": 0.8539999723434448, "model_score": 0.807, "model_f1": 0.9970443349753695, "model_refits_batch0_scores": [0.998, 0.998, 0.998, 0.998, 0.998], "model_refits_batch0_f1s": [0.99800796812749, 0.99800796812749, 0.99800796812749, 0.99800796812749, 0.99800796812749], "model_coef": [[-1.4772435662888521, -1.846554638080656, 3.532578813399066], [-1.7375217910702037]]}