{"accuracy_pre": 0.0, "accuracy_post": 0.64, "recourse_seeking_ixs": [1248, 1723, 1911, 1626, 1914, 1315, 1088, 1985, 1452, 1568, 1198, 1574, 1987, 1459, 1842, 1646, 1045, 1096, 1761, 1281, 1306, 1746, 1962, 1806, 1648, 1659, 1576, 1655, 1214, 1503, 1312, 1564, 1066, 1128, 1362, 1839, 1467, 1011, 1517, 1994, 1013, 1725, 1769, 1819, 1476, 1071, 1100, 1284, 1929, 1213, 1347, 1805, 1245, 1317, 1028, 1310, 1404, 1485, 1502, 1736, 1161, 1991, 1533, 1794, 1976, 1861, 1853, 1209, 1907, 1969, 1707, 1964, 1781, 1858, 1025, 1539, 1923, 1685, 1130, 1002, 1638, 1953, 1196, 1865, 1859, 1884, 1233, 1447, 1840, 1631, 1757, 1258, 1443, 1717, 1492, 1189, 1641, 1230, 1618, 1743], "recourse_recommended_ixs": [1248, 1723, 1626, 1088, 1985, 1574, 1987, 1842, 1646, 1045, 1096, 1761, 1962, 1576, 1312, 1564, 1066, 1839, 1467, 1011, 1994, 1013, 1725, 1476, 1284, 1929, 1213, 1347, 1805, 1028, 1310, 1404, 1485, 1502, 1736, 1533, 1794, 1976, 1853, 1209, 1969, 1707, 1781, 1858, 1539, 1685, 1130, 1002, 1638, 1953, 1196, 1865, 1859, 1233, 1447, 1840, 1757, 1443, 1717, 1492, 1189, 1641, 1230, 1618], "perc_recomm_found": 0.64, "gamma": 0.95, "eta": 0.95, "gamma_obs": 1.0, "gamma_obs_pre": 1.0, "eta_obs": 1.0, "costs": [1.0, 1.0], "lbd": 150.0, "thresh": 0.5, "r_type": "individualized", "t_type": "improvement", "eta_obs_individualized": 0.921875, "eta_obs_refits_batch0_mean": 1.0, "model_score": 0.006, "model_f1": 0.9980506822612086, "model_refits_batch0_scores": [0.997, 0.994, 0.996, 0.994, 0.996], "model_refits_batch0_f1s": [0.9970089730807578, 0.9939999999999999, 0.9960079840319361, 0.9939999999999999, 0.9960079840319361], "model_coef": NaN}