{"accuracy_pre": 0.75, "accuracy_post": 0.79, "recourse_seeking_ixs": [407, 498, 460, 376, 286, 279, 402, 310, 435, 297, 489, 408, 385, 423, 480, 298, 387, 382, 446, 393, 420, 299, 291, 404, 380, 401, 267, 472, 354, 421, 331, 453, 482, 438, 417, 340, 255, 343, 466, 497, 403, 324, 295, 357, 289, 328, 440, 398, 371, 252, 338, 283, 258, 345, 465, 436, 414, 418, 368, 316, 356, 458, 326, 444, 273, 462, 483, 342, 265, 396, 463, 400, 488, 384, 276, 394, 293, 476, 269, 344, 257, 469, 262, 327, 250, 323, 386, 263, 304, 360, 261, 282, 492, 303, 434, 412, 349, 333, 437, 369], "recourse_recommended_ixs": [407, 498, 460, 376, 286, 279, 402, 310, 435, 297, 489, 408, 385, 423, 480, 298, 387, 382, 446, 393, 420, 299, 291, 404, 380, 401, 267, 472, 354, 421, 331, 453, 482, 438, 417, 340, 255, 343, 466, 497, 403, 324, 295, 357, 289, 328, 440, 398, 371, 252, 338, 283, 258, 345, 465, 436, 414, 418, 368, 316, 356, 458, 326, 444, 273, 462, 483, 342, 265, 396, 463, 400, 488, 384, 276, 394, 293, 476, 269, 344, 257, 469, 262, 327, 250, 323, 386, 263, 304, 360, 261, 282, 492, 303, 434, 412, 349, 333, 437, 369], "perc_recomm_found": 1.0, "gamma": 0.75, "eta": 0.75, "gamma_obs": 0.7699999809265137, "gamma_obs_pre": 0.25, "eta_obs": 0.88, "costs": [1.0, 1.0], "lbd": 100.0, "thresh": 0.5, "r_type": "subpopulation", "t_type": "improvement", "eta_obs_individualized": NaN, "eta_obs_refits_batch0_mean": 0.9020000696182251, "model_score": 0.836, "model_f1": 0.8392156862745097, "model_refits_batch0_scores": [0.852, 0.836, 0.824, 0.812, 0.816], "model_refits_batch0_f1s": [0.8571428571428571, 0.8340080971659919, 0.8294573643410852, 0.8171206225680934, 0.8145161290322581], "model_coef": [[0.18955870160447288, 0.23833094446363892, 0.843726963256624], [-0.586406678566156]]}