{"accuracy_pre": 1.0, "accuracy_post": 0.98, "recourse_seeking_ixs": [1662, 1203, 1995, 1046, 1013, 1778, 1361, 1789, 1227, 1814, 1907, 1906, 1097, 1420, 1941, 1302, 1257, 1978, 1034, 1873, 1340, 1329, 1935, 1826, 1831, 1928, 1871, 1537, 1372, 1408, 1472, 1683, 1633, 1991, 1112, 1397, 1277, 1690, 1681, 1440, 1366, 1770, 1938, 1757, 1146, 1168, 1650, 1746, 1639, 1624, 1990, 1860, 1781, 1801, 1356, 1610, 1503, 1245, 1632, 1655, 1274, 1811, 1087, 1116, 1821, 1312, 1193, 1761, 1002, 1677, 1982, 1103, 1388, 1646, 1186, 1077, 1852, 1370, 1968, 1306, 1631, 1567, 1805, 1276, 1886, 1529, 1102, 1629, 1649, 1224, 1679, 1572, 1426, 1236, 1030, 1012, 1332, 1150, 1293, 1950], "recourse_recommended_ixs": [1662, 1203, 1995, 1046, 1013, 1778, 1361, 1789, 1227, 1814, 1907, 1906, 1097, 1420, 1941, 1302, 1257, 1978, 1034, 1873, 1340, 1329, 1935, 1826, 1831, 1928, 1871, 1537, 1372, 1408, 1472, 1683, 1633, 1991, 1112, 1397, 1277, 1690, 1681, 1440, 1366, 1770, 1938, 1757, 1146, 1168, 1650, 1746, 1639, 1624, 1990, 1860, 1781, 1801, 1356, 1610, 1503, 1245, 1632, 1655, 1274, 1811, 1087, 1116, 1821, 1312, 1193, 1761, 1002, 1677, 1982, 1103, 1388, 1646, 1186, 1077, 1852, 1370, 1968, 1306, 1631, 1567, 1805, 1276, 1886, 1529, 1102, 1629, 1649, 1224, 1679, 1572, 1426, 1236, 1030, 1012, 1332, 1150, 1293, 1950], "perc_recomm_found": 1.0, "gamma": 0.95, "eta": 0.95, "gamma_obs": 1.0, "gamma_obs_pre": 0.0, "eta_obs": 0.98, "costs": [1.0, 1.0, 1.0], "lbd": 150.0, "thresh": 0.5, "r_type": "subpopulation", "t_type": "acceptance", "eta_obs_individualized": NaN, "eta_obs_refits_batch0_mean": 0.5320000052452087, "model_score": 0.958, "model_f1": 0.999004975124378, "model_refits_batch0_scores": [0.981, 0.998, 0.993, 0.989, 0.994], "model_refits_batch0_f1s": [0.9806714140386571, 0.99800796812749, 0.992964824120603, 0.9889001009081735, 0.9939759036144578], "model_coef": NaN}