{"inv": 0.06382978723404255, "val_m2": 0.9361702127659575, "val_m1": 1.0}