{"accuracy_pre": 0.82, "accuracy_post": 0.55, "recourse_seeking_ixs": [847, 674, 844, 553, 543, 679, 571, 925, 869, 691, 998, 756, 805, 942, 671, 838, 839, 977, 717, 955, 815, 594, 552, 599, 551, 924, 622, 783, 855, 799, 995, 814, 565, 780, 936, 886, 939, 646, 693, 704, 577, 649, 911, 929, 837, 739, 561, 749, 961, 588, 817, 722, 658, 750, 537, 506, 864, 675, 670, 764, 560, 651, 645, 935, 690, 662, 908, 811, 648, 580, 766, 602, 973, 857, 686, 795, 769, 620, 809, 893, 851, 718, 579, 984, 950, 848, 879, 623, 974, 751, 712, 926, 912, 818, 792, 922, 754, 906, 920, 549], "recourse_recommended_ixs": [847, 674, 844, 553, 543, 679, 571, 925, 869, 691, 998, 756, 805, 942, 671, 838, 839, 977, 717, 955, 815, 594, 552, 599, 551, 924, 622, 783, 855, 799, 995, 814, 565, 780, 936, 886, 939, 646, 693, 704, 577, 649, 911, 929, 837, 739, 561, 749, 961, 588, 817, 722, 658, 750, 537, 506, 864, 675, 670, 764, 560, 651, 645, 935, 690, 662, 908, 811, 648, 580, 766, 602, 973, 857, 686, 795, 769, 620, 809, 893, 851, 718, 579, 984, 950, 848, 879, 623, 974, 751, 712, 926, 912, 818, 792, 922, 754, 906, 920, 549], "perc_recomm_found": 1.0, "gamma": 0.75, "eta": 0.75, "gamma_obs": 0.38999998569488525, "gamma_obs_pre": 0.18000000715255737, "eta_obs": 0.79, "costs": [1.0, 1.0, 1.0], "lbd": 300.0, "thresh": 0.5, "r_type": "subpopulation", "t_type": "acceptance", "eta_obs_individualized": NaN, "eta_obs_refits_batch0_mean": 0.23600001633167267, "model_score": 0.674, "model_f1": 0.7417475728155339, "model_refits_batch0_scores": [0.824, 0.834, 0.834, 0.808, 0.818], "model_refits_batch0_f1s": [0.817427385892116, 0.8245243128964059, 0.8230277185501067, 0.799163179916318, 0.7945823927765236], "model_coef": NaN}