{"accuracy_pre": 0.9, "accuracy_post": 0.9, "recourse_seeking_ixs": [228, 348, 391, 277, 387, 325, 355, 220, 334, 317, 257, 322, 327, 398, 244, 234, 292, 253, 308, 217, 247, 328, 311, 287, 265, 319, 353, 312, 224, 379, 200, 245, 335, 290, 376, 296, 357, 374, 369, 384, 286, 337, 202, 395, 333, 211, 283, 270, 208, 222], "recourse_recommended_ixs": [228, 348, 391, 277, 387, 325, 355, 220, 334, 317, 257, 322, 327, 398, 244, 234, 292, 253, 308, 217, 247, 328, 311, 287, 265, 319, 353, 312, 224, 379, 200, 245, 335, 290, 376, 296, 357, 374, 369, 384, 286, 337, 202, 395, 333, 211, 283, 270, 208, 222], "perc_recomm_found": 1.0, "gamma": 0.85, "eta": 0.85, "gamma_obs": 0.8999999761581421, "gamma_obs_pre": 0.10000000149011612, "eta_obs": 1.0, "costs": [1.0, 1.0, 1.0], "lbd": 300.0, "thresh": 0.5, "r_type": "individualized", "t_type": "improvement", "eta_obs_individualized": 1.0, "eta_obs_refits_batch0_mean": 0.8719999194145203, "model_score": 0.905, "model_f1": 0.9064039408866995, "model_refits_batch0_scores": [0.9, 0.91, 0.91, 0.905, 0.905], "model_refits_batch0_f1s": [0.9019607843137256, 0.911764705882353, 0.911764705882353, 0.9054726368159205, 0.9073170731707318], "model_coef": [[1.089027674976202, 0.6654537494231874, 1.7076410682394085], [-0.20622991040945868]]}