{"accuracy_pre": 0.18, "accuracy_post": 0.86, "recourse_seeking_ixs": [1287, 1747, 1974, 1482, 1755, 1761, 1736, 1881, 1757, 1637, 1175, 1846, 1855, 1582, 1594, 1365, 1988, 1399, 1360, 1870, 1226, 1977, 1168, 1865, 1490, 1381, 1018, 1070, 1283, 1588, 1069, 1084, 1386, 1209, 1244, 1491, 1958, 1765, 1786, 1911, 1724, 1378, 1276, 1299, 1515, 1821, 1903, 1020, 1943, 1257, 1290, 1521, 1675, 1011, 1233, 1218, 1966, 1478, 1892, 1570, 1995, 1329, 1418, 1524, 1275, 1719, 1859, 1866, 1677, 1100, 1707, 1925, 1595, 1810, 1323, 1669, 1917, 1495, 1147, 1873, 1113, 1296, 1111, 1590, 1626, 1946, 1074, 1234, 1622, 1132, 1888, 1921, 1492, 1167, 1703, 1423, 1451, 1607, 1124, 1450], "recourse_recommended_ixs": [1287, 1747, 1974, 1482, 1755, 1761, 1736, 1881, 1757, 1637, 1175, 1846, 1855, 1582, 1594, 1365, 1988, 1399, 1360, 1870, 1226, 1977, 1168, 1865, 1490, 1381, 1018, 1070, 1283, 1588, 1069, 1084, 1386, 1209, 1244, 1491, 1958, 1765, 1786, 1911, 1724, 1378, 1276, 1299, 1515, 1821, 1903, 1020, 1943, 1257, 1290, 1521, 1675, 1011, 1233, 1218, 1966, 1478, 1892, 1570, 1995, 1329, 1418, 1524, 1275, 1719, 1859, 1866, 1677, 1100, 1707, 1925, 1595, 1810, 1323, 1669, 1917, 1495, 1147, 1873, 1113, 1296, 1111, 1590, 1626, 1946, 1074, 1234, 1622, 1132, 1888, 1921, 1492, 1167, 1703, 1423, 1451, 1607, 1124, 1450], "perc_recomm_found": 1.0, "gamma": 0.75, "eta": 0.75, "gamma_obs": 0.8700000047683716, "gamma_obs_pre": 0.8199999928474426, "eta_obs": 0.99, "costs": [1.0, 1.0, 1.0], "lbd": 150.0, "thresh": 0.5, "r_type": "individualized", "t_type": "counterfactual", "eta_obs_individualized": NaN, "eta_obs_refits_batch0_mean": 0.7300000190734863, "model_score": 0.145, "model_f1": 0.9880715705765408, "model_refits_batch0_scores": [0.998, 0.998, 0.998, 0.998, 0.998], "model_refits_batch0_f1s": [0.9979674796747968, 0.9979674796747968, 0.9979674796747968, 0.9979674796747968, 0.9979674796747968], "model_coef": NaN}