{"accuracy_pre": 0.88, "accuracy_post": 0.72, "recourse_seeking_ixs": [232, 273, 251, 276, 337, 274, 366, 280, 295, 326, 396, 317, 293, 246, 268, 286, 309, 290, 281, 296, 356, 388, 229, 325, 228, 224, 323, 371, 202, 252, 363, 312, 253, 339, 378, 230, 305, 269, 289, 284, 298, 211, 338, 225, 259, 213, 300, 308, 385, 332], "recourse_recommended_ixs": [232, 273, 251, 276, 337, 274, 366, 280, 295, 326, 396, 317, 293, 246, 268, 286, 309, 290, 281, 296, 356, 388, 229, 325, 228, 224, 323, 371, 202, 252, 363, 312, 253, 339, 378, 230, 305, 269, 289, 284, 298, 211, 338, 225, 259, 213, 300, 308, 385, 332], "perc_recomm_found": 1.0, "gamma": 0.75, "eta": 0.75, "gamma_obs": 0.7400000095367432, "gamma_obs_pre": 0.11999999731779099, "eta_obs": 0.98, "costs": [1.0, 1.0, 1.0], "lbd": 300.0, "thresh": 0.5, "r_type": "individualized", "t_type": "improvement", "eta_obs_individualized": 1.0, "eta_obs_refits_batch0_mean": 0.7919999957084656, "model_score": 0.87, "model_f1": 0.8505747126436781, "model_refits_batch0_scores": [0.875, 0.875, 0.87, 0.875, 0.855], "model_refits_batch0_f1s": [0.8538011695906433, 0.8603351955307263, 0.8452380952380953, 0.8538011695906433, 0.8304093567251463], "model_coef": [[0.6189032503937344, 0.8304628547788736, 1.2502856571743606], [-0.2857744472837757]]}