{"inv": 0.9595959595959596, "val_m2": 0.04040404040404041, "val_m1": 0.9090909090909091}