{"accuracy_pre": 0.81, "accuracy_post": 0.3, "recourse_seeking_ixs": [457, 378, 302, 310, 488, 297, 257, 392, 355, 464, 430, 486, 487, 311, 396, 376, 256, 440, 274, 318, 299, 484, 270, 459, 448, 319, 453, 426, 374, 439, 328, 427, 418, 372, 491, 279, 489, 301, 420, 283, 444, 476, 375, 276, 410, 493, 327, 338, 438, 385, 423, 307, 402, 414, 446, 466, 317, 359, 265, 399, 361, 309, 323, 454, 405, 460, 475, 495, 254, 280, 326, 419, 346, 330, 474, 445, 409, 320, 339, 351, 482, 344, 266, 467, 321, 363, 306, 268, 395, 483, 286, 353, 496, 465, 347, 412, 400, 357, 472, 478], "recourse_recommended_ixs": [457, 378, 302, 310, 488, 297, 257, 392, 355, 464, 430, 486, 487, 311, 396, 376, 256, 440, 274, 318, 299, 484, 270, 459, 448, 319, 453, 426, 374, 439, 328, 427, 418, 372, 491, 279, 489, 301, 420, 283, 444, 476, 375, 276, 410, 493, 327, 338, 438, 385, 423, 307, 402, 414, 446, 466, 317, 359, 265, 399, 361, 309, 323, 454, 405, 460, 475, 495, 254, 280, 326, 419, 346, 330, 474, 445, 409, 320, 339, 351, 482, 344, 266, 467, 321, 363, 306, 268, 395, 483, 286, 353, 496, 465, 347, 412, 400, 357, 472, 478], "perc_recomm_found": 1.0, "gamma": 0.75, "eta": 0.75, "gamma_obs": 0.30000001192092896, "gamma_obs_pre": 0.1899999976158142, "eta_obs": 1.0, "costs": [1.0, 1.0, 1.0], "lbd": 100.0, "thresh": 0.5, "r_type": "subpopulation", "t_type": "acceptance", "eta_obs_individualized": NaN, "eta_obs_refits_batch0_mean": 0.6260000467300415, "model_score": 0.82, "model_f1": 0.8051948051948051, "model_refits_batch0_scores": [0.824, 0.828, 0.82, 0.824, 0.824], "model_refits_batch0_f1s": [0.8053097345132744, 0.8122270742358079, 0.8085106382978724, 0.8086956521739128, 0.8053097345132744], "model_coef": NaN}