{"accuracy_pre": 0.85, "accuracy_post": 0.18, "recourse_seeking_ixs": [783, 541, 774, 553, 599, 927, 741, 739, 571, 874, 688, 948, 894, 814, 584, 594, 502, 656, 934, 647, 703, 726, 517, 792, 832, 981, 515, 705, 781, 923, 959, 521, 610, 881, 858, 972, 878, 534, 667, 635, 516, 699, 628, 675, 944, 722, 625, 670, 769, 550, 519, 723, 932, 587, 936, 561, 714, 621, 574, 895, 740, 548, 684, 570, 545, 652, 965, 630, 976, 776, 573, 973, 709, 663, 869, 835, 922, 544, 815, 756, 797, 954, 991, 710, 666, 882, 816, 848, 747, 850, 557, 711, 893, 563, 659, 567, 565, 734, 829, 679], "recourse_recommended_ixs": [783, 541, 774, 553, 599, 927, 741, 739, 571, 874, 688, 948, 894, 814, 584, 594, 502, 656, 934, 647, 703, 726, 517, 792, 832, 981, 515, 705, 781, 923, 959, 521, 610, 881, 858, 972, 878, 534, 667, 635, 516, 699, 628, 675, 944, 722, 625, 670, 769, 550, 519, 723, 932, 587, 936, 561, 714, 621, 574, 895, 740, 548, 684, 570, 545, 652, 965, 630, 976, 776, 573, 973, 709, 663, 869, 835, 922, 544, 815, 756, 797, 954, 991, 710, 666, 882, 816, 848, 747, 850, 557, 711, 893, 563, 659, 567, 565, 734, 829, 679], "perc_recomm_found": 1.0, "gamma": 0.95, "eta": 0.95, "gamma_obs": 0.18000000715255737, "gamma_obs_pre": 0.15000000596046448, "eta_obs": 1.0, "costs": [1.0, 1.0, 1.0], "lbd": 300.0, "thresh": 0.5, "r_type": "individualized", "t_type": "acceptance", "eta_obs_individualized": NaN, "eta_obs_refits_batch0_mean": 0.4039999842643738, "model_score": 0.814, "model_f1": 0.8063872255489022, "model_refits_batch0_scores": [0.822, 0.82, 0.814, 0.828, 0.83], "model_refits_batch0_f1s": [0.8202020202020203, 0.8170731707317074, 0.8128772635814889, 0.822314049586777, 0.8261758691206543], "model_coef": [[0.4193815735163298, -0.17430836989550566, 0.8740051248645054], [-0.5287631658814632]]}