{"accuracy_pre": 0.8, "accuracy_post": 0.4, "recourse_seeking_ixs": [872, 598, 893, 738, 784, 895, 811, 705, 913, 875, 660, 616, 580, 729, 523, 700, 823, 512, 843, 751, 543, 803, 848, 927, 594, 726, 752, 742, 861, 998, 762, 533, 890, 589, 779, 650, 720, 775, 918, 684, 993, 645, 876, 990, 625, 958, 723, 965, 907, 709, 884, 578, 611, 513, 529, 708, 759, 999, 987, 521, 813, 925, 538, 977, 858, 930, 587, 849, 882, 805, 785, 667, 766, 920, 831, 635, 669, 644, 914, 505, 921, 807, 986, 901, 792, 600, 679, 670, 747, 638, 595, 517, 525, 840, 776, 508, 745, 944, 754, 783], "recourse_recommended_ixs": [872, 598, 893, 738, 784, 895, 811, 705, 913, 875, 660, 616, 580, 729, 523, 700, 823, 512, 843, 751, 543, 803, 848, 927, 594, 726, 752, 742, 861, 998, 762, 533, 890, 589, 779, 650, 720, 775, 918, 684, 993, 645, 876, 990, 625, 958, 723, 965, 907, 709, 884, 578, 611, 513, 529, 708, 759, 999, 987, 521, 813, 925, 538, 977, 858, 930, 587, 849, 882, 805, 785, 667, 766, 920, 831, 635, 669, 644, 914, 505, 921, 807, 986, 901, 792, 600, 679, 670, 747, 638, 595, 517, 525, 840, 776, 508, 745, 944, 754, 783], "perc_recomm_found": 1.0, "gamma": 0.75, "eta": 0.75, "gamma_obs": 0.38999998569488525, "gamma_obs_pre": 0.20000000298023224, "eta_obs": 0.95, "costs": [1.0, 1.0, 1.0], "lbd": 300.0, "thresh": 0.5, "r_type": "subpopulation", "t_type": "acceptance", "eta_obs_individualized": NaN, "eta_obs_refits_batch0_mean": 0.4659999907016754, "model_score": 0.666, "model_f1": 0.6796536796536795, "model_refits_batch0_scores": [0.794, 0.79, 0.778, 0.774, 0.806], "model_refits_batch0_f1s": [0.7935871743486975, 0.7789473684210526, 0.7633262260127932, 0.7670103092783506, 0.7931769722814498], "model_coef": NaN}