{"accuracy_pre": 0.99, "accuracy_post": 0.98, "recourse_seeking_ixs": [1244, 1147, 1669, 1222, 1961, 1380, 1311, 1985, 1029, 1955, 1515, 1107, 1757, 1230, 1477, 1453, 1752, 1354, 1164, 1238, 1003, 1839, 1635, 1321, 1059, 1492, 1149, 1381, 1594, 1897, 1523, 1496, 1536, 1966, 1065, 1791, 1117, 1491, 1954, 1995, 1276, 1901, 1011, 1816, 1177, 1175, 1526, 1962, 1731, 1118, 1379, 1981, 1636, 1357, 1810, 1142, 1041, 1215, 1457, 1468, 1299, 1004, 1349, 1936, 1640, 1356, 1172, 1542, 1808, 1490, 1829, 1623, 1369, 1383, 1188, 1152, 1483, 1308, 1982, 1675, 1779, 1155, 1034, 1680, 1980, 1083, 1878, 1494, 1122, 1552, 1759, 1971, 1092, 1958, 1615, 1168, 1811, 1910, 1504, 1463], "recourse_recommended_ixs": [1244, 1147, 1669, 1222, 1961, 1380, 1311, 1985, 1029, 1955, 1515, 1107, 1757, 1230, 1477, 1453, 1752, 1354, 1164, 1238, 1003, 1839, 1635, 1321, 1059, 1492, 1149, 1381, 1594, 1897, 1523, 1496, 1536, 1966, 1065, 1791, 1117, 1491, 1954, 1995, 1276, 1901, 1011, 1816, 1177, 1175, 1526, 1962, 1731, 1118, 1379, 1981, 1636, 1357, 1810, 1142, 1041, 1215, 1457, 1468, 1299, 1004, 1349, 1936, 1640, 1356, 1172, 1542, 1808, 1490, 1829, 1623, 1369, 1383, 1188, 1152, 1483, 1308, 1982, 1675, 1779, 1155, 1034, 1680, 1980, 1083, 1878, 1494, 1122, 1552, 1759, 1971, 1092, 1958, 1168, 1811, 1910, 1504, 1463], "perc_recomm_found": 0.99, "gamma": 0.95, "eta": 0.95, "gamma_obs": 1.0, "gamma_obs_pre": 0.0, "eta_obs": 0.98989898989899, "costs": [1.0, 1.0], "lbd": 150.0, "thresh": 0.5, "r_type": "individualized", "t_type": "improvement", "eta_obs_individualized": 1.0, "eta_obs_refits_batch0_mean": 0.9939393997192383, "model_score": 0.987, "model_f1": 0.9958762886597937, "model_refits_batch0_scores": [0.998, 0.998, 0.995, 0.995, 0.998], "model_refits_batch0_f1s": [0.9979674796747968, 0.9979674796747968, 0.9949031600407746, 0.9949031600407746, 0.9979674796747968], "model_coef": NaN}