{"accuracy_pre": 0.98, "accuracy_post": 0.02, "recourse_seeking_ixs": [399, 279, 248, 378, 234, 340, 345, 361, 383, 343, 283, 218, 385, 311, 228, 203, 208, 344, 325, 220, 239, 327, 274, 329, 258, 284, 264, 223, 225, 299, 333, 289, 310, 249, 355, 243, 241, 227, 232, 366, 362, 335, 370, 278, 259, 304, 356, 297, 348, 221], "recourse_recommended_ixs": [399, 279, 248, 378, 234, 340, 345, 361, 383, 343, 283, 218, 385, 311, 228, 203, 208, 344, 325, 220, 239, 327, 274, 329, 258, 284, 264, 223, 225, 299, 333, 289, 310, 249, 355, 243, 241, 227, 232, 366, 362, 335, 370, 278, 259, 304, 356, 297, 348, 221], "perc_recomm_found": 1.0, "gamma": 0.85, "eta": 0.85, "gamma_obs": 0.02, "gamma_obs_pre": 0.02, "eta_obs": 1.0, "costs": [5.0, 5.0, 0.0001, 0.01, 0.1], "lbd": 300.0, "thresh": 0.5, "r_type": "individualized", "t_type": "acceptance", "eta_obs_individualized": NaN, "eta_obs_refits_batch0_mean": 0.992, "model_score": 0.995, "model_f1": 0.9956709956709957, "model_refits_batch0_scores": [0.985, 0.98, 0.97, 0.98, 0.98], "model_refits_batch0_f1s": [0.9868995633187774, 0.983050847457627, 0.9745762711864409, 0.982905982905983, 0.982905982905983], "model_coef": [[-0.5176517533033055, 0.9265584802375996, 0.009902208607704277, 0.3419470310786441, 0.6737283315699382], [-12.95356554238956]]}