{"accuracy_pre": 0.99, "accuracy_post": 0.5, "recourse_seeking_ixs": [1620, 1195, 1786, 1785, 1923, 1127, 1615, 1844, 1432, 1430, 1308, 1952, 1272, 1963, 1321, 1683, 1276, 1831, 1961, 1426, 1333, 1309, 1014, 1637, 1980, 1946, 1533, 1915, 1291, 1586, 1876, 1354, 1464, 1515, 1211, 1231, 1577, 1782, 1170, 1108, 1230, 1327, 1246, 1395, 1088, 1685, 1431, 1652, 1580, 1335, 1536, 1467, 1476, 1846, 1006, 1821, 1297, 1733, 1566, 1791, 1747, 1510, 1367, 1735, 1009, 1008, 1905, 1257, 1080, 1518, 1218, 1650, 1344, 1996, 1204, 1853, 1708, 1788, 1103, 1379, 1531, 1889, 1483, 1941, 1290, 1872, 1649, 1925, 1862, 1966, 1142, 1622, 1271, 1559, 1059, 1808, 1104, 1422, 1311, 1911], "recourse_recommended_ixs": [1620, 1195, 1786, 1785, 1923, 1127, 1615, 1844, 1432, 1430, 1308, 1952, 1272, 1963, 1321, 1683, 1276, 1831, 1961, 1426, 1333, 1309, 1014, 1637, 1980, 1946, 1533, 1915, 1291, 1586, 1876, 1354, 1464, 1515, 1211, 1231, 1577, 1782, 1170, 1108, 1230, 1327, 1246, 1395, 1088, 1685, 1431, 1652, 1580, 1335, 1536, 1467, 1476, 1846, 1006, 1821, 1297, 1733, 1566, 1791, 1747, 1510, 1367, 1735, 1009, 1008, 1905, 1257, 1080, 1518, 1218, 1650, 1344, 1996, 1204, 1853, 1708, 1788, 1103, 1379, 1531, 1889, 1483, 1941, 1290, 1872, 1649, 1925, 1862, 1966, 1142, 1622, 1271, 1559, 1059, 1808, 1104, 1422, 1311, 1911], "perc_recomm_found": 1.0, "gamma": 0.95, "eta": 0.95, "gamma_obs": 0.5, "gamma_obs_pre": 0.009999999776482582, "eta_obs": 0.99, "costs": [1.0, 1.0, 1.0], "lbd": 150.0, "thresh": 0.5, "r_type": "subpopulation", "t_type": "acceptance", "eta_obs_individualized": NaN, "eta_obs_refits_batch0_mean": 0.8979999423027039, "model_score": 0.885, "model_f1": 0.9968911917098445, "model_refits_batch0_scores": [0.998, 0.998, 0.998, 0.998, 0.998], "model_refits_batch0_f1s": [0.9979674796747968, 0.9979674796747968, 0.9979674796747968, 0.9979674796747968, 0.9979674796747968], "model_coef": NaN}