{"accuracy_pre": 0.77, "accuracy_post": 0.99, "recourse_seeking_ixs": [542, 588, 781, 591, 535, 919, 711, 993, 748, 715, 615, 761, 632, 963, 964, 758, 527, 844, 583, 573, 794, 969, 551, 694, 714, 785, 760, 855, 599, 674, 937, 998, 968, 932, 675, 880, 566, 589, 702, 543, 634, 582, 804, 796, 808, 547, 700, 556, 807, 763, 886, 719, 961, 879, 843, 541, 991, 729, 572, 584, 559, 523, 586, 637, 651, 912, 698, 862, 642, 749, 946, 965, 817, 631, 596, 962, 526, 742, 546, 682, 827, 745, 809, 754, 705, 977, 545, 685, 914, 989, 975, 548, 900, 792, 819, 903, 581, 515, 597, 746], "recourse_recommended_ixs": [542, 588, 781, 591, 535, 919, 711, 993, 748, 715, 615, 761, 632, 963, 964, 758, 527, 844, 583, 573, 794, 969, 551, 694, 714, 785, 760, 855, 599, 674, 937, 998, 968, 932, 675, 880, 566, 589, 702, 543, 634, 582, 804, 796, 808, 547, 700, 556, 807, 763, 886, 719, 961, 879, 843, 541, 991, 729, 572, 584, 559, 523, 586, 637, 651, 912, 698, 862, 642, 749, 946, 965, 817, 631, 596, 962, 526, 742, 546, 682, 827, 745, 809, 754, 705, 977, 545, 685, 914, 989, 975, 548, 900, 792, 819, 903, 581, 515, 597, 746], "perc_recomm_found": 1.0, "gamma": 0.95, "eta": 0.95, "gamma_obs": 0.9900000095367432, "gamma_obs_pre": 0.23000000417232513, "eta_obs": 1.0, "costs": [1.0, 1.0], "lbd": 300.0, "thresh": 0.5, "r_type": "subpopulation", "t_type": "improvement", "eta_obs_individualized": NaN, "eta_obs_refits_batch0_mean": 1.0, "model_score": 0.832, "model_f1": 0.8820116054158608, "model_refits_batch0_scores": [0.83, 0.822, 0.816, 0.824, 0.822], "model_refits_batch0_f1s": [0.8268839103869655, 0.8118393234672305, 0.7973568281938326, 0.8095238095238094, 0.8086021505376344], "model_coef": NaN}