{"accuracy_pre": 1.0, "accuracy_post": 0.98, "recourse_seeking_ixs": [1434, 1306, 1914, 1856, 1033, 1632, 1011, 1431, 1415, 1128, 1899, 1973, 1707, 1891, 1870, 1197, 1629, 1736, 1287, 1214, 1994, 1072, 1680, 1733, 1238, 1696, 1568, 1366, 1398, 1459, 1199, 1681, 1317, 1186, 1397, 1400, 1713, 1030, 1941, 1291, 1057, 1269, 1081, 1621, 1938, 1950, 1821, 1075, 1060, 1639, 1865, 1861, 1383, 1205, 1541, 1819, 1884, 1370, 1245, 1942, 1864, 1285, 1677, 1915, 1658, 1567, 1694, 1855, 1540, 1454, 1888, 1993, 1349, 1099, 1519, 1401, 1316, 1360, 1009, 1166, 1734, 1648, 1605, 1773, 1801, 1174, 1933, 1227, 1276, 1097, 1624, 1928, 1883, 1193, 1040, 1440, 1162, 1606, 1485, 1824], "recourse_recommended_ixs": [1434, 1306, 1914, 1856, 1033, 1632, 1011, 1431, 1415, 1128, 1899, 1973, 1707, 1891, 1870, 1197, 1629, 1736, 1287, 1214, 1994, 1072, 1680, 1733, 1238, 1696, 1568, 1366, 1398, 1459, 1199, 1681, 1317, 1186, 1397, 1400, 1713, 1030, 1941, 1291, 1057, 1269, 1081, 1621, 1938, 1950, 1821, 1075, 1060, 1639, 1865, 1861, 1383, 1205, 1541, 1819, 1884, 1370, 1245, 1942, 1864, 1285, 1677, 1915, 1658, 1567, 1694, 1855, 1540, 1454, 1888, 1993, 1349, 1099, 1519, 1401, 1316, 1360, 1009, 1166, 1734, 1648, 1605, 1773, 1801, 1174, 1933, 1227, 1276, 1097, 1624, 1928, 1883, 1193, 1040, 1440, 1162, 1606, 1485, 1824], "perc_recomm_found": 1.0, "gamma": 0.95, "eta": 0.95, "gamma_obs": 0.9800000190734863, "gamma_obs_pre": 0.0, "eta_obs": 1.0, "costs": [1.0, 1.0, 1.0], "lbd": 150.0, "thresh": 0.5, "r_type": "individualized", "t_type": "acceptance", "eta_obs_individualized": NaN, "eta_obs_refits_batch0_mean": 0.984000027179718, "model_score": 0.992, "model_f1": 0.9990167158308751, "model_refits_batch0_scores": [0.998, 0.998, 1.0, 0.994, 0.996], "model_refits_batch0_f1s": [0.99800796812749, 0.99800796812749, 1.0, 0.9939999999999999, 0.9960079840319361], "model_coef": NaN}