{"accuracy_pre": 0.88, "accuracy_post": 0.88, "recourse_seeking_ixs": [225, 203, 209, 298, 232, 206, 326, 279, 371, 362, 300, 236, 372, 286, 281, 342, 270, 321, 259, 205, 378, 398, 258, 394, 353, 256, 388, 227, 348, 200, 382, 283, 220, 251, 318, 264, 257, 345, 213, 250, 285, 237, 386, 381, 355, 375, 314, 399, 223, 201], "recourse_recommended_ixs": [225, 203, 209, 298, 232, 206, 326, 279, 371, 362, 300, 236, 372, 286, 281, 342, 270, 321, 259, 205, 378, 398, 258, 394, 353, 256, 388, 227, 348, 200, 382, 283, 220, 251, 318, 264, 257, 345, 213, 250, 285, 237, 386, 381, 355, 375, 314, 399, 223, 201], "perc_recomm_found": 1.0, "gamma": 0.85, "eta": 0.85, "gamma_obs": 0.8600000143051147, "gamma_obs_pre": 0.11999999731779099, "eta_obs": 0.98, "costs": [1.0, 1.0, 1.0], "lbd": 300.0, "thresh": 0.5, "r_type": "subpopulation", "t_type": "improvement", "eta_obs_individualized": NaN, "eta_obs_refits_batch0_mean": 0.8840000033378601, "model_score": 0.845, "model_f1": 0.8502415458937198, "model_refits_batch0_scores": [0.855, 0.835, 0.855, 0.855, 0.835], "model_refits_batch0_f1s": [0.863849765258216, 0.8493150684931506, 0.863849765258216, 0.8625592417061612, 0.8465116279069766], "model_coef": [[0.47113413225600875, 1.0530472107018238, 1.0158754436583957], [0.10224988979482941]]}