{"accuracy_pre": 0.78, "accuracy_post": 0.38, "recourse_seeking_ixs": [287, 233, 388, 278, 217, 224, 269, 329, 354, 353, 334, 316, 270, 344, 292, 249, 373, 264, 335, 347, 399, 376, 284, 234, 280, 222, 258, 260, 236, 336, 220, 205, 231, 266, 250, 240, 226, 385, 380, 279, 311, 256, 298, 331, 255, 351, 265, 215, 219, 387], "recourse_recommended_ixs": [287, 233, 388, 278, 217, 224, 269, 329, 354, 353, 334, 316, 270, 344, 292, 249, 373, 264, 335, 347, 399, 376, 284, 234, 280, 222, 258, 260, 236, 336, 220, 205, 231, 266, 250, 240, 226, 385, 380, 279, 311, 256, 298, 331, 255, 351, 265, 215, 219, 387], "perc_recomm_found": 1.0, "gamma": 0.85, "eta": 0.85, "gamma_obs": 0.4000000059604645, "gamma_obs_pre": 0.2199999988079071, "eta_obs": 0.98, "costs": [1.0, 1.0, 1.0], "lbd": 300.0, "thresh": 0.5, "r_type": "subpopulation", "t_type": "acceptance", "eta_obs_individualized": NaN, "eta_obs_refits_batch0_mean": 0.6200000047683716, "model_score": 0.825, "model_f1": 0.8148148148148148, "model_refits_batch0_scores": [0.795, 0.815, 0.795, 0.8, 0.81], "model_refits_batch0_f1s": [0.783068783068783, 0.7999999999999999, 0.7759562841530055, 0.7894736842105263, 0.8020833333333333], "model_coef": [[0.10514188070268363, 0.3847880394311509, 0.9609003458222566], [-0.5412936835563932]]}