{"accuracy_pre": 0.99, "accuracy_post": 0.99, "recourse_seeking_ixs": [1070, 1148, 1402, 1763, 1829, 1567, 1327, 1379, 1478, 1369, 1257, 1680, 1286, 1493, 1168, 1222, 1230, 1927, 1073, 1490, 1068, 1028, 1918, 1084, 1472, 1175, 1707, 1097, 1291, 1841, 1675, 1129, 1329, 1118, 1495, 1981, 1776, 1671, 1484, 1171, 1454, 1536, 1613, 1735, 1467, 1794, 1923, 1157, 1878, 1185, 1901, 1202, 1830, 1396, 1278, 1838, 1732, 1779, 1204, 1325, 1502, 1351, 1669, 1170, 1696, 1637, 1640, 1657, 1081, 1996, 1482, 1623, 1674, 1580, 1063, 1515, 1038, 1401, 1094, 1083, 1283, 1622, 1977, 1039, 1582, 1570, 1242, 1512, 1014, 1335, 1672, 1906, 1288, 1100, 1453, 1649, 1287, 1188, 1431, 1577], "recourse_recommended_ixs": [1070, 1148, 1402, 1763, 1829, 1567, 1327, 1379, 1478, 1369, 1257, 1680, 1286, 1493, 1168, 1222, 1230, 1927, 1073, 1490, 1068, 1028, 1918, 1084, 1472, 1175, 1707, 1097, 1291, 1841, 1675, 1129, 1329, 1118, 1495, 1981, 1776, 1671, 1484, 1171, 1454, 1536, 1613, 1735, 1467, 1794, 1923, 1157, 1878, 1185, 1901, 1202, 1830, 1396, 1278, 1838, 1732, 1779, 1204, 1325, 1502, 1351, 1669, 1170, 1696, 1637, 1640, 1657, 1081, 1996, 1482, 1623, 1674, 1580, 1063, 1515, 1038, 1401, 1094, 1083, 1283, 1622, 1977, 1039, 1582, 1570, 1242, 1512, 1014, 1335, 1672, 1906, 1288, 1100, 1453, 1649, 1287, 1188, 1431, 1577], "perc_recomm_found": 1.0, "gamma": 0.95, "eta": 0.95, "gamma_obs": 0.9900000095367432, "gamma_obs_pre": 0.009999999776482582, "eta_obs": 1.0, "costs": [1.0, 1.0, 1.0], "lbd": 150.0, "thresh": 0.5, "r_type": "subpopulation", "t_type": "acceptance", "eta_obs_individualized": NaN, "eta_obs_refits_batch0_mean": 0.800000011920929, "model_score": 0.803, "model_f1": 0.9947862356621481, "model_refits_batch0_scores": [0.998, 0.998, 0.998, 0.998, 0.998], "model_refits_batch0_f1s": [0.9979674796747968, 0.9979674796747968, 0.9979674796747968, 0.9979674796747968, 0.9979674796747968], "model_coef": NaN}