{"accuracy_pre": 0.98, "accuracy_post": 0.32, "recourse_seeking_ixs": [1617, 1668, 1225, 1985, 1816, 1817, 1797, 1696, 1641, 1726, 1213, 1784, 1285, 1149, 1593, 1276, 1295, 1111, 1616, 1561, 1045, 1519, 1133, 1994, 1103, 1030, 1793, 1267, 1214, 1071, 1397, 1993, 1128, 1962, 1484, 1327, 1029, 1072, 1263, 1649, 1310, 1282, 1203, 1842, 1791, 1087, 1898, 1475, 1557, 1014, 1329, 1231, 1289, 1807, 1655, 1536, 1293, 1386, 1701, 1978, 1588, 1324, 1569, 1195, 1046, 1924, 1186, 1888, 1533, 1184, 1523, 1707, 1911, 1067, 1197, 1992, 1953, 1179, 1167, 1036, 1248, 1352, 1778, 1415, 1771, 1572, 1891, 1270, 1973, 1679, 1541, 1535, 1025, 1256, 1621, 1076, 1070, 1433, 1081, 1968], "recourse_recommended_ixs": [1617, 1668, 1225, 1985, 1816, 1817, 1797, 1696, 1641, 1726, 1213, 1784, 1285, 1149, 1593, 1276, 1295, 1111, 1616, 1561, 1045, 1519, 1133, 1994, 1103, 1030, 1793, 1267, 1214, 1071, 1397, 1993, 1128, 1962, 1484, 1327, 1029, 1072, 1263, 1649, 1310, 1282, 1203, 1842, 1791, 1087, 1898, 1475, 1557, 1014, 1329, 1231, 1289, 1807, 1655, 1536, 1293, 1386, 1701, 1978, 1588, 1324, 1569, 1195, 1046, 1924, 1186, 1888, 1533, 1184, 1523, 1707, 1911, 1067, 1197, 1992, 1953, 1179, 1167, 1036, 1248, 1352, 1778, 1415, 1771, 1572, 1891, 1270, 1973, 1679, 1541, 1535, 1025, 1256, 1621, 1076, 1070, 1433, 1081, 1968], "perc_recomm_found": 1.0, "gamma": 0.95, "eta": 0.95, "gamma_obs": 0.4000000059604645, "gamma_obs_pre": 0.019999999552965164, "eta_obs": 1.0, "costs": [1.0, 1.0, 1.0], "lbd": 150.0, "thresh": 0.5, "r_type": "individualized", "t_type": "acceptance", "eta_obs_individualized": NaN, "eta_obs_refits_batch0_mean": 0.800000011920929, "model_score": 0.993, "model_f1": 0.9930624380574826, "model_refits_batch0_scores": [0.998, 0.998, 0.999, 0.998, 0.998], "model_refits_batch0_f1s": [0.99800796812749, 0.99800796812749, 0.9990069513406157, 0.99800796812749, 0.99800796812749], "model_coef": NaN}