{"accuracy_pre": 1.0, "accuracy_post": 0.86, "recourse_seeking_ixs": [1327, 1483, 1340, 1175, 1360, 1129, 1977, 1270, 1418, 1227, 1763, 1070, 1381, 1764, 1068, 1286, 1386, 1171, 1073, 1275, 1118, 1284, 1552, 1495, 1097, 1084, 1028, 1876, 1757, 1240, 1996, 1480, 1454, 1496, 1952, 1683, 1824, 1431, 1290, 1788, 1170, 1157, 1652, 1531, 1700, 1467, 1148, 1623, 1518, 1917, 1365, 1221, 1494, 1203, 1199, 1283, 1476, 1168, 1761, 1408, 1276, 1594, 1319, 1502, 1697, 1946, 1184, 1570, 1676, 1248, 1657, 1680, 1081, 1792, 1620, 1980, 1682, 1468, 1063, 1804, 1038, 1412, 1094, 1083, 1288, 1636, 1577, 1039, 1813, 1805, 1321, 1521, 1014, 1451, 1995, 1622, 1730, 1100, 1464, 1669], "recourse_recommended_ixs": [1327, 1483, 1340, 1175, 1360, 1129, 1977, 1270, 1418, 1227, 1763, 1070, 1381, 1764, 1068, 1286, 1386, 1171, 1073, 1275, 1118, 1284, 1552, 1495, 1097, 1084, 1028, 1876, 1757, 1240, 1996, 1480, 1454, 1496, 1952, 1683, 1824, 1431, 1290, 1788, 1170, 1157, 1652, 1531, 1700, 1467, 1148, 1623, 1518, 1917, 1365, 1221, 1494, 1203, 1199, 1283, 1476, 1168, 1761, 1408, 1276, 1594, 1319, 1502, 1697, 1946, 1184, 1570, 1676, 1248, 1657, 1680, 1081, 1792, 1620, 1980, 1682, 1468, 1063, 1804, 1038, 1412, 1094, 1083, 1288, 1636, 1577, 1039, 1813, 1805, 1321, 1521, 1014, 1451, 1995, 1622, 1730, 1100, 1464, 1669], "perc_recomm_found": 1.0, "gamma": 0.75, "eta": 0.75, "gamma_obs": 0.8899999856948853, "gamma_obs_pre": 0.0, "eta_obs": 0.97, "costs": [1.0, 1.0, 1.0], "lbd": 150.0, "thresh": 0.5, "r_type": "individualized", "t_type": "counterfactual", "eta_obs_individualized": NaN, "eta_obs_refits_batch0_mean": 0.7919999957084656, "model_score": 0.81, "model_f1": 0.9947862356621481, "model_refits_batch0_scores": [0.998, 0.998, 0.998, 0.998, 0.998], "model_refits_batch0_f1s": [0.9979674796747968, 0.9979674796747968, 0.9979674796747968, 0.9979674796747968, 0.9979674796747968], "model_coef": [[-1.659163472684449, -2.073954509754808, 3.5461907791574467], [-1.8217384722569294]]}