{"accuracy_pre": 0.81, "accuracy_post": 0.45, "recourse_seeking_ixs": [951, 898, 922, 747, 529, 840, 986, 973, 625, 596, 672, 585, 793, 798, 802, 964, 552, 942, 618, 505, 728, 611, 757, 660, 885, 707, 547, 722, 578, 829, 667, 501, 873, 910, 913, 610, 844, 727, 795, 771, 703, 701, 869, 835, 770, 904, 668, 539, 826, 928, 825, 675, 930, 905, 960, 738, 895, 925, 998, 657, 882, 553, 737, 731, 714, 980, 832, 532, 661, 774, 745, 719, 845, 710, 824, 732, 674, 907, 614, 711, 724, 550, 687, 742, 924, 560, 779, 705, 841, 775, 763, 602, 688, 559, 786, 504, 577, 684, 892, 990], "recourse_recommended_ixs": [951, 898, 922, 747, 529, 840, 986, 973, 625, 596, 672, 585, 793, 798, 802, 964, 552, 942, 618, 505, 728, 611, 757, 660, 885, 707, 547, 722, 578, 829, 667, 501, 873, 910, 913, 610, 844, 727, 795, 771, 703, 701, 869, 835, 770, 904, 668, 539, 826, 928, 825, 675, 930, 905, 960, 738, 895, 925, 998, 657, 882, 553, 737, 731, 714, 980, 832, 532, 661, 774, 745, 719, 845, 710, 824, 732, 674, 907, 614, 711, 724, 550, 687, 742, 924, 560, 779, 705, 841, 775, 763, 602, 688, 559, 786, 504, 577, 684, 892, 990], "perc_recomm_found": 1.0, "gamma": 0.75, "eta": 0.75, "gamma_obs": 0.3700000047683716, "gamma_obs_pre": 0.1899999976158142, "eta_obs": 0.9, "costs": [1.0, 1.0, 1.0], "lbd": 300.0, "thresh": 0.5, "r_type": "individualized", "t_type": "counterfactual", "eta_obs_individualized": NaN, "eta_obs_refits_batch0_mean": 0.4020000100135803, "model_score": 0.796, "model_f1": 0.81453154875717, "model_refits_batch0_scores": [0.794, 0.788, 0.784, 0.8, 0.806], "model_refits_batch0_f1s": [0.7632183908045977, 0.7644444444444445, 0.742857142857143, 0.7641509433962264, 0.7820224719101123], "model_coef": NaN}