{"accuracy_pre": 0.96, "accuracy_post": 0.04, "recourse_seeking_ixs": [328, 382, 361, 232, 226, 301, 320, 282, 284, 244, 343, 393, 250, 377, 296, 398, 373, 387, 283, 317, 279, 221, 211, 216, 239, 314, 353, 245, 299, 214, 359, 297, 331, 222, 342, 313, 249, 231, 347, 287, 351, 330, 363, 223, 374, 326, 371, 293, 268, 209], "recourse_recommended_ixs": [328, 382, 361, 232, 226, 301, 320, 282, 284, 244, 343, 393, 250, 377, 296, 398, 373, 387, 283, 317, 279, 221, 211, 216, 239, 314, 353, 245, 299, 214, 359, 297, 331, 222, 342, 313, 249, 231, 347, 287, 351, 330, 363, 223, 374, 326, 371, 293, 268, 209], "perc_recomm_found": 1.0, "gamma": 0.85, "eta": 0.85, "gamma_obs": 0.03999999910593033, "gamma_obs_pre": 0.03999999910593033, "eta_obs": 1.0, "costs": [1.0, 1.0, 1.0], "lbd": 300.0, "thresh": 0.5, "r_type": "individualized", "t_type": "acceptance", "eta_obs_individualized": NaN, "eta_obs_refits_batch0_mean": 0.9760000109672546, "model_score": 0.93, "model_f1": 0.9326923076923077, "model_refits_batch0_scores": [1.0, 1.0, 1.0, 1.0, 1.0], "model_refits_batch0_f1s": [1.0, 1.0, 1.0, 1.0, 1.0], "model_coef": [[-4.110731539949552, -1.5826200881017367, 2.5844040797991985], [-0.7746261964485943]]}