{"accuracy_pre": 1.0, "accuracy_post": 0.96, "recourse_seeking_ixs": [1687, 1648, 1040, 1989, 1484, 1457, 1459, 1716, 1611, 1933, 1606, 1871, 1565, 1364, 1797, 1842, 1896, 1356, 1713, 1111, 1281, 1821, 1391, 1690, 1397, 1625, 1366, 1010, 1870, 1360, 1961, 1922, 1814, 1999, 1658, 1864, 1587, 1201, 1223, 1998, 1736, 1591, 1065, 1953, 1097, 1883, 1197, 1287, 1820, 1923, 1562, 1840, 1076, 1664, 1464, 1034, 1352, 1861, 1362, 1968, 1319, 1418, 1661, 1388, 1195, 1373, 1778, 1709, 1310, 1071, 1914, 1302, 1983, 1203, 1030, 1680, 1274, 1942, 1376, 1369, 1532, 1168, 1995, 1036, 1363, 1312, 1414, 1147, 1931, 1462, 1865, 1145, 1401, 1632, 1675, 1276, 1537, 1316, 1655, 1805], "recourse_recommended_ixs": [1687, 1648, 1040, 1989, 1484, 1457, 1459, 1716, 1611, 1933, 1606, 1871, 1565, 1364, 1797, 1842, 1896, 1356, 1713, 1111, 1281, 1821, 1391, 1690, 1397, 1625, 1366, 1010, 1870, 1360, 1961, 1922, 1814, 1999, 1658, 1864, 1587, 1201, 1223, 1998, 1736, 1591, 1065, 1953, 1097, 1883, 1197, 1287, 1820, 1923, 1562, 1840, 1076, 1664, 1464, 1034, 1352, 1861, 1362, 1968, 1319, 1418, 1661, 1388, 1195, 1373, 1778, 1709, 1310, 1071, 1914, 1302, 1983, 1203, 1030, 1680, 1274, 1942, 1376, 1369, 1532, 1168, 1995, 1036, 1363, 1312, 1414, 1147, 1931, 1462, 1865, 1145, 1401, 1632, 1675, 1276, 1537, 1316, 1655, 1805], "perc_recomm_found": 1.0, "gamma": 0.75, "eta": 0.75, "gamma_obs": 0.9599999785423279, "gamma_obs_pre": 0.0, "eta_obs": 1.0, "costs": [1.0, 1.0, 1.0], "lbd": 150.0, "thresh": 0.5, "r_type": "subpopulation", "t_type": "acceptance", "eta_obs_individualized": NaN, "eta_obs_refits_batch0_mean": 0.777999997138977, "model_score": 0.885, "model_f1": 1.0, "model_refits_batch0_scores": [0.997, 0.994, 0.996, 0.994, 0.996], "model_refits_batch0_f1s": [0.9970089730807578, 0.9939999999999999, 0.9960079840319361, 0.9939999999999999, 0.9960079840319361], "model_coef": NaN}