{"accuracy_pre": 0.88, "accuracy_post": 0.84, "recourse_seeking_ixs": [264, 218, 222, 277, 257, 333, 244, 285, 298, 226, 245, 269, 242, 327, 301, 272, 341, 227, 321, 216, 318, 274, 266, 300, 279, 297, 319, 399, 384, 349, 253, 280, 355, 303, 357, 203, 206, 398, 275, 322, 309, 223, 363, 250, 214, 212, 238, 378, 221, 270], "recourse_recommended_ixs": [264, 218, 222, 277, 257, 333, 244, 285, 298, 226, 245, 269, 242, 327, 301, 272, 341, 227, 321, 216, 318, 274, 266, 300, 279, 297, 319, 399, 384, 349, 253, 280, 355, 303, 357, 203, 206, 398, 275, 322, 309, 223, 363, 250, 214, 212, 238, 378, 221, 270], "perc_recomm_found": 1.0, "gamma": 0.75, "eta": 0.75, "gamma_obs": 0.8399999737739563, "gamma_obs_pre": 0.11999999731779099, "eta_obs": 1.0, "costs": [1.0, 1.0, 1.0], "lbd": 300.0, "thresh": 0.5, "r_type": "individualized", "t_type": "improvement", "eta_obs_individualized": 1.0, "eta_obs_refits_batch0_mean": 0.8319999575614929, "model_score": 0.87, "model_f1": 0.87, "model_refits_batch0_scores": [0.865, 0.87, 0.865, 0.865, 0.88], "model_refits_batch0_f1s": [0.8556149732620321, 0.8686868686868686, 0.8669950738916257, 0.8669950738916257, 0.870967741935484], "model_coef": [[0.5268689795706477, 0.5836317822257125, 1.0838386464427323], [0.11274501256544833]]}