{"accuracy_pre": 0.79, "accuracy_post": 0.53, "recourse_seeking_ixs": [730, 953, 952, 616, 698, 548, 662, 825, 652, 780, 655, 517, 739, 804, 518, 527, 999, 609, 909, 858, 712, 723, 683, 808, 768, 659, 752, 852, 593, 888, 772, 690, 812, 817, 717, 940, 997, 994, 892, 811, 971, 966, 874, 850, 859, 714, 657, 973, 900, 679, 869, 881, 573, 608, 810, 847, 709, 506, 524, 738, 758, 629, 919, 806, 579, 635, 791, 507, 838, 570, 960, 716, 969, 672, 564, 801, 978, 701, 822, 902, 528, 521, 865, 773, 583, 887, 736, 694, 912, 915, 643, 967, 728, 696, 980, 975, 511, 867, 802, 886], "recourse_recommended_ixs": [730, 953, 952, 616, 698, 548, 662, 825, 652, 780, 655, 517, 739, 804, 518, 527, 999, 609, 909, 858, 712, 723, 683, 808, 768, 659, 752, 852, 593, 888, 772, 690, 812, 817, 717, 940, 997, 994, 892, 811, 971, 966, 874, 850, 859, 714, 657, 973, 900, 679, 869, 881, 573, 608, 810, 847, 709, 506, 524, 738, 758, 629, 919, 806, 579, 635, 791, 507, 838, 570, 960, 716, 969, 672, 564, 801, 978, 701, 822, 902, 528, 521, 865, 773, 583, 887, 736, 694, 912, 915, 643, 967, 728, 696, 980, 975, 511, 867, 802, 886], "perc_recomm_found": 1.0, "gamma": 0.95, "eta": 0.95, "gamma_obs": 0.5299999713897705, "gamma_obs_pre": 0.20999999344348907, "eta_obs": 1.0, "costs": [1.0, 1.0, 1.0], "lbd": 300.0, "thresh": 0.5, "r_type": "individualized", "t_type": "acceptance", "eta_obs_individualized": NaN, "eta_obs_refits_batch0_mean": 0.6259999871253967, "model_score": 0.858, "model_f1": 0.8425720620842573, "model_refits_batch0_scores": [0.866, 0.864, 0.86, 0.856, 0.852], "model_refits_batch0_f1s": [0.8552915766738661, 0.8547008547008548, 0.8430493273542601, 0.8378378378378378, 0.8348214285714286], "model_coef": [[0.687721670390012, 1.0293311246961712, 0.9718462232035527], [-0.013664388085315504]]}