{"accuracy_pre": 0.75, "accuracy_post": 0.45, "recourse_seeking_ixs": [279, 443, 456, 335, 250, 328, 287, 385, 465, 345, 391, 488, 275, 423, 353, 304, 266, 348, 284, 329, 439, 325, 401, 309, 426, 301, 278, 323, 315, 479, 459, 316, 364, 430, 293, 363, 253, 370, 448, 369, 441, 383, 269, 476, 472, 281, 425, 408, 310, 398, 407, 259, 397, 366, 406, 422, 378, 447, 302, 442, 420, 285, 280, 358, 299, 466, 324, 319, 313, 424, 445, 334, 317, 362, 333, 340, 300, 344, 460, 268, 368, 357, 372, 338, 273, 288, 381, 386, 470, 487, 477, 395, 496, 495, 261, 336, 382, 307, 379, 393], "recourse_recommended_ixs": [279, 443, 456, 335, 250, 328, 287, 385, 465, 345, 391, 488, 275, 423, 353, 304, 266, 348, 284, 329, 439, 325, 401, 309, 426, 301, 278, 323, 315, 479, 459, 316, 364, 430, 293, 363, 253, 370, 448, 369, 441, 383, 269, 476, 472, 281, 425, 408, 310, 398, 407, 259, 397, 366, 406, 422, 378, 447, 302, 442, 420, 285, 280, 358, 299, 466, 324, 319, 313, 424, 445, 334, 317, 362, 333, 340, 300, 344, 460, 268, 368, 357, 372, 338, 273, 288, 381, 386, 470, 487, 477, 395, 496, 495, 261, 336, 382, 307, 379, 393], "perc_recomm_found": 1.0, "gamma": 0.75, "eta": 0.75, "gamma_obs": 0.3799999952316284, "gamma_obs_pre": 0.25, "eta_obs": 1.0, "costs": [1.0, 1.0, 1.0], "lbd": 100.0, "thresh": 0.5, "r_type": "individualized", "t_type": "acceptance", "eta_obs_individualized": NaN, "eta_obs_refits_batch0_mean": 0.4959999620914459, "model_score": 0.756, "model_f1": 0.7336244541484717, "model_refits_batch0_scores": [0.716, 0.768, 0.756, 0.768, 0.748], "model_refits_batch0_f1s": [0.6899563318777292, 0.752136752136752, 0.7162790697674419, 0.743362831858407, 0.7296137339055794], "model_coef": NaN}