{"accuracy_pre": 0.91, "accuracy_post": 0.3, "recourse_seeking_ixs": [597, 752, 891, 834, 743, 966, 606, 818, 996, 664, 511, 682, 552, 660, 978, 571, 892, 635, 756, 765, 709, 676, 502, 871, 759, 569, 829, 528, 541, 940, 890, 936, 655, 632, 688, 524, 755, 715, 745, 551, 713, 726, 644, 754, 950, 581, 675, 553, 659, 782, 509, 544, 647, 868, 650, 971, 841, 793, 826, 922, 786, 934, 915, 604, 716, 768, 814, 779, 531, 947, 842, 658, 938, 684, 795, 924, 958, 847, 515, 623, 792, 642, 853, 991, 567, 882, 665, 999, 985, 557, 699, 809, 861, 505, 803, 776, 628, 609, 925, 546], "recourse_recommended_ixs": [597, 752, 891, 834, 743, 966, 606, 818, 996, 664, 511, 682, 552, 660, 978, 571, 892, 635, 756, 765, 709, 676, 502, 871, 759, 569, 829, 528, 541, 940, 890, 936, 655, 632, 688, 524, 755, 715, 745, 551, 713, 726, 644, 754, 950, 581, 675, 553, 659, 782, 509, 544, 647, 868, 650, 971, 841, 793, 826, 922, 786, 934, 915, 604, 716, 768, 814, 779, 531, 947, 842, 658, 938, 684, 795, 924, 958, 847, 515, 623, 792, 642, 853, 991, 567, 882, 665, 999, 985, 557, 699, 809, 861, 505, 803, 776, 628, 609, 925, 546], "perc_recomm_found": 1.0, "gamma": 0.75, "eta": 0.75, "gamma_obs": 0.23999999463558197, "gamma_obs_pre": 0.09000000357627869, "eta_obs": 0.9, "costs": [1.0, 1.0, 1.0], "lbd": 300.0, "thresh": 0.5, "r_type": "individualized", "t_type": "counterfactual", "eta_obs_individualized": NaN, "eta_obs_refits_batch0_mean": 0.3399999737739563, "model_score": 0.776, "model_f1": 0.7870182555780932, "model_refits_batch0_scores": [0.822, 0.82, 0.814, 0.828, 0.83], "model_refits_batch0_f1s": [0.8202020202020203, 0.8170731707317074, 0.8128772635814889, 0.822314049586777, 0.8261758691206543], "model_coef": [[0.4193815735163298, -0.17430836989550566, 0.8740051248645054], [-0.5287631658814632]]}