{"accuracy_pre": 0.92, "accuracy_post": 0.99, "recourse_seeking_ixs": [917, 947, 952, 915, 996, 891, 694, 609, 713, 991, 817, 680, 630, 655, 875, 999, 551, 798, 936, 950, 606, 934, 584, 729, 829, 882, 670, 801, 926, 682, 660, 868, 699, 779, 745, 840, 849, 664, 573, 520, 793, 509, 568, 601, 552, 978, 628, 571, 990, 958, 784, 515, 966, 642, 906, 834, 649, 635, 824, 696, 804, 544, 925, 647, 743, 650, 599, 709, 871, 617, 675, 782, 776, 626, 768, 754, 969, 716, 533, 905, 861, 809, 567, 752, 750, 557, 632, 818, 753, 541, 513, 755, 688, 795, 569, 940, 892, 519, 786, 923], "recourse_recommended_ixs": [917, 947, 952, 915, 996, 891, 694, 609, 713, 991, 817, 680, 630, 655, 875, 999, 551, 798, 936, 950, 606, 934, 584, 729, 829, 882, 670, 801, 926, 682, 660, 868, 699, 779, 745, 840, 849, 664, 573, 520, 793, 509, 568, 601, 552, 978, 628, 571, 990, 958, 784, 515, 966, 642, 906, 834, 649, 635, 824, 696, 804, 544, 925, 647, 743, 650, 599, 709, 871, 617, 675, 782, 776, 626, 768, 754, 969, 716, 533, 905, 861, 809, 567, 752, 750, 557, 632, 818, 753, 541, 513, 755, 688, 795, 569, 940, 892, 519, 786, 923], "perc_recomm_found": 1.0, "gamma": 0.95, "eta": 0.95, "gamma_obs": 0.9900000095367432, "gamma_obs_pre": 0.07999999821186066, "eta_obs": 1.0, "costs": [1.0, 1.0], "lbd": 300.0, "thresh": 0.5, "r_type": "individualized", "t_type": "improvement", "eta_obs_individualized": 1.0, "eta_obs_refits_batch0_mean": 1.0, "model_score": 0.776, "model_f1": 0.7870182555780932, "model_refits_batch0_scores": [0.822, 0.82, 0.814, 0.828, 0.83], "model_refits_batch0_f1s": [0.8202020202020203, 0.8170731707317074, 0.8128772635814889, 0.822314049586777, 0.8261758691206543], "model_coef": [[0.4193815735163298, -0.17430836989550566, 0.8740051248645054], [-0.5287631658814632]]}