{"accuracy_pre": 0.72, "accuracy_post": 0.38, "recourse_seeking_ixs": [243, 284, 253, 390, 294, 382, 271, 247, 232, 398, 228, 221, 330, 267, 323, 369, 346, 366, 238, 291, 218, 338, 345, 329, 395, 333, 360, 325, 303, 252, 322, 367, 277, 372, 229, 356, 375, 364, 389, 259, 288, 208, 381, 328, 264, 304, 201, 388, 222, 248], "recourse_recommended_ixs": [243, 284, 253, 390, 294, 382, 271, 247, 232, 398, 228, 221, 330, 267, 323, 369, 346, 366, 238, 291, 218, 338, 345, 329, 395, 333, 360, 325, 303, 252, 322, 367, 277, 372, 229, 356, 375, 364, 389, 259, 288, 208, 381, 328, 264, 304, 201, 388, 222, 248], "perc_recomm_found": 1.0, "gamma": 0.9, "eta": 0.9, "gamma_obs": 0.3799999952316284, "gamma_obs_pre": 0.2800000011920929, "eta_obs": 1.0, "costs": [1.0, 1.0, 1.0], "lbd": 300.0, "thresh": 0.5, "r_type": "subpopulation", "t_type": "acceptance", "eta_obs_individualized": NaN, "eta_obs_refits_batch0_mean": 0.784000039100647, "model_score": 0.805, "model_f1": 0.8202764976958525, "model_refits_batch0_scores": [0.81, 0.81, 0.8, 0.795, 0.815], "model_refits_batch0_f1s": [0.8240740740740741, 0.8256880733944955, 0.8148148148148149, 0.807511737089202, 0.832579185520362], "model_coef": [[0.3904322519790784, -0.2577039203328694, 1.1462900901101083], [-0.6682115609993429]]}