{"accuracy_pre": 1.0, "accuracy_post": 0.0, "recourse_seeking_ixs": [207, 273, 204, 395, 373, 258, 309, 248, 333, 389, 346, 267, 349, 331, 271, 278, 377, 259, 366, 243, 341, 255, 280, 288, 261, 356, 304, 382, 294, 208, 230, 314, 291, 321, 381, 371, 272, 312, 257, 355, 383, 335, 233, 200, 320, 229, 220, 265, 274, 372], "recourse_recommended_ixs": [207, 273, 204, 395, 373, 258, 309, 248, 333, 389, 346, 267, 349, 331, 271, 278, 377, 259, 366, 243, 341, 255, 280, 288, 261, 356, 304, 382, 294, 208, 230, 314, 291, 321, 381, 371, 272, 312, 257, 355, 383, 335, 233, 200, 320, 229, 220, 265, 274, 372], "perc_recomm_found": 1.0, "gamma": 0.75, "eta": 0.75, "gamma_obs": 0.0, "gamma_obs_pre": 0.0, "eta_obs": 1.0, "costs": [5.0, 5.0, 0.0001, 0.01, 0.1], "lbd": 300.0, "thresh": 0.5, "r_type": "individualized", "t_type": "counterfactual", "eta_obs_individualized": NaN, "eta_obs_refits_batch0_mean": 0.984, "model_score": 0.995, "model_f1": 0.9959514170040485, "model_refits_batch0_scores": [0.995, 0.99, 0.995, 0.995, 0.995], "model_refits_batch0_f1s": [0.9959514170040485, 0.9919354838709677, 0.9959183673469388, 0.9959514170040485, 0.9959183673469388], "model_coef": [[-0.1823646610617549, 0.3170783049143476, 0.008584020201269948, 0.11466742343688358, 0.8282192833152329], [-12.101244662758136]]}