{"accuracy_pre": 0.76, "accuracy_post": 0.35, "recourse_seeking_ixs": [529, 959, 885, 500, 953, 830, 626, 821, 985, 514, 701, 589, 580, 995, 907, 961, 518, 928, 759, 849, 863, 921, 688, 618, 733, 981, 609, 919, 649, 724, 851, 790, 553, 747, 913, 902, 719, 808, 990, 646, 520, 661, 720, 803, 584, 866, 869, 833, 875, 653, 516, 848, 508, 908, 762, 744, 652, 565, 671, 741, 880, 816, 964, 708, 780, 799, 931, 660, 930, 722, 543, 738, 927, 681, 604, 911, 925, 577, 680, 897, 910, 945, 906, 757, 847, 602, 606, 782, 891, 501, 665, 711, 802, 809, 881, 651, 769, 793, 591, 586], "recourse_recommended_ixs": [529, 959, 885, 500, 953, 830, 626, 821, 985, 514, 701, 589, 580, 995, 907, 961, 518, 928, 759, 849, 863, 921, 688, 618, 733, 981, 609, 919, 649, 724, 851, 790, 553, 747, 913, 902, 719, 808, 990, 646, 520, 661, 720, 803, 584, 866, 869, 833, 875, 653, 516, 848, 508, 908, 762, 744, 652, 565, 671, 741, 880, 816, 964, 708, 780, 799, 931, 660, 930, 722, 543, 738, 927, 681, 604, 911, 925, 577, 680, 897, 910, 945, 906, 757, 847, 602, 606, 782, 891, 501, 665, 711, 802, 809, 881, 651, 769, 793, 591, 586], "perc_recomm_found": 1.0, "gamma": 0.95, "eta": 0.95, "gamma_obs": 0.3499999940395355, "gamma_obs_pre": 0.23999999463558197, "eta_obs": 1.0, "costs": [1.0, 1.0, 1.0], "lbd": 300.0, "thresh": 0.5, "r_type": "individualized", "t_type": "acceptance", "eta_obs_individualized": NaN, "eta_obs_refits_batch0_mean": 0.45399999618530273, "model_score": 0.794, "model_f1": 0.7911275415896488, "model_refits_batch0_scores": [0.82, 0.828, 0.806, 0.818, 0.836], "model_refits_batch0_f1s": [0.7906976744186047, 0.8045454545454546, 0.7662650602409637, 0.7858823529411765, 0.8217391304347826], "model_coef": NaN}