{"accuracy_pre": 1.0, "accuracy_post": 1.0, "recourse_seeking_ixs": [260, 234, 333, 348, 205, 256, 306, 380, 246, 342, 336, 332, 239, 353, 308, 245, 357, 393, 354, 392, 386, 341, 317, 350, 216, 293, 219, 294, 385, 367, 283, 222, 338, 387, 362, 255, 290, 396, 369, 292, 213, 327, 299, 271, 272, 225, 263, 304, 331, 203], "recourse_recommended_ixs": [260, 234, 333, 348, 205, 256, 306, 380, 246, 342, 336, 332, 239, 353, 308, 245, 357, 393, 354, 392, 386, 341, 317, 350, 216, 293, 219, 294, 385, 367, 283, 222, 338, 387, 362, 255, 290, 396, 369, 292, 213, 327, 299, 271, 272, 225, 263, 304, 331, 203], "perc_recomm_found": 1.0, "gamma": 0.9, "eta": 0.9, "gamma_obs": 1.0, "gamma_obs_pre": 0.0, "eta_obs": 1.0, "costs": [5.0, 5.0], "lbd": 300.0, "thresh": 0.5, "r_type": "subpopulation", "t_type": "improvement", "eta_obs_individualized": NaN, "eta_obs_refits_batch0_mean": 1.0, "model_score": 1.0, "model_f1": 1.0, "model_refits_batch0_scores": [0.99, 0.985, 0.995, 0.99, 0.995], "model_refits_batch0_f1s": [0.9922480620155039, 0.9883268482490272, 0.9961389961389961, 0.9923076923076923, 0.9961389961389961], "model_coef": [[-0.6741585866818789, 1.1691084567973464, 0.008229735672963746, -0.1565836406360455, 0.5217323163254624], [-7.458784042199183]]}