{"accuracy_pre": 0.84, "accuracy_post": 0.98, "recourse_seeking_ixs": [810, 599, 749, 809, 698, 737, 596, 682, 711, 719, 545, 681, 929, 880, 537, 753, 586, 578, 552, 925, 928, 572, 543, 720, 637, 588, 777, 902, 725, 658, 778, 606, 542, 591, 780, 568, 597, 710, 636, 776, 823, 744, 548, 649, 692, 933, 926, 757, 945, 687, 594, 620, 769, 527, 827, 547, 642, 788, 717, 807, 832, 860, 559, 754, 956, 546, 932, 638, 943, 843, 700, 965, 584, 523, 601, 991, 894, 603, 987, 648, 724, 919, 997, 990, 808, 748, 992, 761, 634, 609, 557, 551, 723, 790, 961, 839, 621, 901, 535, 526], "recourse_recommended_ixs": [810, 599, 749, 809, 698, 737, 596, 682, 711, 719, 545, 681, 929, 880, 537, 753, 586, 578, 552, 925, 928, 572, 543, 720, 637, 588, 777, 902, 725, 658, 778, 606, 542, 591, 780, 568, 597, 710, 636, 776, 823, 744, 548, 649, 692, 933, 926, 757, 945, 687, 594, 620, 769, 527, 827, 547, 642, 788, 717, 807, 832, 860, 559, 754, 956, 546, 932, 638, 943, 843, 700, 965, 584, 523, 601, 991, 894, 603, 987, 648, 724, 919, 997, 990, 808, 748, 992, 761, 634, 609, 557, 551, 723, 790, 961, 839, 621, 901, 535, 526], "perc_recomm_found": 1.0, "gamma": 0.95, "eta": 0.95, "gamma_obs": 0.9800000190734863, "gamma_obs_pre": 0.1599999964237213, "eta_obs": 1.0, "costs": [1.0, 1.0], "lbd": 300.0, "thresh": 0.5, "r_type": "individualized", "t_type": "improvement", "eta_obs_individualized": 1.0, "eta_obs_refits_batch0_mean": 1.0, "model_score": 0.852, "model_f1": 0.8796844181459567, "model_refits_batch0_scores": [0.822, 0.82, 0.814, 0.828, 0.83], "model_refits_batch0_f1s": [0.8202020202020203, 0.8170731707317074, 0.8128772635814889, 0.822314049586777, 0.8261758691206543], "model_coef": [[0.4193815735163298, -0.17430836989550566, 0.8740051248645054], [-0.5287631658814632]]}