{"accuracy_pre": 1.0, "accuracy_post": 1.0, "recourse_seeking_ixs": [1361, 1680, 1369, 1651, 1744, 1250, 1427, 1222, 1238, 1353, 1374, 1975, 1658, 1666, 1280, 1541, 1659, 1099, 1630, 1464, 1910, 1890, 1554, 1930, 1084, 1384, 1559, 1212, 1607, 1326, 1772, 1202, 1284, 1825, 1010, 1158, 1847, 1692, 1821, 1385, 1961, 1014, 1319, 1157, 1276, 1463, 1654, 1687, 1057, 1218, 1647, 1089, 1642, 1556, 1907, 1742, 1704, 1730, 1501, 1998, 1903, 1170, 1436, 1244, 1296, 1706, 1996, 1728, 1301, 1734, 1980, 1085, 1234, 1879, 1590, 1934, 1031, 1473, 1298, 1808, 1750, 1506, 1746, 1346, 1336, 1459, 1324, 1947, 1896, 1567, 1299, 1292, 1072, 1131, 1094, 1331, 1643, 1379, 1864, 1863], "recourse_recommended_ixs": [1361, 1680, 1369, 1651, 1744, 1250, 1427, 1222, 1238, 1353, 1374, 1975, 1658, 1666, 1280, 1541, 1659, 1099, 1630, 1464, 1910, 1890, 1554, 1930, 1084, 1384, 1559, 1212, 1607, 1326, 1772, 1202, 1284, 1825, 1010, 1158, 1847, 1692, 1821, 1385, 1961, 1014, 1319, 1157, 1276, 1463, 1654, 1687, 1057, 1218, 1647, 1089, 1642, 1556, 1907, 1742, 1704, 1730, 1501, 1998, 1903, 1170, 1436, 1244, 1296, 1706, 1996, 1728, 1301, 1734, 1980, 1085, 1234, 1879, 1590, 1934, 1031, 1473, 1298, 1808, 1750, 1506, 1746, 1346, 1336, 1459, 1324, 1947, 1896, 1567, 1299, 1292, 1072, 1131, 1094, 1331, 1643, 1379, 1864, 1863], "perc_recomm_found": 1.0, "gamma": 0.95, "eta": 0.95, "gamma_obs": 1.0, "gamma_obs_pre": 0.0, "eta_obs": 1.0, "costs": [1.0, 1.0, 1.0], "lbd": 150.0, "thresh": 0.5, "r_type": "individualized", "t_type": "improvement", "eta_obs_individualized": 1.0, "eta_obs_refits_batch0_mean": 1.0, "model_score": 0.985, "model_f1": 0.9916317991631798, "model_refits_batch0_scores": [0.996, 0.999, 0.996, 0.998, 0.993], "model_refits_batch0_f1s": [0.995967741935484, 0.9989929506545822, 0.9959919839679359, 0.9979919678714859, 0.993006993006993], "model_coef": NaN}