r_type,t_type,eta_mean,gamma_mean,perc_recomm_found_mean,eta_obs_mean,eta_obs_individualized_mean,eta_obs_refits_batch0_mean_mean,gamma_obs_mean,intv-cost_mean,eta_std,gamma_std,perc_recomm_found_std,eta_obs_std,eta_obs_individualized_std,eta_obs_refits_batch0_mean_std,gamma_obs_std,intv-cost_std
individualized,acceptance,0.85,0.85,1.0,1.0,,0.6383333206176758,0.2550000051657359,2.276666666666667,0.0,0.0,0.0,0.0,,0.13000129841071068,0.04582575877051038,0.10835281876044257
individualized,counterfactual,0.85,0.85,1.0,0.9933333333333333,,0.5916666388511658,0.17666666706403097,2.4076666666666666,0.0,0.0,0.0,0.011547005383792525,,0.1623894417477819,0.03883726737692814,0.15353691195713634
individualized,improvement,0.85,0.85,1.0,0.985,0.8916666666666666,0.984000047047933,0.8566666642824808,2.5093333333333336,0.0,0.0,0.0,0.010000000000000009,0.03253203549323859,0.009539356674018689,0.045092485367389655,0.054093283624987505
subpopulation,acceptance,0.85,0.85,1.0,0.9466666666666667,,0.5839999616146088,0.20833333333333334,2.3363333333333336,0.0,0.0,0.0,0.014433756729740593,,0.15507741075942394,0.0450924919765403,0.15754470265081374
subpopulation,improvement,0.85,0.85,1.0,0.9216666666666667,,0.9126666386922201,0.8083333373069763,2.3881666666666668,0.0,0.0,0.0,0.02020725942163687,,0.021779195997903903,0.05484828031835533,0.0663331239527687
