{"accuracy_pre": 0.81, "accuracy_post": 0.86, "recourse_seeking_ixs": [532, 628, 722, 625, 845, 607, 740, 907, 780, 537, 906, 951, 701, 695, 683, 815, 764, 540, 745, 913, 618, 682, 567, 566, 890, 705, 501, 691, 834, 927, 657, 741, 961, 737, 675, 802, 936, 522, 707, 665, 822, 557, 795, 998, 899, 756, 843, 611, 775, 861, 873, 813, 742, 925, 738, 647, 736, 580, 693, 626, 515, 942, 528, 835, 757, 992, 825, 731, 718, 672, 538, 502, 771, 829, 694, 570, 930, 668, 950, 523, 520, 677, 562, 898, 816, 531, 823, 504, 596, 859, 713, 824, 901, 608, 812, 892, 719, 846, 518, 602], "recourse_recommended_ixs": [532, 628, 722, 625, 845, 607, 740, 907, 780, 537, 906, 951, 701, 695, 683, 815, 764, 540, 745, 913, 618, 682, 567, 566, 890, 705, 501, 691, 834, 927, 657, 741, 961, 737, 675, 802, 936, 522, 707, 665, 822, 557, 795, 998, 899, 756, 843, 611, 775, 861, 873, 813, 742, 925, 738, 647, 736, 580, 693, 626, 515, 942, 528, 835, 757, 992, 825, 731, 718, 672, 538, 502, 771, 829, 694, 570, 930, 668, 950, 523, 520, 677, 562, 898, 816, 531, 823, 504, 596, 859, 713, 824, 901, 608, 812, 892, 719, 846, 518, 602], "perc_recomm_found": 1.0, "gamma": 0.95, "eta": 0.95, "gamma_obs": 0.9599999785423279, "gamma_obs_pre": 0.1899999976158142, "eta_obs": 0.9, "costs": [1.0, 1.0], "lbd": 300.0, "thresh": 0.5, "r_type": "individualized", "t_type": "improvement", "eta_obs_individualized": 0.94, "eta_obs_refits_batch0_mean": 0.9100000262260437, "model_score": 0.798, "model_f1": 0.8030888030888031, "model_refits_batch0_scores": [0.778, 0.794, 0.784, 0.802, 0.806], "model_refits_batch0_f1s": [0.7412587412587412, 0.7736263736263737, 0.7440758293838863, 0.7724137931034482, 0.7868131868131869], "model_coef": NaN}