r_type,t_type,eta_mean,gamma_mean,perc_recomm_found_mean,eta_obs_mean,eta_obs_individualized_mean,eta_obs_refits_batch0_mean_mean,gamma_obs_mean,intv-cost_mean,eta_std,gamma_std,perc_recomm_found_std,eta_obs_std,eta_obs_individualized_std,eta_obs_refits_batch0_mean_std,gamma_obs_std,intv-cost_std
individualized,acceptance,0.9499999999999998,0.9499999999999998,1.0,1.0,,0.41866668065388996,0.1933333377043406,1.389,1.3597399555105182e-16,1.3597399555105182e-16,0.0,0.0,,0.14291726047719172,0.02309400594979895,0.40099501243781077
individualized,counterfactual,0.9499999999999998,0.9499999999999998,1.0,0.91,,0.38333332538604736,0.1599999964237213,1.4426666666666665,1.3597399555105182e-16,1.3597399555105182e-16,0.0,0.017320508075688787,,0.14162391271171024,0.05196152629183178,0.4339462332286493
individualized,improvement,0.9499999999999998,0.9499999999999998,1.0,0.9733333333333333,1.0,0.9693333307902018,0.9599999984105428,5.15,1.3597399555105182e-16,1.3597399555105182e-16,0.0,0.025166114784235857,0.0,0.017243380783167023,0.0264575216714532,0.24684205476377083
subpopulation,acceptance,0.9499999999999998,0.9499999999999998,1.0,0.9966666666666667,,0.4166666467984517,0.163333331545194,1.513333333333333,1.3597399555105182e-16,1.3597399555105182e-16,0.0,0.005773502691896262,,0.14063189894305012,0.04932882940856573,0.3993649124964954
subpopulation,counterfactual,0.9499999999999998,0.9499999999999998,1.0,0.91,,0.38333332538604736,0.1599999964237213,1.4426666666666665,1.3597399555105182e-16,1.3597399555105182e-16,0.0,0.017320508075688787,,0.14162391271171024,0.05196152629183178,0.4339462332286493
subpopulation,improvement,0.9499999999999998,0.9499999999999998,1.0,0.9700000000000001,,0.9633333484331766,0.9599999984105428,5.2073333333333345,1.3597399555105182e-16,1.3597399555105182e-16,0.0,0.020000000000000018,,0.022030278134411788,0.0264575216714532,0.21166325456567392
