{"accuracy_pre": 0.8, "accuracy_post": 0.22, "recourse_seeking_ixs": [628, 652, 657, 517, 984, 545, 685, 609, 877, 777, 838, 513, 688, 899, 691, 564, 655, 815, 953, 968, 507, 766, 875, 972, 856, 932, 599, 837, 726, 580, 703, 502, 948, 879, 533, 746, 967, 667, 515, 779, 781, 959, 586, 825, 709, 710, 934, 571, 711, 632, 826, 716, 869, 982, 590, 573, 530, 885, 597, 514, 665, 798, 811, 903, 629, 799, 704, 516, 543, 633, 872, 698, 549, 762, 693, 567, 848, 541, 792, 563, 540, 749, 725, 552, 611, 642, 715, 993, 965, 566, 989, 708, 663, 674, 816, 833, 916, 888, 536, 954], "recourse_recommended_ixs": [628, 652, 657, 517, 984, 545, 685, 609, 877, 777, 838, 513, 688, 899, 691, 564, 655, 815, 953, 968, 507, 766, 875, 972, 856, 932, 599, 837, 726, 580, 703, 502, 948, 879, 533, 746, 967, 667, 515, 779, 781, 959, 586, 825, 709, 710, 934, 571, 711, 632, 826, 716, 869, 982, 590, 573, 530, 885, 597, 514, 665, 798, 811, 903, 629, 799, 704, 516, 543, 633, 872, 698, 549, 762, 693, 567, 848, 541, 792, 563, 540, 749, 725, 552, 611, 642, 715, 993, 965, 566, 989, 708, 663, 674, 816, 833, 916, 888, 536, 954], "perc_recomm_found": 1.0, "gamma": 0.95, "eta": 0.95, "gamma_obs": 0.2199999988079071, "gamma_obs_pre": 0.20000000298023224, "eta_obs": 1.0, "costs": [1.0, 1.0, 1.0], "lbd": 300.0, "thresh": 0.5, "r_type": "subpopulation", "t_type": "acceptance", "eta_obs_individualized": NaN, "eta_obs_refits_batch0_mean": 0.2919999957084656, "model_score": 0.81, "model_f1": 0.8079999999999998, "model_refits_batch0_scores": [0.824, 0.81, 0.816, 0.818, 0.816], "model_refits_batch0_f1s": [0.8181818181818183, 0.7921225382932165, 0.7991266375545851, 0.7982261640798226, 0.800865800865801], "model_coef": NaN}