{"accuracy_pre": 0.76, "accuracy_post": 0.26, "recourse_seeking_ixs": [252, 302, 392, 274, 300, 369, 228, 382, 245, 367, 201, 383, 208, 222, 253, 273, 340, 372, 384, 266, 209, 239, 394, 282, 359, 315, 373, 308, 330, 336, 241, 399, 325, 306, 290, 332, 389, 327, 287, 237, 363, 244, 256, 378, 321, 328, 323, 212, 364, 319], "recourse_recommended_ixs": [252, 302, 392, 274, 300, 369, 228, 382, 245, 367, 201, 383, 208, 222, 253, 273, 340, 372, 384, 266, 209, 239, 394, 282, 359, 315, 373, 308, 330, 336, 241, 399, 325, 306, 290, 332, 389, 327, 287, 237, 363, 244, 256, 378, 321, 328, 323, 212, 364, 319], "perc_recomm_found": 1.0, "gamma": 0.75, "eta": 0.75, "gamma_obs": 0.25999999046325684, "gamma_obs_pre": 0.23999999463558197, "eta_obs": 1.0, "costs": [1.0, 1.0, 1.0], "lbd": 300.0, "thresh": 0.5, "r_type": "individualized", "t_type": "counterfactual", "eta_obs_individualized": NaN, "eta_obs_refits_batch0_mean": 0.7959999442100525, "model_score": 0.78, "model_f1": 0.7884615384615384, "model_refits_batch0_scores": [0.785, 0.77, 0.76, 0.755, 0.765], "model_refits_batch0_f1s": [0.7881773399014779, 0.7722772277227722, 0.7692307692307692, 0.7655502392344499, 0.7853881278538812], "model_coef": [[-0.6543354723990018, -0.13954819112395847, 1.2199991356442148], [-0.671315137719018]]}