{"accuracy_pre": 0.85, "accuracy_post": 0.77, "recourse_seeking_ixs": [339, 402, 416, 331, 311, 478, 472, 410, 400, 295, 404, 432, 413, 476, 441, 492, 315, 253, 307, 449, 454, 491, 419, 395, 300, 348, 422, 499, 420, 255, 327, 494, 263, 332, 308, 421, 498, 288, 382, 418, 445, 462, 480, 442, 364, 374, 465, 275, 305, 335, 363, 290, 426, 251, 268, 409, 477, 302, 469, 485, 287, 328, 458, 299, 429, 457, 282, 273, 274, 390, 254, 258, 408, 379, 298, 357, 289, 310, 371, 351, 414, 424, 281, 347, 271, 434, 470, 350, 484, 265, 471, 250, 279, 496, 320, 257, 423, 438, 466, 314], "recourse_recommended_ixs": [339, 402, 416, 331, 311, 478, 472, 410, 400, 295, 404, 432, 413, 476, 441, 492, 315, 253, 307, 449, 454, 491, 419, 395, 300, 348, 422, 499, 420, 255, 327, 494, 263, 332, 308, 421, 498, 288, 382, 418, 445, 462, 480, 442, 364, 374, 465, 275, 305, 335, 363, 290, 426, 251, 268, 409, 477, 302, 469, 485, 287, 328, 458, 299, 429, 457, 282, 273, 274, 390, 254, 258, 408, 379, 298, 357, 289, 310, 371, 351, 414, 424, 281, 347, 271, 434, 470, 350, 484, 265, 471, 250, 279, 496, 320, 257, 423, 438, 466, 314], "perc_recomm_found": 1.0, "gamma": 0.75, "eta": 0.75, "gamma_obs": 0.7699999809265137, "gamma_obs_pre": 0.15000000596046448, "eta_obs": 0.82, "costs": [1.0, 1.0], "lbd": 100.0, "thresh": 0.5, "r_type": "subpopulation", "t_type": "improvement", "eta_obs_individualized": NaN, "eta_obs_refits_batch0_mean": 0.8460000157356262, "model_score": 0.848, "model_f1": 0.8347826086956522, "model_refits_batch0_scores": [0.84, 0.836, 0.844, 0.848, 0.848], "model_refits_batch0_f1s": [0.8260869565217391, 0.8270042194092827, 0.8311688311688311, 0.8362068965517241, 0.8288288288288288], "model_coef": [[-0.16667853188412862, -0.2163740372566479, 1.1185904589022906], [-0.7232530892363257]]}