{"accuracy_pre": 0.92, "accuracy_post": 0.3, "recourse_seeking_ixs": [208, 364, 226, 311, 245, 397, 372, 355, 280, 287, 255, 348, 339, 365, 265, 306, 346, 310, 318, 375, 223, 301, 298, 246, 305, 291, 349, 230, 238, 352, 396, 360, 383, 229, 293, 282, 366, 344, 303, 382, 242, 288, 262, 281, 211, 296, 272, 267, 389, 368], "recourse_recommended_ixs": [208, 364, 226, 311, 245, 397, 372, 355, 280, 287, 255, 348, 339, 365, 265, 306, 346, 310, 318, 375, 223, 301, 298, 246, 305, 291, 349, 230, 238, 352, 396, 360, 383, 229, 293, 282, 366, 344, 303, 382, 242, 288, 262, 281, 211, 296, 272, 267, 389, 368], "perc_recomm_found": 1.0, "gamma": 0.95, "eta": 0.95, "gamma_obs": 0.30000001192092896, "gamma_obs_pre": 0.07999999821186066, "eta_obs": 1.0, "costs": [1.0, 1.0, 1.0], "lbd": 300.0, "thresh": 0.5, "r_type": "subpopulation", "t_type": "acceptance", "eta_obs_individualized": NaN, "eta_obs_refits_batch0_mean": 0.8199999928474426, "model_score": 0.88, "model_f1": 0.8846153846153846, "model_refits_batch0_scores": [0.83, 0.865, 0.87, 0.88, 0.85], "model_refits_batch0_f1s": [0.826530612244898, 0.8695652173913043, 0.8712871287128714, 0.883495145631068, 0.8557692307692307], "model_coef": [[-0.027413339841056893, 0.924730769272787, 1.555533137226968], [0.3547870215765537]]}