{"accuracy_pre": 0.99, "accuracy_post": 0.92, "recourse_seeking_ixs": [1494, 1589, 1961, 1244, 1025, 1588, 1781, 1537, 1470, 1724, 1391, 1031, 1256, 1554, 1203, 1206, 1211, 1531, 1165, 1741, 1647, 1313, 1568, 1518, 1016, 1014, 1556, 1890, 1415, 1316, 1519, 1428, 1488, 1823, 1704, 1930, 1582, 1529, 1308, 1193, 1357, 1194, 1579, 1011, 1746, 1154, 1048, 1078, 1474, 1296, 1883, 1001, 1453, 1847, 1720, 1226, 1959, 1133, 1379, 1845, 1689, 1928, 1960, 1751, 1934, 1319, 1606, 1437, 1282, 1204, 1954, 1144, 1033, 1283, 1520, 1829, 1693, 1293, 1348, 1295, 1649, 1020, 1906, 1873, 1289, 1629, 1309, 1983, 1684, 1626, 1803, 1907, 1651, 1230, 1146, 1292, 1000, 1759, 1627, 1507], "recourse_recommended_ixs": [1494, 1589, 1961, 1244, 1025, 1588, 1781, 1537, 1470, 1724, 1391, 1031, 1256, 1554, 1203, 1206, 1211, 1531, 1165, 1741, 1647, 1313, 1568, 1518, 1016, 1014, 1556, 1890, 1415, 1316, 1519, 1428, 1488, 1823, 1704, 1930, 1582, 1529, 1308, 1193, 1357, 1194, 1579, 1011, 1746, 1154, 1048, 1078, 1474, 1296, 1883, 1001, 1453, 1847, 1720, 1226, 1959, 1133, 1379, 1845, 1689, 1928, 1960, 1751, 1934, 1319, 1606, 1437, 1282, 1204, 1954, 1144, 1033, 1283, 1520, 1829, 1693, 1293, 1348, 1295, 1649, 1020, 1906, 1873, 1289, 1629, 1309, 1983, 1684, 1626, 1803, 1907, 1651, 1230, 1146, 1292, 1000, 1759, 1627, 1507], "perc_recomm_found": 1.0, "gamma": 0.95, "eta": 0.95, "gamma_obs": 1.0, "gamma_obs_pre": 0.009999999776482582, "eta_obs": 0.92, "costs": [1.0, 1.0], "lbd": 150.0, "thresh": 0.5, "r_type": "individualized", "t_type": "improvement", "eta_obs_individualized": 1.0, "eta_obs_refits_batch0_mean": 0.9359999895095825, "model_score": 0.845, "model_f1": 0.9989462592202318, "model_refits_batch0_scores": [0.999, 0.999, 0.997, 0.998, 0.998], "model_refits_batch0_f1s": [0.9989929506545822, 0.9989929506545822, 0.9969727547931382, 0.9979879275653923, 0.9979838709677419], "model_coef": NaN}