{"accuracy_pre": 1.0, "accuracy_post": 0.0, "recourse_seeking_ixs": [209, 326, 303, 224, 264, 267, 219, 337, 213, 339, 332, 225, 347, 317, 351, 238, 362, 208, 235, 263, 244, 376, 248, 242, 296, 217, 322, 382, 338, 262, 236, 392, 390, 205, 293, 356, 202, 251, 277, 227, 394, 253, 371, 367, 283, 340, 216, 353, 325, 384], "recourse_recommended_ixs": [209, 326, 303, 224, 264, 267, 219, 337, 213, 339, 332, 225, 347, 317, 351, 238, 362, 208, 235, 263, 244, 376, 248, 242, 296, 217, 322, 382, 338, 262, 236, 392, 390, 205, 293, 356, 202, 251, 277, 227, 394, 253, 371, 367, 283, 340, 216, 353, 325, 384], "perc_recomm_found": 1.0, "gamma": 0.85, "eta": 0.85, "gamma_obs": 0.0, "gamma_obs_pre": 0.0, "eta_obs": 1.0, "costs": [5.0, 5.0, 0.0001, 0.01, 0.1], "lbd": 300.0, "thresh": 0.5, "r_type": "subpopulation", "t_type": "acceptance", "eta_obs_individualized": NaN, "eta_obs_refits_batch0_mean": 1.0, "model_score": 1.0, "model_f1": 1.0, "model_refits_batch0_scores": [1.0, 1.0, 1.0, 1.0, 1.0], "model_refits_batch0_f1s": [1.0, 1.0, 1.0, 1.0, 1.0], "model_coef": [[-1.5993085870025386e-05, 4.4832218659505406e-05, 0.027561909976115444, 7.124567944101945e-05, 0.0002743780694399988], [-15.29119042839106]]}