{"accuracy_pre": 0.88, "accuracy_post": 0.68, "recourse_seeking_ixs": [222, 383, 372, 389, 243, 234, 320, 328, 316, 211, 228, 377, 326, 271, 361, 327, 336, 209, 262, 314, 317, 250, 363, 286, 207, 390, 210, 324, 263, 371, 394, 323, 331, 398, 201, 360, 332, 362, 282, 283, 266, 276, 206, 290, 257, 231, 352, 241, 347, 268], "recourse_recommended_ixs": [222, 383, 372, 389, 243, 234, 320, 328, 316, 211, 228, 377, 326, 271, 361, 327, 336, 209, 262, 314, 317, 250, 363, 286, 207, 390, 210, 324, 263, 371, 394, 323, 331, 398, 201, 360, 332, 362, 282, 283, 266, 276, 206, 290, 257, 231, 352, 241, 347, 268], "perc_recomm_found": 1.0, "gamma": 0.75, "eta": 0.75, "gamma_obs": 0.6200000047683716, "gamma_obs_pre": 0.11999999731779099, "eta_obs": 0.86, "costs": [1.0, 1.0], "lbd": 300.0, "thresh": 0.5, "r_type": "subpopulation", "t_type": "improvement", "eta_obs_individualized": NaN, "eta_obs_refits_batch0_mean": 0.8159999847412109, "model_score": 0.845, "model_f1": 0.8426395939086294, "model_refits_batch0_scores": [0.83, 0.85, 0.845, 0.85, 0.85], "model_refits_batch0_f1s": [0.8210526315789474, 0.8469387755102041, 0.8426395939086294, 0.8453608247422681, 0.8529411764705883], "model_coef": [[0.3649932329484359, 0.048490336368937896, 0.7297688937818009], [-0.3313201747853932]]}