{"accuracy_pre": 0.89, "accuracy_post": 0.14, "recourse_seeking_ixs": [487, 392, 263, 448, 460, 442, 361, 267, 258, 339, 493, 410, 435, 332, 295, 430, 464, 399, 407, 485, 334, 314, 486, 316, 357, 300, 272, 444, 277, 297, 323, 428, 418, 457, 255, 270, 342, 404, 425, 307, 320, 304, 326, 431, 398, 279, 367, 422, 391, 415, 496, 280, 462, 381, 498, 419, 400, 416, 302, 368, 296, 377, 376, 488, 440, 350, 363, 417, 456, 285, 369, 335, 262, 325, 438, 259, 473, 370, 436, 379, 411, 318, 414, 388, 319, 268, 278, 308, 452, 366, 429, 461, 359, 437, 371, 364, 358, 251, 455, 374], "recourse_recommended_ixs": [487, 392, 263, 448, 460, 442, 361, 267, 258, 339, 493, 410, 435, 332, 295, 430, 464, 399, 407, 485, 334, 314, 486, 316, 357, 300, 272, 444, 277, 297, 323, 428, 418, 457, 255, 270, 342, 404, 425, 307, 320, 304, 326, 431, 398, 279, 367, 422, 391, 415, 496, 280, 462, 381, 498, 419, 400, 416, 302, 368, 296, 377, 376, 488, 440, 350, 363, 417, 456, 285, 369, 335, 262, 325, 438, 259, 473, 370, 436, 379, 411, 318, 414, 388, 319, 268, 278, 308, 452, 366, 429, 461, 359, 437, 371, 364, 358, 251, 455, 374], "perc_recomm_found": 1.0, "gamma": 0.75, "eta": 0.75, "gamma_obs": 0.14000000059604645, "gamma_obs_pre": 0.10999999940395355, "eta_obs": 1.0, "costs": [1.0, 1.0, 1.0], "lbd": 100.0, "thresh": 0.5, "r_type": "subpopulation", "t_type": "acceptance", "eta_obs_individualized": NaN, "eta_obs_refits_batch0_mean": 0.9760000109672546, "model_score": 0.848, "model_f1": 0.8492063492063493, "model_refits_batch0_scores": [0.852, 0.848, 0.864, 0.84, 0.852], "model_refits_batch0_f1s": [0.8549019607843137, 0.8503937007874016, 0.8682170542635659, 0.8360655737704918, 0.8593155893536122], "model_coef": [[0.011319020608302553, -0.4655821875182411, 1.183147022904338], [-0.6228395093025708]]}