{"accuracy_pre": 1.0, "accuracy_post": 0.46, "recourse_seeking_ixs": [1685, 1360, 1798, 1870, 1985, 1040, 1437, 1995, 1362, 1221, 1681, 1942, 1940, 1111, 1766, 1933, 1871, 1989, 1659, 1658, 1397, 1998, 1751, 1287, 1865, 1588, 1366, 1484, 1369, 1373, 1841, 1352, 1010, 1319, 1816, 1781, 1646, 1223, 1414, 1872, 1639, 1457, 1462, 1713, 1197, 1065, 1968, 1097, 1884, 1631, 1593, 1201, 1361, 1924, 1391, 1860, 1076, 1665, 1911, 1034, 1363, 1864, 1303, 1492, 1486, 1821, 1195, 1274, 1973, 1709, 1316, 1071, 1915, 1708, 1635, 1203, 1030, 1563, 1281, 1629, 1356, 1376, 1533, 1168, 1690, 1036, 1302, 1541, 1364, 1147, 1310, 1931, 1619, 1896, 1145, 1312, 1883, 1771, 1276, 1660], "recourse_recommended_ixs": [1685, 1360, 1798, 1870, 1985, 1040, 1437, 1995, 1362, 1221, 1681, 1942, 1940, 1111, 1766, 1933, 1871, 1989, 1659, 1658, 1397, 1998, 1751, 1287, 1865, 1588, 1366, 1484, 1369, 1373, 1841, 1352, 1010, 1319, 1816, 1781, 1646, 1223, 1414, 1872, 1639, 1457, 1462, 1713, 1197, 1065, 1968, 1097, 1884, 1631, 1593, 1201, 1361, 1924, 1391, 1860, 1076, 1665, 1911, 1034, 1363, 1864, 1303, 1492, 1486, 1821, 1195, 1274, 1973, 1709, 1316, 1071, 1915, 1708, 1635, 1203, 1030, 1563, 1281, 1629, 1356, 1376, 1533, 1168, 1690, 1036, 1302, 1541, 1364, 1147, 1310, 1931, 1619, 1896, 1145, 1312, 1883, 1771, 1276, 1660], "perc_recomm_found": 1.0, "gamma": 0.95, "eta": 0.95, "gamma_obs": 0.4099999964237213, "gamma_obs_pre": 0.0, "eta_obs": 1.0, "costs": [1.0, 1.0, 1.0], "lbd": 150.0, "thresh": 0.5, "r_type": "individualized", "t_type": "counterfactual", "eta_obs_individualized": NaN, "eta_obs_refits_batch0_mean": 0.6100000143051147, "model_score": 0.887, "model_f1": 0.9990069513406157, "model_refits_batch0_scores": [0.998, 0.998, 0.999, 0.998, 0.998], "model_refits_batch0_f1s": [0.99800796812749, 0.99800796812749, 0.9990069513406157, 0.99800796812749, 0.99800796812749], "model_coef": NaN}