{"accuracy_pre": 0.75, "accuracy_post": 0.96, "recourse_seeking_ixs": [581, 701, 691, 619, 599, 645, 638, 549, 999, 988, 696, 739, 585, 820, 746, 822, 501, 941, 865, 763, 993, 942, 693, 690, 715, 502, 551, 732, 869, 550, 776, 700, 706, 534, 929, 597, 779, 630, 892, 614, 675, 905, 759, 646, 713, 673, 826, 886, 992, 548, 995, 590, 565, 610, 923, 547, 965, 827, 769, 980, 922, 620, 655, 780, 907, 796, 771, 535, 623, 899, 982, 636, 976, 966, 838, 519, 660, 778, 714, 904, 635, 896, 912, 802, 544, 860, 510, 977, 651, 783, 745, 552, 960, 954, 625, 978, 843, 698, 840, 868], "recourse_recommended_ixs": [581, 701, 691, 619, 599, 645, 638, 549, 999, 988, 696, 739, 585, 820, 746, 822, 501, 941, 865, 763, 993, 942, 693, 690, 715, 502, 551, 732, 869, 550, 776, 700, 706, 534, 929, 597, 779, 630, 892, 614, 675, 905, 759, 646, 713, 673, 826, 886, 992, 548, 995, 590, 565, 610, 923, 547, 965, 827, 769, 980, 922, 620, 655, 780, 907, 796, 771, 535, 623, 899, 982, 636, 976, 966, 838, 519, 660, 778, 714, 904, 635, 896, 912, 802, 544, 860, 510, 977, 651, 783, 745, 552, 960, 954, 625, 978, 843, 698, 840, 868], "perc_recomm_found": 1.0, "gamma": 0.95, "eta": 0.95, "gamma_obs": 0.9599999785423279, "gamma_obs_pre": 0.25, "eta_obs": 1.0, "costs": [1.0, 1.0], "lbd": 300.0, "thresh": 0.5, "r_type": "individualized", "t_type": "improvement", "eta_obs_individualized": 1.0, "eta_obs_refits_batch0_mean": 1.0, "model_score": 0.82, "model_f1": 0.8401486988847583, "model_refits_batch0_scores": [0.83, 0.822, 0.816, 0.824, 0.822], "model_refits_batch0_f1s": [0.8268839103869655, 0.8118393234672305, 0.7973568281938326, 0.8095238095238094, 0.8086021505376344], "model_coef": NaN}