{"accuracy_pre": 1.0, "accuracy_post": 0.95, "recourse_seeking_ixs": [1860, 1564, 1565, 1476, 1443, 1988, 1216, 1593, 1308, 1625, 1288, 1263, 1784, 1230, 1071, 1199, 1245, 1870, 1725, 1231, 1219, 1751, 1170, 1681, 1397, 1696, 1560, 1295, 1537, 1990, 1132, 1726, 1198, 1209, 1269, 1519, 1595, 1976, 1111, 1935, 1391, 1569, 1650, 1824, 1193, 1738, 1713, 1081, 1664, 1310, 1234, 1872, 1520, 1529, 1431, 1606, 1836, 1773, 1915, 1835, 1203, 1421, 1036, 1535, 1856, 1102, 1282, 1707, 1457, 1645, 1276, 1952, 1128, 1610, 1770, 1320, 1372, 1667, 1572, 1627, 1801, 1701, 1342, 1284, 1168, 1597, 1962, 1540, 1517, 1130, 1033, 1486, 1864, 1752, 1743, 1319, 1236, 1778, 1028, 1711], "recourse_recommended_ixs": [1860, 1564, 1565, 1476, 1443, 1988, 1216, 1593, 1308, 1625, 1288, 1263, 1784, 1230, 1071, 1199, 1245, 1870, 1725, 1231, 1219, 1751, 1170, 1681, 1397, 1696, 1560, 1295, 1537, 1990, 1132, 1726, 1198, 1209, 1269, 1519, 1595, 1976, 1111, 1935, 1391, 1569, 1650, 1824, 1193, 1738, 1713, 1081, 1664, 1310, 1234, 1872, 1520, 1529, 1431, 1606, 1836, 1773, 1915, 1835, 1203, 1421, 1036, 1535, 1856, 1102, 1282, 1707, 1457, 1645, 1276, 1952, 1128, 1610, 1770, 1320, 1372, 1667, 1572, 1627, 1801, 1701, 1342, 1284, 1168, 1597, 1962, 1540, 1517, 1130, 1033, 1486, 1864, 1752, 1743, 1319, 1236, 1778, 1028, 1711], "perc_recomm_found": 1.0, "gamma": 0.75, "eta": 0.75, "gamma_obs": 1.0, "gamma_obs_pre": 0.0, "eta_obs": 0.96, "costs": [1.0, 1.0], "lbd": 150.0, "thresh": 0.5, "r_type": "individualized", "t_type": "improvement", "eta_obs_individualized": 1.0, "eta_obs_refits_batch0_mean": 0.9520000219345093, "model_score": 0.993, "model_f1": 0.9930624380574826, "model_refits_batch0_scores": [0.998, 0.998, 0.999, 0.998, 0.998], "model_refits_batch0_f1s": [0.99800796812749, 0.99800796812749, 0.9990069513406157, 0.99800796812749, 0.99800796812749], "model_coef": NaN}