{"accuracy_pre": 0.98, "accuracy_post": 0.4, "recourse_seeking_ixs": [1737, 1130, 1361, 1319, 1198, 1840, 1093, 1110, 1420, 1711, 1097, 1752, 1594, 1973, 1533, 1269, 1807, 1961, 1568, 1864, 1789, 1982, 1679, 1701, 1931, 1454, 1277, 1306, 1084, 1855, 1067, 1742, 1464, 1233, 1632, 1363, 1340, 1213, 1649, 1414, 1668, 1372, 1597, 1806, 1842, 1418, 1761, 1552, 1658, 1439, 1103, 1431, 1070, 1884, 1746, 1077, 1373, 1519, 1606, 1348, 1100, 1969, 1619, 1366, 1625, 1002, 1907, 1886, 1006, 1645, 1202, 1504, 1898, 1817, 1118, 1320, 1929, 1539, 1057, 1572, 1270, 1485, 1733, 1899, 1906, 1950, 1652, 1797, 1879, 1823, 1924, 1805, 1324, 1254, 1327, 1290, 1011, 1399, 1707, 1595], "recourse_recommended_ixs": [1737, 1130, 1361, 1319, 1198, 1840, 1093, 1110, 1420, 1711, 1097, 1752, 1594, 1973, 1533, 1269, 1807, 1961, 1568, 1864, 1789, 1982, 1679, 1701, 1931, 1454, 1277, 1306, 1084, 1855, 1067, 1742, 1464, 1233, 1632, 1363, 1340, 1213, 1649, 1414, 1668, 1372, 1597, 1806, 1842, 1418, 1761, 1552, 1658, 1439, 1103, 1431, 1070, 1884, 1746, 1077, 1373, 1519, 1606, 1348, 1100, 1969, 1619, 1366, 1625, 1002, 1907, 1886, 1006, 1645, 1202, 1504, 1898, 1817, 1118, 1320, 1929, 1539, 1057, 1572, 1270, 1485, 1733, 1899, 1906, 1950, 1652, 1797, 1879, 1823, 1924, 1805, 1324, 1254, 1327, 1290, 1011, 1399, 1707, 1595], "perc_recomm_found": 1.0, "gamma": 0.95, "eta": 0.95, "gamma_obs": 0.4000000059604645, "gamma_obs_pre": 0.019999999552965164, "eta_obs": 1.0, "costs": [1.0, 1.0, 1.0], "lbd": 150.0, "thresh": 0.5, "r_type": "subpopulation", "t_type": "acceptance", "eta_obs_individualized": NaN, "eta_obs_refits_batch0_mean": 1.0, "model_score": 0.994, "model_f1": 1.0, "model_refits_batch0_scores": [0.999, 0.996, 0.996, 0.996, 0.996], "model_refits_batch0_f1s": [0.9990009990009989, 0.9959919839679359, 0.9959919839679359, 0.9959919839679359, 0.9959919839679359], "model_coef": NaN}