{"accuracy_pre": 0.78, "accuracy_post": 0.36, "recourse_seeking_ixs": [727, 982, 688, 850, 806, 740, 987, 718, 619, 676, 596, 978, 624, 650, 711, 673, 739, 642, 720, 872, 731, 587, 842, 590, 881, 674, 734, 661, 656, 738, 892, 867, 870, 771, 632, 707, 940, 520, 741, 969, 791, 887, 629, 543, 808, 954, 534, 657, 836, 617, 644, 775, 882, 719, 516, 748, 827, 802, 900, 693, 959, 903, 761, 706, 578, 662, 702, 766, 737, 822, 692, 671, 722, 785, 860, 542, 522, 914, 639, 810, 726, 605, 948, 990, 902, 792, 968, 844, 815, 564, 960, 602, 938, 509, 581, 583, 998, 830, 615, 638], "recourse_recommended_ixs": [727, 982, 688, 850, 806, 740, 987, 718, 619, 676, 596, 978, 624, 650, 711, 673, 739, 642, 720, 872, 731, 587, 842, 590, 881, 674, 734, 661, 656, 738, 892, 867, 870, 771, 632, 707, 940, 520, 741, 969, 791, 887, 629, 543, 808, 954, 534, 657, 836, 617, 644, 775, 882, 719, 516, 748, 827, 802, 900, 693, 959, 903, 761, 706, 578, 662, 702, 766, 737, 822, 692, 671, 722, 785, 860, 542, 522, 914, 639, 810, 726, 605, 948, 990, 902, 792, 968, 844, 815, 564, 960, 602, 938, 509, 581, 583, 998, 830, 615, 638], "perc_recomm_found": 1.0, "gamma": 0.95, "eta": 0.95, "gamma_obs": 0.36000001430511475, "gamma_obs_pre": 0.2199999988079071, "eta_obs": 1.0, "costs": [1.0, 1.0, 1.0], "lbd": 300.0, "thresh": 0.5, "r_type": "subpopulation", "t_type": "acceptance", "eta_obs_individualized": NaN, "eta_obs_refits_batch0_mean": 0.3219999670982361, "model_score": 0.77, "model_f1": 0.7686274509803922, "model_refits_batch0_scores": [0.794, 0.79, 0.778, 0.774, 0.806], "model_refits_batch0_f1s": [0.7935871743486975, 0.7789473684210526, 0.7633262260127932, 0.7670103092783506, 0.7931769722814498], "model_coef": NaN}