{"accuracy_pre": 0.82, "accuracy_post": 0.22, "recourse_seeking_ixs": [282, 352, 325, 382, 395, 337, 248, 397, 393, 247, 365, 276, 385, 287, 234, 294, 232, 335, 236, 296, 323, 273, 372, 326, 328, 370, 374, 207, 274, 269, 253, 378, 277, 244, 371, 233, 259, 225, 306, 218, 362, 324, 346, 238, 309, 381, 389, 229, 286, 343], "recourse_recommended_ixs": [282, 352, 325, 382, 395, 337, 248, 397, 393, 247, 365, 276, 385, 287, 234, 294, 232, 335, 236, 296, 323, 273, 372, 326, 328, 370, 374, 207, 274, 269, 253, 378, 277, 244, 371, 233, 259, 225, 306, 218, 362, 324, 346, 238, 309, 381, 389, 229, 286, 343], "perc_recomm_found": 1.0, "gamma": 0.95, "eta": 0.95, "gamma_obs": 0.2199999988079071, "gamma_obs_pre": 0.18000000715255737, "eta_obs": 1.0, "costs": [1.0, 1.0, 1.0], "lbd": 300.0, "thresh": 0.5, "r_type": "subpopulation", "t_type": "acceptance", "eta_obs_individualized": NaN, "eta_obs_refits_batch0_mean": 0.7080000042915344, "model_score": 0.88, "model_f1": 0.875, "model_refits_batch0_scores": [0.885, 0.86, 0.875, 0.875, 0.85], "model_refits_batch0_f1s": [0.882051282051282, 0.851063829787234, 0.8704663212435233, 0.8663101604278074, 0.8529411764705883], "model_coef": [[0.3892079494959561, -0.05093963321306583, 0.8190394109383161], [-0.2865466860483544]]}