{"accuracy_pre": 0.72, "accuracy_post": 0.32, "recourse_seeking_ixs": [212, 353, 314, 311, 395, 361, 334, 257, 225, 228, 359, 232, 264, 268, 365, 235, 296, 281, 313, 357, 201, 342, 376, 210, 351, 258, 240, 380, 259, 242, 335, 222, 229, 362, 387, 302, 286, 230, 238, 369, 326, 322, 396, 280, 288, 243, 262, 316, 236, 298], "recourse_recommended_ixs": [212, 353, 314, 311, 395, 361, 334, 257, 225, 228, 359, 232, 264, 268, 365, 235, 296, 281, 313, 357, 201, 342, 376, 210, 351, 258, 240, 380, 259, 242, 335, 222, 229, 362, 387, 302, 286, 230, 238, 369, 326, 322, 396, 280, 288, 243, 262, 316, 236, 298], "perc_recomm_found": 1.0, "gamma": 0.9, "eta": 0.9, "gamma_obs": 0.3199999928474426, "gamma_obs_pre": 0.2800000011920929, "eta_obs": 1.0, "costs": [1.0, 1.0, 1.0], "lbd": 300.0, "thresh": 0.5, "r_type": "individualized", "t_type": "acceptance", "eta_obs_individualized": NaN, "eta_obs_refits_batch0_mean": 0.6640000343322754, "model_score": 0.845, "model_f1": 0.8426395939086295, "model_refits_batch0_scores": [0.835, 0.825, 0.825, 0.84, 0.835], "model_refits_batch0_f1s": [0.8341708542713568, 0.8167539267015707, 0.8205128205128205, 0.836734693877551, 0.8307692307692308], "model_coef": [[-0.6699833114956859, 0.22484049456811017, 1.0717938874424642], [-0.6204087413136883]]}