{"accuracy_pre": 0.84, "accuracy_post": 0.2, "recourse_seeking_ixs": [912, 721, 880, 801, 943, 548, 917, 812, 762, 702, 783, 757, 939, 981, 589, 876, 544, 854, 649, 769, 962, 681, 509, 727, 848, 704, 866, 689, 601, 847, 592, 798, 580, 996, 829, 793, 852, 542, 510, 666, 626, 503, 501, 948, 839, 703, 860, 853, 735, 974, 857, 671, 632, 738, 508, 846, 602, 535, 564, 925, 713, 662, 873, 744, 515, 743, 712, 734, 553, 637, 889, 611, 554, 625, 705, 851, 677, 694, 994, 693, 521, 656, 758, 828, 746, 786, 863, 928, 698, 776, 618, 733, 870, 794, 830, 869, 583, 716, 749, 768], "recourse_recommended_ixs": [912, 721, 880, 801, 943, 548, 917, 812, 762, 702, 783, 757, 939, 981, 589, 876, 544, 854, 649, 769, 962, 681, 509, 727, 848, 704, 866, 689, 601, 847, 592, 798, 580, 996, 829, 793, 852, 542, 510, 666, 626, 503, 501, 948, 839, 703, 860, 853, 735, 974, 857, 671, 632, 738, 508, 846, 602, 535, 564, 925, 713, 662, 873, 744, 515, 743, 712, 734, 553, 637, 889, 611, 554, 625, 705, 851, 677, 694, 994, 693, 521, 656, 758, 828, 746, 786, 863, 928, 698, 776, 618, 733, 870, 794, 830, 869, 583, 716, 749, 768], "perc_recomm_found": 1.0, "gamma": 0.95, "eta": 0.95, "gamma_obs": 0.18000000715255737, "gamma_obs_pre": 0.1599999964237213, "eta_obs": 0.98, "costs": [1.0, 1.0, 1.0], "lbd": 300.0, "thresh": 0.5, "r_type": "individualized", "t_type": "counterfactual", "eta_obs_individualized": NaN, "eta_obs_refits_batch0_mean": 0.4599999785423279, "model_score": 0.826, "model_f1": 0.8260869565217391, "model_refits_batch0_scores": [0.824, 0.822, 0.818, 0.804, 0.816], "model_refits_batch0_f1s": [0.8189300411522634, 0.8179959100204499, 0.8115942028985509, 0.7983539094650206, 0.8], "model_coef": [[-0.15516047170550962, 0.3887020845851001, 0.7972309199062461], [-0.34300633791006724]]}