{"accuracy_pre": 0.91, "accuracy_post": 0.53, "recourse_seeking_ixs": [661, 679, 941, 501, 549, 526, 731, 857, 894, 780, 564, 849, 850, 861, 881, 776, 688, 500, 948, 915, 946, 708, 757, 572, 824, 845, 532, 933, 546, 828, 886, 722, 567, 718, 987, 792, 817, 629, 935, 610, 737, 947, 702, 944, 514, 687, 683, 707, 820, 604, 614, 875, 685, 699, 539, 998, 734, 926, 871, 551, 928, 659, 515, 756, 663, 643, 665, 566, 749, 563, 821, 917, 943, 569, 609, 774, 574, 794, 606, 701, 504, 627, 726, 723, 530, 785, 583, 640, 523, 982, 877, 855, 898, 759, 815, 534, 544, 621, 959, 901], "recourse_recommended_ixs": [661, 679, 941, 501, 549, 526, 731, 857, 894, 780, 564, 849, 850, 861, 881, 776, 688, 500, 948, 915, 946, 708, 757, 572, 824, 845, 532, 933, 546, 828, 886, 722, 567, 718, 987, 792, 817, 629, 935, 610, 737, 947, 702, 944, 514, 687, 683, 707, 820, 604, 614, 875, 685, 699, 539, 998, 734, 926, 871, 551, 928, 659, 515, 756, 663, 643, 665, 566, 749, 563, 821, 917, 943, 569, 609, 774, 574, 794, 606, 701, 504, 627, 726, 723, 530, 785, 583, 640, 523, 982, 877, 855, 898, 759, 815, 534, 544, 621, 959, 901], "perc_recomm_found": 1.0, "gamma": 0.95, "eta": 0.95, "gamma_obs": 0.3199999928474426, "gamma_obs_pre": 0.09000000357627869, "eta_obs": 0.99, "costs": [1.0, 1.0, 1.0], "lbd": 300.0, "thresh": 0.5, "r_type": "subpopulation", "t_type": "counterfactual", "eta_obs_individualized": NaN, "eta_obs_refits_batch0_mean": 0.5400000214576721, "model_score": 0.874, "model_f1": 0.8760330578512396, "model_refits_batch0_scores": [0.89, 0.896, 0.876, 0.878, 0.874], "model_refits_batch0_f1s": [0.8842105263157893, 0.8884120171673819, 0.869198312236287, 0.8742268041237113, 0.8711656441717791], "model_coef": NaN}