{"accuracy_pre": 0.99, "accuracy_post": 1.0, "recourse_seeking_ixs": [1460, 1507, 1474, 1434, 1299, 1091, 1000, 1883, 1568, 1911, 1357, 1089, 1385, 1048, 1036, 1361, 1010, 1772, 1559, 1818, 1332, 1743, 1272, 1214, 1248, 1589, 1051, 1391, 1781, 1250, 1326, 1151, 1147, 1859, 1482, 1804, 1685, 1615, 1612, 1695, 1665, 1688, 1906, 1724, 1900, 1903, 1890, 1968, 1960, 1114, 1704, 1981, 1348, 1283, 1161, 1513, 1098, 1109, 1042, 1637, 1368, 1692, 1739, 1452, 1099, 1680, 1838, 1717, 1546, 1747, 1896, 1823, 1731, 1738, 1954, 1093, 1278, 1316, 1202, 1193, 1483, 1550, 1520, 1578, 1556, 1750, 1904, 1976, 1874, 1219, 1476, 1979, 1983, 1829, 1479, 1127, 1005, 1549, 1853, 1437], "recourse_recommended_ixs": [1460, 1507, 1474, 1434, 1299, 1091, 1000, 1883, 1568, 1911, 1357, 1089, 1385, 1048, 1036, 1361, 1010, 1772, 1559, 1818, 1332, 1743, 1272, 1214, 1248, 1589, 1051, 1391, 1781, 1250, 1326, 1151, 1147, 1859, 1482, 1804, 1685, 1615, 1612, 1695, 1665, 1688, 1906, 1724, 1900, 1903, 1890, 1968, 1960, 1114, 1704, 1981, 1348, 1283, 1161, 1513, 1098, 1109, 1042, 1637, 1368, 1692, 1739, 1452, 1099, 1680, 1838, 1717, 1546, 1747, 1896, 1823, 1731, 1738, 1954, 1093, 1278, 1316, 1202, 1193, 1483, 1550, 1520, 1578, 1556, 1750, 1904, 1976, 1874, 1219, 1476, 1979, 1983, 1829, 1479, 1127, 1005, 1549, 1853, 1437], "perc_recomm_found": 1.0, "gamma": 0.95, "eta": 0.95, "gamma_obs": 1.0, "gamma_obs_pre": 0.009999999776482582, "eta_obs": 1.0, "costs": [1.0, 1.0, 1.0], "lbd": 150.0, "thresh": 0.5, "r_type": "subpopulation", "t_type": "improvement", "eta_obs_individualized": NaN, "eta_obs_refits_batch0_mean": 1.0, "model_score": 0.688, "model_f1": 0.9989417989417989, "model_refits_batch0_scores": [0.996, 0.999, 0.996, 0.998, 0.993], "model_refits_batch0_f1s": [0.995967741935484, 0.9989929506545822, 0.9959919839679359, 0.9979919678714859, 0.993006993006993], "model_coef": NaN}