{"accuracy_pre": 0.85, "accuracy_post": 0.97, "recourse_seeking_ixs": [798, 665, 826, 701, 789, 905, 734, 955, 621, 763, 787, 962, 722, 874, 792, 642, 918, 830, 797, 695, 871, 583, 974, 772, 723, 998, 512, 606, 941, 568, 894, 750, 725, 899, 822, 783, 870, 505, 538, 877, 749, 523, 869, 854, 685, 754, 919, 577, 623, 861, 639, 813, 800, 655, 614, 930, 963, 533, 943, 529, 791, 645, 508, 683, 864, 987, 564, 718, 796, 949, 979, 928, 687, 530, 692, 651, 715, 847, 504, 732, 617, 748, 603, 627, 549, 961, 794, 947, 572, 526, 503, 713, 546, 558, 948, 616, 609, 774, 744, 534], "recourse_recommended_ixs": [798, 665, 826, 701, 789, 905, 734, 955, 621, 763, 787, 962, 722, 874, 792, 642, 918, 830, 797, 695, 871, 583, 974, 772, 723, 998, 512, 606, 941, 568, 894, 750, 725, 899, 822, 783, 870, 505, 538, 877, 749, 523, 869, 854, 685, 754, 919, 577, 623, 861, 639, 813, 800, 655, 614, 930, 963, 533, 943, 529, 791, 645, 508, 683, 864, 987, 564, 718, 796, 949, 979, 928, 687, 530, 692, 651, 715, 847, 504, 732, 617, 748, 603, 627, 549, 961, 794, 947, 572, 526, 503, 713, 546, 558, 948, 616, 609, 774, 744, 534], "perc_recomm_found": 1.0, "gamma": 0.95, "eta": 0.95, "gamma_obs": 0.9800000190734863, "gamma_obs_pre": 0.15000000596046448, "eta_obs": 0.99, "costs": [1.0, 1.0, 1.0], "lbd": 300.0, "thresh": 0.5, "r_type": "subpopulation", "t_type": "improvement", "eta_obs_individualized": NaN, "eta_obs_refits_batch0_mean": 0.9559999704360962, "model_score": 0.862, "model_f1": 0.8528784648187634, "model_refits_batch0_scores": [0.856, 0.846, 0.85, 0.846, 0.866], "model_refits_batch0_f1s": [0.8481012658227849, 0.832244008714597, 0.8414376321353065, 0.8372093023255814, 0.8635437881873727], "model_coef": NaN}