{"accuracy_pre": 1.0, "accuracy_post": 1.0, "recourse_seeking_ixs": [248, 342, 291, 297, 272, 370, 388, 221, 335, 315, 301, 329, 397, 399, 381, 232, 326, 302, 338, 249, 385, 274, 262, 260, 247, 398, 319, 355, 298, 234, 357, 246, 321, 346, 368, 279, 289, 245, 267, 328, 273, 365, 304, 276, 362, 217, 380, 295, 263, 351], "recourse_recommended_ixs": [248, 342, 291, 297, 272, 370, 388, 221, 335, 315, 301, 329, 397, 399, 381, 232, 326, 302, 338, 249, 385, 274, 262, 260, 247, 398, 319, 355, 298, 234, 357, 246, 321, 346, 368, 279, 289, 245, 267, 328, 273, 365, 304, 276, 362, 217, 380, 295, 263, 351], "perc_recomm_found": 1.0, "gamma": 0.9, "eta": 0.9, "gamma_obs": 0.94, "gamma_obs_pre": 0.0, "eta_obs": 0.94, "costs": [5.0, 5.0], "lbd": 300.0, "thresh": 0.5, "r_type": "subpopulation", "t_type": "improvement", "eta_obs_individualized": NaN, "eta_obs_refits_batch0_mean": 0.9399999999999998, "model_score": 0.995, "model_f1": 0.9964664310954063, "model_refits_batch0_scores": [0.99, 0.99, 1.0, 0.99, 0.985], "model_refits_batch0_f1s": [0.9929078014184397, 0.9929078014184397, 1.0, 0.9929078014184397, 0.9893992932862191], "model_coef": [[-0.22838770457895688, 0.5617071882378231, 0.006979002345526681, 0.21053030234592862, 1.0482022451566788], [-13.853632549890277]]}