{"accuracy_pre": 0.94, "accuracy_post": 0.18, "recourse_seeking_ixs": [343, 351, 284, 393, 346, 289, 246, 288, 214, 364, 277, 382, 227, 295, 327, 294, 322, 337, 264, 394, 314, 258, 301, 243, 323, 369, 268, 211, 330, 333, 237, 340, 210, 253, 374, 396, 338, 296, 263, 254, 350, 310, 285, 220, 366, 219, 212, 365, 266, 320], "recourse_recommended_ixs": [343, 351, 284, 393, 346, 289, 246, 288, 214, 364, 277, 382, 227, 295, 327, 294, 322, 337, 264, 394, 314, 258, 301, 243, 323, 369, 268, 211, 330, 333, 237, 340, 210, 253, 374, 396, 338, 296, 263, 254, 350, 310, 285, 220, 366, 219, 212, 365, 266, 320], "perc_recomm_found": 1.0, "gamma": 0.75, "eta": 0.75, "gamma_obs": 0.18000000715255737, "gamma_obs_pre": 0.05999999865889549, "eta_obs": 1.0, "costs": [1.0, 1.0, 1.0], "lbd": 300.0, "thresh": 0.5, "r_type": "individualized", "t_type": "counterfactual", "eta_obs_individualized": NaN, "eta_obs_refits_batch0_mean": 0.6040000319480896, "model_score": 0.85, "model_f1": 0.8571428571428571, "model_refits_batch0_scores": [0.85, 0.815, 0.8, 0.845, 0.86], "model_refits_batch0_f1s": [0.8571428571428571, 0.8294930875576036, 0.8148148148148148, 0.8502415458937198, 0.8653846153846154], "model_coef": [[0.05864341800356626, 0.4888691119353773, 0.6425110721738136], [-0.10469144681029367]]}