{"accuracy_pre": 0.92, "accuracy_post": 0.48, "recourse_seeking_ixs": [349, 321, 276, 347, 205, 271, 325, 279, 397, 391, 229, 304, 228, 270, 262, 354, 387, 315, 202, 356, 322, 373, 293, 266, 348, 286, 264, 296, 290, 222, 247, 223, 392, 381, 363, 284, 273, 371, 233, 316, 318, 214, 346, 206, 242, 323, 248, 301, 302, 383], "recourse_recommended_ixs": [349, 321, 276, 347, 205, 271, 325, 279, 397, 391, 229, 304, 228, 270, 262, 354, 387, 315, 202, 356, 322, 373, 293, 266, 348, 286, 264, 296, 290, 222, 247, 223, 392, 381, 363, 284, 273, 371, 233, 316, 318, 214, 346, 206, 242, 323, 248, 301, 302, 383], "perc_recomm_found": 1.0, "gamma": 0.85, "eta": 0.85, "gamma_obs": 0.47999998927116394, "gamma_obs_pre": 0.07999999821186066, "eta_obs": 1.0, "costs": [1.0, 1.0, 1.0], "lbd": 300.0, "thresh": 0.5, "r_type": "individualized", "t_type": "acceptance", "eta_obs_individualized": NaN, "eta_obs_refits_batch0_mean": 0.4959999918937683, "model_score": 0.89, "model_f1": 0.8804347826086957, "model_refits_batch0_scores": [0.895, 0.87, 0.885, 0.895, 0.9], "model_refits_batch0_f1s": [0.8888888888888888, 0.8522727272727272, 0.8795811518324608, 0.8771929824561404, 0.8876404494382023], "model_coef": [[0.30272364211163727, 1.1932620295146266, 1.324748135898973], [-0.25230761405238317]]}