{"accuracy_pre": 0.77, "accuracy_post": 0.77, "recourse_seeking_ixs": [452, 292, 350, 498, 376, 334, 487, 402, 412, 439, 309, 428, 410, 342, 465, 440, 344, 324, 493, 381, 416, 278, 495, 356, 436, 338, 390, 257, 352, 297, 395, 251, 418, 326, 288, 260, 482, 261, 431, 255, 339, 494, 336, 396, 301, 283, 279, 294, 375, 451, 447, 443, 499, 264, 426, 266, 282, 400, 351, 312, 353, 340, 434, 253, 286, 313, 425, 374, 310, 358, 379, 305, 322, 331, 427, 299, 300, 459, 389, 470, 329, 272, 268, 446, 368, 489, 365, 491, 411, 393, 290, 333, 321, 460, 445, 479, 399, 320, 369, 417], "recourse_recommended_ixs": [452, 292, 350, 498, 376, 334, 487, 402, 412, 439, 309, 428, 410, 342, 465, 440, 344, 324, 493, 381, 416, 278, 495, 356, 436, 338, 390, 257, 352, 297, 395, 251, 418, 326, 288, 260, 482, 261, 431, 255, 339, 494, 336, 396, 301, 283, 279, 294, 375, 451, 447, 443, 499, 264, 426, 266, 282, 400, 351, 312, 353, 340, 434, 253, 286, 313, 425, 374, 310, 358, 379, 305, 322, 331, 427, 299, 300, 459, 389, 470, 329, 272, 268, 446, 368, 489, 365, 491, 411, 393, 290, 333, 321, 460, 445, 479, 399, 320, 369, 417], "perc_recomm_found": 1.0, "gamma": 0.75, "eta": 0.75, "gamma_obs": 0.75, "gamma_obs_pre": 0.23000000417232513, "eta_obs": 0.96, "costs": [1.0, 1.0], "lbd": 100.0, "thresh": 0.5, "r_type": "individualized", "t_type": "improvement", "eta_obs_individualized": 0.72, "eta_obs_refits_batch0_mean": 0.8899999856948853, "model_score": 0.78, "model_f1": 0.7985347985347986, "model_refits_batch0_scores": [0.792, 0.792, 0.8, 0.784, 0.788], "model_refits_batch0_f1s": [0.8088235294117648, 0.8059701492537314, 0.8091603053435114, 0.8029197080291971, 0.8072727272727273], "model_coef": [[0.019921245174506698, -0.07225109570491474, 0.9684320407921226], [-0.16544405042990218]]}