{"accuracy_pre": 0.95, "accuracy_post": 0.63, "recourse_seeking_ixs": [712, 621, 543, 813, 843, 803, 766, 659, 833, 652, 523, 954, 625, 945, 778, 979, 534, 723, 639, 870, 852, 669, 831, 588, 713, 597, 616, 517, 848, 904, 784, 844, 800, 742, 823, 678, 992, 785, 849, 762, 993, 807, 922, 840, 769, 879, 981, 752, 743, 779, 680, 635, 533, 999, 555, 792, 871, 505, 502, 944, 970, 841, 986, 628, 749, 918, 812, 863, 775, 977, 859, 968, 726, 614, 855, 821, 668, 524, 604, 884, 953, 880, 901, 705, 744, 895, 847, 660, 858, 759, 598, 624, 798, 975, 758, 675, 700, 890, 818, 709], "recourse_recommended_ixs": [712, 621, 543, 813, 843, 803, 766, 659, 833, 652, 523, 954, 625, 945, 778, 979, 534, 723, 639, 870, 852, 669, 831, 588, 713, 597, 616, 517, 848, 904, 784, 844, 800, 742, 823, 678, 992, 785, 849, 762, 993, 807, 922, 840, 769, 879, 981, 752, 743, 779, 680, 635, 533, 999, 555, 792, 871, 505, 502, 944, 970, 841, 986, 628, 749, 918, 812, 863, 775, 977, 859, 968, 726, 614, 855, 821, 668, 524, 604, 884, 953, 880, 901, 705, 744, 895, 847, 660, 858, 759, 598, 624, 798, 975, 758, 675, 700, 890, 818, 709], "perc_recomm_found": 1.0, "gamma": 0.95, "eta": 0.95, "gamma_obs": 0.4000000059604645, "gamma_obs_pre": 0.05000000074505806, "eta_obs": 1.0, "costs": [1.0, 1.0, 1.0], "lbd": 300.0, "thresh": 0.5, "r_type": "individualized", "t_type": "counterfactual", "eta_obs_individualized": NaN, "eta_obs_refits_batch0_mean": 0.5659999847412109, "model_score": 0.71, "model_f1": 0.7983193277310924, "model_refits_batch0_scores": [0.89, 0.896, 0.876, 0.878, 0.874], "model_refits_batch0_f1s": [0.8842105263157893, 0.8884120171673819, 0.869198312236287, 0.8742268041237113, 0.8711656441717791], "model_coef": NaN}