{"accuracy_pre": 0.89, "accuracy_post": 0.81, "recourse_seeking_ixs": [575, 748, 776, 940, 613, 625, 957, 817, 628, 840, 952, 752, 866, 994, 961, 622, 736, 901, 814, 784, 771, 963, 891, 809, 739, 953, 922, 950, 925, 948, 619, 791, 964, 685, 820, 555, 843, 539, 529, 897, 789, 774, 954, 890, 723, 589, 571, 735, 566, 677, 756, 554, 848, 863, 704, 548, 695, 578, 924, 530, 567, 889, 916, 985, 893, 825, 923, 648, 714, 813, 876, 958, 801, 563, 973, 538, 642, 979, 754, 975, 587, 850, 915, 744, 815, 690, 747, 609, 998, 623, 595, 653, 583, 959, 905, 799, 590, 505, 870, 787], "recourse_recommended_ixs": [575, 748, 776, 940, 613, 625, 957, 817, 628, 840, 952, 752, 866, 994, 961, 622, 736, 901, 814, 784, 771, 963, 891, 809, 739, 953, 922, 950, 925, 948, 619, 791, 964, 685, 820, 555, 843, 539, 529, 897, 789, 774, 954, 890, 723, 589, 571, 735, 566, 677, 756, 554, 848, 863, 704, 548, 695, 578, 924, 530, 567, 889, 916, 985, 893, 825, 923, 648, 714, 813, 876, 958, 801, 563, 973, 538, 642, 979, 754, 975, 587, 850, 915, 744, 815, 690, 747, 609, 998, 623, 595, 653, 583, 959, 905, 799, 590, 505, 870, 787], "perc_recomm_found": 1.0, "gamma": 0.75, "eta": 0.75, "gamma_obs": 0.7799999713897705, "gamma_obs_pre": 0.10999999940395355, "eta_obs": 0.97, "costs": [1.0, 1.0], "lbd": 300.0, "thresh": 0.5, "r_type": "individualized", "t_type": "improvement", "eta_obs_individualized": 0.81, "eta_obs_refits_batch0_mean": 0.965999960899353, "model_score": 0.818, "model_f1": 0.823293172690763, "model_refits_batch0_scores": [0.824, 0.834, 0.834, 0.808, 0.818], "model_refits_batch0_f1s": [0.817427385892116, 0.8245243128964059, 0.8230277185501067, 0.799163179916318, 0.7945823927765236], "model_coef": NaN}