{"accuracy_pre": 0.82, "accuracy_post": 0.87, "recourse_seeking_ixs": [670, 988, 739, 856, 809, 602, 674, 599, 780, 855, 649, 974, 837, 926, 537, 549, 792, 869, 908, 838, 533, 857, 817, 954, 776, 891, 793, 884, 956, 979, 936, 565, 556, 671, 665, 818, 721, 929, 689, 968, 614, 752, 805, 911, 648, 679, 588, 666, 658, 851, 848, 935, 730, 617, 605, 740, 803, 754, 622, 942, 543, 984, 693, 716, 553, 844, 977, 870, 704, 980, 523, 893, 952, 946, 560, 839, 506, 551, 510, 547, 912, 746, 922, 877, 587, 718, 592, 571, 830, 722, 623, 563, 651, 742, 627, 612, 783, 683, 756, 766], "recourse_recommended_ixs": [670, 988, 739, 856, 809, 602, 674, 599, 780, 855, 649, 974, 837, 926, 537, 549, 792, 869, 908, 838, 533, 857, 817, 954, 776, 891, 884, 956, 979, 936, 565, 556, 671, 665, 818, 721, 929, 689, 968, 614, 752, 805, 911, 648, 679, 588, 666, 658, 851, 848, 935, 730, 617, 605, 740, 803, 754, 622, 942, 543, 984, 693, 716, 553, 844, 977, 870, 704, 980, 523, 893, 952, 946, 560, 839, 506, 551, 510, 547, 912, 746, 922, 877, 587, 718, 592, 571, 830, 722, 623, 563, 651, 742, 627, 612, 783, 683, 756, 766], "perc_recomm_found": 0.99, "gamma": 0.95, "eta": 0.95, "gamma_obs": 0.9292929172515869, "gamma_obs_pre": 0.1818181872367859, "eta_obs": 0.9292929292929293, "costs": [1.0, 1.0], "lbd": 300.0, "thresh": 0.5, "r_type": "individualized", "t_type": "improvement", "eta_obs_individualized": 1.0, "eta_obs_refits_batch0_mean": 0.8929292559623718, "model_score": 0.654, "model_f1": 0.6865079365079365, "model_refits_batch0_scores": [0.796, 0.788, 0.812, 0.74, 0.776], "model_refits_batch0_f1s": [0.7943548387096774, 0.7845528455284553, 0.8016877637130803, 0.75, 0.7575757575757576], "model_coef": NaN}