{"accuracy_pre": 0.8, "accuracy_post": 0.52, "recourse_seeking_ixs": [837, 931, 970, 998, 811, 633, 745, 662, 621, 994, 838, 652, 773, 840, 587, 930, 911, 696, 558, 934, 646, 747, 793, 832, 573, 863, 710, 711, 941, 874, 507, 683, 678, 597, 876, 718, 823, 687, 584, 828, 543, 939, 933, 777, 914, 761, 852, 651, 596, 917, 654, 645, 910, 665, 648, 591, 755, 798, 531, 657, 786, 955, 519, 685, 913, 578, 836, 676, 961, 873, 824, 719, 979, 887, 545, 760, 779, 726, 546, 756, 689, 880, 552, 845, 677, 778, 643, 615, 971, 619, 758, 562, 802, 554, 754, 805, 963, 504, 997, 709], "recourse_recommended_ixs": [837, 931, 970, 998, 811, 633, 745, 662, 621, 994, 838, 652, 773, 840, 587, 930, 911, 696, 558, 934, 646, 747, 793, 832, 573, 863, 710, 711, 941, 874, 507, 683, 678, 597, 876, 718, 823, 687, 584, 828, 543, 939, 933, 777, 914, 761, 852, 651, 596, 917, 654, 645, 910, 665, 648, 591, 755, 798, 531, 657, 786, 955, 519, 685, 913, 578, 836, 676, 961, 873, 824, 719, 979, 887, 545, 760, 779, 726, 546, 756, 689, 880, 552, 845, 677, 778, 643, 615, 971, 619, 758, 562, 802, 554, 754, 805, 963, 504, 997, 709], "perc_recomm_found": 1.0, "gamma": 0.95, "eta": 0.95, "gamma_obs": 0.20000000298023224, "gamma_obs_pre": 0.20000000298023224, "eta_obs": 0.99, "costs": [1.0, 1.0, 1.0], "lbd": 300.0, "thresh": 0.5, "r_type": "subpopulation", "t_type": "acceptance", "eta_obs_individualized": NaN, "eta_obs_refits_batch0_mean": 0.25199997425079346, "model_score": 0.774, "model_f1": 0.7961165048543689, "model_refits_batch0_scores": [0.83, 0.822, 0.816, 0.824, 0.822], "model_refits_batch0_f1s": [0.8268839103869655, 0.8118393234672305, 0.7973568281938326, 0.8095238095238094, 0.8086021505376344], "model_coef": NaN}