{"accuracy_pre": 0.83, "accuracy_post": 0.94, "recourse_seeking_ixs": [665, 833, 700, 740, 878, 681, 856, 990, 671, 556, 977, 714, 848, 615, 670, 705, 732, 602, 936, 837, 838, 781, 822, 631, 787, 924, 827, 679, 576, 888, 778, 694, 913, 875, 539, 757, 832, 561, 612, 795, 725, 982, 989, 652, 900, 921, 880, 857, 805, 916, 797, 847, 864, 588, 709, 577, 889, 752, 570, 979, 957, 871, 718, 917, 513, 666, 552, 502, 806, 609, 731, 692, 621, 997, 885, 849, 543, 646, 536, 579, 961, 717, 683, 712, 764, 658, 633, 598, 987, 527, 929, 674, 555, 651, 863, 584, 747, 869, 597, 704], "recourse_recommended_ixs": [665, 833, 700, 740, 878, 681, 856, 990, 671, 556, 977, 714, 848, 615, 670, 705, 732, 602, 936, 837, 838, 781, 822, 631, 787, 924, 827, 679, 576, 888, 778, 694, 913, 875, 539, 757, 832, 561, 612, 795, 725, 982, 989, 652, 900, 921, 880, 857, 805, 916, 797, 847, 864, 588, 709, 577, 889, 752, 570, 979, 957, 871, 718, 917, 513, 666, 552, 502, 806, 609, 731, 692, 621, 997, 885, 849, 543, 646, 536, 579, 961, 717, 683, 712, 764, 658, 633, 598, 987, 527, 929, 674, 555, 651, 863, 584, 747, 869, 597, 704], "perc_recomm_found": 1.0, "gamma": 0.95, "eta": 0.95, "gamma_obs": 0.949999988079071, "gamma_obs_pre": 0.17000000178813934, "eta_obs": 0.99, "costs": [1.0, 1.0, 1.0], "lbd": 300.0, "thresh": 0.5, "r_type": "subpopulation", "t_type": "improvement", "eta_obs_individualized": NaN, "eta_obs_refits_batch0_mean": 0.9919999837875366, "model_score": 0.826, "model_f1": 0.8330206378986866, "model_refits_batch0_scores": [0.854, 0.858, 0.832, 0.844, 0.848], "model_refits_batch0_f1s": [0.8450106157112527, 0.8473118279569892, 0.8242677824267782, 0.8374999999999999, 0.8442622950819672], "model_coef": NaN}