{"accuracy_pre": 0.93, "accuracy_post": 0.34, "recourse_seeking_ixs": [659, 677, 941, 501, 547, 523, 729, 857, 894, 778, 562, 847, 850, 861, 881, 775, 686, 500, 948, 915, 946, 702, 756, 569, 822, 844, 530, 933, 544, 826, 886, 715, 565, 713, 987, 789, 815, 627, 935, 606, 734, 947, 699, 944, 513, 685, 679, 701, 817, 597, 610, 875, 681, 696, 538, 998, 733, 926, 871, 548, 928, 655, 514, 753, 660, 640, 663, 564, 748, 560, 820, 917, 943, 567, 605, 772, 570, 792, 604, 697, 504, 623, 723, 718, 529, 784, 577, 638, 515, 982, 877, 855, 898, 757, 813, 533, 539, 617, 959, 901], "recourse_recommended_ixs": [659, 677, 941, 501, 547, 523, 729, 857, 894, 778, 562, 847, 850, 861, 881, 775, 686, 500, 948, 915, 946, 702, 756, 569, 822, 844, 530, 933, 544, 826, 886, 715, 565, 713, 987, 789, 815, 627, 935, 606, 734, 947, 699, 944, 513, 685, 679, 701, 817, 597, 610, 875, 681, 696, 538, 998, 733, 926, 871, 548, 928, 655, 514, 753, 660, 640, 663, 564, 748, 560, 820, 917, 943, 567, 605, 772, 570, 792, 604, 697, 504, 623, 723, 718, 529, 784, 577, 638, 515, 982, 877, 855, 898, 757, 813, 533, 539, 617, 959, 901], "perc_recomm_found": 1.0, "gamma": 0.75, "eta": 0.75, "gamma_obs": 0.3499999940395355, "gamma_obs_pre": 0.07000000029802322, "eta_obs": 0.97, "costs": [1.0, 1.0, 1.0], "lbd": 300.0, "thresh": 0.5, "r_type": "individualized", "t_type": "counterfactual", "eta_obs_individualized": NaN, "eta_obs_refits_batch0_mean": 0.5619999766349792, "model_score": 0.87, "model_f1": 0.8814968814968814, "model_refits_batch0_scores": [0.884, 0.892, 0.87, 0.878, 0.874], "model_refits_batch0_f1s": [0.8786610878661086, 0.8805309734513276, 0.8608137044967881, 0.871578947368421, 0.8695652173913043], "model_coef": NaN}