{"accuracy_pre": 0.83, "accuracy_post": 0.73, "recourse_seeking_ixs": [703, 590, 739, 826, 690, 732, 631, 598, 696, 509, 642, 919, 896, 856, 969, 586, 722, 934, 745, 846, 946, 855, 982, 911, 827, 547, 609, 596, 670, 653, 557, 862, 802, 589, 685, 592, 527, 584, 502, 766, 661, 962, 583, 545, 858, 655, 891, 619, 612, 901, 580, 762, 602, 947, 995, 771, 823, 777, 744, 714, 832, 853, 721, 684, 632, 948, 789, 776, 782, 538, 905, 563, 628, 927, 623, 707, 621, 851, 840, 702, 770, 604, 546, 512, 854, 724, 613, 958, 650, 656, 939, 760, 622, 748, 951, 785, 822, 743, 914, 709], "recourse_recommended_ixs": [703, 590, 739, 826, 690, 732, 631, 598, 696, 509, 642, 919, 896, 856, 969, 586, 722, 934, 745, 846, 946, 855, 982, 911, 827, 547, 609, 596, 670, 653, 557, 862, 802, 589, 685, 592, 527, 584, 502, 766, 661, 962, 583, 545, 858, 655, 891, 619, 612, 901, 580, 762, 602, 947, 995, 771, 823, 777, 744, 714, 832, 853, 721, 684, 632, 948, 789, 776, 782, 538, 905, 563, 628, 927, 623, 707, 621, 851, 840, 702, 770, 604, 546, 512, 854, 724, 613, 958, 650, 656, 939, 760, 622, 748, 951, 785, 822, 743, 914, 709], "perc_recomm_found": 1.0, "gamma": 0.75, "eta": 0.75, "gamma_obs": 0.6800000071525574, "gamma_obs_pre": 0.17000000178813934, "eta_obs": 0.95, "costs": [1.0, 1.0], "lbd": 300.0, "thresh": 0.5, "r_type": "subpopulation", "t_type": "improvement", "eta_obs_individualized": NaN, "eta_obs_refits_batch0_mean": 0.9420000314712524, "model_score": 0.828, "model_f1": 0.800925925925926, "model_refits_batch0_scores": [0.818, 0.816, 0.806, 0.824, 0.83], "model_refits_batch0_f1s": [0.7838479809976248, 0.7819905213270142, 0.762836185819071, 0.7914691943127962, 0.8081264108352144], "model_coef": NaN}