{"accuracy_pre": 0.86, "accuracy_post": 0.95, "recourse_seeking_ixs": [504, 684, 562, 743, 670, 615, 921, 912, 584, 761, 733, 623, 874, 890, 696, 545, 954, 700, 637, 801, 963, 583, 859, 662, 939, 820, 841, 620, 815, 636, 861, 640, 726, 924, 756, 557, 728, 753, 635, 658, 613, 639, 811, 646, 927, 734, 592, 897, 720, 675, 832, 502, 683, 645, 527, 654, 899, 799, 817, 606, 605, 560, 693, 707, 575, 869, 581, 926, 978, 770, 785, 586, 501, 614, 987, 771, 937, 668, 964, 901, 737, 968, 567, 710, 506, 909, 871, 999, 919, 509, 798, 578, 750, 647, 712, 565, 632, 619, 834, 908], "recourse_recommended_ixs": [504, 684, 562, 743, 670, 615, 921, 912, 584, 761, 733, 623, 874, 890, 696, 545, 954, 700, 637, 801, 963, 583, 859, 662, 939, 820, 841, 620, 815, 636, 861, 640, 726, 924, 756, 557, 728, 753, 635, 658, 613, 639, 811, 646, 927, 734, 592, 897, 720, 675, 832, 502, 683, 645, 527, 654, 899, 799, 817, 606, 605, 560, 693, 707, 575, 869, 581, 926, 978, 770, 785, 586, 501, 614, 987, 771, 937, 668, 964, 901, 737, 968, 567, 710, 506, 909, 871, 999, 919, 509, 798, 578, 750, 647, 712, 565, 632, 619, 834, 908], "perc_recomm_found": 1.0, "gamma": 0.95, "eta": 0.95, "gamma_obs": 0.949999988079071, "gamma_obs_pre": 0.14000000059604645, "eta_obs": 1.0, "costs": [1.0, 1.0], "lbd": 300.0, "thresh": 0.5, "r_type": "individualized", "t_type": "improvement", "eta_obs_individualized": 0.99, "eta_obs_refits_batch0_mean": 1.0, "model_score": 0.84, "model_f1": 0.8670756646216768, "model_refits_batch0_scores": [0.824, 0.834, 0.834, 0.808, 0.818], "model_refits_batch0_f1s": [0.817427385892116, 0.8245243128964059, 0.8230277185501067, 0.799163179916318, 0.7945823927765236], "model_coef": NaN}