{"accuracy_pre": 0.9, "accuracy_post": 0.96, "recourse_seeking_ixs": [810, 733, 574, 974, 876, 869, 961, 694, 714, 840, 702, 966, 735, 578, 822, 511, 758, 888, 964, 976, 785, 831, 620, 802, 655, 641, 947, 865, 612, 873, 902, 533, 925, 754, 949, 651, 928, 505, 676, 748, 538, 884, 583, 852, 629, 522, 880, 657, 899, 640, 623, 723, 506, 803, 828, 510, 717, 586, 995, 529, 591, 604, 664, 829, 760, 919, 741, 825, 679, 609, 518, 535, 635, 608, 820, 540, 572, 512, 774, 582, 577, 738, 563, 715, 844, 519, 965, 930, 971, 718, 926, 847, 823, 922, 984, 846, 875, 703, 955, 859], "recourse_recommended_ixs": [810, 733, 574, 974, 876, 869, 961, 694, 714, 840, 702, 966, 735, 578, 822, 511, 758, 888, 964, 976, 785, 831, 620, 802, 655, 641, 947, 865, 612, 873, 902, 533, 925, 754, 949, 651, 928, 505, 676, 748, 538, 884, 583, 852, 629, 522, 880, 657, 899, 640, 623, 723, 506, 803, 828, 510, 717, 586, 995, 529, 591, 604, 664, 829, 760, 919, 741, 825, 679, 609, 518, 535, 635, 608, 820, 540, 572, 512, 774, 582, 577, 738, 563, 715, 844, 519, 965, 930, 971, 718, 926, 847, 823, 922, 984, 846, 875, 703, 955, 859], "perc_recomm_found": 1.0, "gamma": 0.95, "eta": 0.95, "gamma_obs": 0.9700000286102295, "gamma_obs_pre": 0.10000000149011612, "eta_obs": 0.99, "costs": [1.0, 1.0], "lbd": 300.0, "thresh": 0.5, "r_type": "subpopulation", "t_type": "improvement", "eta_obs_individualized": NaN, "eta_obs_refits_batch0_mean": 0.9520000219345093, "model_score": 0.762, "model_f1": 0.7366255144032922, "model_refits_batch0_scores": [0.796, 0.788, 0.812, 0.74, 0.776], "model_refits_batch0_f1s": [0.7943548387096774, 0.7845528455284553, 0.8016877637130803, 0.75, 0.7575757575757576], "model_coef": NaN}