{"accuracy_pre": 0.0, "accuracy_post": 1.0, "recourse_seeking_ixs": [1811, 1588, 1457, 1369, 1386, 1651, 1575, 1619, 1539, 1707, 1576, 1084, 1626, 1934, 1210, 1030, 1639, 1895, 1896, 1168, 1097, 1697, 1883, 1312, 1216, 1102, 1400, 1234, 1201, 1329, 1503, 1438, 1938, 1070, 1420, 1245, 1060, 1529, 1189, 1621, 1076, 1773, 1988, 1569, 1133, 1842, 1464, 1717, 1505, 1611, 1370, 1923, 1010, 1914, 1646, 1740, 1332, 1562, 1150, 1313, 1953, 1533, 1388, 1267, 1658, 1859, 1931, 1574, 1675, 1401, 1470, 1660, 1469, 1743, 1349, 1036, 1254, 1860, 1742, 1065, 1560, 1077, 1781, 1075, 1687, 1291, 1128, 1532, 1681, 1197, 1179, 1317, 1778, 1131, 1941, 1236, 1991, 1884, 1924, 1319], "recourse_recommended_ixs": [1811, 1588, 1457, 1369, 1386, 1651, 1575, 1619, 1539, 1707, 1576, 1084, 1626, 1934, 1210, 1030, 1639, 1895, 1896, 1168, 1097, 1697, 1883, 1312, 1216, 1102, 1400, 1234, 1201, 1329, 1503, 1438, 1938, 1070, 1420, 1245, 1060, 1529, 1189, 1621, 1076, 1773, 1988, 1569, 1133, 1842, 1464, 1717, 1505, 1611, 1370, 1923, 1010, 1914, 1646, 1740, 1332, 1562, 1150, 1313, 1953, 1533, 1388, 1267, 1658, 1859, 1931, 1574, 1675, 1401, 1470, 1660, 1469, 1743, 1349, 1036, 1254, 1860, 1742, 1065, 1560, 1077, 1781, 1075, 1687, 1291, 1128, 1532, 1681, 1197, 1179, 1317, 1778, 1131, 1941, 1236, 1991, 1884, 1924, 1319], "perc_recomm_found": 1.0, "gamma": 0.95, "eta": 0.95, "gamma_obs": 1.0, "gamma_obs_pre": 1.0, "eta_obs": 1.0, "costs": [1.0, 1.0, 1.0], "lbd": 150.0, "thresh": 0.5, "r_type": "individualized", "t_type": "acceptance", "eta_obs_individualized": NaN, "eta_obs_refits_batch0_mean": 1.0, "model_score": 0.256, "model_f1": 0.9980506822612086, "model_refits_batch0_scores": [0.997, 0.994, 0.996, 0.994, 0.996], "model_refits_batch0_f1s": [0.9970089730807578, 0.9939999999999999, 0.9960079840319361, 0.9939999999999999, 0.9960079840319361], "model_coef": NaN}