{"accuracy_pre": 0.93, "accuracy_post": 0.94, "recourse_seeking_ixs": [743, 900, 897, 728, 585, 674, 791, 568, 926, 709, 803, 571, 982, 692, 521, 820, 945, 842, 721, 966, 675, 971, 836, 936, 848, 623, 563, 506, 576, 911, 965, 934, 867, 990, 869, 880, 744, 953, 950, 718, 655, 809, 519, 981, 822, 943, 817, 532, 669, 602, 998, 850, 701, 935, 579, 927, 716, 854, 808, 684, 615, 758, 512, 696, 895, 510, 989, 914, 826, 633, 597, 702, 944, 798, 952, 821, 686, 606, 517, 648, 871, 649, 639, 889, 564, 819, 662, 664, 785, 647, 846, 657, 855, 883, 668, 570, 992, 928, 620, 550], "recourse_recommended_ixs": [743, 900, 897, 728, 585, 674, 791, 568, 926, 709, 803, 571, 982, 692, 521, 820, 945, 842, 721, 966, 675, 971, 836, 936, 848, 623, 563, 506, 576, 911, 965, 934, 867, 990, 869, 880, 744, 953, 950, 718, 655, 809, 519, 981, 822, 943, 817, 532, 669, 602, 998, 850, 701, 935, 579, 927, 716, 854, 808, 684, 615, 758, 512, 696, 895, 510, 989, 914, 826, 633, 597, 702, 944, 798, 952, 821, 686, 606, 517, 648, 871, 649, 639, 889, 564, 819, 662, 664, 785, 647, 846, 657, 855, 883, 668, 570, 992, 928, 620, 550], "perc_recomm_found": 1.0, "gamma": 0.95, "eta": 0.95, "gamma_obs": 0.949999988079071, "gamma_obs_pre": 0.07000000029802322, "eta_obs": 0.99, "costs": [1.0, 1.0, 1.0], "lbd": 300.0, "thresh": 0.5, "r_type": "subpopulation", "t_type": "improvement", "eta_obs_individualized": NaN, "eta_obs_refits_batch0_mean": 0.9979999661445618, "model_score": 0.832, "model_f1": 0.8548057259713703, "model_refits_batch0_scores": [0.868, 0.852, 0.858, 0.858, 0.848], "model_refits_batch0_f1s": [0.858974358974359, 0.8412017167381973, 0.8459869848156182, 0.8432671081677705, 0.8325991189427313], "model_coef": NaN}