{"accuracy_pre": 1.0, "accuracy_post": 1.0, "recourse_seeking_ixs": [1184, 1778, 1990, 1287, 1659, 1370, 1233, 1462, 1988, 1680, 1319, 1179, 1716, 1884, 1313, 1624, 1316, 1953, 1410, 1871, 1823, 1541, 1289, 1731, 1103, 1253, 1996, 1203, 1036, 1842, 1896, 1933, 1977, 1468, 1649, 1865, 1858, 1797, 1725, 1611, 1872, 1557, 1324, 1329, 1414, 1492, 1598, 1883, 1675, 1281, 1606, 1270, 1452, 1766, 1087, 1009, 1667, 1498, 1314, 1143, 1690, 1816, 1835, 1901, 1523, 1668, 1998, 1293, 1709, 1282, 1057, 1503, 1955, 1585, 1928, 1627, 1388, 1576, 1072, 1677, 1900, 1033, 1657, 1806, 1805, 1995, 1610, 1178, 1202, 1572, 1631, 1467, 1892, 1685, 1711, 1361, 1067, 1923, 1439, 1593], "recourse_recommended_ixs": [1184, 1778, 1990, 1287, 1659, 1370, 1233, 1462, 1988, 1680, 1319, 1179, 1716, 1884, 1313, 1624, 1316, 1953, 1410, 1871, 1823, 1541, 1289, 1731, 1103, 1253, 1996, 1203, 1036, 1842, 1896, 1933, 1977, 1468, 1649, 1865, 1858, 1797, 1725, 1611, 1872, 1557, 1324, 1329, 1414, 1492, 1598, 1883, 1675, 1281, 1606, 1270, 1452, 1766, 1087, 1009, 1667, 1498, 1314, 1143, 1690, 1816, 1835, 1901, 1523, 1668, 1998, 1293, 1709, 1282, 1057, 1503, 1955, 1585, 1928, 1627, 1388, 1576, 1072, 1677, 1900, 1033, 1657, 1806, 1805, 1995, 1610, 1178, 1202, 1572, 1631, 1467, 1892, 1685, 1711, 1361, 1067, 1923, 1439, 1593], "perc_recomm_found": 1.0, "gamma": 0.95, "eta": 0.95, "gamma_obs": 1.0, "gamma_obs_pre": 0.0, "eta_obs": 1.0, "costs": [1.0, 1.0, 1.0], "lbd": 150.0, "thresh": 0.5, "r_type": "individualized", "t_type": "improvement", "eta_obs_individualized": 1.0, "eta_obs_refits_batch0_mean": 1.0, "model_score": 0.922, "model_f1": 0.999004975124378, "model_refits_batch0_scores": [0.993, 0.998, 0.993, 0.993, 0.994], "model_refits_batch0_f1s": [0.992964824120603, 0.99800796812749, 0.992964824120603, 0.992964824120603, 0.9939759036144578], "model_coef": [[2.1377692770335646, 2.6722115933152057, 5.023757780492131], [-0.08763295293312978]]}