{"accuracy_pre": 0.78, "accuracy_post": 0.77, "recourse_seeking_ixs": [458, 427, 297, 361, 430, 344, 255, 279, 448, 308, 489, 347, 435, 376, 382, 340, 356, 421, 385, 408, 379, 388, 332, 485, 417, 457, 298, 406, 316, 276, 422, 407, 383, 462, 467, 479, 470, 450, 282, 414, 482, 324, 257, 465, 469, 287, 428, 264, 294, 277, 426, 269, 271, 273, 262, 499, 369, 288, 436, 353, 472, 318, 454, 270, 303, 274, 253, 460, 488, 304, 443, 333, 442, 367, 487, 280, 395, 431, 350, 320, 375, 483, 301, 374, 393, 327, 447, 497, 278, 307, 366, 433, 410, 397, 456, 403, 440, 258, 370, 268], "recourse_recommended_ixs": [458, 427, 297, 361, 430, 344, 255, 279, 448, 308, 489, 347, 435, 376, 382, 340, 356, 421, 385, 408, 379, 388, 332, 485, 417, 457, 298, 406, 316, 276, 422, 407, 383, 462, 467, 479, 470, 450, 282, 414, 482, 324, 257, 465, 469, 287, 428, 264, 294, 277, 426, 269, 271, 273, 262, 499, 369, 288, 436, 353, 472, 318, 454, 270, 303, 274, 253, 460, 488, 304, 443, 333, 442, 367, 487, 280, 395, 431, 350, 320, 375, 483, 301, 374, 393, 327, 447, 497, 278, 307, 366, 433, 410, 397, 456, 403, 440, 258, 370, 268], "perc_recomm_found": 1.0, "gamma": 0.75, "eta": 0.75, "gamma_obs": 0.800000011920929, "gamma_obs_pre": 0.2199999988079071, "eta_obs": 0.9, "costs": [1.0, 1.0], "lbd": 100.0, "thresh": 0.5, "r_type": "individualized", "t_type": "improvement", "eta_obs_individualized": 0.79, "eta_obs_refits_batch0_mean": 0.8659999966621399, "model_score": 0.792, "model_f1": 0.8045112781954887, "model_refits_batch0_scores": [0.792, 0.784, 0.788, 0.792, 0.792], "model_refits_batch0_f1s": [0.7999999999999999, 0.7857142857142857, 0.8029739776951673, 0.8115942028985507, 0.8015267175572519], "model_coef": NaN}