{"accuracy_pre": 0.75, "accuracy_post": 0.49, "recourse_seeking_ixs": [673, 548, 707, 927, 637, 687, 873, 830, 519, 571, 992, 876, 720, 655, 787, 529, 516, 784, 778, 761, 872, 822, 814, 904, 652, 831, 665, 525, 760, 628, 892, 874, 589, 503, 987, 580, 954, 942, 858, 871, 965, 600, 783, 915, 959, 949, 910, 584, 808, 747, 963, 897, 601, 823, 560, 911, 809, 752, 832, 775, 603, 816, 758, 861, 969, 585, 619, 547, 913, 732, 634, 556, 572, 803, 656, 746, 843, 844, 643, 621, 719, 699, 671, 725, 952, 896, 864, 839, 549, 984, 708, 765, 651, 806, 961, 886, 848, 943, 792, 735], "recourse_recommended_ixs": [673, 548, 707, 927, 637, 687, 873, 830, 519, 571, 992, 876, 720, 655, 787, 529, 516, 784, 778, 761, 872, 822, 814, 904, 652, 831, 665, 525, 760, 628, 892, 874, 589, 503, 987, 580, 954, 942, 858, 871, 965, 600, 783, 915, 959, 949, 910, 584, 808, 747, 963, 897, 601, 823, 560, 911, 809, 752, 832, 775, 603, 816, 758, 861, 969, 585, 619, 547, 913, 732, 634, 556, 572, 803, 656, 746, 843, 844, 643, 621, 719, 699, 671, 725, 952, 896, 864, 839, 549, 984, 708, 765, 651, 806, 961, 886, 848, 943, 792, 735], "perc_recomm_found": 1.0, "gamma": 0.95, "eta": 0.95, "gamma_obs": 0.28999999165534973, "gamma_obs_pre": 0.25, "eta_obs": 0.99, "costs": [1.0, 1.0, 1.0], "lbd": 300.0, "thresh": 0.5, "r_type": "subpopulation", "t_type": "acceptance", "eta_obs_individualized": NaN, "eta_obs_refits_batch0_mean": 0.28599998354911804, "model_score": 0.768, "model_f1": 0.7701149425287357, "model_refits_batch0_scores": [0.824, 0.834, 0.834, 0.808, 0.818], "model_refits_batch0_f1s": [0.817427385892116, 0.8245243128964059, 0.8230277185501067, 0.799163179916318, 0.7945823927765236], "model_coef": NaN}