{"accuracy_pre": 0.81, "accuracy_post": 0.49, "recourse_seeking_ixs": [673, 893, 920, 670, 678, 867, 592, 895, 866, 661, 811, 649, 878, 530, 637, 965, 662, 831, 939, 742, 644, 947, 824, 559, 666, 984, 789, 664, 553, 964, 900, 715, 953, 746, 650, 579, 997, 728, 604, 613, 797, 545, 929, 848, 533, 820, 660, 588, 667, 575, 695, 541, 794, 989, 585, 744, 823, 825, 961, 858, 971, 943, 812, 693, 596, 967, 675, 665, 934, 672, 889, 996, 698, 703, 906, 959, 640, 980, 656, 898, 739, 706, 972, 555, 828, 566, 849, 792, 643, 565, 954, 546, 773, 711, 804, 770, 630, 570, 856, 653], "recourse_recommended_ixs": [673, 893, 920, 670, 678, 867, 592, 895, 866, 661, 811, 649, 878, 530, 637, 965, 662, 831, 939, 742, 644, 947, 824, 559, 666, 984, 789, 664, 553, 964, 900, 715, 953, 746, 650, 579, 997, 728, 604, 613, 797, 545, 929, 848, 533, 820, 660, 588, 667, 575, 695, 541, 794, 989, 585, 744, 823, 825, 961, 858, 971, 943, 812, 693, 596, 967, 675, 665, 934, 672, 889, 996, 698, 703, 906, 959, 640, 980, 656, 898, 739, 706, 972, 555, 828, 566, 849, 792, 643, 565, 954, 546, 773, 711, 804, 770, 630, 570, 856, 653], "perc_recomm_found": 1.0, "gamma": 0.75, "eta": 0.75, "gamma_obs": 0.3799999952316284, "gamma_obs_pre": 0.1899999976158142, "eta_obs": 0.9, "costs": [1.0, 1.0, 1.0], "lbd": 300.0, "thresh": 0.5, "r_type": "individualized", "t_type": "counterfactual", "eta_obs_individualized": NaN, "eta_obs_refits_batch0_mean": 0.4099999964237213, "model_score": 0.78, "model_f1": 0.7941176470588235, "model_refits_batch0_scores": [0.794, 0.788, 0.784, 0.8, 0.806], "model_refits_batch0_f1s": [0.7632183908045977, 0.7644444444444445, 0.742857142857143, 0.7641509433962264, 0.7820224719101123], "model_coef": NaN}