{"accuracy_pre": 0.82, "accuracy_post": 0.63, "recourse_seeking_ixs": [849, 922, 677, 833, 654, 753, 774, 864, 970, 884, 708, 882, 690, 987, 993, 766, 812, 898, 785, 625, 512, 566, 726, 927, 837, 679, 616, 533, 848, 588, 895, 582, 990, 844, 670, 659, 609, 745, 948, 720, 638, 668, 986, 652, 907, 639, 858, 807, 622, 798, 581, 784, 513, 984, 871, 568, 875, 759, 890, 985, 628, 999, 780, 870, 901, 800, 863, 872, 779, 840, 787, 965, 880, 645, 751, 744, 804, 684, 747, 500, 752, 614, 905, 712, 635, 517, 968, 709, 600, 557, 783, 700, 505, 769, 843, 836, 671, 623, 657, 503], "recourse_recommended_ixs": [849, 922, 677, 654, 753, 774, 864, 970, 884, 708, 882, 690, 987, 993, 766, 812, 898, 785, 625, 512, 566, 726, 927, 837, 679, 616, 533, 848, 588, 895, 582, 990, 844, 670, 659, 609, 745, 948, 720, 638, 668, 986, 652, 907, 639, 858, 807, 622, 798, 581, 784, 513, 871, 875, 759, 890, 985, 628, 999, 780, 870, 901, 800, 863, 872, 779, 840, 787, 965, 880, 645, 751, 744, 804, 684, 747, 500, 752, 614, 905, 712, 635, 517, 968, 709, 600, 557, 783, 700, 505, 769, 843, 836, 671, 657, 503], "perc_recomm_found": 0.96, "gamma": 0.75, "eta": 0.75, "gamma_obs": 0.7604166865348816, "gamma_obs_pre": 0.15625, "eta_obs": 0.6979166666666666, "costs": [1.0, 1.0], "lbd": 300.0, "thresh": 0.5, "r_type": "subpopulation", "t_type": "improvement", "eta_obs_individualized": NaN, "eta_obs_refits_batch0_mean": 0.6708333492279053, "model_score": 0.664, "model_f1": 0.7078891257995736, "model_refits_batch0_scores": [0.804, 0.782, 0.782, 0.786, 0.806], "model_refits_batch0_f1s": [0.8016194331983807, 0.7705263157894737, 0.7714884696016772, 0.7737843551797039, 0.7966457023060797], "model_coef": NaN}