{"accuracy_pre": 0.85, "accuracy_post": 0.76, "recourse_seeking_ixs": [466, 265, 351, 421, 332, 301, 307, 474, 486, 430, 302, 346, 376, 270, 361, 318, 259, 395, 441, 476, 427, 277, 392, 253, 442, 338, 429, 453, 328, 257, 251, 300, 283, 493, 446, 320, 292, 280, 327, 445, 457, 305, 313, 467, 420, 402, 489, 374, 363, 311, 488, 491, 347, 299, 353, 407, 355, 440, 399, 377, 464, 264, 465, 375, 487, 484, 298, 439, 454, 319, 256, 387, 410, 400, 357, 279, 268, 359, 472, 317, 412, 460, 477, 496, 404, 370, 413, 414, 250, 339, 378, 254, 450, 354, 309, 276, 396, 330, 286, 459], "recourse_recommended_ixs": [466, 265, 351, 421, 332, 301, 307, 474, 486, 430, 302, 346, 376, 270, 361, 318, 259, 395, 441, 476, 427, 277, 392, 253, 442, 338, 429, 453, 328, 257, 251, 300, 283, 493, 446, 320, 292, 280, 327, 445, 457, 305, 313, 467, 420, 402, 489, 374, 363, 311, 488, 491, 347, 299, 353, 407, 355, 440, 399, 377, 464, 264, 465, 375, 487, 484, 298, 439, 454, 319, 256, 387, 410, 400, 357, 279, 268, 359, 472, 317, 412, 460, 477, 496, 404, 370, 413, 414, 250, 339, 378, 254, 450, 354, 309, 276, 396, 330, 286, 459], "perc_recomm_found": 1.0, "gamma": 0.75, "eta": 0.75, "gamma_obs": 0.75, "gamma_obs_pre": 0.15000000596046448, "eta_obs": 0.93, "costs": [1.0, 1.0], "lbd": 100.0, "thresh": 0.5, "r_type": "individualized", "t_type": "improvement", "eta_obs_individualized": 0.79, "eta_obs_refits_batch0_mean": 0.9239999651908875, "model_score": 0.82, "model_f1": 0.8051948051948051, "model_refits_batch0_scores": [0.824, 0.828, 0.82, 0.824, 0.824], "model_refits_batch0_f1s": [0.8053097345132744, 0.8122270742358079, 0.8085106382978724, 0.8086956521739128, 0.8053097345132744], "model_coef": NaN}