{"accuracy_pre": 0.83, "accuracy_post": 0.95, "recourse_seeking_ixs": [762, 508, 782, 673, 953, 748, 584, 936, 853, 939, 967, 616, 685, 761, 888, 563, 662, 598, 760, 676, 927, 579, 944, 737, 518, 656, 622, 755, 846, 632, 795, 878, 893, 731, 854, 827, 659, 982, 975, 830, 767, 568, 505, 955, 647, 946, 969, 874, 811, 739, 547, 890, 578, 771, 883, 919, 807, 851, 901, 735, 852, 979, 635, 770, 527, 524, 828, 744, 514, 823, 674, 654, 745, 668, 661, 777, 628, 592, 995, 958, 715, 778, 690, 819, 954, 595, 779, 916, 873, 506, 885, 784, 785, 602, 896, 589, 728, 655, 934, 816], "recourse_recommended_ixs": [762, 508, 782, 673, 953, 748, 584, 936, 853, 939, 967, 616, 685, 761, 888, 563, 662, 598, 760, 676, 927, 579, 944, 737, 518, 656, 622, 755, 846, 632, 795, 878, 893, 731, 854, 827, 659, 982, 975, 830, 767, 568, 505, 955, 647, 946, 969, 874, 811, 739, 547, 890, 578, 771, 883, 919, 807, 851, 901, 735, 852, 979, 635, 770, 527, 524, 828, 744, 514, 823, 674, 654, 745, 668, 661, 777, 628, 592, 995, 958, 715, 778, 690, 819, 954, 595, 779, 916, 873, 506, 885, 784, 785, 602, 896, 589, 728, 655, 934, 816], "perc_recomm_found": 1.0, "gamma": 0.95, "eta": 0.95, "gamma_obs": 0.949999988079071, "gamma_obs_pre": 0.17000000178813934, "eta_obs": 1.0, "costs": [1.0, 1.0], "lbd": 300.0, "thresh": 0.5, "r_type": "subpopulation", "t_type": "improvement", "eta_obs_individualized": NaN, "eta_obs_refits_batch0_mean": 1.0, "model_score": 0.808, "model_f1": 0.8702290076335878, "model_refits_batch0_scores": [0.82, 0.828, 0.806, 0.818, 0.836], "model_refits_batch0_f1s": [0.7906976744186047, 0.8045454545454546, 0.7662650602409637, 0.7858823529411765, 0.8217391304347826], "model_coef": NaN}