{"accuracy_pre": 0.91, "accuracy_post": 0.55, "recourse_seeking_ixs": [662, 661, 908, 931, 946, 521, 872, 985, 975, 771, 901, 787, 889, 810, 895, 666, 635, 552, 622, 595, 903, 712, 581, 692, 808, 746, 573, 773, 679, 651, 802, 545, 974, 702, 639, 980, 745, 664, 990, 837, 653, 853, 659, 956, 971, 675, 538, 933, 911, 527, 640, 663, 660, 580, 760, 823, 569, 597, 820, 784, 535, 937, 852, 577, 998, 959, 979, 898, 586, 792, 673, 665, 942, 935, 896, 906, 656, 952, 824, 918, 947, 630, 991, 647, 727, 809, 987, 667, 723, 546, 828, 560, 860, 811, 632, 559, 696, 539, 893, 738], "recourse_recommended_ixs": [662, 661, 908, 931, 946, 521, 872, 985, 975, 771, 901, 787, 889, 810, 895, 666, 635, 552, 622, 595, 903, 712, 581, 692, 808, 746, 573, 773, 679, 651, 802, 545, 974, 702, 639, 980, 745, 664, 990, 837, 653, 853, 659, 956, 971, 675, 538, 933, 911, 527, 640, 663, 660, 580, 760, 823, 569, 597, 820, 784, 535, 937, 852, 577, 998, 959, 979, 898, 586, 792, 673, 665, 942, 935, 896, 906, 656, 952, 824, 918, 947, 630, 991, 647, 727, 809, 987, 667, 723, 546, 828, 560, 860, 811, 632, 559, 696, 539, 893, 738], "perc_recomm_found": 1.0, "gamma": 0.75, "eta": 0.75, "gamma_obs": 0.550000011920929, "gamma_obs_pre": 0.09000000357627869, "eta_obs": 1.0, "costs": [1.0, 1.0, 1.0], "lbd": 300.0, "thresh": 0.5, "r_type": "individualized", "t_type": "counterfactual", "eta_obs_individualized": NaN, "eta_obs_refits_batch0_mean": 0.4960000514984131, "model_score": 0.888, "model_f1": 0.8808510638297873, "model_refits_batch0_scores": [0.866, 0.864, 0.86, 0.856, 0.852], "model_refits_batch0_f1s": [0.8552915766738661, 0.8547008547008548, 0.8430493273542601, 0.8378378378378378, 0.8348214285714286], "model_coef": [[0.687721670390012, 1.0293311246961712, 0.9718462232035527], [-0.013664388085315504]]}