{"accuracy_pre": 0.87, "accuracy_post": 0.23, "recourse_seeking_ixs": [689, 602, 713, 705, 732, 577, 782, 759, 830, 889, 937, 508, 762, 899, 737, 838, 593, 541, 700, 592, 544, 758, 933, 738, 664, 535, 757, 825, 769, 850, 685, 503, 768, 722, 860, 853, 721, 965, 801, 956, 702, 669, 507, 847, 530, 554, 917, 718, 878, 643, 512, 834, 695, 675, 639, 887, 656, 549, 637, 501, 743, 682, 974, 603, 614, 552, 634, 725, 827, 784, 876, 977, 516, 828, 730, 863, 712, 857, 897, 624, 716, 990, 873, 852, 870, 580, 698, 918, 766, 890, 854, 518, 587, 874, 542, 802, 776, 553, 895, 869], "recourse_recommended_ixs": [689, 602, 713, 705, 732, 577, 782, 759, 830, 889, 937, 508, 762, 899, 737, 838, 593, 541, 700, 592, 544, 758, 933, 738, 664, 535, 757, 825, 769, 850, 685, 503, 768, 722, 860, 853, 721, 965, 801, 956, 702, 669, 507, 847, 530, 554, 917, 718, 878, 643, 512, 834, 695, 675, 639, 887, 656, 549, 637, 501, 743, 682, 974, 603, 614, 552, 634, 725, 827, 784, 876, 977, 516, 828, 730, 863, 712, 857, 897, 624, 716, 990, 873, 852, 870, 580, 698, 918, 766, 890, 854, 518, 587, 874, 542, 802, 776, 553, 895, 869], "perc_recomm_found": 1.0, "gamma": 0.95, "eta": 0.95, "gamma_obs": 0.10999999940395355, "gamma_obs_pre": 0.12999999523162842, "eta_obs": 0.84, "costs": [1.0, 1.0, 1.0], "lbd": 300.0, "thresh": 0.5, "r_type": "individualized", "t_type": "counterfactual", "eta_obs_individualized": NaN, "eta_obs_refits_batch0_mean": 0.5199999809265137, "model_score": 0.848, "model_f1": 0.8515625, "model_refits_batch0_scores": [0.806, 0.824, 0.796, 0.794, 0.808], "model_refits_batch0_f1s": [0.8166351606805293, 0.8370370370370369, 0.80078125, 0.8074766355140186, 0.8146718146718146], "model_coef": NaN}