{"accuracy_pre": 0.0, "accuracy_post": 0.99, "recourse_seeking_ixs": [1708, 1934, 1627, 1302, 1675, 1007, 1954, 1468, 1781, 1386, 1621, 1645, 1014, 1648, 1332, 1953, 1840, 1010, 1484, 1923, 1517, 1503, 1452, 1131, 1075, 1884, 1886, 1145, 1900, 1821, 1926, 1313, 1532, 1871, 1060, 1537, 1575, 1458, 1388, 1258, 1625, 1561, 1933, 1317, 1836, 1408, 1565, 1991, 1539, 1778, 1989, 1902, 1883, 1166, 1842, 1186, 1383, 1941, 1949, 1681, 1642, 1369, 1231, 1214, 1610, 1076, 1034, 1801, 1711, 1492, 1697, 1077, 1040, 1680, 1968, 1562, 1057, 1236, 1523, 1619, 1687, 1667, 1065, 1233, 1464, 1992, 1282, 1100, 1773, 1036, 1569, 1070, 1329, 1717, 1438, 1162, 1831, 1895, 1267, 1740], "recourse_recommended_ixs": [1708, 1934, 1627, 1302, 1675, 1007, 1954, 1468, 1781, 1386, 1621, 1645, 1014, 1648, 1332, 1953, 1840, 1010, 1484, 1923, 1517, 1503, 1452, 1131, 1075, 1884, 1886, 1145, 1900, 1821, 1926, 1313, 1532, 1871, 1060, 1537, 1575, 1458, 1388, 1258, 1625, 1561, 1933, 1317, 1836, 1408, 1565, 1991, 1539, 1778, 1989, 1902, 1883, 1166, 1842, 1186, 1383, 1941, 1949, 1681, 1642, 1369, 1231, 1214, 1610, 1076, 1034, 1801, 1711, 1492, 1697, 1077, 1040, 1680, 1968, 1057, 1236, 1523, 1619, 1687, 1667, 1065, 1233, 1464, 1992, 1282, 1100, 1773, 1036, 1569, 1070, 1329, 1717, 1438, 1162, 1831, 1895, 1267, 1740], "perc_recomm_found": 0.99, "gamma": 0.95, "eta": 0.95, "gamma_obs": 1.0, "gamma_obs_pre": 1.0, "eta_obs": 1.0, "costs": [1.0, 1.0], "lbd": 150.0, "thresh": 0.5, "r_type": "individualized", "t_type": "improvement", "eta_obs_individualized": 0.9494949494949495, "eta_obs_refits_batch0_mean": 1.0, "model_score": 0.258, "model_f1": 0.9980506822612086, "model_refits_batch0_scores": [0.998, 0.998, 1.0, 0.994, 0.996], "model_refits_batch0_f1s": [0.99800796812749, 0.99800796812749, 1.0, 0.9939999999999999, 0.9960079840319361], "model_coef": NaN}