{"accuracy_pre": 0.99, "accuracy_post": 1.0, "recourse_seeking_ixs": [1999, 1733, 1457, 1184, 1177, 1886, 1276, 1046, 1770, 1234, 1942, 1973, 1388, 1458, 1793, 1913, 1873, 1023, 1470, 1781, 1819, 1685, 1010, 1687, 1757, 1274, 1387, 1168, 1964, 1186, 1373, 1595, 1347, 1575, 1914, 1996, 1065, 1319, 1740, 1090, 1922, 1469, 1835, 1928, 1284, 1742, 1495, 1439, 1401, 1075, 1443, 1605, 1576, 1360, 1462, 1349, 1891, 1331, 1093, 1717, 1014, 1659, 1752, 1414, 1970, 1532, 1182, 1939, 1976, 1933, 1459, 1645, 1699, 1179, 1587, 1383, 1830, 1356, 1941, 1159, 1528, 1902, 1719, 1798, 1646, 1753, 1924, 1103, 1306, 1237, 1227, 1288, 1934, 1036, 1147, 1149, 1112, 1564, 1561, 1801], "recourse_recommended_ixs": [1999, 1733, 1457, 1184, 1177, 1886, 1276, 1046, 1770, 1234, 1942, 1973, 1388, 1458, 1793, 1913, 1873, 1023, 1470, 1781, 1819, 1685, 1010, 1687, 1757, 1274, 1387, 1168, 1964, 1186, 1373, 1595, 1347, 1575, 1914, 1996, 1065, 1319, 1740, 1090, 1922, 1469, 1835, 1928, 1284, 1742, 1495, 1439, 1401, 1075, 1443, 1605, 1576, 1360, 1462, 1349, 1891, 1331, 1093, 1717, 1014, 1659, 1752, 1414, 1970, 1532, 1182, 1939, 1976, 1933, 1459, 1645, 1699, 1179, 1587, 1383, 1830, 1356, 1941, 1159, 1528, 1902, 1719, 1798, 1646, 1753, 1924, 1103, 1306, 1237, 1227, 1288, 1934, 1036, 1147, 1149, 1112, 1564, 1561, 1801], "perc_recomm_found": 1.0, "gamma": 0.95, "eta": 0.95, "gamma_obs": 1.0, "gamma_obs_pre": 0.009999999776482582, "eta_obs": 1.0, "costs": [1.0, 1.0, 1.0], "lbd": 150.0, "thresh": 0.5, "r_type": "individualized", "t_type": "acceptance", "eta_obs_individualized": NaN, "eta_obs_refits_batch0_mean": 0.9620000123977661, "model_score": 0.993, "model_f1": 1.0, "model_refits_batch0_scores": [0.993, 1.0, 0.996, 0.996, 0.994], "model_refits_batch0_f1s": [0.992964824120603, 1.0, 0.9959919839679359, 0.9959919839679359, 0.9939759036144578], "model_coef": NaN}