{"accuracy_pre": 0.99, "accuracy_post": 1.0, "recourse_seeking_ixs": [1065, 1408, 1309, 1193, 1968, 1922, 1797, 1146, 1598, 1568, 1988, 1237, 1680, 1277, 1036, 1649, 1841, 1468, 1224, 1764, 1896, 1532, 1100, 1861, 1713, 1284, 1075, 1618, 1014, 1342, 1503, 1770, 1978, 1302, 1470, 1976, 1711, 1607, 1412, 1057, 1679, 1914, 1023, 1650, 1174, 1817, 1317, 1410, 1007, 1285, 1645, 1934, 1840, 1340, 1446, 1784, 1635, 1315, 1567, 1070, 1821, 1835, 1906, 1346, 1072, 1414, 1401, 1791, 1986, 1552, 1895, 1026, 1537, 1162, 1369, 1352, 1099, 1324, 1805, 1287, 1746, 1726, 1725, 1886, 1116, 1385, 1855, 1060, 1736, 1096, 1427, 1603, 1101, 1717, 1931, 1859, 1433, 1312, 1034, 1646], "recourse_recommended_ixs": [1065, 1408, 1309, 1193, 1968, 1922, 1797, 1146, 1598, 1568, 1988, 1237, 1680, 1277, 1036, 1649, 1841, 1468, 1224, 1764, 1896, 1532, 1100, 1861, 1713, 1284, 1075, 1618, 1014, 1342, 1503, 1770, 1978, 1302, 1470, 1976, 1711, 1607, 1412, 1057, 1679, 1914, 1023, 1650, 1174, 1817, 1317, 1410, 1007, 1285, 1645, 1934, 1840, 1340, 1446, 1784, 1635, 1315, 1567, 1070, 1821, 1835, 1906, 1346, 1072, 1414, 1401, 1791, 1986, 1552, 1895, 1026, 1537, 1162, 1369, 1352, 1099, 1324, 1805, 1287, 1746, 1726, 1725, 1886, 1116, 1385, 1855, 1060, 1736, 1096, 1427, 1603, 1101, 1717, 1931, 1859, 1433, 1312, 1034, 1646], "perc_recomm_found": 1.0, "gamma": 0.95, "eta": 0.95, "gamma_obs": 1.0, "gamma_obs_pre": 0.009999999776482582, "eta_obs": 1.0, "costs": [1.0, 1.0], "lbd": 150.0, "thresh": 0.5, "r_type": "individualized", "t_type": "improvement", "eta_obs_individualized": 1.0, "eta_obs_refits_batch0_mean": 1.0, "model_score": 0.992, "model_f1": 0.9990167158308751, "model_refits_batch0_scores": [0.998, 0.998, 1.0, 0.994, 0.996], "model_refits_batch0_f1s": [0.99800796812749, 0.99800796812749, 1.0, 0.9939999999999999, 0.9960079840319361], "model_coef": NaN}