{"accuracy_pre": 0.81, "accuracy_post": 0.72, "recourse_seeking_ixs": [458, 382, 397, 268, 488, 457, 364, 426, 261, 264, 355, 481, 304, 452, 273, 392, 321, 336, 279, 272, 385, 497, 332, 282, 285, 313, 489, 421, 359, 375, 288, 280, 363, 307, 271, 484, 366, 386, 445, 451, 461, 252, 390, 316, 345, 486, 474, 378, 334, 398, 323, 442, 354, 259, 456, 431, 423, 490, 475, 312, 376, 278, 340, 448, 467, 381, 258, 325, 319, 281, 256, 471, 487, 308, 495, 310, 356, 433, 318, 384, 430, 373, 436, 418, 327, 499, 470, 362, 425, 399, 305, 368, 343, 330, 329, 407, 344, 413, 346, 479], "recourse_recommended_ixs": [458, 382, 397, 268, 488, 457, 364, 426, 261, 264, 355, 481, 304, 452, 273, 392, 321, 336, 279, 272, 385, 497, 332, 282, 285, 313, 489, 421, 359, 375, 288, 280, 363, 307, 271, 484, 366, 386, 445, 451, 461, 252, 390, 316, 345, 486, 474, 378, 334, 398, 323, 442, 354, 259, 456, 431, 423, 490, 475, 312, 376, 278, 340, 448, 467, 381, 258, 325, 319, 281, 256, 471, 487, 308, 495, 310, 356, 433, 318, 384, 430, 373, 436, 418, 327, 499, 470, 362, 425, 399, 305, 368, 343, 330, 329, 407, 344, 413, 346, 479], "perc_recomm_found": 1.0, "gamma": 0.75, "eta": 0.75, "gamma_obs": 0.7300000190734863, "gamma_obs_pre": 0.1899999976158142, "eta_obs": 0.85, "costs": [1.0, 1.0], "lbd": 100.0, "thresh": 0.5, "r_type": "individualized", "t_type": "improvement", "eta_obs_individualized": 0.75, "eta_obs_refits_batch0_mean": 0.8100000619888306, "model_score": 0.816, "model_f1": 0.8217054263565892, "model_refits_batch0_scores": [0.828, 0.856, 0.82, 0.84, 0.836], "model_refits_batch0_f1s": [0.8365019011406843, 0.8615384615384616, 0.8301886792452831, 0.8425196850393701, 0.8416988416988418], "model_coef": NaN}