{"accuracy_pre": 0.84, "accuracy_post": 0.8, "recourse_seeking_ixs": [355, 299, 310, 441, 381, 483, 407, 492, 465, 300, 250, 370, 290, 458, 288, 440, 429, 398, 356, 418, 434, 495, 276, 439, 496, 262, 497, 493, 457, 448, 383, 357, 484, 455, 478, 378, 443, 451, 296, 384, 401, 410, 344, 454, 348, 377, 379, 303, 331, 269, 313, 254, 315, 302, 338, 368, 467, 442, 282, 334, 281, 469, 474, 385, 416, 394, 359, 470, 422, 386, 337, 322, 260, 371, 330, 391, 324, 321, 424, 494, 329, 369, 463, 294, 464, 345, 419, 452, 335, 480, 286, 475, 406, 490, 257, 392, 485, 341, 289, 360], "recourse_recommended_ixs": [355, 299, 310, 441, 381, 483, 407, 492, 465, 300, 250, 370, 290, 458, 288, 440, 429, 398, 356, 418, 434, 495, 276, 439, 496, 262, 497, 493, 457, 448, 383, 357, 484, 455, 478, 378, 443, 451, 296, 384, 401, 410, 344, 454, 348, 377, 379, 303, 331, 269, 313, 254, 315, 302, 338, 368, 467, 442, 282, 334, 281, 469, 474, 385, 416, 394, 359, 470, 422, 386, 337, 322, 260, 371, 330, 391, 324, 321, 424, 494, 329, 369, 463, 294, 464, 345, 419, 452, 335, 480, 286, 475, 406, 490, 257, 392, 485, 341, 289, 360], "perc_recomm_found": 1.0, "gamma": 0.75, "eta": 0.75, "gamma_obs": 0.7900000214576721, "gamma_obs_pre": 0.1599999964237213, "eta_obs": 0.91, "costs": [1.0, 1.0], "lbd": 100.0, "thresh": 0.5, "r_type": "individualized", "t_type": "improvement", "eta_obs_individualized": 0.78, "eta_obs_refits_batch0_mean": 0.9459999799728394, "model_score": 0.816, "model_f1": 0.814516129032258, "model_refits_batch0_scores": [0.804, 0.828, 0.82, 0.808, 0.828], "model_refits_batch0_f1s": [0.8108108108108107, 0.8300395256916995, 0.823529411764706, 0.8153846153846155, 0.8215767634854773], "model_coef": [[0.1294891828669513, -0.13616108063079432, 1.2035035543650718], [-0.5121105816986797]]}