{"accuracy_pre": 0.78, "accuracy_post": 0.84, "recourse_seeking_ixs": [323, 269, 268, 342, 312, 335, 304, 262, 203, 297, 267, 372, 217, 261, 382, 280, 340, 210, 282, 370, 226, 366, 265, 236, 386, 286, 349, 279, 287, 251, 240, 330, 259, 232, 258, 248, 352, 365, 249, 283, 319, 303, 301, 327, 231, 324, 273, 381, 299, 356], "recourse_recommended_ixs": [323, 269, 268, 342, 312, 335, 304, 262, 203, 297, 267, 372, 217, 261, 382, 280, 340, 210, 282, 370, 226, 366, 265, 236, 386, 286, 349, 279, 287, 251, 240, 330, 259, 232, 258, 248, 352, 365, 249, 283, 319, 303, 301, 327, 231, 324, 273, 381, 299, 356], "perc_recomm_found": 1.0, "gamma": 0.75, "eta": 0.75, "gamma_obs": 0.8199999928474426, "gamma_obs_pre": 0.2199999988079071, "eta_obs": 0.98, "costs": [1.0, 1.0], "lbd": 300.0, "thresh": 0.5, "r_type": "individualized", "t_type": "improvement", "eta_obs_individualized": 0.8, "eta_obs_refits_batch0_mean": 0.984000027179718, "model_score": 0.78, "model_f1": 0.7634408602150536, "model_refits_batch0_scores": [0.78, 0.775, 0.775, 0.755, 0.76], "model_refits_batch0_f1s": [0.7731958762886598, 0.7567567567567567, 0.7540983606557377, 0.7562189054726368, 0.7333333333333334], "model_coef": [[0.46629446868718166, 0.22897983363025054, 0.960753952118381], [-0.26987378431839804]]}