{"accuracy_pre": 1.0, "accuracy_post": 0.9, "recourse_seeking_ixs": [356, 218, 379, 228, 258, 297, 215, 241, 340, 208, 203, 310, 399, 344, 312, 332, 367, 307, 257, 329, 289, 299, 385, 370, 320, 250, 248, 279, 345, 387, 264, 363, 314, 371, 219, 283, 322, 274, 242, 361, 210, 231, 256, 349, 382, 221, 304, 223, 225, 378], "recourse_recommended_ixs": [356, 218, 379, 228, 258, 297, 215, 241, 340, 208, 203, 310, 399, 344, 312, 332, 367, 307, 257, 329, 289, 299, 385, 370, 320, 250, 248, 279, 345, 387, 264, 363, 314, 371, 219, 283, 322, 274, 242, 361, 210, 231, 256, 349, 382, 221, 304, 223, 225, 378], "perc_recomm_found": 1.0, "gamma": 0.85, "eta": 0.85, "gamma_obs": 0.92, "gamma_obs_pre": 0.0, "eta_obs": 0.82, "costs": [5.0, 5.0], "lbd": 300.0, "thresh": 0.5, "r_type": "individualized", "t_type": "improvement", "eta_obs_individualized": 0.92, "eta_obs_refits_batch0_mean": 0.8640000000000001, "model_score": 0.995, "model_f1": 0.9956709956709957, "model_refits_batch0_scores": [0.985, 0.98, 0.97, 0.98, 0.98], "model_refits_batch0_f1s": [0.9868995633187774, 0.983050847457627, 0.9745762711864409, 0.982905982905983, 0.982905982905983], "model_coef": [[-0.5176517533033055, 0.9265584802375996, 0.009902208607704277, 0.3419470310786441, 0.6737283315699382], [-12.95356554238956]]}