r_type,t_type,x1_mean,x2_mean,x3_mean,causes_mean,non-causes_mean,x1_std,x2_std,x3_std,causes_std,non-causes_std
individualized,acceptance,0.29385185489058496,0.45977777956812466,2.0014814802971155,0.7536296344587097,2.0014814802971155,0.1738391969336644,0.25409213657333574,0.3345915051654219,0.42073054215179434,0.3345915051654219
individualized,counterfactual,0.23978723438475147,0.43841134639961504,2.2554184392606116,0.6781985807843665,2.2554184392606116,0.16241884229954245,0.4385773858834313,0.33865565552160537,0.48648232609421593,0.33865565552160537
individualized,improvement,1.095768702165813,1.4672244865310435,,2.5629931886968564,0.0,0.07399722160335365,0.2334721273245524,,0.23568056184870273,0.0
subpopulation,acceptance,0.2761515150142439,0.458121213277181,2.1230303048915933,0.7342727282914249,2.1230303048915933,0.1647661578020624,0.3101501819713814,0.2522169015796164,0.33328508858776545,0.2522169015796164
subpopulation,improvement,1.1705442114596059,1.3937687028887726,,2.5643129143483785,0.0,0.06768467567703806,0.28998338372796545,,0.3365704079781897,0.0
