{"accuracy_pre": 0.94, "accuracy_post": 0.56, "recourse_seeking_ixs": [215, 254, 309, 330, 395, 311, 236, 381, 350, 231, 262, 388, 367, 247, 323, 230, 201, 306, 289, 246, 334, 321, 204, 234, 394, 244, 393, 354, 328, 383, 365, 293, 380, 372, 224, 371, 209, 276, 305, 385, 243, 264, 382, 343, 219, 353, 249, 301, 284, 258], "recourse_recommended_ixs": [215, 254, 309, 330, 395, 311, 236, 381, 350, 231, 262, 388, 367, 247, 323, 230, 201, 306, 289, 246, 334, 321, 204, 234, 394, 244, 393, 354, 328, 383, 365, 293, 380, 372, 224, 371, 209, 276, 305, 385, 243, 264, 382, 343, 219, 353, 249, 301, 284, 258], "perc_recomm_found": 1.0, "gamma": 0.85, "eta": 0.85, "gamma_obs": 0.5600000023841858, "gamma_obs_pre": 0.05999999865889549, "eta_obs": 1.0, "costs": [1.0, 1.0, 1.0], "lbd": 300.0, "thresh": 0.5, "r_type": "individualized", "t_type": "counterfactual", "eta_obs_individualized": NaN, "eta_obs_refits_batch0_mean": 0.3400000035762787, "model_score": 0.905, "model_f1": 0.9082125603864734, "model_refits_batch0_scores": [0.89, 0.915, 0.915, 0.895, 0.895], "model_refits_batch0_f1s": [0.8932038834951457, 0.914572864321608, 0.9186602870813397, 0.8965517241379312, 0.8965517241379312], "model_coef": [[0.3535066930002383, 0.7070133860004766, 1.099513163201904], [0.008396747112791904]]}