{"accuracy_pre": 0.78, "accuracy_post": 0.47, "recourse_seeking_ixs": [353, 292, 276, 450, 305, 364, 400, 367, 475, 358, 428, 405, 251, 324, 274, 323, 404, 362, 304, 271, 467, 357, 429, 341, 385, 463, 397, 366, 283, 352, 374, 344, 322, 438, 306, 486, 307, 464, 417, 259, 272, 345, 453, 454, 293, 406, 449, 447, 490, 339, 418, 332, 313, 419, 451, 356, 369, 434, 263, 386, 462, 469, 402, 415, 373, 311, 285, 372, 350, 433, 458, 256, 446, 489, 442, 315, 476, 379, 443, 338, 346, 396, 264, 411, 488, 414, 303, 380, 320, 330, 409, 448, 342, 440, 498, 388, 389, 254, 294, 407], "recourse_recommended_ixs": [353, 292, 276, 450, 305, 364, 400, 367, 475, 358, 428, 405, 251, 324, 274, 323, 404, 362, 304, 271, 467, 357, 429, 341, 385, 463, 397, 366, 283, 352, 374, 344, 322, 438, 306, 486, 307, 464, 417, 259, 272, 345, 453, 454, 293, 406, 449, 447, 490, 339, 418, 332, 313, 419, 451, 356, 369, 434, 263, 386, 462, 469, 402, 415, 373, 311, 285, 372, 350, 433, 458, 256, 446, 489, 442, 315, 476, 379, 443, 338, 346, 396, 264, 411, 488, 414, 303, 380, 320, 330, 409, 448, 342, 440, 498, 388, 389, 254, 294, 407], "perc_recomm_found": 1.0, "gamma": 0.75, "eta": 0.75, "gamma_obs": 0.38999998569488525, "gamma_obs_pre": 0.2199999988079071, "eta_obs": 1.0, "costs": [1.0, 1.0, 1.0], "lbd": 100.0, "thresh": 0.5, "r_type": "subpopulation", "t_type": "acceptance", "eta_obs_individualized": NaN, "eta_obs_refits_batch0_mean": 0.8079999685287476, "model_score": 0.84, "model_f1": 0.8181818181818181, "model_refits_batch0_scores": [0.832, 0.836, 0.832, 0.824, 0.836], "model_refits_batch0_f1s": [0.8125000000000001, 0.8127853881278538, 0.8235294117647058, 0.7924528301886792, 0.8225108225108225], "model_coef": NaN}