{"accuracy_pre": 0.89, "accuracy_post": 0.94, "recourse_seeking_ixs": [846, 700, 733, 687, 528, 639, 500, 631, 880, 584, 842, 897, 787, 556, 899, 702, 531, 862, 703, 765, 669, 742, 685, 929, 771, 911, 905, 917, 903, 609, 855, 767, 760, 727, 940, 559, 677, 557, 895, 612, 853, 939, 644, 599, 749, 953, 608, 731, 992, 565, 913, 810, 859, 650, 705, 930, 816, 843, 803, 918, 549, 649, 747, 610, 695, 998, 873, 770, 646, 894, 983, 570, 542, 656, 718, 835, 825, 693, 696, 776, 605, 830, 514, 596, 686, 898, 604, 573, 858, 944, 766, 907, 795, 915, 798, 916, 579, 673, 635, 519], "recourse_recommended_ixs": [846, 700, 733, 687, 528, 639, 500, 631, 880, 584, 842, 897, 787, 556, 899, 702, 531, 862, 703, 765, 669, 742, 685, 929, 771, 911, 905, 917, 903, 609, 855, 767, 760, 727, 940, 559, 677, 557, 895, 612, 853, 939, 644, 599, 749, 953, 608, 731, 992, 565, 913, 810, 859, 650, 705, 930, 816, 843, 803, 918, 549, 649, 747, 610, 695, 998, 873, 770, 646, 894, 983, 570, 542, 656, 718, 835, 825, 693, 696, 776, 605, 830, 514, 596, 686, 898, 604, 573, 858, 944, 766, 907, 795, 915, 798, 916, 579, 673, 635, 519], "perc_recomm_found": 1.0, "gamma": 0.95, "eta": 0.95, "gamma_obs": 0.9399999976158142, "gamma_obs_pre": 0.10999999940395355, "eta_obs": 1.0, "costs": [1.0, 1.0], "lbd": 300.0, "thresh": 0.5, "r_type": "individualized", "t_type": "improvement", "eta_obs_individualized": 0.98, "eta_obs_refits_batch0_mean": 1.0, "model_score": 0.854, "model_f1": 0.8270042194092827, "model_refits_batch0_scores": [0.824, 0.834, 0.834, 0.808, 0.818], "model_refits_batch0_f1s": [0.817427385892116, 0.8245243128964059, 0.8230277185501067, 0.799163179916318, 0.7945823927765236], "model_coef": NaN}