{"accuracy_pre": 0.88, "accuracy_post": 0.98, "recourse_seeking_ixs": [295, 322, 231, 233, 219, 299, 286, 325, 349, 357, 399, 372, 380, 252, 323, 278, 284, 389, 281, 242, 287, 321, 329, 256, 216, 288, 363, 328, 356, 230, 268, 290, 396, 253, 337, 346, 307, 343, 239, 390, 296, 200, 347, 338, 382, 364, 240, 237, 350, 383], "recourse_recommended_ixs": [295, 322, 231, 233, 219, 299, 286, 325, 349, 357, 399, 372, 380, 252, 323, 278, 284, 389, 281, 242, 287, 321, 329, 256, 216, 288, 363, 328, 356, 230, 268, 290, 396, 253, 337, 346, 307, 343, 239, 390, 296, 200, 347, 338, 382, 364, 240, 237, 350, 383], "perc_recomm_found": 1.0, "gamma": 0.95, "eta": 0.95, "gamma_obs": 0.9800000190734863, "gamma_obs_pre": 0.11999999731779099, "eta_obs": 1.0, "costs": [1.0, 1.0, 1.0], "lbd": 300.0, "thresh": 0.5, "r_type": "individualized", "t_type": "improvement", "eta_obs_individualized": 1.0, "eta_obs_refits_batch0_mean": 0.984000027179718, "model_score": 0.87, "model_f1": 0.8686868686868686, "model_refits_batch0_scores": [0.88, 0.875, 0.885, 0.875, 0.87], "model_refits_batch0_f1s": [0.8811881188118813, 0.8768472906403941, 0.8820512820512821, 0.8743718592964823, 0.8712871287128713], "model_coef": [[0.5973060525956149, 0.5490749690946854, 0.8257387641071899], [0.15002915213603144]]}