{"accuracy_pre": 0.85, "accuracy_post": 0.31, "recourse_seeking_ixs": [608, 861, 909, 575, 670, 973, 649, 561, 528, 707, 972, 838, 622, 971, 996, 565, 890, 941, 596, 781, 844, 791, 822, 785, 587, 549, 516, 839, 840, 961, 606, 633, 943, 920, 810, 597, 737, 754, 749, 842, 967, 835, 735, 883, 651, 933, 529, 859, 771, 995, 719, 523, 501, 843, 708, 857, 936, 614, 823, 677, 701, 928, 683, 628, 705, 685, 666, 626, 704, 541, 899, 753, 782, 968, 690, 509, 852, 869, 784, 519, 558, 679, 536, 647, 538, 525, 866, 676, 847, 980, 926, 934, 975, 815, 772, 537, 884, 517, 801, 780], "recourse_recommended_ixs": [608, 861, 909, 575, 670, 973, 649, 561, 528, 707, 972, 838, 622, 971, 996, 565, 890, 941, 596, 781, 844, 791, 822, 785, 587, 549, 516, 839, 840, 961, 606, 633, 943, 920, 810, 597, 737, 754, 749, 842, 967, 835, 735, 883, 651, 933, 529, 859, 771, 995, 719, 523, 501, 843, 708, 857, 936, 614, 823, 677, 701, 928, 683, 628, 705, 685, 666, 626, 704, 541, 899, 753, 782, 968, 690, 509, 852, 869, 784, 519, 558, 679, 536, 647, 538, 525, 866, 676, 847, 980, 926, 934, 975, 815, 772, 537, 884, 517, 801, 780], "perc_recomm_found": 1.0, "gamma": 0.75, "eta": 0.75, "gamma_obs": 0.25, "gamma_obs_pre": 0.15000000596046448, "eta_obs": 1.0, "costs": [1.0, 1.0, 1.0], "lbd": 300.0, "thresh": 0.5, "r_type": "individualized", "t_type": "acceptance", "eta_obs_individualized": NaN, "eta_obs_refits_batch0_mean": 0.3920000195503235, "model_score": 0.804, "model_f1": 0.8254620123203286, "model_refits_batch0_scores": [0.804, 0.782, 0.782, 0.786, 0.806], "model_refits_batch0_f1s": [0.8016194331983807, 0.7705263157894737, 0.7714884696016772, 0.7737843551797039, 0.7966457023060797], "model_coef": NaN}