{"accuracy_pre": 0.84, "accuracy_post": 0.24, "recourse_seeking_ixs": [307, 285, 208, 340, 368, 381, 362, 267, 390, 218, 398, 324, 217, 211, 272, 283, 348, 378, 349, 235, 232, 275, 204, 333, 220, 227, 270, 335, 254, 210, 206, 385, 244, 252, 253, 316, 277, 243, 375, 237, 280, 339, 203, 221, 357, 229, 345, 240, 266, 371], "recourse_recommended_ixs": [307, 285, 208, 340, 368, 381, 362, 267, 390, 218, 398, 324, 217, 211, 272, 283, 348, 378, 349, 235, 232, 275, 204, 333, 220, 227, 270, 335, 254, 210, 206, 385, 244, 252, 253, 316, 277, 243, 375, 237, 280, 339, 203, 221, 357, 229, 345, 240, 266, 371], "perc_recomm_found": 1.0, "gamma": 0.95, "eta": 0.95, "gamma_obs": 0.23999999463558197, "gamma_obs_pre": 0.1599999964237213, "eta_obs": 1.0, "costs": [1.0, 1.0, 1.0], "lbd": 300.0, "thresh": 0.5, "r_type": "individualized", "t_type": "counterfactual", "eta_obs_individualized": NaN, "eta_obs_refits_batch0_mean": 0.7600000500679016, "model_score": 0.86, "model_f1": 0.8640776699029126, "model_refits_batch0_scores": [0.855, 0.85, 0.86, 0.82, 0.865], "model_refits_batch0_f1s": [0.855721393034826, 0.854368932038835, 0.8640776699029126, 0.8085106382978724, 0.8682926829268292], "model_coef": [[-0.2164880148354696, -0.030773429397347764, 1.1364269950085266], [-0.7425240528984184]]}