{"accuracy_pre": 0.92, "accuracy_post": 0.88, "recourse_seeking_ixs": [389, 200, 326, 254, 292, 237, 319, 307, 398, 322, 280, 294, 201, 380, 242, 276, 235, 349, 391, 369, 238, 345, 278, 239, 245, 303, 354, 361, 305, 399, 308, 328, 217, 290, 362, 222, 327, 330, 306, 299, 320, 397, 264, 393, 360, 347, 356, 251, 229, 265], "recourse_recommended_ixs": [389, 200, 326, 254, 292, 237, 319, 307, 398, 322, 280, 294, 201, 380, 242, 276, 235, 349, 391, 369, 238, 345, 278, 239, 245, 303, 354, 361, 305, 399, 308, 328, 217, 290, 362, 222, 327, 330, 306, 299, 320, 397, 264, 393, 360, 347, 356, 251, 229, 265], "perc_recomm_found": 1.0, "gamma": 0.9, "eta": 0.9, "gamma_obs": 0.8799999952316284, "gamma_obs_pre": 0.07999999821186066, "eta_obs": 1.0, "costs": [1.0, 1.0, 1.0], "lbd": 300.0, "thresh": 0.5, "r_type": "subpopulation", "t_type": "improvement", "eta_obs_individualized": NaN, "eta_obs_refits_batch0_mean": 0.8639999628067017, "model_score": 0.9, "model_f1": 0.9, "model_refits_batch0_scores": [0.88, 0.86, 0.885, 0.89, 0.865], "model_refits_batch0_f1s": [0.88, 0.8627450980392157, 0.8888888888888888, 0.8910891089108911, 0.8682926829268293], "model_coef": [[0.5409262445636082, 0.955481782507, 0.9332635226719466], [-0.04808206059469919]]}