ix,goal_cost,intv_cost
168,0.751,1.4400000000000002
151,0.7580000162124634,1.6999999769032001
162,0.757,1.96
114,0.7519999742507935,1.340000033378601
157,0.803,1.94
146,0.7580000162124634,1.960000067949295
187,0.767,1.95
121,0.778,1.7999999999999998
133,0.7549999952316284,2.96999990940094
158,0.7730000019073486,2.0300000309944153
