,h_post,h_post_individualized
168,0.9216885771761774,1.0
151,0.8896474178806311,1.0
162,0.9436404173163937,1.0
114,0.9414767323312458,1.0
157,0.9187052660292209,1.0
146,0.8406219393383697,0.4170334041118622
187,0.7537491034483671,0.33387959003448486
121,0.8336812542956438,0.46743446588516235
133,0.904289170648115,1.0
158,0.9729253355128089,1.0
