{"accuracy_pre": 0.8, "accuracy_post": 0.9, "recourse_seeking_ixs": [168, 151, 162, 114, 157, 146, 187, 121, 133, 158], "recourse_recommended_ixs": [168, 151, 162, 114, 157, 146, 187, 121, 133, 158], "perc_recomm_found": 1.0, "gamma": 0.75, "eta": 0.75, "gamma_obs": 0.8999999761581421, "gamma_obs_pre": 0.20000000298023224, "eta_obs": 1.0, "costs": [1.0, 1.0], "lbd": 50.0, "thresh": 0.5, "r_type": "individualized", "t_type": "improvement", "eta_obs_individualized": 0.7, "eta_obs_refits_batch0_mean": 1.0, "model_score": 0.81, "model_f1": 0.8571428571428572, "model_refits_batch0_scores": [0.76, 0.74, 0.72, 0.77, 0.78], "model_refits_batch0_f1s": [0.7777777777777777, 0.7719298245614036, 0.75, 0.7722772277227722, 0.7708333333333333], "model_coef": [[0.40369860139718966, 0.10964738981360939, 1.098398996722711], [-0.311438634657002]]}