{"accuracy_pre": 0.81, "accuracy_post": 0.77, "recourse_seeking_ixs": [596, 789, 642, 735, 634, 683, 764, 894, 550, 751, 926, 792, 819, 551, 719, 758, 637, 620, 776, 529, 638, 973, 908, 812, 854, 567, 868, 855, 677, 832, 718, 535, 961, 737, 889, 546, 742, 514, 658, 950, 787, 886, 545, 958, 946, 746, 965, 898, 599, 663, 720, 640, 698, 583, 782, 702, 773, 998, 858, 982, 844, 722, 909, 576, 747, 872, 621, 723, 613, 985, 711, 523, 871, 885, 883, 708, 710, 622, 630, 588, 748, 674, 582, 649, 712, 738, 601, 666, 636, 614, 734, 884, 826, 923, 925, 830, 794, 716, 790, 966], "recourse_recommended_ixs": [596, 789, 642, 735, 634, 683, 764, 894, 550, 751, 926, 792, 819, 551, 719, 758, 637, 620, 776, 529, 638, 973, 908, 812, 854, 567, 868, 855, 677, 832, 718, 535, 961, 737, 889, 546, 742, 514, 658, 950, 787, 886, 545, 958, 946, 746, 965, 898, 599, 663, 720, 640, 698, 583, 782, 702, 773, 998, 858, 982, 844, 722, 909, 576, 747, 872, 621, 723, 613, 985, 711, 523, 871, 885, 883, 708, 710, 622, 630, 588, 748, 674, 582, 649, 712, 738, 601, 666, 636, 614, 734, 884, 826, 923, 925, 830, 794, 716, 790, 966], "perc_recomm_found": 1.0, "gamma": 0.75, "eta": 0.75, "gamma_obs": 0.7200000286102295, "gamma_obs_pre": 0.1899999976158142, "eta_obs": 0.89, "costs": [1.0, 1.0], "lbd": 300.0, "thresh": 0.5, "r_type": "subpopulation", "t_type": "improvement", "eta_obs_individualized": NaN, "eta_obs_refits_batch0_mean": 0.800000011920929, "model_score": 0.812, "model_f1": 0.8693957115009747, "model_refits_batch0_scores": [0.794, 0.79, 0.778, 0.774, 0.806], "model_refits_batch0_f1s": [0.7935871743486975, 0.7789473684210526, 0.7633262260127932, 0.7670103092783506, 0.7931769722814498], "model_coef": NaN}