{"accuracy_pre": 0.82, "accuracy_post": 1.0, "recourse_seeking_ixs": [323, 398, 339, 307, 242, 383, 203, 340, 218, 363, 252, 274, 399, 235, 355, 204, 367, 303, 239, 384, 255, 273, 373, 240, 397, 271, 268, 375, 277, 300, 208, 336, 390, 301, 332, 265, 294, 386, 269, 381, 288, 238, 370, 322, 219, 319, 376, 201, 369, 358], "recourse_recommended_ixs": [323, 398, 339, 307, 242, 383, 203, 340, 218, 363, 252, 274, 399, 235, 355, 204, 367, 303, 239, 384, 255, 273, 373, 240, 397, 271, 268, 375, 277, 300, 208, 336, 390, 301, 332, 265, 294, 386, 269, 381, 288, 238, 370, 322, 219, 319, 376, 201, 369, 358], "perc_recomm_found": 1.0, "gamma": 0.95, "eta": 0.95, "gamma_obs": 1.0, "gamma_obs_pre": 0.18000000715255737, "eta_obs": 1.0, "costs": [1.0, 1.0, 1.0], "lbd": 300.0, "thresh": 0.5, "r_type": "individualized", "t_type": "improvement", "eta_obs_individualized": 1.0, "eta_obs_refits_batch0_mean": 0.8079999685287476, "model_score": 0.9, "model_f1": 0.9107142857142857, "model_refits_batch0_scores": [0.875, 0.86, 0.885, 0.87, 0.9], "model_refits_batch0_f1s": [0.8898678414096916, 0.8738738738738739, 0.8959276018099547, 0.8773584905660378, 0.9107142857142857], "model_coef": [[0.9468990349781393, 0.6638949227824809, 0.886323830293156], [0.07225976937942394]]}