{"accuracy_pre": 0.98, "accuracy_post": 0.96, "recourse_seeking_ixs": [222, 258, 331, 309, 371, 291, 381, 280, 275, 378, 299, 237, 390, 200, 356, 216, 232, 245, 293, 224, 386, 374, 308, 384, 373, 300, 375, 273, 233, 327, 377, 201, 253, 303, 263, 228, 345, 348, 270, 298, 229, 317, 297, 255, 294, 352, 338, 277, 203, 395], "recourse_recommended_ixs": [222, 258, 331, 309, 371, 291, 381, 280, 275, 378, 299, 237, 390, 200, 356, 216, 232, 245, 293, 224, 386, 374, 308, 384, 373, 300, 375, 273, 233, 327, 377, 201, 253, 303, 263, 228, 345, 348, 270, 298, 229, 317, 297, 255, 294, 352, 338, 277, 395], "perc_recomm_found": 0.98, "gamma": 0.85, "eta": 0.85, "gamma_obs": 0.9387755102040817, "gamma_obs_pre": 0.0, "eta_obs": 0.9183673469387755, "costs": [5.0, 5.0], "lbd": 300.0, "thresh": 0.5, "r_type": "individualized", "t_type": "improvement", "eta_obs_individualized": 0.9387755102040817, "eta_obs_refits_batch0_mean": 0.9183673469387756, "model_score": 0.99, "model_f1": 0.9924242424242424, "model_refits_batch0_scores": [0.985, 0.99, 0.98, 0.99, 0.98], "model_refits_batch0_f1s": [0.9885057471264368, 0.9923664122137404, 0.9847328244274809, 0.9924242424242424, 0.9848484848484849], "model_coef": [[-0.20416728819721927, 0.3789173175978646, 0.013919862508394712, -0.517451313053269, 0.9092118263075646], [-9.368161423491328]]}