{"accuracy_pre": 0.74, "accuracy_post": 0.39, "recourse_seeking_ixs": [733, 594, 888, 898, 875, 843, 873, 975, 977, 544, 558, 917, 837, 804, 726, 939, 757, 880, 867, 849, 676, 653, 813, 685, 729, 601, 624, 761, 669, 994, 869, 655, 811, 752, 927, 776, 774, 532, 916, 663, 547, 671, 756, 805, 603, 990, 764, 645, 703, 809, 838, 980, 971, 705, 902, 836, 797, 573, 704, 718, 562, 972, 740, 554, 696, 717, 914, 507, 658, 538, 502, 627, 979, 596, 963, 652, 615, 998, 686, 654, 533, 637, 528, 565, 661, 966, 997, 842, 681, 911, 650, 625, 587, 996, 520, 806, 656, 687, 543, 641], "recourse_recommended_ixs": [733, 594, 888, 898, 875, 843, 873, 975, 977, 544, 558, 917, 837, 804, 726, 939, 757, 880, 867, 849, 676, 653, 813, 685, 729, 601, 624, 761, 669, 994, 869, 655, 811, 752, 927, 776, 774, 532, 916, 663, 547, 671, 756, 805, 603, 990, 764, 645, 703, 809, 838, 980, 971, 705, 902, 836, 797, 573, 704, 718, 562, 972, 740, 554, 696, 717, 914, 507, 658, 538, 502, 627, 979, 596, 963, 652, 615, 998, 686, 654, 533, 637, 528, 565, 661, 966, 997, 842, 681, 911, 650, 625, 587, 996, 520, 806, 656, 687, 543, 641], "perc_recomm_found": 1.0, "gamma": 0.95, "eta": 0.95, "gamma_obs": 0.28999999165534973, "gamma_obs_pre": 0.25999999046325684, "eta_obs": 1.0, "costs": [1.0, 1.0, 1.0], "lbd": 300.0, "thresh": 0.5, "r_type": "subpopulation", "t_type": "acceptance", "eta_obs_individualized": NaN, "eta_obs_refits_batch0_mean": 0.3819999694824219, "model_score": 0.728, "model_f1": 0.7829457364341087, "model_refits_batch0_scores": [0.804, 0.782, 0.782, 0.786, 0.806], "model_refits_batch0_f1s": [0.8016194331983807, 0.7705263157894737, 0.7714884696016772, 0.7737843551797039, 0.7966457023060797], "model_coef": NaN}