{"accuracy_pre": 0.83, "accuracy_post": 0.19, "recourse_seeking_ixs": [875, 529, 801, 564, 778, 501, 864, 931, 609, 946, 663, 869, 943, 868, 655, 537, 775, 522, 624, 933, 600, 852, 560, 514, 500, 651, 691, 546, 840, 568, 820, 679, 772, 826, 959, 539, 800, 854, 729, 845, 713, 695, 919, 857, 638, 928, 893, 692, 548, 708, 754, 513, 837, 690, 981, 658, 748, 937, 798, 899, 918, 942, 794, 923, 769, 611, 702, 984, 646, 574, 783, 678, 668, 563, 765, 555, 815, 926, 941, 566, 606, 665, 569, 983, 604, 870, 707, 504, 621, 828, 726, 528, 752, 581, 633, 515, 696, 719, 844, 848], "recourse_recommended_ixs": [875, 529, 801, 564, 778, 501, 864, 931, 609, 946, 663, 869, 943, 868, 655, 537, 775, 522, 624, 933, 600, 852, 560, 514, 500, 651, 691, 546, 840, 568, 820, 679, 772, 826, 959, 539, 800, 854, 729, 845, 713, 695, 919, 857, 638, 928, 893, 692, 548, 708, 754, 513, 837, 690, 981, 658, 748, 937, 798, 899, 918, 942, 794, 923, 769, 611, 702, 984, 646, 574, 783, 678, 668, 563, 765, 555, 815, 926, 941, 566, 606, 665, 569, 983, 604, 870, 707, 504, 621, 828, 726, 528, 752, 581, 633, 515, 696, 719, 844, 848], "perc_recomm_found": 1.0, "gamma": 0.75, "eta": 0.75, "gamma_obs": 0.1599999964237213, "gamma_obs_pre": 0.17000000178813934, "eta_obs": 0.97, "costs": [1.0, 1.0, 1.0], "lbd": 300.0, "thresh": 0.5, "r_type": "individualized", "t_type": "counterfactual", "eta_obs_individualized": NaN, "eta_obs_refits_batch0_mean": 0.30399999022483826, "model_score": 0.794, "model_f1": 0.865546218487395, "model_refits_batch0_scores": [0.794, 0.79, 0.778, 0.774, 0.806], "model_refits_batch0_f1s": [0.7935871743486975, 0.7789473684210526, 0.7633262260127932, 0.7670103092783506, 0.7931769722814498], "model_coef": NaN}