{"accuracy_pre": 0.85, "accuracy_post": 0.82, "recourse_seeking_ixs": [708, 638, 987, 884, 811, 625, 913, 738, 832, 872, 863, 798, 968, 769, 904, 925, 831, 993, 784, 566, 858, 893, 818, 700, 670, 531, 725, 595, 594, 990, 860, 513, 849, 669, 616, 680, 948, 709, 645, 677, 875, 918, 650, 864, 920, 628, 861, 589, 803, 515, 776, 986, 578, 754, 970, 898, 859, 639, 747, 901, 876, 907, 999, 895, 871, 882, 792, 807, 805, 963, 890, 667, 762, 761, 819, 720, 766, 502, 775, 622, 914, 744, 644, 517, 965, 742, 600, 557, 804, 726, 512, 785, 837, 977, 705, 635, 671, 508, 905, 780], "recourse_recommended_ixs": [708, 638, 987, 884, 811, 625, 913, 738, 832, 872, 863, 798, 968, 769, 904, 925, 831, 993, 784, 566, 858, 893, 818, 700, 670, 531, 725, 595, 594, 990, 860, 513, 849, 669, 616, 680, 948, 709, 645, 677, 875, 918, 650, 864, 920, 628, 861, 589, 803, 515, 776, 986, 578, 754, 970, 898, 859, 639, 747, 901, 876, 907, 999, 895, 871, 882, 792, 807, 805, 963, 890, 667, 762, 761, 819, 720, 766, 502, 775, 622, 914, 744, 644, 517, 965, 742, 600, 557, 804, 726, 512, 785, 837, 977, 705, 635, 671, 508, 905, 780], "perc_recomm_found": 1.0, "gamma": 0.75, "eta": 0.75, "gamma_obs": 0.8600000143051147, "gamma_obs_pre": 0.15000000596046448, "eta_obs": 0.9, "costs": [1.0, 1.0], "lbd": 300.0, "thresh": 0.5, "r_type": "individualized", "t_type": "improvement", "eta_obs_individualized": 0.96, "eta_obs_refits_batch0_mean": 0.8559999465942383, "model_score": 0.666, "model_f1": 0.6796536796536795, "model_refits_batch0_scores": [0.794, 0.79, 0.778, 0.774, 0.806], "model_refits_batch0_f1s": [0.7935871743486975, 0.7789473684210526, 0.7633262260127932, 0.7670103092783506, 0.7931769722814498], "model_coef": NaN}