{"accuracy_pre": 1.0, "accuracy_post": 0.95, "recourse_seeking_ixs": [1210, 1597, 1977, 1030, 1081, 1199, 1680, 1816, 1711, 1116, 1201, 1312, 1447, 1931, 1446, 1418, 1503, 1658, 1995, 1624, 1840, 1709, 1865, 1900, 1170, 1016, 1982, 1593, 1575, 1655, 1805, 1606, 1841, 1327, 1935, 1076, 1733, 1742, 1099, 1529, 1040, 1303, 1146, 1314, 1639, 1221, 1989, 1462, 1855, 1288, 1557, 1552, 1026, 1991, 1741, 1476, 1764, 1924, 1077, 1591, 1090, 1347, 1184, 1102, 1131, 1649, 1650, 1737, 1014, 1652, 1744, 1400, 1319, 1773, 1736, 1504, 1786, 1460, 1574, 1234, 1284, 1308, 1166, 1519, 1376, 1690, 1329, 1907, 1263, 1716, 1364, 1055, 1964, 1954, 1254, 1619, 1233, 1968, 1539, 1668], "recourse_recommended_ixs": [1210, 1597, 1977, 1030, 1081, 1199, 1680, 1816, 1711, 1116, 1201, 1312, 1447, 1931, 1446, 1418, 1503, 1658, 1995, 1624, 1840, 1709, 1865, 1900, 1170, 1016, 1982, 1593, 1575, 1655, 1805, 1606, 1841, 1327, 1935, 1076, 1733, 1742, 1099, 1529, 1040, 1303, 1146, 1314, 1639, 1221, 1989, 1462, 1855, 1288, 1557, 1552, 1026, 1991, 1741, 1476, 1764, 1924, 1077, 1591, 1090, 1347, 1184, 1102, 1131, 1649, 1650, 1737, 1014, 1652, 1744, 1400, 1319, 1773, 1736, 1504, 1786, 1460, 1574, 1234, 1284, 1308, 1166, 1519, 1376, 1690, 1329, 1907, 1263, 1716, 1364, 1055, 1964, 1954, 1254, 1619, 1233, 1968, 1539, 1668], "perc_recomm_found": 1.0, "gamma": 0.75, "eta": 0.75, "gamma_obs": 1.0, "gamma_obs_pre": 0.0, "eta_obs": 0.95, "costs": [1.0, 1.0, 1.0], "lbd": 150.0, "thresh": 0.5, "r_type": "subpopulation", "t_type": "acceptance", "eta_obs_individualized": NaN, "eta_obs_refits_batch0_mean": 0.534000039100647, "model_score": 0.952, "model_f1": 0.999004975124378, "model_refits_batch0_scores": [0.981, 0.998, 0.993, 0.989, 0.994], "model_refits_batch0_f1s": [0.9806714140386571, 0.99800796812749, 0.992964824120603, 0.9889001009081735, 0.9939759036144578], "model_coef": NaN}