{"accuracy_pre": 0.83, "accuracy_post": 0.79, "recourse_seeking_ixs": [883, 608, 813, 870, 648, 933, 728, 628, 637, 901, 755, 756, 502, 979, 503, 849, 993, 719, 657, 669, 612, 863, 528, 554, 957, 809, 519, 747, 576, 947, 623, 763, 500, 817, 662, 563, 591, 577, 543, 914, 836, 775, 965, 804, 977, 819, 531, 996, 832, 963, 653, 619, 573, 878, 777, 802, 517, 656, 873, 785, 651, 808, 990, 723, 575, 869, 871, 578, 911, 752, 712, 654, 556, 567, 533, 805, 988, 736, 514, 641, 934, 558, 948, 758, 898, 806, 705, 603, 646, 874, 745, 621, 768, 702, 830, 793, 617, 856, 634, 857], "recourse_recommended_ixs": [883, 608, 813, 870, 648, 933, 728, 628, 637, 901, 755, 756, 502, 979, 503, 849, 993, 719, 657, 669, 612, 863, 528, 554, 957, 809, 519, 747, 576, 947, 623, 763, 500, 817, 662, 563, 591, 577, 543, 914, 836, 775, 965, 804, 977, 819, 531, 996, 832, 963, 653, 619, 573, 878, 777, 802, 517, 656, 873, 785, 651, 808, 990, 723, 575, 869, 871, 578, 911, 752, 712, 654, 556, 567, 533, 805, 988, 736, 514, 641, 934, 558, 948, 758, 898, 806, 705, 603, 646, 874, 745, 621, 768, 702, 830, 793, 617, 856, 634, 857], "perc_recomm_found": 1.0, "gamma": 0.75, "eta": 0.75, "gamma_obs": 0.7300000190734863, "gamma_obs_pre": 0.17000000178813934, "eta_obs": 0.94, "costs": [1.0, 1.0], "lbd": 300.0, "thresh": 0.5, "r_type": "individualized", "t_type": "improvement", "eta_obs_individualized": 0.85, "eta_obs_refits_batch0_mean": 0.9300000071525574, "model_score": 0.792, "model_f1": 0.7961165048543689, "model_refits_batch0_scores": [0.822, 0.82, 0.814, 0.828, 0.83], "model_refits_batch0_f1s": [0.8202020202020203, 0.8170731707317074, 0.8128772635814889, 0.822314049586777, 0.8261758691206543], "model_coef": [[0.4193815735163298, -0.17430836989550566, 0.8740051248645054], [-0.5287631658814632]]}