{"accuracy_pre": 0.78, "accuracy_post": 0.96, "recourse_seeking_ixs": [604, 592, 801, 766, 929, 712, 545, 788, 535, 812, 643, 828, 934, 552, 689, 997, 605, 649, 559, 661, 534, 570, 523, 640, 675, 904, 702, 853, 600, 871, 837, 703, 560, 513, 957, 566, 568, 521, 767, 836, 684, 659, 619, 596, 595, 960, 846, 815, 971, 580, 785, 747, 982, 651, 539, 597, 981, 563, 573, 743, 784, 908, 620, 830, 965, 832, 794, 867, 866, 613, 972, 543, 849, 850, 738, 925, 730, 734, 979, 678, 627, 843, 786, 760, 831, 793, 692, 890, 549, 864, 819, 861, 672, 657, 862, 588, 930, 964, 928, 653], "recourse_recommended_ixs": [604, 592, 801, 766, 929, 712, 545, 788, 535, 812, 643, 828, 934, 552, 689, 997, 605, 649, 559, 661, 534, 570, 523, 640, 675, 904, 702, 853, 600, 871, 837, 703, 560, 513, 957, 566, 568, 521, 767, 836, 684, 659, 619, 596, 595, 960, 846, 815, 971, 580, 785, 747, 982, 651, 539, 597, 981, 563, 573, 743, 784, 908, 620, 830, 965, 832, 794, 867, 866, 613, 972, 543, 849, 850, 738, 925, 730, 734, 979, 678, 627, 843, 786, 760, 831, 793, 692, 890, 549, 864, 819, 861, 672, 657, 862, 588, 930, 964, 928, 653], "perc_recomm_found": 1.0, "gamma": 0.95, "eta": 0.95, "gamma_obs": 0.9599999785423279, "gamma_obs_pre": 0.2199999988079071, "eta_obs": 1.0, "costs": [1.0, 1.0], "lbd": 300.0, "thresh": 0.5, "r_type": "subpopulation", "t_type": "improvement", "eta_obs_individualized": NaN, "eta_obs_refits_batch0_mean": 1.0, "model_score": 0.804, "model_f1": 0.7933884297520661, "model_refits_batch0_scores": [0.828, 0.828, 0.794, 0.826, 0.834], "model_refits_batch0_f1s": [0.8027522935779817, 0.8063063063063063, 0.7518072289156627, 0.7962529274004684, 0.814317673378076], "model_coef": [[0.17212440209313498, 0.30563951578550236, 0.8015383947950182], [-0.48917069650178224]]}