{"accuracy_pre": 0.75, "accuracy_post": 0.28, "recourse_seeking_ixs": [316, 253, 399, 445, 403, 318, 264, 475, 308, 370, 362, 385, 414, 406, 358, 488, 437, 432, 499, 384, 479, 409, 498, 459, 287, 449, 309, 452, 328, 343, 471, 266, 410, 397, 294, 450, 408, 467, 458, 272, 322, 256, 407, 320, 492, 310, 463, 337, 354, 440, 398, 411, 324, 447, 377, 267, 327, 340, 412, 274, 313, 379, 477, 483, 291, 365, 444, 254, 476, 257, 413, 389, 441, 376, 470, 338, 277, 307, 321, 284, 404, 387, 419, 268, 344, 260, 396, 431, 495, 424, 353, 317, 462, 420, 433, 263, 300, 364, 373, 489], "recourse_recommended_ixs": [316, 253, 399, 445, 403, 318, 264, 475, 308, 370, 362, 385, 414, 406, 358, 488, 437, 432, 499, 384, 479, 409, 498, 459, 287, 449, 309, 452, 328, 343, 471, 266, 410, 397, 294, 450, 408, 467, 458, 272, 322, 256, 407, 320, 492, 310, 463, 337, 354, 440, 398, 411, 324, 447, 377, 267, 327, 340, 412, 274, 313, 379, 477, 483, 291, 365, 444, 254, 476, 257, 413, 389, 441, 376, 470, 338, 277, 307, 321, 284, 404, 387, 419, 268, 344, 260, 396, 431, 495, 424, 353, 317, 462, 420, 433, 263, 300, 364, 373, 489], "perc_recomm_found": 1.0, "gamma": 0.75, "eta": 0.75, "gamma_obs": 0.28999999165534973, "gamma_obs_pre": 0.25, "eta_obs": 0.99, "costs": [1.0, 1.0, 1.0], "lbd": 100.0, "thresh": 0.5, "r_type": "individualized", "t_type": "counterfactual", "eta_obs_individualized": NaN, "eta_obs_refits_batch0_mean": 0.4860000014305115, "model_score": 0.752, "model_f1": 0.7500000000000001, "model_refits_batch0_scores": [0.8, 0.76, 0.768, 0.784, 0.776], "model_refits_batch0_f1s": [0.8, 0.7560975609756099, 0.7542372881355932, 0.7610619469026549, 0.7741935483870968], "model_coef": NaN}