{"accuracy_pre": 1.0, "accuracy_post": 0.0, "recourse_seeking_ixs": [340, 243, 259, 311, 203, 299, 231, 249, 227, 319, 363, 388, 370, 399, 206, 323, 382, 257, 310, 279, 234, 355, 391, 312, 344, 221, 289, 348, 343, 332, 307, 314, 304, 356, 236, 386, 225, 230, 367, 219, 378, 320, 223, 329, 258, 278, 208, 241, 250, 383], "recourse_recommended_ixs": [340, 243, 259, 311, 203, 299, 231, 249, 227, 319, 363, 388, 370, 399, 206, 323, 382, 257, 310, 279, 234, 355, 391, 312, 344, 221, 289, 348, 343, 332, 307, 314, 304, 356, 236, 386, 225, 230, 367, 219, 378, 320, 223, 329, 258, 278, 208, 241, 250, 383], "perc_recomm_found": 1.0, "gamma": 0.85, "eta": 0.85, "gamma_obs": 0.0, "gamma_obs_pre": 0.0, "eta_obs": 1.0, "costs": [5.0, 5.0, 0.0001, 0.01, 0.1], "lbd": 300.0, "thresh": 0.5, "r_type": "subpopulation", "t_type": "acceptance", "eta_obs_individualized": NaN, "eta_obs_refits_batch0_mean": 0.9800000000000001, "model_score": 0.995, "model_f1": 0.9956709956709957, "model_refits_batch0_scores": [0.985, 0.98, 0.97, 0.98, 0.98], "model_refits_batch0_f1s": [0.9868995633187774, 0.983050847457627, 0.9745762711864409, 0.982905982905983, 0.982905982905983], "model_coef": [[-0.5176517533033055, 0.9265584802375996, 0.009902208607704277, 0.3419470310786441, 0.6737283315699382], [-12.95356554238956]]}