{"accuracy_pre": 0.76, "accuracy_post": 0.37, "recourse_seeking_ixs": [512, 732, 515, 968, 923, 604, 500, 891, 885, 849, 941, 606, 808, 713, 817, 750, 760, 939, 804, 976, 528, 837, 717, 714, 869, 868, 993, 802, 916, 902, 971, 907, 783, 793, 577, 565, 586, 683, 871, 649, 661, 921, 561, 516, 790, 913, 952, 995, 781, 654, 942, 759, 811, 906, 552, 734, 726, 931, 748, 618, 922, 519, 650, 642, 836, 844, 637, 927, 672, 926, 769, 944, 950, 582, 954, 720, 735, 985, 803, 507, 782, 712, 711, 880, 640, 933, 888, 812, 994, 653, 729, 829, 542, 881, 715, 884, 602, 930, 786, 576], "recourse_recommended_ixs": [512, 732, 515, 968, 923, 604, 500, 891, 885, 849, 941, 606, 808, 713, 817, 750, 760, 939, 804, 976, 528, 837, 717, 714, 869, 868, 993, 802, 916, 902, 971, 907, 783, 793, 577, 565, 586, 683, 871, 649, 661, 921, 561, 516, 790, 913, 952, 995, 781, 654, 942, 759, 811, 906, 552, 734, 726, 931, 748, 618, 922, 519, 650, 642, 836, 844, 637, 927, 672, 926, 769, 944, 950, 582, 954, 720, 735, 985, 803, 507, 782, 712, 711, 880, 640, 933, 888, 812, 994, 653, 729, 829, 542, 881, 715, 884, 602, 930, 786, 576], "perc_recomm_found": 1.0, "gamma": 0.75, "eta": 0.75, "gamma_obs": 0.30000001192092896, "gamma_obs_pre": 0.23999999463558197, "eta_obs": 0.91, "costs": [1.0, 1.0, 1.0], "lbd": 300.0, "thresh": 0.5, "r_type": "subpopulation", "t_type": "acceptance", "eta_obs_individualized": NaN, "eta_obs_refits_batch0_mean": 0.3540000021457672, "model_score": 0.802, "model_f1": 0.7946257197696738, "model_refits_batch0_scores": [0.818, 0.816, 0.806, 0.824, 0.83], "model_refits_batch0_f1s": [0.7838479809976248, 0.7819905213270142, 0.762836185819071, 0.7914691943127962, 0.8081264108352144], "model_coef": NaN}