{"accuracy_pre": 0.8, "accuracy_post": 0.47, "recourse_seeking_ixs": [651, 946, 547, 589, 847, 542, 746, 996, 956, 758, 748, 772, 783, 632, 738, 588, 596, 838, 727, 634, 713, 756, 712, 662, 705, 744, 509, 925, 928, 899, 704, 671, 689, 577, 693, 768, 750, 767, 829, 733, 541, 510, 871, 798, 677, 503, 501, 779, 840, 918, 865, 854, 743, 968, 681, 771, 848, 804, 508, 994, 601, 534, 563, 831, 721, 666, 515, 852, 943, 694, 551, 637, 913, 609, 553, 626, 716, 807, 860, 698, 850, 894, 521, 656, 910, 914, 977, 786, 869, 734, 701, 851, 619, 961, 874, 937, 879, 873, 702, 580], "recourse_recommended_ixs": [651, 946, 547, 589, 847, 542, 746, 996, 956, 758, 748, 772, 783, 632, 738, 588, 596, 838, 727, 634, 713, 756, 712, 662, 705, 744, 509, 925, 928, 899, 704, 671, 689, 577, 693, 768, 750, 767, 829, 733, 541, 510, 871, 798, 677, 503, 501, 779, 840, 918, 865, 854, 743, 968, 681, 771, 848, 804, 508, 994, 601, 534, 563, 831, 721, 666, 515, 852, 943, 694, 551, 637, 913, 609, 553, 626, 716, 807, 860, 698, 850, 894, 521, 656, 910, 914, 977, 786, 869, 734, 701, 851, 619, 961, 874, 937, 879, 873, 702, 580], "perc_recomm_found": 1.0, "gamma": 0.75, "eta": 0.75, "gamma_obs": 0.3799999952316284, "gamma_obs_pre": 0.20000000298023224, "eta_obs": 0.85, "costs": [1.0, 1.0, 1.0], "lbd": 300.0, "thresh": 0.5, "r_type": "subpopulation", "t_type": "counterfactual", "eta_obs_individualized": NaN, "eta_obs_refits_batch0_mean": 0.43800002336502075, "model_score": 0.81, "model_f1": 0.8333333333333334, "model_refits_batch0_scores": [0.814, 0.808, 0.822, 0.758, 0.796], "model_refits_batch0_f1s": [0.8074534161490684, 0.8064516129032259, 0.8126315789473685, 0.7575150300601203, 0.782051282051282], "model_coef": NaN}