{"accuracy_pre": 0.79, "accuracy_post": 0.79, "recourse_seeking_ixs": [298, 484, 412, 384, 460, 258, 436, 487, 355, 301, 280, 351, 367, 322, 457, 341, 492, 388, 320, 427, 308, 498, 411, 434, 252, 375, 415, 448, 364, 279, 278, 287, 395, 409, 413, 383, 466, 449, 428, 326, 286, 423, 450, 396, 476, 479, 425, 337, 465, 366, 430, 420, 300, 370, 376, 284, 339, 314, 302, 289, 309, 424, 330, 418, 259, 435, 260, 393, 379, 403, 340, 297, 480, 332, 410, 255, 433, 348, 365, 273, 468, 372, 458, 274, 454, 499, 362, 390, 291, 349, 290, 481, 371, 317, 463, 429, 257, 482, 342, 316], "recourse_recommended_ixs": [298, 484, 412, 384, 460, 258, 436, 487, 355, 301, 280, 351, 367, 322, 457, 341, 492, 388, 320, 427, 308, 498, 411, 434, 252, 375, 415, 448, 364, 279, 278, 287, 395, 409, 413, 383, 466, 449, 428, 326, 286, 423, 450, 396, 476, 479, 425, 337, 465, 366, 430, 420, 300, 370, 376, 284, 339, 314, 302, 289, 309, 424, 330, 418, 259, 435, 260, 393, 379, 403, 340, 297, 480, 332, 410, 255, 433, 348, 365, 273, 468, 372, 458, 274, 454, 499, 362, 390, 291, 349, 290, 481, 371, 317, 463, 429, 257, 482, 342, 316], "perc_recomm_found": 1.0, "gamma": 0.75, "eta": 0.75, "gamma_obs": 0.7599999904632568, "gamma_obs_pre": 0.20999999344348907, "eta_obs": 0.95, "costs": [1.0, 1.0], "lbd": 100.0, "thresh": 0.5, "r_type": "subpopulation", "t_type": "improvement", "eta_obs_individualized": NaN, "eta_obs_refits_batch0_mean": 0.965999960899353, "model_score": 0.816, "model_f1": 0.8174603174603174, "model_refits_batch0_scores": [0.82, 0.8, 0.788, 0.82, 0.82], "model_refits_batch0_f1s": [0.8235294117647058, 0.7983870967741935, 0.7744680851063831, 0.8275862068965518, 0.8221343873517786], "model_coef": [[0.364131442133878, 0.5473275596048564, 0.8624555193504215], [-0.8739401198090159]]}