{"accuracy_pre": 1.0, "accuracy_post": 0.99, "recourse_seeking_ixs": [1347, 1205, 1651, 1369, 1324, 1519, 1752, 1961, 1933, 1983, 1990, 1985, 1852, 1677, 1723, 1725, 1898, 1764, 1886, 1257, 1293, 1675, 1968, 1443, 1036, 1998, 1697, 1302, 1103, 1955, 1996, 1668, 1184, 1373, 1234, 1798, 1625, 1870, 1447, 1895, 1317, 1438, 1819, 1624, 1320, 1646, 1179, 1289, 1662, 1773, 1978, 1087, 1009, 1362, 1284, 1690, 1143, 1817, 1940, 1379, 1896, 1287, 1742, 1472, 1470, 1576, 1276, 1057, 1420, 1865, 1585, 1928, 1627, 1873, 1072, 1770, 1504, 1033, 1807, 1806, 1906, 1610, 1178, 1203, 1329, 1361, 1431, 1953, 1977, 1716, 1535, 1067, 1923, 1348, 1593, 1658, 1186, 1028, 1736, 1659], "recourse_recommended_ixs": [1347, 1205, 1651, 1369, 1324, 1519, 1752, 1961, 1933, 1983, 1990, 1985, 1852, 1677, 1723, 1725, 1898, 1764, 1886, 1257, 1293, 1675, 1968, 1443, 1036, 1998, 1697, 1302, 1103, 1955, 1996, 1668, 1184, 1373, 1234, 1798, 1625, 1870, 1447, 1895, 1317, 1438, 1819, 1624, 1320, 1646, 1179, 1289, 1662, 1773, 1978, 1087, 1009, 1362, 1284, 1690, 1143, 1817, 1940, 1379, 1896, 1287, 1742, 1472, 1470, 1576, 1276, 1057, 1420, 1865, 1585, 1928, 1627, 1873, 1072, 1770, 1504, 1033, 1807, 1806, 1906, 1610, 1178, 1203, 1329, 1361, 1431, 1953, 1977, 1716, 1535, 1067, 1923, 1348, 1593, 1658, 1186, 1028, 1736, 1659], "perc_recomm_found": 1.0, "gamma": 0.75, "eta": 0.75, "gamma_obs": 1.0, "gamma_obs_pre": 0.0, "eta_obs": 0.99, "costs": [1.0, 1.0, 1.0], "lbd": 150.0, "thresh": 0.5, "r_type": "individualized", "t_type": "improvement", "eta_obs_individualized": 1.0, "eta_obs_refits_batch0_mean": 0.9880000352859497, "model_score": 0.917, "model_f1": 0.999004975124378, "model_refits_batch0_scores": [0.981, 0.998, 0.993, 0.989, 0.994], "model_refits_batch0_f1s": [0.9806714140386571, 0.99800796812749, 0.992964824120603, 0.9889001009081735, 0.9939759036144578], "model_coef": NaN}