{"accuracy_pre": 0.21, "accuracy_post": 0.87, "recourse_seeking_ixs": [1982, 1491, 1767, 1911, 1423, 1627, 1108, 1072, 1809, 1360, 1617, 1567, 1640, 1555, 1302, 1895, 1525, 1201, 1396, 1382, 1357, 1219, 1857, 1154, 1614, 1384, 1083, 1309, 1672, 1175, 1442, 1329, 1359, 1015, 1152, 1457, 1291, 1029, 1906, 1334, 1387, 1757, 1484, 1036, 1891, 1735, 1286, 1408, 1703, 1985, 1540, 1881, 1946, 1420, 1171, 1661, 1453, 1937, 1337, 1830, 1737, 1872, 1320, 1650, 1478, 1595, 1943, 1263, 1533, 1148, 1292, 1577, 1657, 1336, 1502, 1315, 1785, 1844, 1055, 1214, 1150, 1755, 1074, 1135, 1106, 1307, 1105, 1834, 1409, 1157, 1290, 1799, 1432, 1787, 1252, 1963, 1700, 1383, 1257, 1110], "recourse_recommended_ixs": [1982, 1491, 1767, 1911, 1423, 1627, 1108, 1072, 1809, 1360, 1617, 1567, 1640, 1555, 1302, 1895, 1525, 1201, 1396, 1382, 1357, 1219, 1857, 1154, 1614, 1384, 1083, 1309, 1672, 1175, 1442, 1329, 1359, 1015, 1152, 1457, 1291, 1029, 1906, 1334, 1387, 1757, 1484, 1036, 1891, 1735, 1286, 1408, 1703, 1985, 1540, 1881, 1946, 1420, 1171, 1661, 1453, 1937, 1337, 1830, 1737, 1872, 1320, 1650, 1478, 1595, 1943, 1263, 1533, 1148, 1292, 1577, 1657, 1336, 1502, 1315, 1785, 1844, 1055, 1214, 1150, 1755, 1074, 1135, 1106, 1307, 1105, 1834, 1409, 1157, 1290, 1799, 1432, 1787, 1252, 1963, 1700, 1383, 1257, 1110], "perc_recomm_found": 1.0, "gamma": 0.75, "eta": 0.75, "gamma_obs": 1.0, "gamma_obs_pre": 0.7900000214576721, "eta_obs": 0.86, "costs": [1.0, 1.0], "lbd": 150.0, "thresh": 0.5, "r_type": "subpopulation", "t_type": "improvement", "eta_obs_individualized": NaN, "eta_obs_refits_batch0_mean": 0.8640000224113464, "model_score": 0.166, "model_f1": 0.9880715705765408, "model_refits_batch0_scores": [0.998, 0.998, 0.998, 0.998, 0.998], "model_refits_batch0_f1s": [0.9979674796747968, 0.9979674796747968, 0.9979674796747968, 0.9979674796747968, 0.9979674796747968], "model_coef": NaN}