{"accuracy_pre": 0.89, "accuracy_post": 0.38, "recourse_seeking_ixs": [726, 645, 569, 656, 725, 976, 821, 962, 813, 991, 660, 869, 678, 822, 892, 774, 917, 730, 964, 513, 708, 871, 687, 749, 505, 539, 926, 699, 526, 847, 611, 583, 800, 753, 794, 743, 795, 857, 629, 691, 817, 586, 938, 534, 722, 530, 715, 512, 729, 861, 628, 815, 988, 783, 697, 565, 946, 824, 737, 852, 659, 975, 688, 982, 930, 820, 532, 960, 761, 655, 504, 723, 624, 985, 606, 638, 549, 931, 838, 948, 574, 528, 503, 957, 546, 562, 949, 623, 614, 763, 776, 536, 870, 837, 610, 936, 665, 605, 998, 875], "recourse_recommended_ixs": [726, 645, 569, 656, 725, 976, 821, 962, 813, 991, 660, 869, 678, 822, 892, 774, 917, 730, 964, 513, 708, 871, 687, 749, 505, 539, 926, 699, 526, 847, 611, 583, 800, 753, 794, 743, 795, 857, 629, 691, 817, 586, 938, 534, 722, 530, 715, 512, 729, 861, 628, 815, 988, 783, 697, 565, 946, 824, 737, 852, 659, 975, 688, 982, 930, 820, 532, 960, 761, 655, 504, 723, 624, 985, 606, 638, 549, 931, 838, 948, 574, 528, 503, 957, 546, 562, 949, 623, 614, 763, 776, 536, 870, 837, 610, 936, 665, 605, 998, 875], "perc_recomm_found": 1.0, "gamma": 0.95, "eta": 0.95, "gamma_obs": 0.3799999952316284, "gamma_obs_pre": 0.10999999940395355, "eta_obs": 1.0, "costs": [1.0, 1.0, 1.0], "lbd": 300.0, "thresh": 0.5, "r_type": "subpopulation", "t_type": "acceptance", "eta_obs_individualized": NaN, "eta_obs_refits_batch0_mean": 0.7020000219345093, "model_score": 0.876, "model_f1": 0.8708333333333332, "model_refits_batch0_scores": [0.886, 0.89, 0.88, 0.874, 0.872], "model_refits_batch0_f1s": [0.8784648187633263, 0.8861283643892339, 0.8728813559322034, 0.8684759916492694, 0.8688524590163934], "model_coef": [[0.594492694325962, 0.33108333829437153, 1.4018161030511183], [-0.1258241311860166]]}