{"accuracy_pre": 0.9, "accuracy_post": 0.44, "recourse_seeking_ixs": [257, 225, 329, 276, 278, 305, 318, 359, 270, 300, 302, 277, 350, 394, 338, 377, 397, 399, 264, 357, 226, 303, 326, 339, 333, 233, 330, 238, 242, 309, 218, 262, 388, 355, 398, 378, 342, 374, 280, 323, 385, 202, 297, 231, 307, 241, 375, 363, 372, 222], "recourse_recommended_ixs": [257, 225, 329, 276, 278, 305, 318, 359, 270, 300, 302, 277, 350, 394, 338, 377, 397, 399, 264, 357, 226, 303, 326, 339, 333, 233, 330, 238, 242, 309, 218, 262, 388, 355, 398, 378, 342, 374, 280, 323, 385, 202, 297, 231, 307, 241, 375, 363, 372, 222], "perc_recomm_found": 1.0, "gamma": 0.75, "eta": 0.75, "gamma_obs": 0.4399999976158142, "gamma_obs_pre": 0.10000000149011612, "eta_obs": 1.0, "costs": [1.0, 1.0, 1.0], "lbd": 300.0, "thresh": 0.5, "r_type": "individualized", "t_type": "acceptance", "eta_obs_individualized": NaN, "eta_obs_refits_batch0_mean": 0.5559999942779541, "model_score": 0.87, "model_f1": 0.87, "model_refits_batch0_scores": [0.865, 0.87, 0.865, 0.865, 0.88], "model_refits_batch0_f1s": [0.8556149732620321, 0.8686868686868686, 0.8669950738916257, 0.8669950738916257, 0.870967741935484], "model_coef": [[0.5268689795706477, 0.5836317822257125, 1.0838386464427323], [0.11274501256544833]]}