{"accuracy_pre": 0.82, "accuracy_post": 0.28, "recourse_seeking_ixs": [876, 630, 991, 874, 658, 527, 638, 845, 981, 935, 787, 848, 649, 802, 684, 747, 917, 600, 960, 905, 552, 855, 889, 982, 637, 660, 771, 596, 662, 695, 575, 570, 954, 584, 853, 654, 545, 980, 672, 690, 962, 512, 650, 719, 957, 656, 807, 977, 535, 693, 657, 792, 538, 939, 861, 824, 530, 946, 825, 661, 580, 622, 871, 734, 670, 568, 810, 798, 715, 790, 784, 744, 586, 725, 706, 942, 972, 675, 760, 959, 651, 920, 659, 785, 928, 770, 626, 990, 644, 812, 746, 816, 663, 997, 546, 846, 560, 849, 862, 627], "recourse_recommended_ixs": [876, 630, 991, 874, 658, 527, 638, 845, 981, 935, 787, 848, 649, 802, 684, 747, 917, 600, 960, 905, 552, 855, 889, 982, 637, 660, 771, 596, 662, 695, 575, 570, 954, 584, 853, 654, 545, 980, 672, 690, 962, 512, 650, 719, 957, 656, 807, 977, 535, 693, 657, 792, 538, 939, 861, 824, 530, 946, 825, 661, 580, 622, 871, 734, 670, 568, 810, 798, 715, 790, 784, 744, 586, 725, 706, 942, 972, 675, 760, 959, 651, 920, 659, 785, 928, 770, 626, 990, 644, 812, 746, 816, 663, 997, 546, 846, 560, 849, 862, 627], "perc_recomm_found": 1.0, "gamma": 0.75, "eta": 0.75, "gamma_obs": 0.2800000011920929, "gamma_obs_pre": 0.18000000715255737, "eta_obs": 0.98, "costs": [1.0, 1.0, 1.0], "lbd": 300.0, "thresh": 0.5, "r_type": "subpopulation", "t_type": "counterfactual", "eta_obs_individualized": NaN, "eta_obs_refits_batch0_mean": 0.5720000267028809, "model_score": 0.804, "model_f1": 0.7933884297520661, "model_refits_batch0_scores": [0.828, 0.828, 0.794, 0.826, 0.834], "model_refits_batch0_f1s": [0.8027522935779817, 0.8063063063063063, 0.7518072289156627, 0.7962529274004684, 0.814317673378076], "model_coef": [[0.17212440209313498, 0.30563951578550236, 0.8015383947950182], [-0.48917069650178224]]}