{"accuracy_pre": 0.9, "accuracy_post": 0.45, "recourse_seeking_ixs": [869, 877, 871, 824, 893, 861, 894, 870, 562, 926, 501, 732, 875, 881, 931, 530, 797, 780, 570, 523, 713, 624, 723, 941, 696, 538, 699, 855, 685, 514, 979, 549, 500, 606, 566, 639, 774, 546, 844, 812, 754, 924, 784, 702, 919, 982, 729, 660, 600, 775, 701, 551, 976, 943, 513, 837, 697, 655, 899, 753, 922, 796, 663, 677, 917, 822, 610, 715, 938, 686, 575, 679, 659, 820, 565, 912, 560, 813, 907, 936, 568, 605, 681, 572, 739, 604, 854, 718, 504, 621, 868, 733, 529, 747, 583, 633, 515, 969, 847, 752], "recourse_recommended_ixs": [869, 877, 871, 824, 893, 861, 894, 870, 562, 926, 501, 732, 875, 881, 931, 530, 797, 780, 570, 523, 713, 624, 723, 941, 696, 538, 699, 855, 685, 514, 979, 549, 500, 606, 566, 639, 774, 546, 844, 812, 754, 924, 784, 702, 919, 982, 729, 660, 600, 775, 701, 551, 976, 943, 513, 837, 697, 655, 899, 753, 922, 796, 663, 677, 917, 822, 610, 715, 938, 686, 575, 679, 659, 820, 565, 912, 560, 813, 907, 936, 568, 605, 681, 572, 739, 604, 854, 718, 504, 621, 868, 733, 529, 747, 583, 633, 515, 969, 847, 752], "perc_recomm_found": 1.0, "gamma": 0.75, "eta": 0.75, "gamma_obs": 0.33000001311302185, "gamma_obs_pre": 0.10000000149011612, "eta_obs": 1.0, "costs": [1.0, 1.0, 1.0], "lbd": 300.0, "thresh": 0.5, "r_type": "individualized", "t_type": "acceptance", "eta_obs_individualized": NaN, "eta_obs_refits_batch0_mean": 0.5499999523162842, "model_score": 0.854, "model_f1": 0.8760330578512396, "model_refits_batch0_scores": [0.856, 0.846, 0.85, 0.846, 0.866], "model_refits_batch0_f1s": [0.8481012658227849, 0.832244008714597, 0.8414376321353065, 0.8372093023255814, 0.8635437881873727], "model_coef": NaN}