{"accuracy_pre": 0.83, "accuracy_post": 0.25, "recourse_seeking_ixs": [997, 953, 644, 719, 894, 727, 938, 599, 549, 986, 760, 545, 979, 598, 505, 501, 822, 704, 573, 956, 616, 602, 581, 570, 872, 988, 596, 846, 568, 965, 669, 565, 508, 853, 619, 717, 939, 744, 796, 765, 890, 528, 733, 761, 649, 567, 731, 650, 835, 893, 522, 556, 705, 638, 607, 946, 579, 949, 660, 714, 728, 770, 823, 994, 548, 927, 955, 842, 900, 992, 687, 827, 523, 898, 552, 652, 885, 976, 859, 529, 553, 907, 954, 673, 771, 670, 775, 530, 880, 878, 813, 541, 871, 526, 748, 695, 663, 917, 564, 631], "recourse_recommended_ixs": [997, 953, 644, 719, 894, 727, 938, 599, 549, 986, 760, 545, 979, 598, 505, 501, 822, 704, 573, 956, 616, 602, 581, 570, 872, 988, 596, 846, 568, 965, 669, 565, 508, 853, 619, 717, 939, 744, 796, 765, 890, 528, 733, 761, 649, 567, 731, 650, 835, 893, 522, 556, 705, 638, 607, 946, 579, 949, 660, 714, 728, 770, 823, 994, 548, 927, 955, 842, 900, 992, 687, 827, 523, 898, 552, 652, 885, 976, 859, 529, 553, 907, 954, 673, 771, 670, 775, 530, 880, 878, 813, 541, 871, 526, 748, 695, 663, 917, 564, 631], "perc_recomm_found": 1.0, "gamma": 0.75, "eta": 0.75, "gamma_obs": 0.20999999344348907, "gamma_obs_pre": 0.17000000178813934, "eta_obs": 0.94, "costs": [1.0, 1.0, 1.0], "lbd": 300.0, "thresh": 0.5, "r_type": "individualized", "t_type": "counterfactual", "eta_obs_individualized": NaN, "eta_obs_refits_batch0_mean": 0.36400002241134644, "model_score": 0.806, "model_f1": 0.8075313807531381, "model_refits_batch0_scores": [0.796, 0.788, 0.812, 0.74, 0.776], "model_refits_batch0_f1s": [0.7943548387096774, 0.7845528455284553, 0.8016877637130803, 0.75, 0.7575757575757576], "model_coef": NaN}