{"accuracy_pre": 0.86, "accuracy_post": 0.17, "recourse_seeking_ixs": [815, 663, 840, 701, 796, 907, 733, 959, 621, 772, 795, 964, 719, 874, 800, 642, 922, 844, 813, 695, 871, 583, 977, 778, 722, 998, 512, 606, 943, 569, 894, 750, 723, 899, 837, 790, 870, 505, 544, 877, 748, 528, 869, 857, 685, 757, 944, 581, 623, 862, 639, 822, 817, 649, 614, 935, 961, 536, 946, 532, 798, 645, 510, 683, 865, 988, 565, 718, 812, 957, 984, 933, 687, 533, 692, 646, 715, 850, 504, 731, 617, 747, 601, 628, 549, 963, 801, 949, 574, 530, 503, 713, 547, 560, 952, 616, 609, 779, 743, 537], "recourse_recommended_ixs": [815, 663, 840, 701, 796, 907, 733, 959, 621, 772, 795, 964, 719, 874, 800, 642, 922, 844, 813, 695, 871, 583, 977, 778, 722, 998, 512, 606, 943, 569, 894, 750, 723, 899, 837, 790, 870, 505, 544, 877, 748, 528, 869, 857, 685, 757, 944, 581, 623, 862, 639, 822, 817, 649, 614, 935, 961, 536, 946, 532, 798, 645, 510, 683, 865, 988, 565, 718, 812, 957, 984, 933, 687, 533, 692, 646, 715, 850, 504, 731, 617, 747, 601, 628, 549, 963, 801, 949, 574, 530, 503, 713, 547, 560, 952, 616, 609, 779, 743, 537], "perc_recomm_found": 1.0, "gamma": 0.95, "eta": 0.95, "gamma_obs": 0.18000000715255737, "gamma_obs_pre": 0.14000000059604645, "eta_obs": 0.99, "costs": [1.0, 1.0, 1.0], "lbd": 300.0, "thresh": 0.5, "r_type": "subpopulation", "t_type": "acceptance", "eta_obs_individualized": NaN, "eta_obs_refits_batch0_mean": 0.2759999930858612, "model_score": 0.818, "model_f1": 0.8059701492537313, "model_refits_batch0_scores": [0.824, 0.81, 0.816, 0.818, 0.816], "model_refits_batch0_f1s": [0.8181818181818183, 0.7921225382932165, 0.7991266375545851, 0.7982261640798226, 0.800865800865801], "model_coef": NaN}