{"accuracy_pre": 0.96, "accuracy_post": 0.97, "recourse_seeking_ixs": [579, 732, 609, 567, 918, 886, 633, 586, 897, 974, 896, 964, 575, 717, 990, 870, 881, 747, 595, 768, 580, 552, 593, 642, 784, 583, 533, 735, 632, 970, 570, 807, 803, 891, 854, 996, 957, 671, 520, 859, 511, 911, 623, 522, 953, 889, 759, 975, 587, 756, 640, 692, 997, 657, 706, 910, 985, 813, 830, 677, 925, 777, 743, 723, 791, 952, 836, 809, 559, 676, 590, 773, 899, 842, 916, 704, 680, 687, 924, 884, 641, 589, 653, 543, 965, 787, 526, 894, 792, 510, 954, 715, 720, 744, 828, 555, 876, 993, 826, 615], "recourse_recommended_ixs": [579, 732, 609, 567, 918, 886, 633, 586, 897, 974, 896, 964, 575, 717, 990, 870, 881, 747, 595, 768, 580, 552, 593, 642, 784, 583, 533, 735, 632, 970, 570, 807, 803, 891, 854, 996, 957, 671, 520, 859, 511, 911, 623, 522, 953, 889, 759, 975, 587, 756, 640, 692, 997, 657, 706, 910, 985, 813, 830, 677, 925, 777, 743, 723, 791, 952, 836, 809, 559, 676, 590, 773, 899, 842, 916, 704, 680, 687, 924, 884, 641, 589, 653, 543, 965, 787, 526, 894, 792, 510, 954, 715, 720, 744, 828, 555, 876, 993, 826, 615], "perc_recomm_found": 1.0, "gamma": 0.95, "eta": 0.95, "gamma_obs": 0.9700000286102295, "gamma_obs_pre": 0.03999999910593033, "eta_obs": 1.0, "costs": [1.0, 1.0, 1.0], "lbd": 300.0, "thresh": 0.5, "r_type": "subpopulation", "t_type": "improvement", "eta_obs_individualized": NaN, "eta_obs_refits_batch0_mean": 0.984000027179718, "model_score": 0.85, "model_f1": 0.8723809523809524, "model_refits_batch0_scores": [0.81, 0.802, 0.812, 0.784, 0.816], "model_refits_batch0_f1s": [0.8210922787193974, 0.8135593220338984, 0.8226415094339623, 0.7954545454545454, 0.8217054263565892], "model_coef": NaN}