{"accuracy_pre": 1.0, "accuracy_post": 1.0, "recourse_seeking_ixs": [1362, 1831, 1761, 1708, 1002, 1196, 1485, 1347, 1990, 1458, 1806, 1118, 1989, 1603, 1652, 1717, 1858, 1486, 1864, 1009, 1899, 1716, 1606, 1234, 1316, 1842, 1426, 1385, 1317, 1386, 1398, 1607, 1817, 1949, 1794, 1811, 1110, 1344, 1267, 1306, 1014, 1302, 1617, 1685, 1572, 1540, 1587, 1130, 1769, 1539, 1962, 1633, 1295, 1659, 1888, 1383, 1366, 1170, 1263, 1826, 1236, 1166, 1462, 1536, 1751, 1651, 1495, 1418, 1065, 1287, 1699, 1087, 1985, 1468, 1687, 1567, 1464, 1230, 1955, 1770, 1575, 1901, 1922, 1563, 1627, 1146, 1661, 1631, 1629, 1348, 1836, 1648, 1439, 1504, 1303, 1209, 1168, 1427, 1016, 1879], "recourse_recommended_ixs": [1362, 1831, 1761, 1708, 1002, 1196, 1485, 1347, 1990, 1458, 1806, 1118, 1989, 1603, 1652, 1717, 1858, 1486, 1864, 1009, 1899, 1716, 1606, 1234, 1316, 1842, 1426, 1385, 1317, 1386, 1398, 1607, 1817, 1949, 1794, 1811, 1110, 1344, 1267, 1306, 1014, 1302, 1617, 1685, 1572, 1540, 1587, 1130, 1769, 1539, 1962, 1633, 1295, 1659, 1888, 1383, 1366, 1170, 1263, 1826, 1236, 1166, 1462, 1536, 1751, 1651, 1495, 1418, 1065, 1287, 1699, 1087, 1985, 1468, 1687, 1567, 1464, 1230, 1955, 1770, 1575, 1901, 1922, 1563, 1627, 1146, 1661, 1631, 1629, 1348, 1836, 1648, 1439, 1504, 1303, 1209, 1168, 1427, 1016, 1879], "perc_recomm_found": 1.0, "gamma": 0.75, "eta": 0.75, "gamma_obs": 1.0, "gamma_obs_pre": 0.0, "eta_obs": 1.0, "costs": [1.0, 1.0, 1.0], "lbd": 150.0, "thresh": 0.5, "r_type": "individualized", "t_type": "acceptance", "eta_obs_individualized": NaN, "eta_obs_refits_batch0_mean": 0.7239999771118164, "model_score": 0.939, "model_f1": 0.999004975124378, "model_refits_batch0_scores": [0.993, 0.998, 0.993, 0.993, 0.994], "model_refits_batch0_f1s": [0.992964824120603, 0.99800796812749, 0.992964824120603, 0.992964824120603, 0.9939759036144578], "model_coef": [[2.1377692770335646, 2.6722115933152057, 5.023757780492131], [-0.08763295293312978]]}