{"accuracy_pre": 0.78, "accuracy_post": 0.34, "recourse_seeking_ixs": [654, 882, 519, 675, 845, 980, 590, 989, 542, 680, 966, 820, 733, 826, 987, 634, 899, 631, 965, 793, 683, 581, 771, 834, 760, 619, 652, 610, 992, 565, 549, 905, 877, 851, 620, 960, 586, 919, 863, 599, 635, 767, 868, 805, 645, 822, 838, 611, 534, 657, 907, 996, 998, 715, 912, 632, 719, 886, 573, 975, 562, 779, 642, 739, 742, 929, 636, 625, 651, 640, 513, 691, 941, 577, 970, 552, 782, 548, 983, 506, 873, 902, 896, 758, 546, 993, 904, 814, 871, 947, 969, 925, 988, 799, 926, 600, 916, 762, 763, 673], "recourse_recommended_ixs": [654, 882, 519, 675, 845, 980, 590, 989, 542, 680, 966, 820, 733, 826, 987, 634, 899, 631, 965, 793, 683, 581, 771, 834, 760, 619, 652, 610, 992, 565, 549, 905, 877, 851, 620, 960, 586, 919, 863, 599, 635, 767, 868, 805, 645, 822, 838, 611, 534, 657, 907, 996, 998, 715, 912, 632, 719, 886, 573, 975, 562, 779, 642, 739, 742, 929, 636, 625, 651, 640, 513, 691, 941, 577, 970, 552, 782, 548, 983, 506, 873, 902, 896, 758, 546, 993, 904, 814, 871, 947, 969, 925, 988, 799, 926, 600, 916, 762, 763, 673], "perc_recomm_found": 1.0, "gamma": 0.75, "eta": 0.75, "gamma_obs": 0.3400000035762787, "gamma_obs_pre": 0.2199999988079071, "eta_obs": 1.0, "costs": [1.0, 1.0, 1.0], "lbd": 300.0, "thresh": 0.5, "r_type": "individualized", "t_type": "acceptance", "eta_obs_individualized": NaN, "eta_obs_refits_batch0_mean": 0.37599998712539673, "model_score": 0.824, "model_f1": 0.8423005565862709, "model_refits_batch0_scores": [0.824, 0.81, 0.816, 0.818, 0.816], "model_refits_batch0_f1s": [0.8181818181818183, 0.7921225382932165, 0.7991266375545851, 0.7982261640798226, 0.800865800865801], "model_coef": NaN}