{"accuracy_pre": 0.87, "accuracy_post": 0.8, "recourse_seeking_ixs": [472, 461, 299, 317, 406, 484, 254, 436, 300, 304, 316, 272, 329, 326, 277, 333, 415, 429, 372, 347, 279, 467, 428, 396, 336, 307, 295, 366, 441, 262, 392, 462, 345, 446, 439, 425, 473, 393, 482, 290, 289, 499, 433, 493, 469, 405, 288, 331, 498, 263, 253, 424, 430, 352, 397, 364, 335, 294, 357, 301, 270, 457, 314, 390, 382, 282, 420, 318, 389, 466, 400, 287, 394, 487, 408, 409, 450, 453, 269, 327, 348, 445, 338, 407, 403, 250, 256, 444, 271, 291, 404, 423, 268, 497, 376, 306, 435, 449, 371, 486], "recourse_recommended_ixs": [472, 461, 299, 317, 406, 484, 254, 436, 300, 304, 316, 272, 329, 326, 277, 333, 415, 429, 372, 347, 279, 467, 428, 396, 336, 307, 295, 366, 441, 262, 392, 462, 345, 446, 439, 425, 473, 393, 482, 290, 289, 499, 433, 493, 469, 405, 288, 331, 498, 263, 253, 424, 430, 352, 397, 364, 335, 294, 357, 301, 270, 457, 314, 390, 382, 282, 420, 318, 389, 466, 400, 287, 394, 487, 408, 409, 450, 453, 269, 327, 348, 445, 338, 407, 403, 250, 256, 444, 271, 291, 404, 423, 268, 497, 376, 306, 435, 449, 371, 486], "perc_recomm_found": 1.0, "gamma": 0.75, "eta": 0.75, "gamma_obs": 0.7400000095367432, "gamma_obs_pre": 0.12999999523162842, "eta_obs": 0.88, "costs": [1.0, 1.0], "lbd": 100.0, "thresh": 0.5, "r_type": "individualized", "t_type": "improvement", "eta_obs_individualized": 0.77, "eta_obs_refits_batch0_mean": 0.8779999613761902, "model_score": 0.84, "model_f1": 0.84375, "model_refits_batch0_scores": [0.836, 0.836, 0.832, 0.832, 0.848], "model_refits_batch0_f1s": [0.8404669260700389, 0.8379446640316205, 0.8319999999999999, 0.8278688524590164, 0.8492063492063492], "model_coef": [[-0.578285178412088, -0.062113255789826904, 1.322774006673148], [-0.6339041667493469]]}