r_type,t_type,eta_mean,gamma_mean,perc_recomm_found_mean,eta_obs_mean,eta_obs_individualized_mean,eta_obs_refits_batch0_mean_mean,gamma_obs_mean,intv-cost_mean,eta_std,gamma_std,perc_recomm_found_std,eta_obs_std,eta_obs_individualized_std,eta_obs_refits_batch0_mean_std,gamma_obs_std,intv-cost_std
individualized,acceptance,0.95,0.95,1.0,1.0,,0.9969999849796295,0.0,0.5445,1.1702778228589004e-16,1.1702778228589004e-16,0.0,0.0,,0.004242607918896735,0.0,0.01961292091114086
individualized,counterfactual,0.95,0.95,1.0,1.0,,0.9969999849796295,0.0,1.7279526317732103,1.1702778228589004e-16,1.1702778228589004e-16,0.0,0.0,,0.004242607918896735,0.0,0.034124787292501596
individualized,improvement,0.95,0.95,0.9884999999999999,0.9463727575204102,0.9463727575204102,0.9463727653026581,0.9463727653026581,0.5444500000000001,1.1702778228589004e-16,1.1702778228589004e-16,0.007090682462060889,0.010483315200593821,0.010483315200593821,0.010483324004926296,0.010483311082103805,0.019290829715466102
subpopulation,acceptance,0.95,0.95,1.0,0.9894999999999999,,0.9865000009536743,0.0024999999441206455,1.9806436598265575,1.1702778228589004e-16,1.1702778228589004e-16,0.0,0.005502524673073064,,0.007337109265677478,0.002635231324571638,0.025922498109621613
subpopulation,improvement,0.95,0.95,0.9884999999999999,0.8988140980252372,,0.8990150988101959,0.8988140940666198,0.53945,1.1702778228589004e-16,1.1702778228589004e-16,0.007090682462060889,0.012999810625662144,,0.013112941118984348,0.012999808480429007,0.018612197314903184
