{"accuracy_pre": 0.84, "accuracy_post": 0.35, "recourse_seeking_ixs": [497, 475, 484, 358, 292, 259, 378, 393, 369, 268, 451, 446, 360, 331, 383, 481, 403, 265, 466, 405, 264, 364, 257, 338, 447, 347, 462, 450, 388, 317, 326, 458, 321, 415, 385, 309, 342, 318, 294, 469, 277, 445, 391, 407, 414, 464, 459, 487, 350, 440, 439, 274, 270, 341, 394, 408, 404, 310, 488, 399, 298, 470, 410, 457, 449, 328, 467, 431, 366, 372, 465, 361, 251, 273, 491, 354, 468, 316, 424, 398, 254, 322, 301, 444, 266, 396, 349, 498, 386, 406, 357, 332, 300, 380, 411, 290, 279, 494, 283, 371], "recourse_recommended_ixs": [497, 475, 484, 358, 292, 259, 378, 393, 369, 268, 451, 446, 360, 331, 383, 481, 403, 265, 466, 405, 264, 364, 257, 338, 447, 347, 462, 450, 388, 317, 326, 458, 321, 415, 385, 309, 342, 318, 294, 469, 277, 445, 391, 407, 414, 464, 459, 487, 350, 440, 439, 274, 270, 341, 394, 408, 404, 310, 488, 399, 298, 470, 410, 457, 449, 328, 467, 431, 366, 372, 465, 361, 251, 273, 491, 354, 468, 316, 424, 398, 254, 322, 301, 444, 266, 396, 349, 498, 386, 406, 357, 332, 300, 380, 411, 290, 279, 494, 283, 371], "perc_recomm_found": 1.0, "gamma": 0.75, "eta": 0.75, "gamma_obs": 0.2800000011920929, "gamma_obs_pre": 0.1599999964237213, "eta_obs": 1.0, "costs": [1.0, 1.0, 1.0], "lbd": 100.0, "thresh": 0.5, "r_type": "individualized", "t_type": "acceptance", "eta_obs_individualized": NaN, "eta_obs_refits_batch0_mean": 0.6080000400543213, "model_score": 0.836, "model_f1": 0.8312757201646092, "model_refits_batch0_scores": [0.832, 0.836, 0.832, 0.812, 0.828], "model_refits_batch0_f1s": [0.8306451612903225, 0.8312757201646092, 0.8264462809917354, 0.8171206225680934, 0.8273092369477911], "model_coef": NaN}