{"accuracy_pre": 0.85, "accuracy_post": 0.14, "recourse_seeking_ixs": [613, 979, 996, 831, 605, 890, 568, 527, 537, 834, 817, 566, 874, 904, 675, 788, 594, 948, 934, 829, 981, 771, 567, 986, 581, 578, 808, 509, 532, 832, 558, 714, 508, 799, 502, 789, 504, 760, 547, 632, 634, 937, 967, 715, 957, 659, 838, 724, 781, 925, 726, 526, 661, 737, 614, 924, 658, 833, 871, 777, 620, 606, 865, 841, 909, 637, 794, 791, 914, 886, 815, 921, 849, 746, 529, 515, 944, 739, 725, 801, 950, 802, 563, 811, 859, 696, 864, 763, 919, 943, 730, 697, 501, 707, 762, 983, 882, 947, 973, 775], "recourse_recommended_ixs": [613, 979, 996, 831, 605, 890, 568, 527, 537, 834, 817, 566, 874, 904, 675, 788, 594, 948, 934, 829, 981, 771, 567, 986, 581, 578, 808, 509, 532, 832, 558, 714, 508, 799, 502, 789, 504, 760, 547, 632, 634, 937, 967, 715, 957, 659, 838, 724, 781, 925, 726, 526, 661, 737, 614, 924, 658, 833, 871, 777, 620, 606, 865, 841, 909, 637, 794, 791, 914, 886, 815, 921, 849, 746, 529, 515, 944, 739, 725, 801, 950, 802, 563, 811, 859, 696, 864, 763, 919, 943, 730, 697, 501, 707, 762, 983, 882, 947, 973, 775], "perc_recomm_found": 1.0, "gamma": 0.75, "eta": 0.75, "gamma_obs": 0.15000000596046448, "gamma_obs_pre": 0.15000000596046448, "eta_obs": 0.97, "costs": [1.0, 1.0, 1.0], "lbd": 300.0, "thresh": 0.5, "r_type": "subpopulation", "t_type": "acceptance", "eta_obs_individualized": NaN, "eta_obs_refits_batch0_mean": 0.36800000071525574, "model_score": 0.8, "model_f1": 0.7999999999999999, "model_refits_batch0_scores": [0.796, 0.788, 0.812, 0.74, 0.776], "model_refits_batch0_f1s": [0.7943548387096774, 0.7845528455284553, 0.8016877637130803, 0.75, 0.7575757575757576], "model_coef": NaN}