{"accuracy_pre": 1.0, "accuracy_post": 1.0, "recourse_seeking_ixs": [1588, 1924, 1193, 1046, 1013, 1293, 1995, 1814, 1274, 1938, 1460, 1841, 1097, 1426, 1751, 1929, 1340, 1761, 1034, 1607, 1116, 1236, 1245, 1203, 1168, 1983, 1989, 1540, 1982, 1412, 1476, 1447, 1651, 1372, 1112, 1823, 1382, 1312, 1858, 1446, 1370, 1826, 1276, 1146, 1835, 1397, 1660, 1257, 1641, 1907, 1990, 1861, 1690, 1745, 1484, 1662, 1224, 1632, 1413, 1840, 1738, 1329, 1781, 1087, 1635, 1537, 1388, 1949, 1746, 1002, 1940, 1470, 1103, 1356, 1569, 1186, 1077, 1855, 1420, 1332, 1942, 1911, 1716, 1435, 1277, 1888, 1791, 1102, 1631, 1650, 1227, 1649, 1771, 1431, 1664, 1030, 1012, 1642, 1150, 1952], "recourse_recommended_ixs": [1588, 1924, 1193, 1046, 1013, 1293, 1995, 1814, 1274, 1938, 1460, 1841, 1097, 1426, 1751, 1929, 1340, 1761, 1034, 1607, 1116, 1236, 1245, 1203, 1168, 1983, 1989, 1540, 1982, 1412, 1476, 1447, 1651, 1372, 1112, 1823, 1382, 1312, 1858, 1446, 1370, 1826, 1276, 1146, 1835, 1397, 1660, 1257, 1641, 1907, 1990, 1861, 1690, 1745, 1484, 1662, 1224, 1632, 1413, 1840, 1738, 1329, 1781, 1087, 1635, 1537, 1388, 1949, 1746, 1002, 1940, 1470, 1103, 1356, 1569, 1186, 1077, 1855, 1420, 1332, 1942, 1911, 1716, 1435, 1277, 1888, 1791, 1102, 1631, 1650, 1227, 1649, 1771, 1431, 1664, 1030, 1012, 1642, 1150, 1952], "perc_recomm_found": 1.0, "gamma": 0.95, "eta": 0.95, "gamma_obs": 1.0, "gamma_obs_pre": 0.0, "eta_obs": 1.0, "costs": [1.0, 1.0, 1.0], "lbd": 150.0, "thresh": 0.5, "r_type": "individualized", "t_type": "counterfactual", "eta_obs_individualized": NaN, "eta_obs_refits_batch0_mean": 0.9180000424385071, "model_score": 0.96, "model_f1": 1.0, "model_refits_batch0_scores": [0.993, 1.0, 0.996, 0.996, 0.994], "model_refits_batch0_f1s": [0.992964824120603, 1.0, 0.9959919839679359, 0.9959919839679359, 0.9939759036144578], "model_coef": NaN}