{"accuracy_pre": 0.92, "accuracy_post": 0.98, "recourse_seeking_ixs": [308, 322, 372, 233, 353, 276, 252, 283, 293, 296, 229, 383, 365, 368, 331, 282, 204, 364, 377, 280, 226, 318, 270, 208, 299, 242, 202, 261, 349, 396, 385, 264, 244, 272, 235, 346, 366, 230, 310, 287, 298, 352, 384, 382, 277, 238, 305, 207, 275, 303], "recourse_recommended_ixs": [308, 322, 372, 233, 353, 276, 252, 283, 293, 296, 229, 383, 365, 368, 331, 282, 204, 364, 377, 280, 226, 318, 270, 208, 299, 242, 202, 261, 349, 396, 385, 264, 244, 272, 235, 346, 366, 230, 310, 287, 298, 352, 384, 382, 277, 238, 305, 207, 275, 303], "perc_recomm_found": 1.0, "gamma": 0.95, "eta": 0.95, "gamma_obs": 0.9800000190734863, "gamma_obs_pre": 0.07999999821186066, "eta_obs": 1.0, "costs": [1.0, 1.0, 1.0], "lbd": 300.0, "thresh": 0.5, "r_type": "individualized", "t_type": "improvement", "eta_obs_individualized": 1.0, "eta_obs_refits_batch0_mean": 0.800000011920929, "model_score": 0.88, "model_f1": 0.8846153846153846, "model_refits_batch0_scores": [0.83, 0.865, 0.87, 0.88, 0.85], "model_refits_batch0_f1s": [0.826530612244898, 0.8695652173913043, 0.8712871287128714, 0.883495145631068, 0.8557692307692307], "model_coef": [[-0.027413339841056893, 0.924730769272787, 1.555533137226968], [0.3547870215765537]]}