{"accuracy_pre": 0.83, "accuracy_post": 0.42, "recourse_seeking_ixs": [594, 890, 710, 734, 859, 896, 746, 943, 939, 635, 979, 760, 592, 557, 921, 515, 562, 553, 500, 798, 794, 649, 632, 521, 880, 960, 640, 913, 502, 539, 837, 797, 617, 720, 696, 729, 809, 624, 513, 799, 912, 522, 856, 908, 818, 639, 699, 725, 822, 646, 724, 505, 753, 732, 637, 693, 631, 934, 567, 891, 906, 669, 683, 948, 978, 547, 801, 841, 761, 998, 586, 884, 988, 838, 882, 526, 808, 926, 685, 503, 778, 659, 507, 568, 623, 762, 733, 967, 688, 670, 789, 755, 845, 959, 661, 958, 614, 862, 834, 993], "recourse_recommended_ixs": [594, 890, 710, 734, 859, 896, 746, 943, 939, 635, 979, 760, 592, 557, 921, 515, 562, 553, 500, 798, 794, 649, 632, 521, 880, 960, 640, 913, 502, 539, 837, 797, 617, 720, 696, 729, 809, 624, 513, 799, 912, 522, 856, 908, 818, 639, 699, 725, 822, 646, 724, 505, 753, 732, 637, 693, 631, 934, 567, 891, 906, 669, 683, 948, 978, 547, 801, 841, 761, 998, 586, 884, 988, 838, 882, 526, 808, 926, 685, 503, 778, 659, 507, 568, 623, 762, 733, 967, 688, 670, 789, 755, 845, 959, 661, 958, 614, 862, 834, 993], "perc_recomm_found": 1.0, "gamma": 0.95, "eta": 0.95, "gamma_obs": 0.23000000417232513, "gamma_obs_pre": 0.17000000178813934, "eta_obs": 0.85, "costs": [1.0, 1.0, 1.0], "lbd": 300.0, "thresh": 0.5, "r_type": "subpopulation", "t_type": "counterfactual", "eta_obs_individualized": NaN, "eta_obs_refits_batch0_mean": 0.33799999952316284, "model_score": 0.816, "model_f1": 0.8542510121457491, "model_refits_batch0_scores": [0.814, 0.808, 0.822, 0.758, 0.796], "model_refits_batch0_f1s": [0.8074534161490684, 0.8064516129032259, 0.8126315789473685, 0.7575150300601203, 0.782051282051282], "model_coef": NaN}