{"accuracy_pre": 1.0, "accuracy_post": 0.8958333333333334, "recourse_seeking_ixs": [174, 111, 190, 196, 110, 187, 150, 166, 180, 134, 162, 149, 127, 122, 119, 104, 120, 170, 181, 161, 133, 178, 156, 145, 116, 137, 117, 107, 118, 100, 139, 142, 160, 125, 101, 177, 114, 184, 147, 143, 144, 192, 197, 164, 106, 195, 173, 141], "recourse_recommended_ixs": [174, 111, 190, 196, 110, 187, 150, 166, 180, 134, 162, 149, 127, 122, 119, 104, 120, 170, 181, 161, 133, 178, 156, 145, 116, 137, 117, 107, 118, 100, 139, 142, 160, 125, 101, 177, 114, 184, 147, 143, 144, 192, 197, 164, 106, 195, 173, 141], "perc_recomm_found": 1.0, "gamma": 0.75, "eta": 0.75, "gamma_obs": 1.0, "gamma_obs_pre": 0.0, "eta_obs": 0.8958333333333334, "costs": [1.0, 1.0], "lbd": 50.0, "thresh": 0.5, "r_type": "individualized", "t_type": "improvement", "eta_obs_individualized": 1.0, "eta_obs_refits_batch0_mean": 0.9083333015441895, "model_score": 1.0, "model_f1": 1.0, "model_refits_batch0_scores": [1.0, 1.0, 1.0, 1.0, 1.0], "model_refits_batch0_f1s": [1.0, 1.0, 1.0, 1.0, 1.0], "model_coef": [[0.26258916572188806, 0.5251783314437761, 2.0264208254098826], [-1.4550656413848884]]}