{"accuracy_pre": 0.82, "accuracy_post": 0.29, "recourse_seeking_ixs": [383, 395, 271, 301, 408, 410, 448, 288, 316, 458, 303, 353, 311, 479, 356, 469, 454, 417, 427, 388, 414, 260, 435, 421, 262, 270, 489, 442, 406, 445, 298, 386, 350, 470, 422, 344, 393, 462, 327, 488, 461, 307, 485, 431, 428, 269, 456, 497, 280, 426, 457, 273, 255, 436, 367, 294, 318, 304, 253, 385, 312, 357, 360, 499, 340, 282, 264, 397, 433, 450, 361, 297, 354, 366, 277, 460, 412, 467, 465, 276, 440, 487, 472, 425, 380, 278, 379, 333, 482, 324, 330, 416, 287, 403, 376, 370, 258, 274, 332, 281], "recourse_recommended_ixs": [383, 395, 271, 301, 408, 410, 448, 288, 316, 458, 303, 353, 311, 479, 356, 469, 454, 417, 427, 388, 414, 260, 435, 421, 262, 270, 489, 442, 406, 445, 298, 386, 350, 470, 422, 344, 393, 462, 327, 488, 461, 307, 485, 431, 428, 269, 456, 497, 280, 426, 457, 273, 255, 436, 367, 294, 318, 304, 253, 385, 312, 357, 360, 499, 340, 282, 264, 397, 433, 450, 361, 297, 354, 366, 277, 460, 412, 467, 465, 276, 440, 487, 472, 425, 380, 278, 379, 333, 482, 324, 330, 416, 287, 403, 376, 370, 258, 274, 332, 281], "perc_recomm_found": 1.0, "gamma": 0.75, "eta": 0.75, "gamma_obs": 0.28999999165534973, "gamma_obs_pre": 0.18000000715255737, "eta_obs": 1.0, "costs": [1.0, 1.0, 1.0], "lbd": 100.0, "thresh": 0.5, "r_type": "individualized", "t_type": "counterfactual", "eta_obs_individualized": NaN, "eta_obs_refits_batch0_mean": 0.7299999594688416, "model_score": 0.792, "model_f1": 0.8045112781954887, "model_refits_batch0_scores": [0.792, 0.784, 0.788, 0.792, 0.792], "model_refits_batch0_f1s": [0.7999999999999999, 0.7857142857142857, 0.8029739776951673, 0.8115942028985507, 0.8015267175572519], "model_coef": NaN}