{"accuracy_pre": 0.17, "accuracy_post": 0.85, "recourse_seeking_ixs": [1883, 1399, 1973, 1520, 1747, 1733, 1116, 1120, 1435, 1941, 1201, 1821, 1523, 1036, 1955, 1809, 1834, 1679, 1992, 1303, 1836, 1575, 1840, 1097, 1844, 1593, 1681, 1562, 1433, 1313, 1331, 1557, 1784, 1061, 1218, 1291, 1872, 1876, 1415, 1532, 1168, 1777, 1386, 1288, 1587, 1625, 1811, 1369, 1316, 1298, 1578, 1103, 1360, 1934, 1567, 1626, 1949, 1112, 1241, 1033, 1540, 1901, 1998, 1460, 1931, 1773, 1195, 1549, 1212, 1233, 1202, 1312, 1896, 1627, 1683, 1737, 1224, 1708, 1086, 1985, 1757, 1950, 1814, 1482, 1247, 1111, 1051, 1469, 1769, 1725, 1831, 1585, 1873, 1457, 1115, 1576, 1924, 1503, 1293, 1346], "recourse_recommended_ixs": [1883, 1399, 1973, 1520, 1747, 1733, 1116, 1120, 1435, 1941, 1201, 1821, 1523, 1036, 1955, 1809, 1834, 1679, 1992, 1303, 1836, 1575, 1840, 1097, 1844, 1593, 1681, 1562, 1433, 1313, 1331, 1557, 1784, 1061, 1218, 1291, 1872, 1876, 1415, 1532, 1168, 1777, 1386, 1288, 1587, 1625, 1811, 1369, 1316, 1298, 1578, 1103, 1360, 1934, 1567, 1626, 1949, 1112, 1241, 1033, 1540, 1901, 1998, 1460, 1931, 1773, 1195, 1549, 1212, 1233, 1202, 1312, 1896, 1627, 1683, 1737, 1224, 1708, 1086, 1985, 1757, 1950, 1814, 1482, 1247, 1111, 1051, 1469, 1769, 1725, 1831, 1585, 1873, 1457, 1115, 1576, 1924, 1503, 1293, 1346], "perc_recomm_found": 1.0, "gamma": 0.75, "eta": 0.75, "gamma_obs": 0.8600000143051147, "gamma_obs_pre": 0.8299999833106995, "eta_obs": 0.99, "costs": [1.0, 1.0, 1.0], "lbd": 150.0, "thresh": 0.5, "r_type": "individualized", "t_type": "acceptance", "eta_obs_individualized": NaN, "eta_obs_refits_batch0_mean": 0.6580000519752502, "model_score": 0.167, "model_f1": 0.9970617042115573, "model_refits_batch0_scores": [0.998, 0.998, 1.0, 0.998, 0.998], "model_refits_batch0_f1s": [0.99800796812749, 0.99800796812749, 1.0, 0.99800796812749, 0.99800796812749], "model_coef": NaN}