{"accuracy_pre": 1.0, "accuracy_post": 0.94, "recourse_seeking_ixs": [1361, 1975, 1966, 1838, 1626, 1585, 1455, 1931, 1230, 1894, 1425, 1634, 1313, 1762, 1014, 1211, 1582, 1094, 1642, 1047, 1868, 1132, 1669, 1010, 1624, 1905, 1133, 1959, 1488, 1300, 1683, 1651, 1372, 1589, 1239, 1974, 1802, 1520, 1429, 1357, 1828, 1374, 1448, 1977, 1292, 1439, 1736, 1829, 1353, 1423, 1053, 1268, 1203, 1851, 1858, 1154, 1379, 1199, 1281, 1119, 1245, 1354, 1615, 1758, 1681, 1190, 1305, 1968, 1000, 1165, 1693, 1074, 1744, 1845, 1490, 1928, 1189, 1594, 1947, 1981, 1397, 1519, 1301, 1559, 1691, 1934, 1688, 1993, 1359, 1507, 1148, 1403, 1945, 1334, 1723, 1447, 1234, 1007, 1836, 1560], "recourse_recommended_ixs": [1361, 1975, 1966, 1838, 1626, 1585, 1455, 1931, 1230, 1894, 1425, 1634, 1313, 1762, 1014, 1211, 1582, 1094, 1642, 1047, 1868, 1132, 1669, 1010, 1624, 1905, 1133, 1959, 1488, 1300, 1683, 1651, 1372, 1589, 1239, 1974, 1802, 1520, 1429, 1357, 1828, 1374, 1448, 1977, 1292, 1439, 1736, 1829, 1353, 1423, 1053, 1268, 1203, 1851, 1858, 1154, 1379, 1199, 1281, 1119, 1245, 1354, 1615, 1758, 1681, 1190, 1305, 1968, 1000, 1165, 1693, 1074, 1744, 1845, 1490, 1928, 1189, 1594, 1947, 1981, 1397, 1519, 1301, 1559, 1691, 1934, 1688, 1993, 1359, 1507, 1148, 1403, 1945, 1334, 1723, 1447, 1234, 1007, 1836, 1560], "perc_recomm_found": 1.0, "gamma": 0.75, "eta": 0.75, "gamma_obs": 1.0, "gamma_obs_pre": 0.0, "eta_obs": 0.94, "costs": [1.0, 1.0], "lbd": 150.0, "thresh": 0.5, "r_type": "individualized", "t_type": "improvement", "eta_obs_individualized": 1.0, "eta_obs_refits_batch0_mean": 0.9479999542236328, "model_score": 0.937, "model_f1": 0.9957356076759062, "model_refits_batch0_scores": [0.998, 0.998, 0.998, 0.998, 0.998], "model_refits_batch0_f1s": [0.9979879275653923, 0.9979879275653923, 0.9979879275653923, 0.9979879275653923, 0.9979879275653923], "model_coef": NaN}