{"accuracy_pre": 1.0, "accuracy_post": 0.31, "recourse_seeking_ixs": [1092, 1545, 1909, 1043, 1335, 1154, 1863, 1962, 1742, 1373, 1996, 1595, 1215, 1811, 1220, 1906, 1070, 1927, 1230, 1637, 1828, 1027, 1020, 1720, 1872, 1406, 1525, 1810, 1016, 1570, 1846, 1209, 1482, 1137, 1958, 1855, 1528, 1222, 1788, 1376, 1914, 1298, 1632, 1339, 1129, 1925, 1429, 1024, 1802, 1272, 1159, 1436, 1518, 1430, 1329, 1072, 1260, 1288, 1344, 1682, 1971, 1165, 1444, 1174, 1980, 1974, 1271, 1011, 1685, 1446, 1504, 1145, 1175, 1477, 1484, 1422, 1779, 1963, 1897, 1792, 1286, 1379, 1832, 1465, 1077, 1804, 1263, 1947, 1453, 1673, 1237, 1492, 1164, 1640, 1470, 1509, 1203, 1593, 1748, 1364], "recourse_recommended_ixs": [1092, 1545, 1909, 1043, 1335, 1154, 1863, 1962, 1742, 1373, 1996, 1595, 1215, 1811, 1220, 1906, 1070, 1927, 1230, 1637, 1828, 1027, 1020, 1720, 1872, 1406, 1525, 1810, 1016, 1570, 1846, 1209, 1482, 1137, 1958, 1855, 1528, 1222, 1788, 1376, 1914, 1298, 1632, 1339, 1129, 1925, 1429, 1024, 1802, 1272, 1159, 1436, 1518, 1430, 1329, 1072, 1260, 1288, 1344, 1682, 1971, 1165, 1444, 1174, 1980, 1974, 1271, 1011, 1685, 1446, 1504, 1145, 1175, 1477, 1484, 1422, 1779, 1963, 1897, 1792, 1286, 1379, 1832, 1465, 1077, 1804, 1263, 1947, 1453, 1673, 1237, 1492, 1164, 1640, 1470, 1509, 1203, 1593, 1748, 1364], "perc_recomm_found": 1.0, "gamma": 0.75, "eta": 0.75, "gamma_obs": 0.3100000023841858, "gamma_obs_pre": 0.0, "eta_obs": 1.0, "costs": [1.0, 1.0, 1.0], "lbd": 150.0, "thresh": 0.5, "r_type": "individualized", "t_type": "counterfactual", "eta_obs_individualized": NaN, "eta_obs_refits_batch0_mean": 0.972000002861023, "model_score": 0.996, "model_f1": 1.0, "model_refits_batch0_scores": [1.0, 1.0, 0.997, 0.997, 1.0], "model_refits_batch0_f1s": [1.0, 1.0, 0.9969356486210419, 0.9969356486210419, 1.0], "model_coef": NaN}