{"accuracy_pre": 0.9, "accuracy_post": 0.96, "recourse_seeking_ixs": [266, 299, 264, 209, 379, 340, 297, 318, 268, 229, 211, 273, 397, 399, 372, 341, 202, 357, 335, 220, 315, 252, 376, 287, 343, 311, 207, 236, 208, 325, 250, 222, 263, 377, 391, 289, 270, 365, 303, 282, 334, 328, 279, 267, 374, 278, 306, 288, 330, 232], "recourse_recommended_ixs": [266, 299, 264, 209, 379, 340, 297, 318, 268, 229, 211, 273, 397, 399, 372, 341, 202, 357, 335, 220, 315, 252, 376, 287, 343, 311, 207, 236, 208, 325, 250, 222, 263, 377, 391, 289, 270, 365, 303, 282, 334, 328, 279, 267, 374, 278, 306, 288, 330, 232], "perc_recomm_found": 1.0, "gamma": 0.9, "eta": 0.9, "gamma_obs": 0.9599999785423279, "gamma_obs_pre": 0.10000000149011612, "eta_obs": 1.0, "costs": [1.0, 1.0, 1.0], "lbd": 300.0, "thresh": 0.5, "r_type": "subpopulation", "t_type": "improvement", "eta_obs_individualized": NaN, "eta_obs_refits_batch0_mean": 0.8920000195503235, "model_score": 0.89, "model_f1": 0.8877551020408163, "model_refits_batch0_scores": [0.84, 0.855, 0.88, 0.885, 0.845], "model_refits_batch0_f1s": [0.8415841584158416, 0.8585365853658536, 0.88, 0.8820512820512821, 0.8502415458937197], "model_coef": [[0.8474104227032697, 0.7756070219700436, 1.2042186432986548], [0.03265532277233811]]}