{"accuracy_pre": 0.88, "accuracy_post": 0.95, "recourse_seeking_ixs": [548, 842, 944, 716, 566, 735, 665, 977, 601, 661, 806, 809, 978, 955, 761, 616, 943, 764, 962, 511, 878, 520, 547, 536, 654, 518, 546, 868, 671, 825, 627, 899, 877, 866, 690, 814, 836, 571, 663, 565, 937, 578, 596, 603, 991, 753, 775, 838, 804, 633, 693, 830, 670, 570, 727, 839, 974, 660, 801, 748, 592, 677, 737, 656, 739, 970, 909, 980, 542, 880, 605, 756, 802, 828, 844, 873, 910, 709, 903, 853, 772, 743, 630, 780, 503, 666, 574, 700, 586, 984, 619, 636, 983, 746, 640, 961, 867, 798, 941, 890], "recourse_recommended_ixs": [548, 842, 944, 716, 566, 735, 665, 977, 601, 661, 806, 809, 978, 955, 761, 616, 943, 764, 962, 511, 878, 520, 547, 536, 654, 518, 546, 868, 671, 825, 627, 899, 877, 866, 690, 814, 836, 571, 663, 565, 937, 578, 596, 603, 991, 753, 775, 838, 804, 633, 693, 830, 670, 570, 727, 839, 974, 660, 801, 748, 592, 677, 737, 656, 739, 970, 909, 980, 542, 880, 605, 756, 802, 828, 844, 873, 910, 709, 903, 853, 772, 743, 630, 780, 503, 666, 574, 700, 586, 984, 619, 636, 983, 746, 640, 961, 867, 798, 941, 890], "perc_recomm_found": 1.0, "gamma": 0.95, "eta": 0.95, "gamma_obs": 0.949999988079071, "gamma_obs_pre": 0.11999999731779099, "eta_obs": 1.0, "costs": [1.0, 1.0], "lbd": 300.0, "thresh": 0.5, "r_type": "subpopulation", "t_type": "improvement", "eta_obs_individualized": NaN, "eta_obs_refits_batch0_mean": 1.0, "model_score": 0.822, "model_f1": 0.8301886792452831, "model_refits_batch0_scores": [0.82, 0.828, 0.806, 0.818, 0.836], "model_refits_batch0_f1s": [0.7906976744186047, 0.8045454545454546, 0.7662650602409637, 0.7858823529411765, 0.8217391304347826], "model_coef": NaN}