{"accuracy_pre": 1.0, "accuracy_post": 1.0, "recourse_seeking_ixs": [244, 362, 275, 220, 361, 321, 223, 300, 264, 324, 221, 265, 323, 345, 245, 294, 230, 270, 305, 261, 393, 233, 369, 310, 388, 333, 207, 250, 215, 249, 342, 219, 243, 394, 322, 285, 205, 248, 274, 365, 396, 212, 340, 334, 315, 225, 392, 372, 222, 226], "recourse_recommended_ixs": [244, 362, 275, 220, 361, 321, 223, 300, 264, 324, 221, 265, 323, 345, 245, 294, 230, 270, 305, 261, 393, 233, 369, 310, 388, 333, 207, 250, 215, 249, 342, 219, 243, 394, 322, 285, 205, 248, 274, 365, 396, 212, 340, 334, 315, 225, 392, 372, 222, 226], "perc_recomm_found": 1.0, "gamma": 0.95, "eta": 0.95, "gamma_obs": 0.92, "gamma_obs_pre": 0.0, "eta_obs": 0.92, "costs": [5.0, 5.0], "lbd": 300.0, "thresh": 0.5, "r_type": "subpopulation", "t_type": "improvement", "eta_obs_individualized": NaN, "eta_obs_refits_batch0_mean": 0.9200000000000002, "model_score": 1.0, "model_f1": 1.0, "model_refits_batch0_scores": [0.99, 1.0, 0.975, 0.985, 1.0], "model_refits_batch0_f1s": [0.9916666666666667, 1.0, 0.9789029535864979, 0.9875518672199171, 1.0], "model_coef": [[-0.6079628283939311, 1.0513017542709073, 0.006790621907200741, -0.006614933774123956, 0.5625619568003876], [-8.818999669527297]]}