{"accuracy_pre": 0.98, "accuracy_post": 1.0, "recourse_seeking_ixs": [1026, 1623, 1846, 1977, 1697, 1906, 1336, 1149, 1172, 1724, 1742, 1246, 1804, 1821, 1515, 1808, 1038, 1683, 1351, 1083, 1952, 1575, 1899, 1360, 1074, 1923, 1779, 1493, 1680, 1401, 1202, 1807, 1878, 1133, 1744, 1292, 1791, 1700, 1921, 1785, 1603, 1486, 1176, 1996, 1545, 1188, 1794, 1157, 1142, 1961, 1286, 1838, 1275, 1764, 1108, 1987, 1757, 1786, 1426, 1432, 1406, 1510, 1615, 1840, 1222, 1478, 1253, 1901, 1063, 1359, 1218, 1875, 1453, 1227, 1836, 1763, 1381, 1025, 1278, 1068, 1451, 1482, 1927, 1518, 1582, 1390, 1966, 1533, 1672, 1298, 1567, 1271, 1431, 1792, 1041, 1148, 1657, 1747, 1184, 1000], "recourse_recommended_ixs": [1026, 1623, 1846, 1977, 1697, 1906, 1336, 1149, 1172, 1724, 1742, 1246, 1804, 1821, 1515, 1808, 1038, 1683, 1351, 1083, 1952, 1575, 1899, 1360, 1074, 1923, 1779, 1493, 1680, 1401, 1202, 1807, 1878, 1133, 1744, 1292, 1791, 1700, 1921, 1785, 1603, 1486, 1176, 1996, 1545, 1188, 1794, 1157, 1142, 1961, 1286, 1838, 1275, 1764, 1108, 1987, 1757, 1786, 1426, 1432, 1406, 1510, 1615, 1840, 1222, 1478, 1253, 1901, 1063, 1359, 1218, 1875, 1453, 1227, 1836, 1763, 1381, 1025, 1278, 1068, 1451, 1482, 1927, 1518, 1582, 1390, 1966, 1533, 1672, 1298, 1567, 1271, 1431, 1792, 1041, 1148, 1657, 1747, 1184, 1000], "perc_recomm_found": 1.0, "gamma": 0.95, "eta": 0.95, "gamma_obs": 1.0, "gamma_obs_pre": 0.019999999552965164, "eta_obs": 1.0, "costs": [1.0, 1.0, 1.0], "lbd": 150.0, "thresh": 0.5, "r_type": "individualized", "t_type": "counterfactual", "eta_obs_individualized": NaN, "eta_obs_refits_batch0_mean": 0.8999999761581421, "model_score": 0.9, "model_f1": 0.9958762886597937, "model_refits_batch0_scores": [0.998, 0.998, 0.995, 0.995, 0.998], "model_refits_batch0_f1s": [0.9979674796747968, 0.9979674796747968, 0.9949031600407746, 0.9949031600407746, 0.9979674796747968], "model_coef": NaN}