{"accuracy_pre": 1.0, "accuracy_post": 0.96, "recourse_seeking_ixs": [1459, 1892, 1915, 1529, 1084, 1597, 1798, 1112, 1224, 1517, 1707, 1933, 1540, 1685, 1364, 1316, 1567, 1373, 1560, 1835, 1282, 1028, 1254, 1675, 1361, 1900, 1464, 1607, 1660, 1065, 1911, 1535, 1347, 1952, 1026, 1819, 1585, 1289, 1332, 1633, 1886, 1575, 1081, 1667, 1440, 1170, 1977, 1128, 1376, 1302, 1971, 1033, 1178, 1263, 1655, 1291, 1709, 1348, 1668, 1861, 1805, 1836, 1295, 1484, 1652, 1994, 1840, 1427, 1258, 1681, 1532, 1076, 1696, 1504, 1621, 1831, 1457, 1191, 1327, 1233, 1087, 1398, 1383, 1257, 1879, 1687, 1641, 1537, 1036, 1168, 1598, 1040, 1635, 1468, 1625, 1360, 1293, 1161, 1193, 1438], "recourse_recommended_ixs": [1459, 1892, 1915, 1529, 1084, 1597, 1798, 1112, 1224, 1517, 1707, 1933, 1540, 1685, 1364, 1316, 1567, 1373, 1560, 1835, 1282, 1028, 1254, 1675, 1361, 1900, 1464, 1607, 1660, 1065, 1911, 1535, 1347, 1952, 1026, 1819, 1585, 1289, 1332, 1633, 1886, 1575, 1081, 1667, 1440, 1170, 1977, 1128, 1376, 1302, 1971, 1033, 1178, 1263, 1655, 1291, 1709, 1348, 1668, 1861, 1805, 1836, 1295, 1484, 1652, 1994, 1840, 1427, 1258, 1681, 1532, 1076, 1696, 1504, 1621, 1831, 1457, 1191, 1327, 1233, 1087, 1398, 1383, 1257, 1879, 1687, 1641, 1537, 1036, 1168, 1598, 1040, 1635, 1468, 1625, 1360, 1293, 1161, 1193, 1438], "perc_recomm_found": 1.0, "gamma": 0.95, "eta": 0.95, "gamma_obs": 1.0, "gamma_obs_pre": 0.0, "eta_obs": 0.96, "costs": [1.0, 1.0], "lbd": 150.0, "thresh": 0.5, "r_type": "individualized", "t_type": "improvement", "eta_obs_individualized": 1.0, "eta_obs_refits_batch0_mean": 0.9079999923706055, "model_score": 0.868, "model_f1": 0.9990069513406157, "model_refits_batch0_scores": [0.998, 0.998, 0.998, 0.998, 0.998], "model_refits_batch0_f1s": [0.99800796812749, 0.99800796812749, 0.99800796812749, 0.99800796812749, 0.99800796812749], "model_coef": [[-1.4772435662888521, -1.846554638080656, 3.532578813399066], [-1.7375217910702037]]}