{"accuracy_pre": 0.94, "accuracy_post": 0.56, "recourse_seeking_ixs": [233, 242, 344, 320, 248, 373, 323, 270, 208, 214, 351, 213, 211, 258, 310, 387, 311, 223, 359, 355, 341, 356, 285, 286, 294, 254, 389, 201, 275, 365, 370, 342, 288, 343, 346, 239, 246, 397, 289, 331, 256, 219, 204, 300, 388, 345, 374, 298, 329, 278], "recourse_recommended_ixs": [233, 242, 344, 320, 248, 373, 323, 270, 208, 214, 351, 213, 211, 258, 310, 387, 311, 223, 359, 355, 341, 356, 285, 286, 294, 254, 389, 201, 275, 365, 370, 342, 288, 343, 346, 239, 246, 397, 289, 331, 256, 219, 204, 300, 388, 345, 374, 298, 329, 278], "perc_recomm_found": 1.0, "gamma": 0.9, "eta": 0.9, "gamma_obs": 0.5600000023841858, "gamma_obs_pre": 0.05999999865889549, "eta_obs": 1.0, "costs": [1.0, 1.0, 1.0], "lbd": 300.0, "thresh": 0.5, "r_type": "individualized", "t_type": "acceptance", "eta_obs_individualized": NaN, "eta_obs_refits_batch0_mean": 0.23999997973442078, "model_score": 0.89, "model_f1": 0.8854166666666667, "model_refits_batch0_scores": [0.895, 0.9, 0.885, 0.9, 0.885], "model_refits_batch0_f1s": [0.8911917098445595, 0.8969072164948454, 0.8783068783068784, 0.8936170212765957, 0.877005347593583], "model_coef": [[0.5562951945848923, 0.8524372481559553, 1.2220424615268621], [-0.12647821144284876]]}