{"accuracy_pre": 1.0, "accuracy_post": 1.0, "recourse_seeking_ixs": [1258, 1007, 1223, 1067, 1681, 1310, 1639, 1332, 1922, 1626, 1539, 1923, 1791, 1587, 1726, 1860, 1233, 1696, 1234, 1621, 1203, 1281, 1277, 1295, 1594, 1459, 1841, 1949, 1434, 1569, 1801, 1661, 1133, 1655, 1842, 1872, 1537, 1884, 1486, 1274, 1216, 1219, 1346, 1855, 1940, 1797, 1191, 1103, 1781, 1224, 1469, 1821, 1660, 1308, 1227, 1631, 1861, 1166, 1147, 1267, 1707, 1344, 1161, 1761, 1186, 1533, 1462, 1836, 1288, 1312, 1519, 1650, 1953, 1400, 1245, 1988, 1898, 1651, 1831, 1933, 1675, 1331, 1170, 1504, 1798, 1955, 1598, 1388, 1065, 1231, 1284, 1033, 1253, 1896, 1633, 1071, 1313, 1982, 1560, 1302], "recourse_recommended_ixs": [1258, 1007, 1223, 1067, 1681, 1310, 1639, 1332, 1922, 1626, 1539, 1923, 1791, 1587, 1726, 1860, 1233, 1696, 1234, 1621, 1203, 1281, 1277, 1295, 1594, 1459, 1841, 1949, 1434, 1569, 1801, 1661, 1133, 1655, 1842, 1872, 1537, 1884, 1486, 1274, 1216, 1219, 1346, 1855, 1940, 1797, 1191, 1103, 1781, 1224, 1469, 1821, 1660, 1308, 1227, 1631, 1861, 1166, 1147, 1267, 1707, 1344, 1161, 1761, 1186, 1533, 1462, 1836, 1288, 1312, 1519, 1650, 1953, 1400, 1245, 1988, 1898, 1651, 1831, 1933, 1675, 1331, 1170, 1504, 1798, 1955, 1598, 1388, 1065, 1231, 1284, 1033, 1253, 1896, 1633, 1071, 1313, 1982, 1560, 1302], "perc_recomm_found": 1.0, "gamma": 0.95, "eta": 0.95, "gamma_obs": 1.0, "gamma_obs_pre": 0.0, "eta_obs": 1.0, "costs": [1.0, 1.0], "lbd": 150.0, "thresh": 0.5, "r_type": "subpopulation", "t_type": "improvement", "eta_obs_individualized": NaN, "eta_obs_refits_batch0_mean": 1.0, "model_score": 0.896, "model_f1": 0.9990069513406157, "model_refits_batch0_scores": [0.998, 0.998, 0.999, 0.998, 0.998], "model_refits_batch0_f1s": [0.99800796812749, 0.99800796812749, 0.9990069513406157, 0.99800796812749, 0.99800796812749], "model_coef": NaN}