{"accuracy_pre": 0.92, "accuracy_post": 0.9, "recourse_seeking_ixs": [299, 241, 385, 303, 233, 304, 331, 271, 383, 292, 394, 342, 308, 222, 285, 204, 375, 298, 268, 366, 279, 343, 344, 345, 283, 321, 259, 275, 202, 357, 372, 231, 396, 280, 329, 262, 291, 319, 327, 393, 341, 213, 263, 244, 257, 358, 206, 254, 266, 335], "recourse_recommended_ixs": [299, 241, 385, 303, 233, 304, 331, 271, 383, 292, 394, 342, 308, 222, 285, 204, 375, 298, 268, 366, 279, 343, 344, 345, 283, 321, 259, 275, 202, 357, 372, 231, 396, 280, 329, 262, 291, 319, 327, 393, 341, 213, 263, 244, 257, 358, 206, 254, 266, 335], "perc_recomm_found": 1.0, "gamma": 0.9, "eta": 0.9, "gamma_obs": 0.8999999761581421, "gamma_obs_pre": 0.07999999821186066, "eta_obs": 1.0, "costs": [1.0, 1.0, 1.0], "lbd": 300.0, "thresh": 0.5, "r_type": "individualized", "t_type": "improvement", "eta_obs_individualized": 1.0, "eta_obs_refits_batch0_mean": 0.9640000462532043, "model_score": 0.885, "model_f1": 0.8756756756756756, "model_refits_batch0_scores": [0.885, 0.87, 0.86, 0.88, 0.885], "model_refits_batch0_f1s": [0.8783068783068784, 0.8631578947368421, 0.8541666666666666, 0.868131868131868, 0.8670520231213872], "model_coef": [[0.6796551433556134, 0.492274725512934, 1.2768015985176502], [0.0601864319770839]]}