{"accuracy_pre": 0.85, "accuracy_post": 0.39, "recourse_seeking_ixs": [981, 688, 977, 775, 887, 646, 672, 637, 702, 731, 880, 822, 736, 652, 978, 988, 745, 968, 599, 705, 662, 687, 737, 622, 760, 754, 678, 858, 692, 909, 520, 876, 588, 802, 959, 890, 719, 635, 813, 928, 536, 786, 929, 888, 830, 722, 756, 817, 902, 960, 650, 920, 795, 576, 870, 549, 623, 631, 700, 663, 596, 516, 914, 752, 732, 827, 836, 969, 860, 728, 668, 738, 546, 522, 761, 644, 765, 730, 615, 718, 991, 906, 808, 861, 831, 564, 949, 614, 982, 509, 579, 585, 935, 849, 620, 642, 871, 975, 523, 896], "recourse_recommended_ixs": [981, 688, 977, 775, 887, 646, 672, 637, 702, 731, 880, 822, 736, 652, 978, 988, 745, 968, 599, 705, 662, 687, 737, 622, 760, 754, 678, 858, 692, 909, 520, 876, 588, 802, 959, 890, 719, 635, 813, 928, 536, 786, 929, 888, 830, 722, 756, 817, 902, 960, 650, 920, 795, 576, 870, 549, 623, 631, 700, 663, 596, 516, 914, 752, 732, 827, 836, 969, 860, 728, 668, 738, 546, 522, 761, 644, 765, 730, 615, 718, 991, 906, 808, 861, 831, 564, 949, 614, 982, 509, 579, 585, 935, 849, 620, 642, 871, 975, 523, 896], "perc_recomm_found": 1.0, "gamma": 0.75, "eta": 0.75, "gamma_obs": 0.28999999165534973, "gamma_obs_pre": 0.15000000596046448, "eta_obs": 0.8, "costs": [1.0, 1.0, 1.0], "lbd": 300.0, "thresh": 0.5, "r_type": "individualized", "t_type": "counterfactual", "eta_obs_individualized": NaN, "eta_obs_refits_batch0_mean": 0.36400002241134644, "model_score": 0.78, "model_f1": 0.7923076923076924, "model_refits_batch0_scores": [0.822, 0.82, 0.814, 0.828, 0.83], "model_refits_batch0_f1s": [0.8202020202020203, 0.8170731707317074, 0.8128772635814889, 0.822314049586777, 0.8261758691206543], "model_coef": [[0.4193815735163298, -0.17430836989550566, 0.8740051248645054], [-0.5287631658814632]]}