{"accuracy_pre": 1.0, "accuracy_post": 0.86, "recourse_seeking_ixs": [1832, 1330, 1365, 1838, 1717, 1272, 1857, 1890, 1025, 1710, 1402, 1582, 1399, 1769, 1669, 1451, 1253, 1184, 1786, 1791, 1954, 1767, 1238, 1782, 1354, 1545, 1805, 1220, 1759, 1127, 1748, 1493, 1357, 1969, 1113, 1383, 1023, 1575, 1097, 1107, 1696, 1304, 1537, 1963, 1231, 1942, 1118, 1344, 1234, 1352, 1335, 1703, 1501, 1429, 1100, 1946, 1818, 1028, 1288, 1675, 1814, 1148, 1410, 1104, 1068, 1465, 1876, 1038, 1691, 1171, 1041, 1872, 1477, 1257, 1433, 1605, 1541, 1373, 1382, 1211, 1873, 1479, 1910, 1992, 1674, 1863, 1603, 1260, 1636, 1693, 1423, 1761, 1482, 1925, 1336, 1263, 1305, 1454, 1180, 1061], "recourse_recommended_ixs": [1832, 1330, 1365, 1838, 1717, 1272, 1857, 1890, 1025, 1710, 1402, 1582, 1399, 1769, 1669, 1451, 1253, 1184, 1786, 1791, 1954, 1767, 1238, 1782, 1354, 1545, 1805, 1220, 1759, 1127, 1748, 1493, 1357, 1969, 1113, 1383, 1023, 1575, 1097, 1107, 1696, 1304, 1537, 1963, 1231, 1942, 1118, 1344, 1234, 1352, 1335, 1703, 1501, 1429, 1100, 1946, 1818, 1028, 1288, 1675, 1814, 1148, 1410, 1104, 1068, 1465, 1876, 1038, 1691, 1171, 1041, 1872, 1477, 1257, 1433, 1605, 1541, 1373, 1382, 1211, 1873, 1479, 1910, 1992, 1674, 1863, 1603, 1260, 1636, 1693, 1423, 1761, 1482, 1925, 1336, 1263, 1305, 1454, 1180, 1061], "perc_recomm_found": 1.0, "gamma": 0.95, "eta": 0.95, "gamma_obs": 1.0, "gamma_obs_pre": 0.0, "eta_obs": 0.86, "costs": [1.0, 1.0, 1.0], "lbd": 300.0, "thresh": 0.5, "r_type": "subpopulation", "t_type": "improvement", "eta_obs_individualized": NaN, "eta_obs_refits_batch0_mean": 0.8660000562667847, "model_score": 1.0, "model_f1": 1.0, "model_refits_batch0_scores": [0.998, 1.0, 0.999, 1.0, 0.997], "model_refits_batch0_f1s": [0.9979591836734694, 1.0, 0.9989827060020345, 1.0, 0.9969543147208122], "model_coef": [[1.4645614208619577, 2.9291228417239155, 4.540140409101968], [0.033898254175579144]]}