{"accuracy_pre": 1.0, "accuracy_post": 1.0, "recourse_seeking_ixs": [375, 241, 345, 339, 393, 205, 217, 220, 219, 307, 286, 373, 329, 394, 395, 281, 250, 268, 292, 207, 310, 330, 265, 318, 365, 297, 296, 385, 313, 259, 369, 378, 302, 239, 276, 235, 379, 275, 392, 209, 221, 231, 300, 270, 293, 283, 362, 398, 364, 359], "recourse_recommended_ixs": [375, 241, 345, 339, 393, 205, 217, 220, 219, 307, 286, 373, 329, 394, 395, 281, 250, 268, 292, 207, 310, 330, 265, 318, 365, 297, 296, 385, 313, 259, 369, 378, 302, 239, 276, 235, 379, 275, 392, 209, 221, 231, 300, 270, 293, 283, 362, 398, 364, 359], "perc_recomm_found": 1.0, "gamma": 0.9, "eta": 0.9, "gamma_obs": 0.98, "gamma_obs_pre": 0.0, "eta_obs": 0.98, "costs": [5.0, 5.0], "lbd": 300.0, "thresh": 0.5, "r_type": "individualized", "t_type": "improvement", "eta_obs_individualized": 0.98, "eta_obs_refits_batch0_mean": 0.9800000000000001, "model_score": 0.99, "model_f1": 0.9920634920634921, "model_refits_batch0_scores": [0.995, 0.975, 1.0, 1.0, 0.995], "model_refits_batch0_f1s": [0.9960159362549801, 0.9795918367346939, 1.0, 1.0, 0.9959839357429718], "model_coef": [[-0.50015243757613, 0.78529412098241, 0.007299916183102035, 0.13300725902000954, 0.8165980589084415], [-10.785844977192056]]}