{"accuracy_pre": 0.9, "accuracy_post": 0.97, "recourse_seeking_ixs": [661, 660, 656, 930, 747, 521, 667, 984, 995, 942, 898, 787, 887, 810, 956, 665, 635, 552, 622, 595, 766, 830, 581, 777, 778, 953, 573, 824, 675, 651, 990, 545, 972, 698, 639, 957, 893, 663, 796, 966, 653, 852, 905, 954, 970, 754, 538, 931, 853, 527, 640, 662, 659, 580, 825, 666, 569, 597, 820, 951, 535, 794, 848, 577, 812, 673, 679, 733, 586, 716, 933, 664, 939, 996, 935, 811, 863, 704, 917, 831, 630, 991, 647, 727, 760, 975, 868, 546, 869, 560, 946, 864, 632, 559, 692, 539, 900, 985, 804, 856], "recourse_recommended_ixs": [661, 660, 656, 930, 747, 521, 667, 984, 995, 942, 898, 787, 887, 810, 956, 665, 635, 552, 622, 595, 766, 830, 581, 777, 778, 953, 573, 824, 675, 651, 990, 545, 972, 698, 639, 957, 893, 663, 796, 966, 653, 852, 905, 954, 970, 754, 538, 931, 853, 527, 640, 662, 659, 580, 825, 666, 569, 597, 820, 951, 535, 794, 848, 577, 812, 673, 679, 733, 586, 716, 933, 664, 939, 996, 935, 811, 863, 704, 917, 831, 630, 991, 647, 727, 760, 975, 868, 546, 869, 560, 946, 864, 632, 559, 692, 539, 900, 985, 804, 856], "perc_recomm_found": 1.0, "gamma": 0.95, "eta": 0.95, "gamma_obs": 0.9700000286102295, "gamma_obs_pre": 0.10000000149011612, "eta_obs": 1.0, "costs": [1.0, 1.0, 1.0], "lbd": 300.0, "thresh": 0.5, "r_type": "individualized", "t_type": "improvement", "eta_obs_individualized": 1.0, "eta_obs_refits_batch0_mean": 1.0, "model_score": 0.886, "model_f1": 0.8823529411764707, "model_refits_batch0_scores": [0.862, 0.86, 0.86, 0.846, 0.86], "model_refits_batch0_f1s": [0.8516129032258065, 0.8504273504273505, 0.8458149779735683, 0.8285077951002228, 0.8478260869565217], "model_coef": NaN}