{"accuracy_pre": 0.87, "accuracy_post": 0.68, "recourse_seeking_ixs": [673, 589, 590, 642, 722, 715, 770, 944, 685, 509, 631, 914, 982, 885, 714, 586, 783, 745, 609, 832, 840, 598, 854, 904, 973, 547, 771, 619, 724, 852, 557, 921, 596, 592, 527, 584, 502, 656, 954, 888, 583, 545, 735, 709, 767, 612, 580, 632, 602, 653, 995, 758, 979, 953, 702, 827, 777, 856, 746, 947, 969, 853, 786, 766, 662, 538, 807, 776, 628, 920, 623, 696, 621, 830, 828, 938, 743, 604, 546, 512, 851, 951, 613, 890, 650, 886, 703, 622, 842, 823, 744, 728, 905, 983, 536, 946, 761, 936, 816, 874], "recourse_recommended_ixs": [673, 589, 590, 642, 722, 715, 770, 944, 685, 509, 631, 914, 982, 885, 714, 586, 783, 745, 609, 832, 840, 598, 854, 904, 973, 547, 771, 619, 724, 852, 557, 921, 596, 592, 527, 584, 502, 656, 954, 888, 583, 545, 735, 709, 767, 612, 580, 632, 602, 653, 995, 758, 979, 953, 702, 827, 777, 856, 746, 947, 969, 853, 786, 766, 662, 538, 807, 776, 628, 920, 623, 696, 621, 830, 828, 938, 743, 604, 546, 512, 851, 951, 613, 890, 650, 886, 703, 622, 842, 823, 744, 728, 905, 983, 536, 946, 761, 936, 816, 874], "perc_recomm_found": 1.0, "gamma": 0.75, "eta": 0.75, "gamma_obs": 0.6399999856948853, "gamma_obs_pre": 0.12999999523162842, "eta_obs": 0.96, "costs": [1.0, 1.0], "lbd": 300.0, "thresh": 0.5, "r_type": "subpopulation", "t_type": "improvement", "eta_obs_individualized": NaN, "eta_obs_refits_batch0_mean": 0.9559999704360962, "model_score": 0.828, "model_f1": 0.8054298642533936, "model_refits_batch0_scores": [0.828, 0.828, 0.794, 0.826, 0.834], "model_refits_batch0_f1s": [0.8027522935779817, 0.8063063063063063, 0.7518072289156627, 0.7962529274004684, 0.814317673378076], "model_coef": [[0.17212440209313498, 0.30563951578550236, 0.8015383947950182], [-0.48917069650178224]]}