{"accuracy_pre": 0.89, "accuracy_post": 0.3, "recourse_seeking_ixs": [284, 358, 408, 483, 293, 271, 436, 338, 395, 286, 466, 454, 277, 327, 272, 340, 447, 401, 313, 370, 469, 354, 422, 410, 414, 269, 424, 433, 404, 356, 315, 407, 376, 479, 461, 377, 280, 330, 333, 474, 341, 308, 351, 463, 419, 390, 415, 291, 266, 467, 448, 366, 446, 273, 468, 458, 385, 386, 365, 425, 258, 373, 384, 444, 430, 282, 409, 379, 368, 307, 470, 482, 328, 254, 453, 462, 256, 498, 342, 361, 281, 442, 295, 335, 369, 347, 406, 434, 290, 270, 382, 346, 253, 464, 435, 294, 459, 455, 352, 345], "recourse_recommended_ixs": [284, 358, 408, 483, 293, 271, 436, 338, 395, 286, 466, 454, 277, 327, 272, 340, 447, 401, 313, 370, 469, 354, 422, 410, 414, 269, 424, 433, 404, 356, 315, 407, 376, 479, 461, 377, 280, 330, 333, 474, 341, 308, 351, 463, 419, 390, 415, 291, 266, 467, 448, 366, 446, 273, 468, 458, 385, 386, 365, 425, 258, 373, 384, 444, 430, 282, 409, 379, 368, 307, 470, 482, 328, 254, 453, 462, 256, 498, 342, 361, 281, 442, 295, 335, 369, 347, 406, 434, 290, 270, 382, 346, 253, 464, 435, 294, 459, 455, 352, 345], "perc_recomm_found": 1.0, "gamma": 0.75, "eta": 0.75, "gamma_obs": 0.30000001192092896, "gamma_obs_pre": 0.10999999940395355, "eta_obs": 1.0, "costs": [1.0, 1.0, 1.0], "lbd": 100.0, "thresh": 0.5, "r_type": "individualized", "t_type": "counterfactual", "eta_obs_individualized": NaN, "eta_obs_refits_batch0_mean": 0.5700000524520874, "model_score": 0.824, "model_f1": 0.8370370370370371, "model_refits_batch0_scores": [0.824, 0.816, 0.812, 0.812, 0.812], "model_refits_batch0_f1s": [0.8370370370370371, 0.8308823529411764, 0.8199233716475095, 0.8212927756653993, 0.8171206225680934], "model_coef": [[0.4686956329121448, 0.3009492700343433, 0.7838336038431756], [-0.4018181489572338]]}