{"accuracy_pre": 0.88, "accuracy_post": 0.18, "recourse_seeking_ixs": [380, 220, 259, 270, 388, 253, 398, 357, 217, 355, 208, 260, 215, 254, 201, 348, 308, 293, 204, 235, 252, 277, 266, 272, 337, 302, 262, 267, 245, 362, 244, 237, 368, 210, 222, 307, 280, 316, 347, 209, 378, 329, 234, 386, 240, 381, 328, 206, 225, 324], "recourse_recommended_ixs": [380, 220, 259, 270, 388, 253, 398, 357, 217, 355, 208, 260, 215, 254, 201, 348, 308, 293, 204, 235, 252, 277, 266, 272, 337, 302, 262, 267, 245, 362, 244, 237, 368, 210, 222, 307, 280, 316, 347, 209, 378, 329, 234, 386, 240, 381, 328, 206, 225, 324], "perc_recomm_found": 1.0, "gamma": 0.95, "eta": 0.95, "gamma_obs": 0.18000000715255737, "gamma_obs_pre": 0.11999999731779099, "eta_obs": 1.0, "costs": [1.0, 1.0, 1.0], "lbd": 300.0, "thresh": 0.5, "r_type": "subpopulation", "t_type": "acceptance", "eta_obs_individualized": NaN, "eta_obs_refits_batch0_mean": 0.7480000257492065, "model_score": 0.86, "model_f1": 0.8640776699029126, "model_refits_batch0_scores": [0.855, 0.85, 0.86, 0.82, 0.865], "model_refits_batch0_f1s": [0.855721393034826, 0.854368932038835, 0.8640776699029126, 0.8085106382978724, 0.8682926829268292], "model_coef": [[-0.2164880148354696, -0.030773429397347764, 1.1364269950085266], [-0.7425240528984184]]}