{"accuracy_pre": 0.87, "accuracy_post": 0.95, "recourse_seeking_ixs": [911, 831, 597, 754, 965, 982, 629, 562, 655, 832, 924, 728, 584, 519, 867, 934, 927, 758, 623, 763, 914, 809, 579, 702, 992, 981, 756, 749, 701, 977, 853, 889, 891, 571, 880, 817, 900, 550, 744, 902, 555, 587, 746, 573, 561, 712, 657, 751, 505, 762, 940, 576, 694, 748, 870, 667, 649, 689, 585, 810, 648, 975, 804, 848, 821, 861, 836, 670, 947, 791, 531, 953, 612, 747, 668, 647, 803, 517, 846, 819, 591, 699, 966, 552, 567, 872, 874, 971, 717, 871, 884, 510, 563, 942, 512, 724, 854, 708, 944, 721], "recourse_recommended_ixs": [911, 831, 597, 754, 965, 982, 629, 562, 655, 832, 924, 728, 584, 519, 867, 934, 927, 758, 623, 763, 914, 809, 579, 702, 992, 981, 756, 749, 701, 977, 853, 889, 891, 571, 880, 817, 900, 550, 744, 902, 555, 587, 746, 573, 561, 712, 657, 751, 505, 762, 940, 576, 694, 748, 870, 667, 649, 689, 585, 810, 648, 975, 804, 848, 821, 861, 836, 670, 947, 791, 531, 953, 612, 747, 668, 647, 803, 517, 846, 819, 591, 699, 966, 552, 567, 872, 874, 971, 717, 871, 884, 510, 563, 942, 512, 724, 854, 708, 944, 721], "perc_recomm_found": 1.0, "gamma": 0.95, "eta": 0.95, "gamma_obs": 0.9700000286102295, "gamma_obs_pre": 0.12999999523162842, "eta_obs": 0.98, "costs": [1.0, 1.0], "lbd": 300.0, "thresh": 0.5, "r_type": "subpopulation", "t_type": "improvement", "eta_obs_individualized": NaN, "eta_obs_refits_batch0_mean": 0.984000027179718, "model_score": 0.804, "model_f1": 0.7847619047619048, "model_refits_batch0_scores": [0.778, 0.794, 0.784, 0.802, 0.806], "model_refits_batch0_f1s": [0.7412587412587412, 0.7736263736263737, 0.7440758293838863, 0.7724137931034482, 0.7868131868131869], "model_coef": NaN}