{"accuracy_pre": 0.75, "accuracy_post": 0.74, "recourse_seeking_ixs": [698, 849, 770, 595, 673, 956, 512, 966, 933, 767, 605, 543, 998, 867, 739, 650, 827, 996, 843, 807, 659, 846, 874, 852, 839, 859, 507, 824, 995, 645, 871, 964, 553, 866, 757, 812, 544, 808, 970, 929, 801, 601, 952, 779, 832, 897, 613, 715, 823, 959, 597, 675, 962, 527, 684, 768, 635, 747, 646, 520, 918, 566, 706, 678, 864, 868, 716, 815, 934, 660, 685, 570, 626, 786, 665, 900, 794, 585, 729, 788, 703, 798, 838, 979, 896, 504, 872, 975, 549, 563, 771, 711, 806, 556, 911, 658, 611, 636, 524, 630], "recourse_recommended_ixs": [698, 849, 770, 595, 673, 956, 512, 966, 933, 767, 605, 543, 998, 867, 739, 650, 827, 996, 843, 807, 659, 846, 874, 852, 839, 859, 507, 824, 995, 645, 871, 964, 553, 866, 757, 812, 544, 808, 970, 929, 801, 601, 952, 779, 832, 897, 613, 715, 823, 959, 597, 675, 962, 527, 684, 768, 635, 747, 646, 520, 918, 566, 706, 678, 864, 868, 716, 815, 934, 660, 685, 570, 626, 786, 665, 900, 794, 585, 729, 788, 703, 798, 838, 979, 896, 504, 872, 975, 549, 563, 771, 711, 806, 556, 911, 658, 611, 636, 524, 630], "perc_recomm_found": 1.0, "gamma": 0.75, "eta": 0.75, "gamma_obs": 0.7400000095367432, "gamma_obs_pre": 0.25, "eta_obs": 0.9, "costs": [1.0, 1.0], "lbd": 300.0, "thresh": 0.5, "r_type": "subpopulation", "t_type": "improvement", "eta_obs_individualized": NaN, "eta_obs_refits_batch0_mean": 0.8479999303817749, "model_score": 0.794, "model_f1": 0.782608695652174, "model_refits_batch0_scores": [0.778, 0.794, 0.784, 0.802, 0.806], "model_refits_batch0_f1s": [0.7412587412587412, 0.7736263736263737, 0.7440758293838863, 0.7724137931034482, 0.7868131868131869], "model_coef": NaN}