{"accuracy_pre": 1.0, "accuracy_post": 1.0, "recourse_seeking_ixs": [1336, 1541, 1772, 1236, 1474, 1977, 1693, 1373, 1158, 1280, 1250, 1556, 1743, 1746, 1863, 1688, 1974, 1316, 1647, 1979, 1538, 1645, 1818, 1238, 1470, 1202, 1907, 1284, 1884, 1084, 1452, 1652, 1996, 1630, 1607, 1099, 1720, 1847, 1502, 1436, 1010, 1403, 1222, 1637, 1736, 1933, 1385, 1014, 1331, 1298, 1695, 1906, 1602, 1212, 1687, 1512, 1057, 1680, 1821, 1170, 1089, 1157, 1374, 1741, 1353, 1998, 1659, 1642, 1768, 1658, 1728, 1463, 1218, 1276, 1085, 1905, 1879, 1838, 1415, 1031, 1945, 1301, 1154, 1750, 1654, 1634, 1967, 1742, 1662, 1234, 1425, 1244, 1567, 1379, 1296, 1072, 1131, 1094, 1338, 1473], "recourse_recommended_ixs": [1336, 1541, 1772, 1236, 1474, 1977, 1693, 1373, 1158, 1280, 1250, 1556, 1743, 1746, 1863, 1688, 1974, 1316, 1647, 1979, 1538, 1645, 1818, 1238, 1470, 1202, 1907, 1284, 1884, 1084, 1452, 1652, 1996, 1630, 1607, 1099, 1720, 1847, 1502, 1436, 1010, 1403, 1222, 1637, 1736, 1933, 1385, 1014, 1331, 1298, 1695, 1906, 1602, 1212, 1687, 1512, 1057, 1680, 1821, 1170, 1089, 1157, 1374, 1741, 1353, 1998, 1659, 1642, 1768, 1658, 1728, 1463, 1218, 1276, 1085, 1905, 1879, 1838, 1415, 1031, 1945, 1301, 1154, 1750, 1654, 1634, 1967, 1742, 1662, 1234, 1425, 1244, 1567, 1379, 1296, 1072, 1131, 1094, 1338, 1473], "perc_recomm_found": 1.0, "gamma": 0.75, "eta": 0.75, "gamma_obs": 1.0, "gamma_obs_pre": 0.0, "eta_obs": 1.0, "costs": [1.0, 1.0, 1.0], "lbd": 150.0, "thresh": 0.5, "r_type": "individualized", "t_type": "acceptance", "eta_obs_individualized": NaN, "eta_obs_refits_batch0_mean": 0.9559999704360962, "model_score": 0.986, "model_f1": 0.9916317991631798, "model_refits_batch0_scores": [0.999, 0.997, 0.998, 0.999, 0.993], "model_refits_batch0_f1s": [0.9989949748743718, 0.9969727547931382, 0.9979919678714859, 0.9989929506545822, 0.993006993006993], "model_coef": [[2.0946568951974145, 2.6183211165157094, 4.922443678360561], [-0.014944425291116755]]}