{"accuracy_pre": 0.82, "accuracy_post": 0.21, "recourse_seeking_ixs": [435, 340, 385, 436, 368, 344, 273, 298, 400, 466, 444, 428, 374, 303, 434, 333, 282, 330, 339, 480, 286, 446, 251, 338, 403, 386, 479, 279, 262, 324, 402, 250, 312, 270, 412, 460, 395, 369, 494, 277, 387, 492, 299, 376, 464, 265, 345, 255, 380, 295, 404, 317, 327, 463, 440, 283, 291, 394, 323, 438, 261, 296, 310, 354, 293, 417, 458, 269, 411, 349, 357, 414, 489, 416, 276, 418, 360, 462, 252, 497, 451, 318, 465, 453, 396, 316, 421, 308, 263, 371, 420, 364, 423, 326, 484, 356, 486, 384, 483, 343], "recourse_recommended_ixs": [435, 340, 385, 436, 368, 344, 273, 298, 400, 466, 444, 428, 374, 303, 434, 333, 282, 330, 339, 480, 286, 446, 251, 338, 403, 386, 479, 279, 262, 324, 402, 250, 312, 270, 412, 460, 395, 369, 494, 277, 387, 492, 299, 376, 464, 265, 345, 255, 380, 295, 404, 317, 327, 463, 440, 283, 291, 394, 323, 438, 261, 296, 310, 354, 293, 417, 458, 269, 411, 349, 357, 414, 489, 416, 276, 418, 360, 462, 252, 497, 451, 318, 465, 453, 396, 316, 421, 308, 263, 371, 420, 364, 423, 326, 484, 356, 486, 384, 483, 343], "perc_recomm_found": 1.0, "gamma": 0.75, "eta": 0.75, "gamma_obs": 0.20999999344348907, "gamma_obs_pre": 0.18000000715255737, "eta_obs": 1.0, "costs": [1.0, 1.0, 1.0], "lbd": 100.0, "thresh": 0.5, "r_type": "individualized", "t_type": "counterfactual", "eta_obs_individualized": NaN, "eta_obs_refits_batch0_mean": 0.5700000524520874, "model_score": 0.836, "model_f1": 0.8392156862745097, "model_refits_batch0_scores": [0.852, 0.836, 0.824, 0.812, 0.816], "model_refits_batch0_f1s": [0.8571428571428571, 0.8340080971659919, 0.8294573643410852, 0.8171206225680934, 0.8145161290322581], "model_coef": [[0.18955870160447288, 0.23833094446363892, 0.843726963256624], [-0.586406678566156]]}