{"accuracy_pre": 1.0, "accuracy_post": 1.0, "recourse_seeking_ixs": [1306, 1992, 1227, 1030, 1320, 1664, 1661, 1189, 1329, 1884, 1216, 1568, 1254, 1177, 1998, 1743, 1940, 1757, 1610, 1679, 1257, 1313, 1077, 1606, 1831, 1858, 1574, 1650, 1014, 1696, 1431, 1807, 1150, 1070, 1060, 1569, 1883, 1766, 1626, 1276, 1713, 1201, 1906, 1985, 1081, 1886, 1708, 1210, 1971, 1495, 1205, 1284, 1040, 1288, 1560, 1667, 1332, 1645, 1443, 1895, 1214, 1816, 1594, 1026, 1962, 1084, 1372, 1924, 1668, 1769, 1902, 1565, 1452, 1464, 1012, 1517, 1859, 1440, 1621, 1439, 1576, 1178, 1687, 1133, 1303, 1896, 1206, 1933, 1434, 1438, 1660, 1505, 1316, 1198, 1835, 1347, 1982, 1093, 1697, 1898], "recourse_recommended_ixs": [1306, 1992, 1227, 1030, 1320, 1664, 1661, 1189, 1329, 1884, 1216, 1568, 1254, 1177, 1998, 1743, 1940, 1757, 1610, 1679, 1257, 1313, 1077, 1606, 1831, 1858, 1574, 1650, 1014, 1696, 1431, 1807, 1150, 1070, 1060, 1569, 1883, 1766, 1626, 1276, 1713, 1201, 1906, 1985, 1081, 1886, 1708, 1210, 1971, 1495, 1205, 1284, 1040, 1288, 1560, 1667, 1332, 1645, 1443, 1895, 1214, 1816, 1594, 1026, 1962, 1084, 1372, 1924, 1668, 1769, 1902, 1565, 1452, 1464, 1012, 1517, 1859, 1440, 1621, 1439, 1576, 1178, 1687, 1133, 1303, 1896, 1206, 1933, 1434, 1438, 1660, 1505, 1316, 1198, 1835, 1347, 1982, 1093, 1697, 1898], "perc_recomm_found": 1.0, "gamma": 0.75, "eta": 0.75, "gamma_obs": 1.0, "gamma_obs_pre": 0.0, "eta_obs": 1.0, "costs": [1.0, 1.0, 1.0], "lbd": 150.0, "thresh": 0.5, "r_type": "individualized", "t_type": "acceptance", "eta_obs_individualized": NaN, "eta_obs_refits_batch0_mean": 0.7300000190734863, "model_score": 0.825, "model_f1": 0.999004975124378, "model_refits_batch0_scores": [0.993, 0.998, 0.993, 0.993, 0.994], "model_refits_batch0_f1s": [0.992964824120603, 0.99800796812749, 0.992964824120603, 0.992964824120603, 0.9939759036144578], "model_coef": [[2.1377692770335646, 2.6722115933152057, 5.023757780492131], [-0.08763295293312978]]}