{"accuracy_pre": 0.85, "accuracy_post": 0.33, "recourse_seeking_ixs": [570, 954, 934, 660, 575, 920, 637, 650, 867, 833, 871, 706, 796, 638, 972, 863, 662, 649, 888, 672, 956, 656, 770, 906, 527, 981, 807, 982, 845, 695, 596, 903, 725, 853, 905, 893, 552, 580, 812, 985, 600, 670, 914, 997, 657, 675, 777, 654, 989, 865, 957, 684, 545, 537, 794, 538, 531, 878, 512, 980, 971, 816, 630, 719, 785, 876, 658, 535, 832, 850, 673, 530, 579, 622, 846, 568, 727, 810, 802, 744, 715, 661, 565, 586, 752, 808, 693, 961, 768, 855, 952, 651, 991, 659, 823, 942, 872, 626, 990, 644], "recourse_recommended_ixs": [570, 954, 934, 660, 575, 920, 637, 650, 867, 833, 871, 706, 796, 638, 972, 863, 662, 649, 888, 672, 956, 656, 770, 906, 527, 981, 807, 982, 845, 695, 596, 903, 725, 853, 905, 893, 552, 580, 812, 985, 600, 670, 914, 997, 657, 675, 777, 654, 989, 865, 957, 684, 545, 537, 794, 538, 531, 878, 512, 980, 971, 816, 630, 719, 785, 876, 658, 535, 832, 850, 673, 530, 579, 622, 846, 568, 727, 810, 802, 744, 715, 661, 565, 586, 752, 808, 693, 961, 768, 855, 952, 651, 991, 659, 823, 942, 872, 626, 990, 644], "perc_recomm_found": 1.0, "gamma": 0.95, "eta": 0.95, "gamma_obs": 0.3100000023841858, "gamma_obs_pre": 0.15000000596046448, "eta_obs": 0.98, "costs": [1.0, 1.0, 1.0], "lbd": 300.0, "thresh": 0.5, "r_type": "subpopulation", "t_type": "acceptance", "eta_obs_individualized": NaN, "eta_obs_refits_batch0_mean": 0.4099999964237213, "model_score": 0.81, "model_f1": 0.794816414686825, "model_refits_batch0_scores": [0.82, 0.828, 0.806, 0.818, 0.836], "model_refits_batch0_f1s": [0.7906976744186047, 0.8045454545454546, 0.7662650602409637, 0.7858823529411765, 0.8217391304347826], "model_coef": NaN}