{"accuracy_pre": 0.9, "accuracy_post": 0.8, "recourse_seeking_ixs": [677, 565, 912, 685, 876, 830, 857, 694, 860, 546, 738, 502, 788, 774, 851, 709, 561, 909, 962, 902, 897, 699, 976, 997, 852, 621, 609, 654, 573, 736, 640, 871, 838, 739, 807, 678, 681, 522, 545, 780, 867, 716, 591, 778, 898, 845, 959, 784, 956, 966, 622, 704, 884, 500, 810, 771, 911, 714, 635, 728, 970, 887, 880, 586, 724, 672, 827, 551, 925, 697, 688, 568, 563, 973, 733, 629, 953, 900, 636, 506, 579, 643, 800, 615, 692, 892, 919, 899, 722, 960, 942, 626, 511, 662, 825, 832, 750, 859, 598, 564], "recourse_recommended_ixs": [677, 565, 912, 685, 876, 830, 857, 694, 860, 546, 738, 502, 788, 774, 851, 709, 561, 909, 962, 902, 897, 699, 976, 997, 852, 621, 609, 654, 573, 736, 640, 871, 838, 739, 807, 678, 681, 522, 545, 780, 867, 716, 591, 778, 898, 845, 959, 784, 956, 966, 622, 704, 884, 500, 810, 771, 911, 714, 635, 728, 970, 887, 880, 586, 724, 672, 827, 551, 925, 697, 688, 568, 563, 973, 733, 629, 953, 900, 636, 506, 579, 643, 800, 615, 692, 892, 919, 899, 722, 960, 942, 626, 511, 662, 825, 832, 750, 859, 598, 564], "perc_recomm_found": 1.0, "gamma": 0.75, "eta": 0.75, "gamma_obs": 0.7599999904632568, "gamma_obs_pre": 0.10000000149011612, "eta_obs": 0.96, "costs": [1.0, 1.0], "lbd": 300.0, "thresh": 0.5, "r_type": "individualized", "t_type": "improvement", "eta_obs_individualized": 0.81, "eta_obs_refits_batch0_mean": 0.9420000314712524, "model_score": 0.792, "model_f1": 0.7983014861995753, "model_refits_batch0_scores": [0.828, 0.828, 0.794, 0.826, 0.834], "model_refits_batch0_f1s": [0.8027522935779817, 0.8063063063063063, 0.7518072289156627, 0.7962529274004684, 0.814317673378076], "model_coef": [[0.17212440209313498, 0.30563951578550236, 0.8015383947950182], [-0.48917069650178224]]}