{"accuracy_pre": 1.0, "accuracy_post": 1.0, "recourse_seeking_ixs": [1846, 1479, 1652, 1625, 1353, 1994, 1861, 1586, 1410, 1329, 1157, 1747, 1942, 1159, 1602, 1958, 1987, 1911, 1268, 1831, 1349, 1764, 1954, 1735, 1433, 1013, 1966, 1502, 1291, 1049, 1674, 1408, 1527, 1593, 1863, 1399, 1538, 1059, 1961, 1985, 1073, 1283, 1229, 1238, 1501, 1103, 1995, 1409, 1592, 1981, 1730, 1906, 1901, 1467, 1779, 1682, 1523, 1337, 1898, 1221, 1853, 1545, 1833, 1576, 1865, 1014, 1978, 1374, 1383, 1008, 1533, 1496, 1486, 1276, 1351, 1478, 1855, 1862, 1444, 1195, 1083, 1696, 1022, 1230, 1436, 1554, 1788, 1027, 1148, 1839, 1271, 1541, 1118, 1215, 1099, 1311, 1097, 1881, 1401, 1223], "recourse_recommended_ixs": [1846, 1479, 1652, 1625, 1353, 1994, 1861, 1586, 1410, 1329, 1157, 1747, 1942, 1159, 1602, 1958, 1987, 1911, 1268, 1831, 1349, 1764, 1954, 1735, 1433, 1013, 1966, 1502, 1291, 1049, 1674, 1408, 1527, 1593, 1863, 1399, 1538, 1059, 1961, 1985, 1073, 1283, 1229, 1238, 1501, 1103, 1995, 1409, 1592, 1981, 1730, 1906, 1901, 1467, 1779, 1682, 1523, 1337, 1898, 1221, 1853, 1545, 1833, 1576, 1865, 1014, 1978, 1374, 1383, 1008, 1533, 1496, 1486, 1276, 1351, 1478, 1855, 1862, 1444, 1195, 1083, 1696, 1022, 1230, 1436, 1554, 1788, 1027, 1148, 1839, 1271, 1541, 1118, 1215, 1099, 1311, 1097, 1881, 1401, 1223], "perc_recomm_found": 1.0, "gamma": 0.95, "eta": 0.95, "gamma_obs": 1.0, "gamma_obs_pre": 0.0, "eta_obs": 1.0, "costs": [1.0, 1.0, 1.0], "lbd": 150.0, "thresh": 0.5, "r_type": "individualized", "t_type": "improvement", "eta_obs_individualized": 1.0, "eta_obs_refits_batch0_mean": 1.0, "model_score": 0.986, "model_f1": 0.9979253112033196, "model_refits_batch0_scores": [1.0, 0.996, 0.999, 0.996, 0.998], "model_refits_batch0_f1s": [1.0, 0.9959100204498978, 0.9989827060020345, 0.9959100204498978, 0.9979591836734694], "model_coef": NaN}