{"accuracy_pre": 0.84, "accuracy_post": 0.26, "recourse_seeking_ixs": [399, 330, 367, 371, 291, 218, 317, 343, 292, 270, 318, 268, 341, 379, 389, 359, 237, 384, 365, 338, 240, 351, 306, 262, 231, 377, 301, 217, 202, 204, 396, 335, 236, 319, 333, 254, 383, 366, 273, 272, 243, 380, 278, 265, 252, 329, 238, 280, 302, 228], "recourse_recommended_ixs": [399, 330, 367, 371, 291, 218, 317, 343, 292, 270, 318, 268, 341, 379, 389, 359, 237, 384, 365, 338, 240, 351, 306, 262, 231, 377, 301, 217, 202, 204, 396, 335, 236, 319, 333, 254, 383, 366, 273, 272, 243, 380, 278, 265, 252, 329, 238, 280, 302, 228], "perc_recomm_found": 1.0, "gamma": 0.75, "eta": 0.75, "gamma_obs": 0.25999999046325684, "gamma_obs_pre": 0.1599999964237213, "eta_obs": 1.0, "costs": [1.0, 1.0, 1.0], "lbd": 300.0, "thresh": 0.5, "r_type": "individualized", "t_type": "acceptance", "eta_obs_individualized": NaN, "eta_obs_refits_batch0_mean": 0.656000018119812, "model_score": 0.78, "model_f1": 0.7708333333333334, "model_refits_batch0_scores": [0.79, 0.755, 0.76, 0.77, 0.805], "model_refits_batch0_f1s": [0.7789473684210526, 0.7609756097560975, 0.7692307692307693, 0.7766990291262136, 0.7891891891891891], "model_coef": [[0.2395400345047999, -0.1253147156680164, 0.9994422438043192], [-0.20205949061269626]]}