{"accuracy_pre": 0.82, "accuracy_post": 1.0, "recourse_seeking_ixs": [814, 759, 696, 824, 806, 835, 812, 675, 640, 801, 818, 971, 732, 882, 752, 658, 921, 918, 865, 703, 823, 595, 984, 743, 913, 690, 519, 620, 992, 571, 892, 662, 739, 969, 924, 792, 840, 513, 543, 768, 754, 524, 731, 934, 688, 709, 909, 590, 642, 870, 652, 834, 871, 660, 630, 716, 975, 531, 785, 528, 887, 659, 518, 968, 873, 980, 564, 880, 767, 964, 987, 989, 849, 529, 926, 730, 991, 511, 952, 632, 765, 610, 645, 551, 738, 847, 958, 581, 525, 510, 876, 546, 557, 959, 631, 623, 793, 776, 533, 883], "recourse_recommended_ixs": [814, 759, 696, 824, 806, 835, 812, 675, 640, 801, 818, 971, 732, 882, 752, 658, 921, 918, 865, 703, 823, 595, 984, 743, 913, 690, 519, 620, 992, 571, 892, 662, 739, 969, 924, 792, 840, 513, 543, 768, 754, 524, 731, 934, 688, 709, 909, 590, 642, 870, 652, 834, 871, 660, 630, 716, 975, 531, 785, 528, 887, 659, 518, 968, 873, 980, 564, 880, 767, 964, 987, 989, 849, 529, 926, 730, 991, 511, 952, 632, 765, 610, 645, 551, 738, 847, 958, 581, 525, 510, 876, 546, 557, 959, 631, 623, 793, 776, 533, 883], "perc_recomm_found": 1.0, "gamma": 0.95, "eta": 0.95, "gamma_obs": 1.0, "gamma_obs_pre": 0.18000000715255737, "eta_obs": 1.0, "costs": [1.0, 1.0], "lbd": 300.0, "thresh": 0.5, "r_type": "individualized", "t_type": "improvement", "eta_obs_individualized": 1.0, "eta_obs_refits_batch0_mean": 0.9959999918937683, "model_score": 0.826, "model_f1": 0.8256513026052105, "model_refits_batch0_scores": [0.822, 0.82, 0.814, 0.828, 0.83], "model_refits_batch0_f1s": [0.8202020202020203, 0.8170731707317074, 0.8128772635814889, 0.822314049586777, 0.8261758691206543], "model_coef": [[0.4193815735163298, -0.17430836989550566, 0.8740051248645054], [-0.5287631658814632]]}