{"accuracy_pre": 0.78, "accuracy_post": 0.96, "recourse_seeking_ixs": [792, 962, 837, 614, 514, 752, 991, 505, 623, 854, 952, 606, 812, 920, 993, 645, 875, 609, 581, 711, 577, 697, 838, 725, 533, 651, 690, 779, 826, 943, 570, 743, 508, 661, 686, 530, 941, 566, 789, 663, 975, 546, 994, 936, 881, 734, 768, 599, 575, 739, 938, 637, 995, 948, 597, 798, 828, 696, 845, 687, 553, 729, 924, 629, 567, 976, 786, 815, 820, 825, 988, 776, 638, 668, 664, 783, 620, 574, 864, 748, 564, 870, 850, 907, 655, 926, 569, 933, 944, 685, 894, 649, 796, 909, 583, 974, 531, 560, 756, 960], "recourse_recommended_ixs": [792, 962, 837, 614, 514, 752, 991, 505, 623, 854, 952, 606, 812, 920, 993, 645, 875, 609, 581, 711, 577, 697, 838, 725, 533, 651, 690, 779, 826, 943, 570, 743, 508, 661, 686, 530, 941, 566, 789, 663, 975, 546, 994, 936, 881, 734, 768, 599, 575, 739, 938, 637, 995, 948, 597, 798, 828, 696, 845, 687, 553, 729, 924, 629, 567, 976, 786, 815, 820, 825, 988, 776, 638, 668, 664, 783, 620, 574, 864, 748, 564, 870, 850, 907, 655, 926, 569, 933, 944, 685, 894, 649, 796, 909, 583, 974, 531, 560, 756, 960], "perc_recomm_found": 1.0, "gamma": 0.95, "eta": 0.95, "gamma_obs": 0.9599999785423279, "gamma_obs_pre": 0.2199999988079071, "eta_obs": 1.0, "costs": [1.0, 1.0], "lbd": 300.0, "thresh": 0.5, "r_type": "subpopulation", "t_type": "improvement", "eta_obs_individualized": NaN, "eta_obs_refits_batch0_mean": 0.9979999661445618, "model_score": 0.838, "model_f1": 0.8625792811839323, "model_refits_batch0_scores": [0.83, 0.822, 0.816, 0.824, 0.822], "model_refits_batch0_f1s": [0.8268839103869655, 0.8118393234672305, 0.7973568281938326, 0.8095238095238094, 0.8086021505376344], "model_coef": NaN}