{"accuracy_pre": 0.83, "accuracy_post": 0.35, "recourse_seeking_ixs": [546, 897, 672, 575, 765, 865, 523, 704, 970, 518, 580, 991, 665, 857, 692, 959, 727, 626, 893, 500, 722, 659, 619, 555, 600, 703, 980, 554, 519, 724, 682, 654, 699, 851, 506, 598, 677, 734, 616, 919, 540, 579, 668, 752, 830, 586, 953, 850, 528, 730, 649, 808, 552, 622, 998, 716, 678, 633, 563, 643, 983, 997, 536, 799, 635, 608, 832, 683, 681, 768, 738, 902, 728, 961, 994, 942, 909, 564, 513, 697, 884, 890, 695, 694, 806, 591, 906, 889, 653, 602, 701, 962, 945, 717, 517, 607, 788, 565, 956, 775], "recourse_recommended_ixs": [546, 897, 672, 575, 765, 865, 523, 704, 970, 518, 580, 991, 665, 857, 692, 959, 727, 626, 893, 500, 722, 659, 619, 555, 600, 703, 980, 554, 519, 724, 682, 654, 699, 851, 506, 598, 677, 734, 616, 919, 540, 579, 668, 752, 830, 586, 953, 850, 528, 730, 649, 808, 552, 622, 998, 716, 678, 633, 563, 643, 983, 997, 536, 799, 635, 608, 832, 683, 681, 768, 738, 902, 728, 961, 994, 942, 909, 564, 513, 697, 884, 890, 695, 694, 806, 591, 906, 889, 653, 602, 701, 962, 945, 717, 517, 607, 788, 565, 956, 775], "perc_recomm_found": 1.0, "gamma": 0.95, "eta": 0.95, "gamma_obs": 0.3400000035762787, "gamma_obs_pre": 0.17000000178813934, "eta_obs": 0.95, "costs": [1.0, 1.0, 1.0], "lbd": 300.0, "thresh": 0.5, "r_type": "individualized", "t_type": "counterfactual", "eta_obs_individualized": NaN, "eta_obs_refits_batch0_mean": 0.5699999928474426, "model_score": 0.762, "model_f1": 0.7381974248927039, "model_refits_batch0_scores": [0.778, 0.794, 0.784, 0.802, 0.806], "model_refits_batch0_f1s": [0.7412587412587412, 0.7736263736263737, 0.7440758293838863, 0.7724137931034482, 0.7868131868131869], "model_coef": NaN}