{"accuracy_pre": 1.0, "accuracy_post": 0.97, "recourse_seeking_ixs": [1028, 1276, 1270, 1632, 1440, 1100, 1012, 1827, 1791, 1661, 1193, 1642, 1347, 1007, 1953, 1594, 1871, 1386, 1659, 1805, 1150, 1935, 1289, 1539, 1873, 1886, 1561, 1926, 1587, 1146, 1617, 1362, 1237, 1711, 1741, 1899, 1641, 1320, 1560, 1655, 1291, 1574, 1369, 1327, 1245, 1900, 1401, 1541, 1306, 1611, 1816, 1852, 1625, 1713, 1485, 1284, 1177, 1162, 1696, 1942, 1576, 1864, 1675, 1468, 1865, 1725, 1388, 1650, 1533, 1639, 1911, 1761, 1537, 1352, 1680, 1331, 1128, 1282, 1161, 1784, 1383, 1746, 1860, 1842, 1110, 1090, 1060, 1303, 1901, 1709, 1147, 1629, 1036, 1231, 1884, 1567, 1034, 1464, 1964, 1209], "recourse_recommended_ixs": [1028, 1276, 1270, 1632, 1440, 1100, 1012, 1827, 1791, 1661, 1193, 1642, 1347, 1007, 1953, 1594, 1871, 1386, 1659, 1805, 1150, 1935, 1289, 1539, 1873, 1886, 1561, 1926, 1587, 1146, 1617, 1362, 1237, 1711, 1741, 1899, 1641, 1320, 1560, 1655, 1291, 1574, 1369, 1327, 1245, 1900, 1401, 1541, 1306, 1611, 1816, 1852, 1625, 1713, 1485, 1284, 1177, 1162, 1696, 1942, 1576, 1864, 1675, 1468, 1865, 1725, 1388, 1650, 1533, 1639, 1911, 1761, 1537, 1352, 1680, 1331, 1128, 1282, 1161, 1784, 1383, 1746, 1860, 1842, 1110, 1090, 1060, 1303, 1901, 1709, 1147, 1629, 1036, 1231, 1884, 1567, 1034, 1464, 1964, 1209], "perc_recomm_found": 1.0, "gamma": 0.75, "eta": 0.75, "gamma_obs": 0.9800000190734863, "gamma_obs_pre": 0.0, "eta_obs": 0.99, "costs": [1.0, 1.0, 1.0], "lbd": 150.0, "thresh": 0.5, "r_type": "individualized", "t_type": "counterfactual", "eta_obs_individualized": NaN, "eta_obs_refits_batch0_mean": 0.8399999737739563, "model_score": 0.893, "model_f1": 1.0, "model_refits_batch0_scores": [0.997, 0.994, 0.996, 0.994, 0.996], "model_refits_batch0_f1s": [0.9970089730807578, 0.9939999999999999, 0.9960079840319361, 0.9939999999999999, 0.9960079840319361], "model_coef": NaN}