{"accuracy_pre": 0.72, "accuracy_post": 0.39, "recourse_seeking_ixs": [643, 959, 575, 651, 653, 808, 658, 833, 867, 696, 887, 960, 734, 855, 845, 975, 930, 843, 766, 752, 860, 523, 896, 665, 627, 789, 778, 972, 967, 644, 620, 543, 995, 914, 797, 866, 715, 588, 982, 862, 985, 569, 802, 981, 630, 706, 788, 838, 983, 869, 939, 537, 622, 871, 898, 664, 666, 546, 792, 567, 678, 796, 864, 667, 689, 594, 529, 893, 925, 649, 958, 991, 535, 872, 536, 509, 657, 739, 552, 711, 928, 684, 533, 980, 885, 716, 897, 852, 527, 662, 573, 613, 738, 565, 794, 650, 961, 809, 882, 512], "recourse_recommended_ixs": [643, 959, 575, 651, 653, 808, 658, 833, 867, 696, 887, 960, 734, 855, 845, 975, 930, 843, 766, 752, 860, 523, 896, 665, 627, 789, 778, 972, 967, 644, 620, 543, 995, 914, 797, 866, 715, 588, 982, 862, 985, 569, 802, 981, 630, 706, 788, 838, 983, 869, 939, 537, 622, 871, 898, 664, 666, 546, 792, 567, 678, 796, 864, 667, 689, 594, 529, 893, 925, 649, 958, 991, 535, 872, 536, 509, 657, 739, 552, 711, 928, 684, 533, 980, 885, 716, 897, 852, 527, 662, 573, 613, 738, 565, 794, 650, 961, 809, 882, 512], "perc_recomm_found": 1.0, "gamma": 0.75, "eta": 0.75, "gamma_obs": 0.38999998569488525, "gamma_obs_pre": 0.2800000011920929, "eta_obs": 1.0, "costs": [1.0, 1.0, 1.0], "lbd": 300.0, "thresh": 0.5, "r_type": "subpopulation", "t_type": "counterfactual", "eta_obs_individualized": NaN, "eta_obs_refits_batch0_mean": 0.30399999022483826, "model_score": 0.808, "model_f1": 0.7922077922077922, "model_refits_batch0_scores": [0.818, 0.816, 0.806, 0.824, 0.83], "model_refits_batch0_f1s": [0.7838479809976248, 0.7819905213270142, 0.762836185819071, 0.7914691943127962, 0.8081264108352144], "model_coef": NaN}