{"accuracy_pre": 0.82, "accuracy_post": 0.6, "recourse_seeking_ixs": [316, 230, 386, 340, 223, 375, 300, 373, 365, 363, 314, 349, 232, 358, 306, 288, 297, 383, 353, 398, 384, 372, 390, 307, 275, 274, 352, 336, 397, 376, 355, 201, 218, 253, 360, 345, 222, 271, 319, 370, 203, 242, 239, 369, 322, 286, 339, 338, 238, 269], "recourse_recommended_ixs": [316, 230, 386, 340, 223, 375, 300, 373, 365, 363, 314, 349, 232, 358, 306, 288, 297, 383, 353, 398, 384, 372, 390, 307, 275, 274, 352, 336, 397, 376, 355, 201, 218, 253, 360, 345, 222, 271, 319, 370, 203, 242, 239, 369, 322, 286, 339, 338, 238, 269], "perc_recomm_found": 1.0, "gamma": 0.95, "eta": 0.95, "gamma_obs": 0.6000000238418579, "gamma_obs_pre": 0.18000000715255737, "eta_obs": 1.0, "costs": [1.0, 1.0, 1.0], "lbd": 300.0, "thresh": 0.5, "r_type": "individualized", "t_type": "counterfactual", "eta_obs_individualized": NaN, "eta_obs_refits_batch0_mean": 0.515999972820282, "model_score": 0.9, "model_f1": 0.9107142857142857, "model_refits_batch0_scores": [0.875, 0.86, 0.885, 0.87, 0.9], "model_refits_batch0_f1s": [0.8898678414096916, 0.8738738738738739, 0.8959276018099547, 0.8773584905660378, 0.9107142857142857], "model_coef": [[0.9468990349781393, 0.6638949227824809, 0.886323830293156], [0.07225976937942394]]}