{"accuracy_pre": 0.82, "accuracy_post": 0.3, "recourse_seeking_ixs": [335, 260, 332, 325, 476, 357, 407, 380, 395, 315, 365, 427, 314, 267, 258, 336, 399, 283, 401, 472, 299, 324, 359, 415, 384, 367, 305, 460, 296, 392, 429, 280, 378, 416, 431, 317, 326, 352, 445, 434, 482, 480, 377, 302, 343, 382, 442, 466, 262, 327, 323, 479, 307, 459, 300, 303, 329, 348, 366, 444, 447, 358, 369, 412, 487, 450, 478, 250, 471, 333, 464, 491, 413, 253, 463, 394, 372, 462, 263, 419, 441, 330, 414, 375, 467, 304, 448, 339, 475, 422, 334, 272, 275, 370, 356, 398, 344, 389, 396, 353], "recourse_recommended_ixs": [335, 260, 332, 325, 476, 357, 407, 380, 395, 315, 365, 427, 314, 267, 258, 336, 399, 283, 401, 472, 299, 324, 359, 415, 384, 367, 305, 460, 296, 392, 429, 280, 378, 416, 431, 317, 326, 352, 445, 434, 482, 480, 377, 302, 343, 382, 442, 466, 262, 327, 323, 479, 307, 459, 300, 303, 329, 348, 366, 444, 447, 358, 369, 412, 487, 450, 478, 250, 471, 333, 464, 491, 413, 253, 463, 394, 372, 462, 263, 419, 441, 330, 414, 375, 467, 304, 448, 339, 475, 422, 334, 272, 275, 370, 356, 398, 344, 389, 396, 353], "perc_recomm_found": 1.0, "gamma": 0.75, "eta": 0.75, "gamma_obs": 0.30000001192092896, "gamma_obs_pre": 0.18000000715255737, "eta_obs": 1.0, "costs": [1.0, 1.0, 1.0], "lbd": 100.0, "thresh": 0.5, "r_type": "individualized", "t_type": "counterfactual", "eta_obs_individualized": NaN, "eta_obs_refits_batch0_mean": 0.6039999723434448, "model_score": 0.78, "model_f1": 0.751131221719457, "model_refits_batch0_scores": [0.776, 0.788, 0.776, 0.78, 0.788], "model_refits_batch0_f1s": [0.7454545454545455, 0.7601809954751132, 0.743119266055046, 0.7393364928909952, 0.7579908675799087], "model_coef": NaN}