{"accuracy_pre": 0.84, "accuracy_post": 0.25, "recourse_seeking_ixs": [442, 421, 384, 349, 309, 366, 492, 438, 258, 363, 386, 310, 394, 282, 458, 395, 383, 409, 472, 457, 388, 307, 448, 346, 261, 300, 344, 412, 482, 436, 292, 480, 321, 468, 347, 495, 451, 489, 291, 376, 263, 351, 283, 462, 488, 278, 335, 342, 284, 467, 267, 378, 370, 320, 299, 377, 260, 473, 478, 281, 486, 452, 305, 360, 288, 357, 296, 262, 268, 476, 328, 404, 345, 365, 364, 446, 315, 410, 327, 397, 389, 415, 298, 427, 255, 286, 387, 431, 455, 273, 317, 418, 469, 414, 419, 426, 252, 293, 331, 339], "recourse_recommended_ixs": [442, 421, 384, 349, 309, 366, 492, 438, 258, 363, 386, 310, 394, 282, 458, 395, 383, 409, 472, 457, 388, 307, 448, 346, 261, 300, 344, 412, 482, 436, 292, 480, 321, 468, 347, 495, 451, 489, 291, 376, 263, 351, 283, 462, 488, 278, 335, 342, 284, 467, 267, 378, 370, 320, 299, 377, 260, 473, 478, 281, 486, 452, 305, 360, 288, 357, 296, 262, 268, 476, 328, 404, 345, 365, 364, 446, 315, 410, 327, 397, 389, 415, 298, 427, 255, 286, 387, 431, 455, 273, 317, 418, 469, 414, 419, 426, 252, 293, 331, 339], "perc_recomm_found": 1.0, "gamma": 0.75, "eta": 0.75, "gamma_obs": 0.20999999344348907, "gamma_obs_pre": 0.1599999964237213, "eta_obs": 0.96, "costs": [1.0, 1.0, 1.0], "lbd": 100.0, "thresh": 0.5, "r_type": "subpopulation", "t_type": "acceptance", "eta_obs_individualized": NaN, "eta_obs_refits_batch0_mean": 0.8300000429153442, "model_score": 0.824, "model_f1": 0.837037037037037, "model_refits_batch0_scores": [0.812, 0.82, 0.784, 0.836, 0.808], "model_refits_batch0_f1s": [0.8278388278388279, 0.8339483394833948, 0.8085106382978723, 0.8416988416988418, 0.8273381294964028], "model_coef": [[0.09097419487409555, 0.08853412233391754, 1.0793593427296273], [-0.3133312201887632]]}