{"accuracy_pre": 0.99, "accuracy_post": 0.08, "recourse_seeking_ixs": [1832, 1472, 1117, 1171, 1431, 1203, 1306, 1327, 1402, 1881, 1915, 1340, 1350, 1541, 1700, 1155, 1278, 1103, 1276, 1509, 1906, 1525, 1905, 1640, 1981, 1696, 1003, 1996, 1978, 1735, 1576, 1107, 1446, 1482, 1234, 1504, 1818, 1828, 1510, 1925, 1800, 1588, 1275, 1359, 1299, 1218, 1775, 1526, 1919, 1444, 1911, 1069, 1357, 1769, 1211, 1465, 1523, 1602, 1740, 1491, 1802, 1516, 1219, 1354, 1087, 1936, 1401, 1129, 1682, 1235, 1457, 1378, 1727, 1724, 1490, 1473, 1971, 1100, 1451, 1246, 1570, 1147, 1661, 1180, 1961, 1717, 1495, 1059, 1027, 1470, 1875, 1122, 1994, 1792, 1455, 1000, 1049, 1268, 1369, 1880], "recourse_recommended_ixs": [1832, 1472, 1117, 1171, 1431, 1203, 1306, 1327, 1402, 1881, 1915, 1340, 1350, 1541, 1700, 1155, 1278, 1103, 1276, 1509, 1906, 1525, 1905, 1640, 1981, 1696, 1003, 1996, 1978, 1735, 1576, 1107, 1446, 1482, 1234, 1504, 1818, 1828, 1510, 1925, 1800, 1588, 1275, 1359, 1299, 1218, 1775, 1526, 1919, 1444, 1911, 1069, 1357, 1769, 1211, 1465, 1523, 1602, 1740, 1491, 1802, 1516, 1219, 1354, 1087, 1936, 1401, 1129, 1682, 1235, 1457, 1378, 1727, 1724, 1490, 1473, 1971, 1100, 1451, 1246, 1570, 1147, 1661, 1180, 1961, 1717, 1495, 1059, 1027, 1470, 1875, 1122, 1994, 1792, 1455, 1000, 1049, 1268, 1369, 1880], "perc_recomm_found": 1.0, "gamma": 0.95, "eta": 0.95, "gamma_obs": 0.07999999821186066, "gamma_obs_pre": 0.009999999776482582, "eta_obs": 1.0, "costs": [1.0, 1.0, 1.0], "lbd": 150.0, "thresh": 0.5, "r_type": "individualized", "t_type": "acceptance", "eta_obs_individualized": NaN, "eta_obs_refits_batch0_mean": 0.8159999847412109, "model_score": 0.984, "model_f1": 0.9835051546391753, "model_refits_batch0_scores": [0.998, 0.998, 0.998, 0.998, 0.998], "model_refits_batch0_f1s": [0.9979674796747968, 0.9979674796747968, 0.9979674796747968, 0.9979674796747968, 0.9979674796747968], "model_coef": [[-1.659163472684449, -2.073954509754808, 3.5461907791574467], [-1.8217384722569294]]}