{"accuracy_pre": 0.88, "accuracy_post": 0.94, "recourse_seeking_ixs": [812, 580, 927, 984, 922, 716, 916, 587, 996, 952, 615, 595, 910, 776, 704, 717, 844, 697, 908, 756, 956, 617, 754, 693, 879, 561, 603, 939, 620, 563, 683, 555, 839, 856, 924, 681, 662, 730, 510, 601, 982, 912, 993, 810, 793, 666, 955, 548, 911, 999, 814, 795, 741, 894, 578, 929, 815, 551, 689, 940, 692, 848, 769, 857, 648, 885, 614, 592, 988, 799, 645, 945, 523, 522, 531, 616, 605, 750, 654, 926, 727, 517, 838, 651, 665, 818, 671, 686, 670, 571, 691, 565, 766, 623, 936, 674, 902, 961, 979, 656], "recourse_recommended_ixs": [812, 580, 927, 984, 922, 716, 916, 587, 996, 952, 615, 595, 910, 776, 704, 717, 844, 697, 908, 756, 956, 617, 754, 693, 879, 561, 603, 939, 620, 563, 683, 555, 839, 856, 924, 681, 662, 730, 510, 601, 982, 912, 993, 810, 793, 666, 955, 548, 911, 999, 814, 795, 741, 894, 578, 929, 815, 551, 689, 940, 692, 848, 769, 857, 648, 885, 614, 592, 988, 799, 645, 945, 523, 522, 531, 616, 605, 750, 654, 926, 727, 517, 838, 651, 665, 818, 671, 686, 670, 571, 691, 565, 766, 623, 936, 674, 902, 961, 979, 656], "perc_recomm_found": 1.0, "gamma": 0.95, "eta": 0.95, "gamma_obs": 0.949999988079071, "gamma_obs_pre": 0.11999999731779099, "eta_obs": 1.0, "costs": [1.0, 1.0, 1.0], "lbd": 300.0, "thresh": 0.5, "r_type": "individualized", "t_type": "improvement", "eta_obs_individualized": 1.0, "eta_obs_refits_batch0_mean": 0.9919999837875366, "model_score": 0.69, "model_f1": 0.7833333333333334, "model_refits_batch0_scores": [0.81, 0.802, 0.812, 0.784, 0.816], "model_refits_batch0_f1s": [0.8210922787193974, 0.8135593220338984, 0.8226415094339623, 0.7954545454545454, 0.8217054263565892], "model_coef": NaN}