{"accuracy_pre": 0.79, "accuracy_post": 0.3, "recourse_seeking_ixs": [457, 495, 355, 328, 362, 406, 465, 342, 258, 464, 325, 375, 288, 286, 285, 385, 344, 372, 423, 305, 426, 392, 416, 300, 374, 330, 281, 299, 397, 497, 310, 491, 361, 359, 267, 326, 356, 367, 435, 262, 413, 296, 379, 329, 409, 490, 390, 278, 394, 265, 402, 438, 450, 283, 452, 492, 311, 418, 485, 264, 389, 422, 415, 425, 276, 336, 324, 466, 346, 449, 486, 251, 463, 250, 391, 462, 458, 347, 331, 456, 369, 440, 327, 295, 455, 451, 349, 483, 357, 477, 297, 393, 277, 291, 350, 410, 266, 399, 338, 354], "recourse_recommended_ixs": [457, 495, 355, 328, 362, 406, 465, 342, 258, 464, 325, 375, 288, 286, 285, 385, 344, 372, 423, 305, 426, 392, 416, 300, 374, 330, 281, 299, 397, 497, 310, 491, 361, 359, 267, 326, 356, 367, 435, 262, 413, 296, 379, 329, 409, 490, 390, 278, 394, 265, 402, 438, 450, 283, 452, 492, 311, 418, 485, 264, 389, 422, 415, 425, 276, 336, 324, 466, 346, 449, 486, 251, 463, 250, 391, 462, 458, 347, 331, 456, 369, 440, 327, 295, 455, 451, 349, 483, 357, 477, 297, 393, 277, 291, 350, 410, 266, 399, 338, 354], "perc_recomm_found": 1.0, "gamma": 0.75, "eta": 0.75, "gamma_obs": 0.30000001192092896, "gamma_obs_pre": 0.20999999344348907, "eta_obs": 1.0, "costs": [1.0, 1.0, 1.0], "lbd": 100.0, "thresh": 0.5, "r_type": "individualized", "t_type": "counterfactual", "eta_obs_individualized": NaN, "eta_obs_refits_batch0_mean": 0.5079999566078186, "model_score": 0.78, "model_f1": 0.751131221719457, "model_refits_batch0_scores": [0.76, 0.756, 0.788, 0.812, 0.752], "model_refits_batch0_f1s": [0.7321428571428571, 0.7381974248927038, 0.7763713080168777, 0.7982832618025751, 0.7256637168141593], "model_coef": NaN}