{"accuracy_pre": 0.82, "accuracy_post": 0.8, "recourse_seeking_ixs": [239, 339, 217, 222, 343, 305, 287, 256, 386, 205, 389, 259, 258, 266, 228, 278, 288, 280, 341, 369, 230, 285, 380, 362, 306, 323, 249, 385, 335, 374, 342, 357, 233, 257, 326, 267, 375, 344, 240, 235, 336, 328, 352, 302, 356, 324, 300, 321, 245, 387], "recourse_recommended_ixs": [239, 339, 217, 222, 343, 305, 287, 256, 386, 205, 389, 259, 258, 266, 228, 278, 288, 280, 341, 369, 230, 285, 380, 362, 306, 323, 249, 385, 335, 374, 342, 357, 233, 257, 326, 267, 375, 344, 240, 235, 336, 328, 352, 302, 356, 324, 300, 321, 245, 387], "perc_recomm_found": 1.0, "gamma": 0.9, "eta": 0.9, "gamma_obs": 0.8399999737739563, "gamma_obs_pre": 0.18000000715255737, "eta_obs": 0.96, "costs": [1.0, 1.0], "lbd": 300.0, "thresh": 0.5, "r_type": "subpopulation", "t_type": "improvement", "eta_obs_individualized": NaN, "eta_obs_refits_batch0_mean": 0.9360000491142273, "model_score": 0.845, "model_f1": 0.8426395939086295, "model_refits_batch0_scores": [0.835, 0.825, 0.825, 0.84, 0.835], "model_refits_batch0_f1s": [0.8341708542713568, 0.8167539267015707, 0.8205128205128205, 0.836734693877551, 0.8307692307692308], "model_coef": [[-0.6699833114956859, 0.22484049456811017, 1.0717938874424642], [-0.6204087413136883]]}