{"accuracy_pre": 1.0, "accuracy_post": 1.0, "recourse_seeking_ixs": [1203, 1137, 1493, 1028, 1184, 1369, 1791, 1763, 1068, 1069, 1072, 1188, 1761, 1271, 1118, 1159, 1396, 1873, 1536, 1170, 1685, 1918, 1800, 1110, 1094, 1148, 1577, 1788, 1083, 1246, 1335, 1468, 1273, 1830, 1742, 1284, 1344, 1512, 1927, 1288, 1005, 1155, 1524, 1824, 1111, 1351, 1297, 1714, 1490, 1243, 1364, 1298, 1484, 1157, 1657, 1554, 1451, 1483, 1378, 1275, 1221, 1521, 1215, 1299, 1832, 1498, 1174, 1996, 1418, 1635, 1230, 1073, 1707, 1283, 1594, 1429, 1696, 1963, 1906, 1080, 1276, 1937, 1674, 1682, 1454, 1566, 1063, 1691, 1038, 1423, 1091, 1081, 1365, 1309, 1672, 1595, 1039, 1630, 1980, 1464], "recourse_recommended_ixs": [1203, 1137, 1493, 1028, 1184, 1369, 1791, 1763, 1068, 1069, 1072, 1188, 1761, 1271, 1118, 1159, 1396, 1873, 1536, 1170, 1685, 1918, 1800, 1110, 1094, 1148, 1577, 1788, 1083, 1246, 1335, 1468, 1273, 1830, 1742, 1284, 1344, 1512, 1927, 1288, 1005, 1155, 1524, 1824, 1111, 1351, 1297, 1714, 1490, 1243, 1364, 1298, 1484, 1157, 1657, 1554, 1451, 1483, 1378, 1275, 1221, 1521, 1215, 1299, 1832, 1498, 1174, 1996, 1418, 1635, 1230, 1073, 1707, 1283, 1594, 1429, 1696, 1963, 1906, 1080, 1276, 1937, 1674, 1682, 1454, 1566, 1063, 1691, 1038, 1423, 1091, 1081, 1365, 1309, 1672, 1595, 1039, 1630, 1980, 1464], "perc_recomm_found": 1.0, "gamma": 0.75, "eta": 0.75, "gamma_obs": 1.0, "gamma_obs_pre": 0.0, "eta_obs": 1.0, "costs": [1.0, 1.0, 1.0], "lbd": 150.0, "thresh": 0.5, "r_type": "individualized", "t_type": "counterfactual", "eta_obs_individualized": NaN, "eta_obs_refits_batch0_mean": 0.6620000004768372, "model_score": 0.835, "model_f1": 0.9959100204498978, "model_refits_batch0_scores": [1.0, 0.996, 0.999, 0.996, 0.998], "model_refits_batch0_f1s": [1.0, 0.9959100204498978, 0.9989827060020345, 0.9959100204498978, 0.9979591836734694], "model_coef": NaN}