{"accuracy_pre": 0.84, "accuracy_post": 0.36, "recourse_seeking_ixs": [724, 822, 591, 521, 947, 743, 994, 974, 770, 627, 550, 559, 796, 868, 723, 897, 654, 836, 614, 556, 727, 949, 804, 573, 633, 608, 547, 860, 704, 847, 818, 983, 700, 529, 607, 812, 932, 967, 820, 680, 992, 533, 690, 739, 886, 699, 976, 551, 867, 767, 926, 648, 841, 520, 966, 510, 984, 786, 832, 957, 688, 912, 684, 762, 511, 948, 997, 707, 643, 636, 761, 937, 626, 569, 660, 737, 513, 599, 596, 568, 802, 810, 859, 600, 970, 663, 990, 613, 846, 902, 572, 602, 766, 708, 509, 683, 935, 964, 584, 977], "recourse_recommended_ixs": [724, 822, 591, 521, 947, 743, 994, 974, 770, 627, 550, 559, 796, 868, 723, 897, 654, 836, 614, 556, 727, 949, 804, 573, 633, 608, 547, 860, 704, 847, 818, 983, 700, 529, 607, 812, 932, 967, 820, 680, 992, 533, 690, 739, 886, 699, 976, 551, 867, 767, 926, 648, 841, 520, 966, 510, 984, 786, 832, 957, 688, 912, 684, 762, 511, 948, 997, 707, 643, 636, 761, 937, 626, 569, 660, 737, 513, 599, 596, 568, 802, 810, 859, 600, 970, 663, 990, 613, 846, 902, 572, 602, 766, 708, 509, 683, 935, 964, 584, 977], "perc_recomm_found": 1.0, "gamma": 0.75, "eta": 0.75, "gamma_obs": 0.28999999165534973, "gamma_obs_pre": 0.1599999964237213, "eta_obs": 0.93, "costs": [1.0, 1.0, 1.0], "lbd": 300.0, "thresh": 0.5, "r_type": "individualized", "t_type": "counterfactual", "eta_obs_individualized": NaN, "eta_obs_refits_batch0_mean": 0.4179999828338623, "model_score": 0.85, "model_f1": 0.8781431334622825, "model_refits_batch0_scores": [0.778, 0.794, 0.784, 0.802, 0.806], "model_refits_batch0_f1s": [0.7412587412587412, 0.7736263736263737, 0.7440758293838863, 0.7724137931034482, 0.7868131868131869], "model_coef": NaN}