{"accuracy_pre": 0.75, "accuracy_post": 0.75, "recourse_seeking_ixs": [322, 431, 345, 371, 362, 424, 459, 447, 495, 364, 268, 398, 293, 392, 426, 397, 334, 381, 279, 287, 290, 333, 477, 308, 396, 385, 285, 383, 393, 296, 492, 253, 309, 300, 273, 331, 338, 307, 471, 281, 430, 305, 420, 445, 284, 315, 366, 368, 444, 301, 458, 386, 370, 258, 288, 429, 274, 255, 452, 310, 354, 416, 412, 353, 302, 443, 339, 496, 317, 269, 357, 367, 472, 375, 407, 259, 363, 489, 294, 335, 266, 488, 372, 299, 340, 303, 391, 250, 319, 382, 401, 442, 450, 448, 388, 487, 349, 323, 379, 441], "recourse_recommended_ixs": [322, 431, 345, 371, 362, 424, 459, 447, 495, 364, 268, 398, 293, 392, 426, 397, 334, 381, 279, 287, 290, 333, 477, 308, 396, 385, 285, 383, 393, 296, 492, 253, 309, 300, 273, 331, 338, 307, 471, 281, 430, 305, 420, 445, 284, 315, 366, 368, 444, 301, 458, 386, 370, 258, 288, 429, 274, 255, 452, 310, 354, 416, 412, 353, 302, 443, 339, 496, 317, 269, 357, 367, 472, 375, 407, 259, 363, 489, 294, 335, 266, 488, 372, 299, 340, 303, 391, 250, 319, 382, 401, 442, 450, 448, 388, 487, 349, 323, 379, 441], "perc_recomm_found": 1.0, "gamma": 0.75, "eta": 0.75, "gamma_obs": 0.7900000214576721, "gamma_obs_pre": 0.25, "eta_obs": 0.72, "costs": [1.0, 1.0], "lbd": 100.0, "thresh": 0.5, "r_type": "individualized", "t_type": "improvement", "eta_obs_individualized": 0.8, "eta_obs_refits_batch0_mean": 0.6700000166893005, "model_score": 0.756, "model_f1": 0.7336244541484717, "model_refits_batch0_scores": [0.716, 0.768, 0.756, 0.768, 0.748], "model_refits_batch0_f1s": [0.6899563318777292, 0.752136752136752, 0.7162790697674419, 0.743362831858407, 0.7296137339055794], "model_coef": NaN}