{"accuracy_pre": 0.82, "accuracy_post": 0.88, "recourse_seeking_ixs": [318, 223, 388, 329, 210, 315, 240, 262, 281, 399, 372, 357, 232, 367, 216, 326, 209, 314, 293, 333, 396, 245, 229, 242, 237, 356, 280, 317, 211, 286, 288, 287, 259, 206, 207, 225, 380, 268, 332, 221, 328, 319, 383, 343, 385, 368, 241, 227, 283, 397], "recourse_recommended_ixs": [318, 223, 388, 329, 210, 315, 240, 262, 281, 399, 372, 357, 232, 367, 216, 326, 209, 314, 293, 333, 396, 245, 229, 242, 237, 356, 280, 317, 211, 286, 288, 287, 259, 206, 207, 225, 380, 268, 332, 221, 328, 319, 383, 343, 385, 368, 241, 227, 283, 397], "perc_recomm_found": 1.0, "gamma": 0.9, "eta": 0.9, "gamma_obs": 0.8799999952316284, "gamma_obs_pre": 0.18000000715255737, "eta_obs": 1.0, "costs": [1.0, 1.0], "lbd": 300.0, "thresh": 0.5, "r_type": "individualized", "t_type": "improvement", "eta_obs_individualized": 0.9, "eta_obs_refits_batch0_mean": 0.9880000352859497, "model_score": 0.835, "model_f1": 0.8390243902439025, "model_refits_batch0_scores": [0.835, 0.84, 0.82, 0.845, 0.84], "model_refits_batch0_f1s": [0.8358208955223881, 0.8446601941747572, 0.8333333333333333, 0.8472906403940886, 0.8476190476190476], "model_coef": [[0.07555500994582112, -0.07452316822195457, 1.0670498870394096], [-0.4901403155014133]]}