{"accuracy_pre": 1.0, "accuracy_post": 0.91, "recourse_seeking_ixs": [1916, 1624, 1283, 1688, 1189, 1362, 1257, 1550, 1103, 1302, 1847, 1397, 1204, 1319, 1346, 1098, 1484, 1246, 1171, 1016, 1902, 1681, 1557, 1248, 1903, 1952, 1199, 1695, 1729, 1413, 1373, 1014, 1165, 1260, 1025, 1231, 1666, 1570, 1976, 1006, 1332, 1492, 1879, 1012, 1934, 1693, 1462, 1768, 1309, 1463, 1931, 1305, 1947, 1820, 1572, 1538, 1868, 1386, 1429, 1630, 1905, 1111, 1345, 1279, 1326, 1380, 1011, 1222, 1223, 1668, 1316, 1240, 1958, 1700, 1542, 1746, 1794, 1496, 1241, 1839, 1593, 1131, 1923, 1148, 1273, 1562, 1422, 1070, 1708, 1546, 1828, 1717, 1238, 1250, 1559, 1560, 1036, 1629, 1836, 1900], "recourse_recommended_ixs": [1916, 1624, 1283, 1688, 1189, 1362, 1257, 1550, 1103, 1302, 1847, 1397, 1204, 1319, 1346, 1098, 1484, 1246, 1171, 1016, 1902, 1681, 1557, 1248, 1903, 1952, 1199, 1695, 1729, 1413, 1373, 1014, 1165, 1260, 1025, 1231, 1666, 1570, 1976, 1006, 1332, 1492, 1879, 1012, 1934, 1693, 1462, 1768, 1309, 1463, 1931, 1305, 1947, 1820, 1572, 1538, 1868, 1386, 1429, 1630, 1905, 1111, 1345, 1279, 1326, 1380, 1011, 1222, 1223, 1668, 1316, 1240, 1958, 1700, 1542, 1746, 1794, 1496, 1241, 1839, 1593, 1131, 1923, 1148, 1273, 1562, 1422, 1070, 1708, 1546, 1828, 1717, 1238, 1250, 1559, 1560, 1036, 1629, 1836, 1900], "perc_recomm_found": 1.0, "gamma": 0.75, "eta": 0.75, "gamma_obs": 1.0, "gamma_obs_pre": 0.0, "eta_obs": 0.91, "costs": [1.0, 1.0, 1.0], "lbd": 150.0, "thresh": 0.5, "r_type": "individualized", "t_type": "improvement", "eta_obs_individualized": 1.0, "eta_obs_refits_batch0_mean": 0.9100000262260437, "model_score": 0.984, "model_f1": 1.0, "model_refits_batch0_scores": [1.0, 1.0, 0.999, 0.997, 1.0], "model_refits_batch0_f1s": [1.0, 1.0, 0.9989929506545822, 0.9969909729187563, 1.0], "model_coef": NaN}