{"accuracy_pre": 0.9, "accuracy_post": 0.94, "recourse_seeking_ixs": [236, 399, 369, 328, 322, 314, 315, 258, 389, 223, 321, 333, 340, 228, 312, 359, 272, 390, 268, 352, 200, 365, 204, 243, 350, 248, 293, 361, 231, 392, 280, 288, 335, 235, 269, 313, 202, 386, 370, 294, 275, 213, 254, 397, 270, 366, 240, 368, 300, 323], "recourse_recommended_ixs": [236, 399, 369, 328, 322, 314, 315, 258, 389, 223, 321, 333, 340, 228, 312, 359, 272, 390, 268, 352, 200, 365, 204, 243, 350, 248, 293, 361, 231, 392, 280, 288, 335, 235, 269, 313, 202, 386, 370, 294, 275, 213, 254, 397, 270, 366, 240, 368, 300, 323], "perc_recomm_found": 1.0, "gamma": 0.95, "eta": 0.95, "gamma_obs": 0.9399999976158142, "gamma_obs_pre": 0.10000000149011612, "eta_obs": 1.0, "costs": [1.0, 1.0, 1.0], "lbd": 300.0, "thresh": 0.5, "r_type": "individualized", "t_type": "improvement", "eta_obs_individualized": 1.0, "eta_obs_refits_batch0_mean": 0.8519999384880066, "model_score": 0.9, "model_f1": 0.9056603773584906, "model_refits_batch0_scores": [0.905, 0.895, 0.89, 0.895, 0.895], "model_refits_batch0_f1s": [0.9140271493212669, 0.900473933649289, 0.8981481481481481, 0.9014084507042254, 0.8985507246376812], "model_coef": [[0.7965064020343948, 0.21539398773124335, 1.3147597064760808], [-0.2964631371152807]]}