{"accuracy_pre": 1.0, "accuracy_post": 0.73, "recourse_seeking_ixs": [1677, 1510, 1875, 1195, 1016, 1613, 1271, 1482, 1911, 1402, 1118, 1149, 1396, 1453, 1203, 1804, 1263, 1480, 1100, 1068, 1555, 1966, 1276, 1813, 1800, 1382, 1185, 1427, 1587, 1876, 1816, 1495, 1304, 1104, 1468, 1041, 1682, 1635, 1672, 1995, 1955, 1243, 1477, 1802, 1559, 1225, 1436, 1622, 1221, 1386, 1105, 1344, 1292, 1685, 1038, 1408, 1455, 1177, 1918, 1168, 1732, 1478, 1175, 1110, 1278, 1946, 1209, 1321, 1963, 1111, 1605, 1499, 1807, 1975, 1844, 1350, 1703, 1531, 1065, 1365, 1063, 1974, 1697, 1039, 1152, 1215, 1006, 1640, 1914, 1449, 1829, 1923, 1889, 1159, 1593, 1070, 1311, 1542, 1652, 1512], "recourse_recommended_ixs": [1677, 1510, 1875, 1195, 1016, 1613, 1271, 1482, 1911, 1402, 1118, 1149, 1396, 1453, 1203, 1804, 1263, 1480, 1100, 1068, 1555, 1966, 1276, 1813, 1800, 1382, 1185, 1427, 1587, 1876, 1816, 1495, 1304, 1104, 1468, 1041, 1682, 1635, 1672, 1995, 1955, 1243, 1477, 1802, 1559, 1225, 1436, 1622, 1221, 1386, 1105, 1344, 1292, 1685, 1038, 1408, 1455, 1177, 1918, 1168, 1732, 1478, 1175, 1110, 1278, 1946, 1209, 1321, 1963, 1111, 1605, 1499, 1807, 1975, 1844, 1350, 1703, 1531, 1065, 1365, 1063, 1974, 1697, 1039, 1152, 1215, 1006, 1640, 1914, 1449, 1829, 1923, 1889, 1159, 1593, 1070, 1311, 1542, 1652, 1512], "perc_recomm_found": 1.0, "gamma": 0.75, "eta": 0.75, "gamma_obs": 1.0, "gamma_obs_pre": 0.0, "eta_obs": 0.73, "costs": [1.0, 1.0], "lbd": 150.0, "thresh": 0.5, "r_type": "individualized", "t_type": "improvement", "eta_obs_individualized": 1.0, "eta_obs_refits_batch0_mean": 0.3880000114440918, "model_score": 0.872, "model_f1": 0.9979253112033196, "model_refits_batch0_scores": [0.998, 0.998, 0.998, 0.998, 0.998], "model_refits_batch0_f1s": [0.9979674796747968, 0.9979674796747968, 0.9979674796747968, 0.9979674796747968, 0.9979674796747968], "model_coef": [[-1.659163472684449, -2.073954509754808, 3.5461907791574467], [-1.8217384722569294]]}