{"accuracy_pre": 0.9, "accuracy_post": 0.1, "recourse_seeking_ixs": [388, 213, 333, 339, 345, 264, 329, 245, 200, 244, 349, 355, 218, 293, 394, 378, 222, 396, 285, 209, 267, 337, 380, 395, 371, 346, 308, 211, 390, 201, 398, 356, 237, 324, 358, 266, 232, 227, 288, 243, 335, 362, 251, 221, 234, 238, 368, 347, 340, 210], "recourse_recommended_ixs": [388, 213, 333, 339, 345, 264, 329, 245, 200, 244, 349, 355, 218, 293, 394, 378, 222, 396, 285, 209, 267, 337, 380, 395, 371, 346, 308, 211, 390, 201, 398, 356, 237, 324, 358, 266, 232, 227, 288, 243, 335, 362, 251, 221, 234, 238, 368, 347, 340, 210], "perc_recomm_found": 1.0, "gamma": 0.95, "eta": 0.95, "gamma_obs": 0.10000000149011612, "gamma_obs_pre": 0.10000000149011612, "eta_obs": 1.0, "costs": [1.0, 1.0, 1.0], "lbd": 300.0, "thresh": 0.5, "r_type": "individualized", "t_type": "acceptance", "eta_obs_individualized": NaN, "eta_obs_refits_batch0_mean": 0.7759999632835388, "model_score": 0.86, "model_f1": 0.8640776699029126, "model_refits_batch0_scores": [0.855, 0.85, 0.86, 0.82, 0.865], "model_refits_batch0_f1s": [0.855721393034826, 0.854368932038835, 0.8640776699029126, 0.8085106382978724, 0.8682926829268292], "model_coef": [[-0.2164880148354696, -0.030773429397347764, 1.1364269950085266], [-0.7425240528984184]]}