{"accuracy_pre": 0.78, "accuracy_post": 0.4, "recourse_seeking_ixs": [766, 797, 725, 934, 519, 978, 679, 514, 781, 708, 740, 899, 748, 569, 943, 550, 871, 582, 633, 599, 984, 502, 688, 535, 594, 656, 777, 726, 516, 855, 621, 791, 668, 883, 760, 921, 613, 944, 856, 815, 641, 532, 705, 936, 515, 588, 891, 814, 929, 724, 642, 671, 805, 548, 517, 616, 704, 584, 701, 556, 715, 720, 573, 893, 846, 544, 986, 568, 543, 789, 968, 628, 698, 953, 571, 980, 878, 666, 991, 723, 703, 542, 647, 663, 972, 793, 741, 996, 910, 659, 960, 825, 917, 806, 865, 553, 981, 923, 557, 654], "recourse_recommended_ixs": [766, 797, 725, 934, 519, 978, 679, 514, 781, 708, 740, 899, 748, 569, 943, 550, 871, 582, 633, 599, 984, 502, 688, 535, 594, 656, 777, 726, 516, 855, 621, 791, 668, 883, 760, 921, 613, 944, 856, 815, 641, 532, 705, 936, 515, 588, 891, 814, 929, 724, 642, 671, 805, 548, 517, 616, 704, 584, 701, 556, 715, 720, 573, 893, 846, 544, 986, 568, 543, 789, 968, 628, 698, 953, 571, 980, 878, 666, 991, 723, 703, 542, 647, 663, 972, 793, 741, 996, 910, 659, 960, 825, 917, 806, 865, 553, 981, 923, 557, 654], "perc_recomm_found": 1.0, "gamma": 0.95, "eta": 0.95, "gamma_obs": 0.30000001192092896, "gamma_obs_pre": 0.2199999988079071, "eta_obs": 0.88, "costs": [1.0, 1.0, 1.0], "lbd": 300.0, "thresh": 0.5, "r_type": "individualized", "t_type": "counterfactual", "eta_obs_individualized": NaN, "eta_obs_refits_batch0_mean": 0.35600000619888306, "model_score": 0.792, "model_f1": 0.7711340206185568, "model_refits_batch0_scores": [0.804, 0.782, 0.782, 0.786, 0.806], "model_refits_batch0_f1s": [0.8016194331983807, 0.7705263157894737, 0.7714884696016772, 0.7737843551797039, 0.7966457023060797], "model_coef": NaN}