{"accuracy_pre": 0.86, "accuracy_post": 0.56, "recourse_seeking_ixs": [270, 209, 252, 303, 323, 298, 282, 395, 352, 249, 250, 231, 334, 285, 219, 269, 287, 279, 284, 262, 204, 329, 324, 266, 375, 268, 343, 335, 211, 264, 382, 233, 201, 292, 361, 392, 247, 332, 328, 374, 367, 379, 288, 261, 350, 299, 354, 376, 202, 365], "recourse_recommended_ixs": [270, 209, 252, 303, 323, 298, 282, 395, 352, 249, 250, 231, 334, 285, 219, 269, 287, 279, 284, 262, 204, 329, 324, 266, 375, 268, 343, 335, 211, 264, 382, 233, 201, 292, 361, 392, 247, 332, 328, 374, 367, 379, 288, 261, 350, 299, 354, 376, 202, 365], "perc_recomm_found": 1.0, "gamma": 0.9, "eta": 0.9, "gamma_obs": 0.5600000023841858, "gamma_obs_pre": 0.14000000059604645, "eta_obs": 1.0, "costs": [1.0, 1.0, 1.0], "lbd": 300.0, "thresh": 0.5, "r_type": "subpopulation", "t_type": "acceptance", "eta_obs_individualized": NaN, "eta_obs_refits_batch0_mean": 0.6639999747276306, "model_score": 0.89, "model_f1": 0.8877551020408163, "model_refits_batch0_scores": [0.84, 0.855, 0.88, 0.885, 0.845], "model_refits_batch0_f1s": [0.8415841584158416, 0.8585365853658536, 0.88, 0.8820512820512821, 0.8502415458937197], "model_coef": [[0.8474104227032697, 0.7756070219700436, 1.2042186432986548], [0.03265532277233811]]}