{"accuracy_pre": 0.88, "accuracy_post": 0.78, "recourse_seeking_ixs": [397, 261, 324, 216, 384, 228, 253, 276, 249, 239, 364, 235, 209, 267, 301, 395, 252, 314, 388, 201, 323, 265, 378, 291, 316, 382, 310, 342, 303, 307, 363, 374, 375, 286, 289, 380, 230, 288, 217, 200, 306, 399, 398, 241, 328, 208, 390, 264, 298, 347], "recourse_recommended_ixs": [397, 261, 324, 216, 384, 228, 253, 276, 249, 239, 364, 235, 209, 267, 301, 395, 252, 314, 388, 201, 323, 265, 378, 291, 316, 382, 310, 342, 303, 307, 363, 374, 375, 286, 289, 380, 230, 288, 217, 200, 306, 399, 398, 241, 328, 208, 390, 264, 298, 347], "perc_recomm_found": 1.0, "gamma": 0.75, "eta": 0.75, "gamma_obs": 0.800000011920929, "gamma_obs_pre": 0.11999999731779099, "eta_obs": 0.9, "costs": [1.0, 1.0, 1.0], "lbd": 300.0, "thresh": 0.5, "r_type": "individualized", "t_type": "improvement", "eta_obs_individualized": 1.0, "eta_obs_refits_batch0_mean": 0.715999960899353, "model_score": 0.88, "model_f1": 0.8736842105263158, "model_refits_batch0_scores": [0.87, 0.855, 0.86, 0.875, 0.89], "model_refits_batch0_f1s": [0.8602150537634408, 0.8449197860962567, 0.8571428571428572, 0.8648648648648649, 0.8865979381443299], "model_coef": [[0.7890316628381474, 0.4105920024567912, 1.8411052935026497], [-0.15842463290751577]]}