r_type,t_type,x1_mean,x2_mean,x3_mean,causes_mean,non-causes_mean,x1_std,x2_std,x3_std,causes_std,non-causes_std
individualized,acceptance,0.4386666666666667,0.9756666666666667,2.483,3.8973333333333335,0.0,0.0835483891725827,0.07198842499550424,0.49795280900904637,0.6321054764304237,0.0
individualized,counterfactual,0.326,0.9946666666666667,2.927666666666667,4.248333333333334,0.0,0.07977468270071658,0.10153488727197818,0.47146827394145346,0.6527253123124102,0.0
individualized,improvement,1.3579999999999999,2.0429999999999997,2.7246666666666663,6.125666666666667,0.0,0.11001363551851191,0.3114048811435041,0.427663808771953,0.7280119046645687,0.0
subpopulation,acceptance,0.395,1.058,2.5766666666666667,4.0296666666666665,0.0,0.0784601809837321,0.09623408959407267,0.49690777145596454,0.6450599455347794,0.0
subpopulation,improvement,1.146,1.4193333333333336,2.2923333333333336,4.857666666666667,0.0,0.08337265738837872,0.11528370801346274,0.2720318608790766,0.37598182580190376,0.0
