r_type,t_type,eta_mean,gamma_mean,perc_recomm_found_mean,eta_obs_mean,eta_obs_individualized_mean,eta_obs_refits_batch0_mean_mean,gamma_obs_mean,intv-cost_mean,eta_std,gamma_std,perc_recomm_found_std,eta_obs_std,eta_obs_individualized_std,eta_obs_refits_batch0_mean_std,gamma_obs_std,intv-cost_std
individualized,acceptance,0.85,0.85,1.0,1.0,,0.5840000112851461,0.4466666579246521,4.07066666123271,0.0,0.0,0.0,0.0,,0.08119114729725692,0.03055050476310745,0.3207013167083041
individualized,counterfactual,0.85,0.85,1.0,1.0,,0.5559999942779541,0.5133333305517832,3.7173333343664807,0.0,0.0,0.0,0.0,,0.052459496341549824,0.030550517769911436,0.3423935347815408
individualized,improvement,0.85,0.85,1.0,1.0,1.0,0.8919999798138937,0.8866666555404663,5.433333323746919,0.0,0.0,0.0,0.0,0.0,0.018330346430674743,0.0230939887434201,0.5263243596176935
subpopulation,acceptance,0.85,0.85,1.0,0.9933333333333333,,0.5893333554267883,0.5200000107288361,3.596666668166717,0.0,0.0,0.0,0.011547005383792525,,0.08403176090212731,0.034641034734266704,0.25800258190642983
subpopulation,improvement,0.85,0.85,1.0,0.9866666666666667,,0.8813333312670389,0.8133333325386047,5.079999995420377,0.0,0.0,0.0,0.023094010767585053,,0.04026577051780433,0.0230939887434201,0.10873821142746438
