{"accuracy_pre": 0.0, "accuracy_post": 0.99, "recourse_seeking_ixs": [1681, 1097, 1366, 1383, 1977, 1588, 1320, 1648, 1883, 1574, 1661, 1539, 1831, 1084, 1464, 1236, 1533, 1030, 1941, 1791, 1741, 1627, 1102, 1560, 1189, 1961, 1398, 1568, 1312, 1484, 1214, 1717, 1565, 1934, 1742, 1911, 1070, 1898, 1150, 1060, 1344, 1206, 1168, 1708, 1076, 1198, 1626, 1576, 1133, 1740, 1814, 1855, 1991, 1529, 1906, 1379, 1468, 1010, 1233, 1955, 1652, 1639, 1492, 1607, 1884, 1435, 1258, 1667, 1685, 1621, 1587, 1306, 1569, 1457, 1331, 1769, 1900, 1364, 1036, 1245, 1757, 1761, 1065, 1675, 1077, 1801, 1075, 1899, 1954, 1289, 1128, 1557, 1886, 1197, 1179, 1316, 1824, 1131, 1388, 1408], "recourse_recommended_ixs": [1681, 1097, 1366, 1383, 1977, 1588, 1320, 1648, 1883, 1574, 1661, 1539, 1831, 1084, 1464, 1236, 1533, 1030, 1941, 1791, 1741, 1627, 1102, 1560, 1189, 1961, 1398, 1568, 1312, 1484, 1214, 1717, 1565, 1934, 1742, 1911, 1070, 1898, 1150, 1060, 1344, 1206, 1168, 1708, 1076, 1198, 1626, 1576, 1133, 1740, 1814, 1855, 1991, 1529, 1906, 1379, 1468, 1010, 1233, 1955, 1652, 1639, 1492, 1607, 1884, 1435, 1258, 1667, 1685, 1621, 1587, 1306, 1569, 1457, 1331, 1769, 1900, 1364, 1036, 1245, 1757, 1761, 1065, 1675, 1077, 1801, 1075, 1899, 1954, 1289, 1128, 1557, 1886, 1197, 1179, 1316, 1824, 1131, 1388, 1408], "perc_recomm_found": 1.0, "gamma": 0.95, "eta": 0.95, "gamma_obs": 1.0, "gamma_obs_pre": 1.0, "eta_obs": 0.99, "costs": [1.0, 1.0, 1.0], "lbd": 150.0, "thresh": 0.5, "r_type": "individualized", "t_type": "counterfactual", "eta_obs_individualized": NaN, "eta_obs_refits_batch0_mean": 0.6039999723434448, "model_score": 0.252, "model_f1": 0.9980506822612086, "model_refits_batch0_scores": [0.998, 0.998, 0.998, 0.998, 0.998], "model_refits_batch0_f1s": [0.99800796812749, 0.99800796812749, 0.99800796812749, 0.99800796812749, 0.99800796812749], "model_coef": [[-1.4772435662888521, -1.846554638080656, 3.532578813399066], [-1.7375217910702037]]}