{"accuracy_pre": 0.8, "accuracy_post": 0.26, "recourse_seeking_ixs": [245, 373, 212, 204, 282, 396, 224, 326, 234, 315, 378, 214, 393, 293, 310, 398, 376, 367, 366, 329, 296, 210, 360, 351, 251, 209, 355, 265, 258, 305, 201, 237, 335, 261, 230, 302, 391, 292, 203, 314, 200, 202, 383, 221, 395, 342, 263, 317, 345, 243], "recourse_recommended_ixs": [245, 373, 212, 204, 282, 396, 224, 326, 234, 315, 378, 214, 393, 293, 310, 398, 376, 367, 366, 329, 296, 210, 360, 351, 251, 209, 355, 265, 258, 305, 201, 237, 335, 261, 230, 302, 391, 292, 203, 314, 200, 202, 383, 221, 395, 342, 263, 317, 345, 243], "perc_recomm_found": 1.0, "gamma": 0.85, "eta": 0.85, "gamma_obs": 0.25999999046325684, "gamma_obs_pre": 0.20000000298023224, "eta_obs": 1.0, "costs": [1.0, 1.0, 1.0], "lbd": 300.0, "thresh": 0.5, "r_type": "subpopulation", "t_type": "acceptance", "eta_obs_individualized": NaN, "eta_obs_refits_batch0_mean": 0.8440000414848328, "model_score": 0.79, "model_f1": 0.7717391304347826, "model_refits_batch0_scores": [0.82, 0.8, 0.805, 0.795, 0.8], "model_refits_batch0_f1s": [0.8085106382978724, 0.7849462365591398, 0.7891891891891892, 0.7807486631016043, 0.7802197802197802], "model_coef": [[0.07430400854333898, 0.06858416639091759, 0.7180310845496433], [-0.31773661439232614]]}