{"accuracy_pre": 0.89, "accuracy_post": 0.29, "recourse_seeking_ixs": [592, 735, 695, 983, 988, 951, 631, 775, 733, 828, 738, 668, 863, 611, 765, 871, 986, 605, 718, 568, 665, 844, 643, 546, 962, 838, 588, 798, 617, 554, 780, 972, 940, 804, 917, 824, 878, 678, 529, 511, 681, 903, 757, 516, 670, 980, 608, 700, 867, 690, 725, 870, 820, 736, 724, 627, 570, 750, 787, 712, 805, 614, 853, 877, 992, 851, 802, 984, 966, 948, 778, 622, 943, 640, 616, 955, 773, 530, 607, 794, 518, 633, 731, 914, 806, 746, 656, 748, 618, 549, 543, 603, 907, 666, 839, 857, 978, 720, 707, 761], "recourse_recommended_ixs": [592, 735, 695, 983, 988, 951, 631, 775, 733, 828, 738, 668, 863, 611, 765, 871, 986, 605, 718, 568, 665, 844, 643, 546, 962, 838, 588, 798, 617, 554, 780, 972, 940, 804, 917, 824, 878, 678, 529, 511, 681, 903, 757, 516, 670, 980, 608, 700, 867, 690, 725, 870, 820, 736, 724, 627, 570, 750, 787, 712, 805, 614, 853, 877, 992, 851, 802, 984, 966, 948, 778, 622, 943, 640, 616, 955, 773, 530, 607, 794, 518, 633, 731, 914, 806, 746, 656, 748, 618, 549, 543, 603, 907, 666, 839, 857, 978, 720, 707, 761], "perc_recomm_found": 1.0, "gamma": 0.75, "eta": 0.75, "gamma_obs": 0.28999999165534973, "gamma_obs_pre": 0.10999999940395355, "eta_obs": 1.0, "costs": [1.0, 1.0, 1.0], "lbd": 300.0, "thresh": 0.5, "r_type": "individualized", "t_type": "acceptance", "eta_obs_individualized": NaN, "eta_obs_refits_batch0_mean": 0.4140000343322754, "model_score": 0.828, "model_f1": 0.835820895522388, "model_refits_batch0_scores": [0.818, 0.816, 0.806, 0.824, 0.83], "model_refits_batch0_f1s": [0.7838479809976248, 0.7819905213270142, 0.762836185819071, 0.7914691943127962, 0.8081264108352144], "model_coef": NaN}