{"accuracy_pre": 0.83, "accuracy_post": 0.75, "recourse_seeking_ixs": [299, 274, 339, 401, 372, 410, 258, 481, 327, 359, 291, 264, 367, 282, 471, 357, 356, 488, 325, 305, 318, 365, 470, 316, 434, 459, 448, 454, 292, 421, 368, 472, 290, 308, 323, 333, 385, 493, 252, 386, 366, 319, 416, 296, 280, 304, 321, 348, 281, 424, 251, 324, 436, 256, 383, 379, 395, 317, 490, 400, 336, 427, 388, 486, 415, 328, 476, 473, 437, 364, 484, 347, 355, 431, 255, 310, 309, 407, 439, 263, 422, 315, 419, 412, 312, 381, 429, 428, 380, 335, 293, 447, 483, 285, 338, 442, 411, 287, 353, 354], "recourse_recommended_ixs": [299, 274, 339, 401, 372, 410, 258, 481, 327, 359, 291, 264, 367, 282, 471, 357, 356, 488, 325, 305, 318, 365, 470, 316, 434, 459, 448, 454, 292, 421, 368, 472, 290, 308, 323, 333, 385, 493, 252, 386, 366, 319, 416, 296, 280, 304, 321, 348, 281, 424, 251, 324, 436, 256, 383, 379, 395, 317, 490, 400, 336, 427, 388, 486, 415, 328, 476, 473, 437, 364, 484, 347, 355, 431, 255, 310, 309, 407, 439, 263, 422, 315, 419, 412, 312, 381, 429, 428, 380, 335, 293, 447, 483, 285, 338, 442, 411, 287, 353, 354], "perc_recomm_found": 1.0, "gamma": 0.75, "eta": 0.75, "gamma_obs": 0.6899999976158142, "gamma_obs_pre": 0.17000000178813934, "eta_obs": 0.87, "costs": [1.0, 1.0], "lbd": 100.0, "thresh": 0.5, "r_type": "subpopulation", "t_type": "improvement", "eta_obs_individualized": NaN, "eta_obs_refits_batch0_mean": 0.85999995470047, "model_score": 0.832, "model_f1": 0.8333333333333334, "model_refits_batch0_scores": [0.824, 0.832, 0.824, 0.816, 0.808], "model_refits_batch0_f1s": [0.8253968253968254, 0.8278688524590164, 0.8267716535433071, 0.8114754098360656, 0.8080000000000002], "model_coef": NaN}