{"accuracy_pre": 0.0, "accuracy_post": 0.99, "recourse_seeking_ixs": [1521, 1065, 1730, 1233, 1454, 1683, 1813, 1567, 1455, 1211, 1171, 1588, 1298, 1031, 1025, 1235, 1977, 1855, 1105, 1905, 1496, 1685, 1273, 1533, 1975, 1418, 1218, 1006, 1492, 1008, 1080, 1221, 1622, 1552, 1736, 1863, 1676, 1449, 1880, 1996, 1091, 1024, 1311, 1476, 1680, 1431, 1103, 1744, 1917, 1941, 1381, 1691, 1373, 1127, 1646, 1038, 1603, 1961, 1412, 1637, 1593, 1480, 1582, 1339, 1278, 1144, 1786, 1061, 1276, 1865, 1971, 1159, 1122, 1737, 1486, 1515, 1072, 1399, 1039, 1776, 1422, 1911, 1761, 1029, 1947, 1838, 1580, 1063, 1946, 1148, 1059, 1528, 1862, 1068, 1735, 1978, 1493, 1966, 1291, 1364], "recourse_recommended_ixs": [1521, 1065, 1730, 1233, 1454, 1683, 1813, 1567, 1455, 1211, 1171, 1588, 1298, 1031, 1025, 1235, 1977, 1855, 1105, 1905, 1496, 1685, 1273, 1533, 1975, 1418, 1218, 1006, 1492, 1008, 1080, 1221, 1622, 1552, 1736, 1863, 1676, 1449, 1880, 1996, 1091, 1024, 1311, 1476, 1680, 1431, 1103, 1744, 1917, 1941, 1381, 1691, 1373, 1127, 1646, 1038, 1603, 1961, 1412, 1637, 1593, 1480, 1582, 1339, 1278, 1144, 1786, 1061, 1276, 1865, 1971, 1159, 1122, 1737, 1486, 1515, 1072, 1399, 1039, 1776, 1422, 1911, 1761, 1029, 1947, 1838, 1580, 1063, 1946, 1148, 1059, 1528, 1862, 1068, 1735, 1978, 1493, 1966, 1291, 1364], "perc_recomm_found": 1.0, "gamma": 0.95, "eta": 0.95, "gamma_obs": 1.0, "gamma_obs_pre": 1.0, "eta_obs": 0.99, "costs": [1.0, 1.0, 1.0], "lbd": 150.0, "thresh": 0.5, "r_type": "subpopulation", "t_type": "acceptance", "eta_obs_individualized": NaN, "eta_obs_refits_batch0_mean": 0.8319999575614929, "model_score": 0.266, "model_f1": 1.0, "model_refits_batch0_scores": [0.998, 0.998, 0.998, 0.998, 0.998], "model_refits_batch0_f1s": [0.9979674796747968, 0.9979674796747968, 0.9979674796747968, 0.9979674796747968, 0.9979674796747968], "model_coef": NaN}