{"accuracy_pre": 1.0, "accuracy_post": 0.08, "recourse_seeking_ixs": [7706, 9237, 7250, 6760, 7007, 5240, 7733, 5612, 8922, 6093, 7584, 6924, 9670, 5150, 5540, 5681, 7769, 6427, 5691, 9028, 7531, 5947, 8891, 6348, 7738, 7425, 9280, 7062, 5855, 6900, 5586, 9461, 8001, 5315, 8782, 5558, 6338, 9824, 8969, 6949, 5679, 5716, 8811, 6931, 7154, 7224, 7576, 5795, 5717, 6557, 8046, 6564, 8460, 9541, 5946, 6174, 5658, 9849, 5226, 9767, 7499, 9516, 8501, 7113, 8354, 5856, 8226, 5392, 9243, 9997, 8876, 8858, 7959, 8808, 6358, 8266, 6233, 8137, 6135, 5243, 5712, 5219, 7397, 7162, 6930, 5644, 7631, 5492, 5695, 9224, 7418, 6861, 5544, 8636, 7109, 6034, 6005, 5146, 9714, 7248], "recourse_recommended_ixs": [7706, 9237, 7250, 6760, 7007, 5240, 7733, 5612, 8922, 6093, 7584, 6924, 9670, 5150, 5540, 5681, 7769, 6427, 5691, 9028, 7531, 5947, 8891, 6348, 7738, 7425, 9280, 7062, 5855, 6900, 5586, 9461, 8001, 5315, 8782, 5558, 6338, 9824, 8969, 6949, 5679, 5716, 8811, 6931, 7154, 7224, 7576, 5795, 5717, 6557, 8046, 6564, 8460, 9541, 5946, 6174, 5658, 9849, 5226, 9767, 7499, 9516, 8501, 7113, 8354, 5856, 8226, 5392, 9243, 9997, 8876, 8858, 7959, 8808, 6358, 8266, 6233, 8137, 6135, 5243, 5712, 5219, 7397, 7162, 6930, 5644, 7631, 5492, 5695, 9224, 7418, 6861, 5544, 8636, 7109, 6034, 6005, 5146, 9714, 7248], "perc_recomm_found": 1.0, "gamma": 0.6, "eta": 0.6, "gamma_obs": 0.0, "gamma_obs_pre": 0.0, "eta_obs": 1.0, "costs": [10.0, 10.0, 1.0, 1.0, 1.0, 0.1, 0.1], "lbd": 2999.0, "thresh": 0.5, "r_type": "individualized", "t_type": "counterfactual", "eta_obs_individualized": NaN, "eta_obs_refits_batch0_mean": 0.7280000448226929, "model_score": 0.999, "model_f1": 0.9991226530970346, "model_refits_batch0_scores": [0.9992, 0.998, 0.9986, 0.9994, 0.9984], "model_refits_batch0_f1s": [0.9992977528089888, 0.9982412944073162, 0.9987721452376777, 0.9994734070563455, 0.9985969835145563], "model_coef": NaN}