{"accuracy_pre": 1.0, "accuracy_post": 0.93, "recourse_seeking_ixs": [1253, 1523, 1459, 1621, 1418, 1310, 1026, 1560, 1811, 1791, 1690, 1081, 1177, 1973, 1223, 1344, 1532, 1133, 1675, 1313, 1901, 1708, 1983, 1864, 1254, 1361, 1485, 1914, 1369, 1607, 1681, 1820, 1632, 1111, 1281, 1953, 1935, 1060, 1807, 1991, 1899, 1360, 1016, 1431, 1941, 1398, 1610, 1289, 1771, 1723, 1168, 1077, 1806, 1707, 1295, 1629, 1118, 1585, 1346, 1535, 1504, 1740, 1030, 1858, 1823, 1922, 1606, 1625, 1376, 1870, 1961, 1443, 1773, 1717, 1320, 1841, 1998, 1293, 1650, 1386, 1923, 1075, 1569, 1697, 1995, 1372, 1503, 1679, 1257, 1189, 1540, 1370, 1568, 1231, 1084, 1989, 1733, 1291, 1517, 1433], "recourse_recommended_ixs": [1253, 1523, 1459, 1621, 1418, 1310, 1026, 1560, 1811, 1791, 1690, 1081, 1177, 1973, 1223, 1344, 1532, 1133, 1675, 1313, 1901, 1708, 1983, 1864, 1254, 1361, 1485, 1914, 1369, 1607, 1681, 1820, 1632, 1111, 1281, 1953, 1935, 1060, 1807, 1991, 1899, 1360, 1016, 1431, 1941, 1398, 1610, 1289, 1771, 1723, 1168, 1077, 1806, 1707, 1295, 1629, 1118, 1585, 1346, 1535, 1504, 1740, 1030, 1858, 1823, 1922, 1606, 1625, 1376, 1870, 1961, 1443, 1773, 1717, 1320, 1841, 1998, 1293, 1650, 1386, 1923, 1075, 1569, 1697, 1995, 1372, 1503, 1679, 1257, 1189, 1540, 1370, 1568, 1231, 1084, 1989, 1733, 1291, 1517, 1433], "perc_recomm_found": 1.0, "gamma": 0.75, "eta": 0.75, "gamma_obs": 1.0, "gamma_obs_pre": 0.0, "eta_obs": 0.94, "costs": [1.0, 1.0], "lbd": 150.0, "thresh": 0.5, "r_type": "individualized", "t_type": "improvement", "eta_obs_individualized": 1.0, "eta_obs_refits_batch0_mean": 0.9319999814033508, "model_score": 0.887, "model_f1": 0.9990069513406157, "model_refits_batch0_scores": [0.998, 0.998, 0.999, 0.998, 0.998], "model_refits_batch0_f1s": [0.99800796812749, 0.99800796812749, 0.9990069513406157, 0.99800796812749, 0.99800796812749], "model_coef": NaN}