{"accuracy_pre": 0.97, "accuracy_post": 1.0, "recourse_seeking_ixs": [1993, 1091, 1588, 1966, 1864, 1270, 1758, 1449, 1386, 1428, 1666, 1226, 1044, 1647, 1126, 1156, 1359, 1375, 1330, 1014, 1337, 1353, 1220, 1730, 1992, 1980, 1711, 1336, 1634, 1483, 1792, 1257, 1371, 1622, 1693, 1512, 1486, 1473, 1010, 1777, 1051, 1973, 1926, 1182, 1549, 1579, 1828, 1733, 1147, 1202, 1671, 1965, 1858, 1593, 1127, 1539, 1460, 1233, 1253, 1286, 1260, 1680, 1627, 1382, 1372, 1863, 1840, 1882, 1170, 1279, 1374, 1109, 1533, 1629, 1612, 1467, 1524, 1334, 1288, 1000, 1959, 1889, 1070, 1741, 1501, 1626, 1171, 1495, 1476, 1193, 1299, 1459, 1930, 1923, 1479, 1047, 1420, 1960, 1012, 1896], "recourse_recommended_ixs": [1993, 1091, 1588, 1966, 1864, 1270, 1758, 1449, 1386, 1428, 1666, 1226, 1044, 1647, 1126, 1156, 1359, 1375, 1330, 1014, 1337, 1353, 1220, 1730, 1992, 1980, 1711, 1336, 1634, 1483, 1792, 1257, 1371, 1622, 1693, 1512, 1486, 1473, 1010, 1777, 1051, 1973, 1926, 1182, 1549, 1579, 1828, 1733, 1147, 1202, 1671, 1965, 1858, 1593, 1127, 1539, 1460, 1233, 1253, 1286, 1260, 1680, 1627, 1382, 1372, 1863, 1840, 1882, 1170, 1279, 1374, 1109, 1533, 1629, 1612, 1467, 1524, 1334, 1288, 1000, 1959, 1889, 1070, 1741, 1501, 1626, 1171, 1495, 1476, 1193, 1299, 1459, 1930, 1923, 1479, 1047, 1420, 1960, 1012, 1896], "perc_recomm_found": 1.0, "gamma": 0.75, "eta": 0.75, "gamma_obs": 1.0, "gamma_obs_pre": 0.0, "eta_obs": 1.0, "costs": [1.0, 1.0], "lbd": 150.0, "thresh": 0.5, "r_type": "individualized", "t_type": "improvement", "eta_obs_individualized": 1.0, "eta_obs_refits_batch0_mean": 1.0, "model_score": 0.964, "model_f1": 0.9678756476683938, "model_refits_batch0_scores": [0.998, 0.998, 0.998, 0.998, 0.998], "model_refits_batch0_f1s": [0.9979879275653923, 0.9979879275653923, 0.9979879275653923, 0.9979879275653923, 0.9979879275653923], "model_coef": NaN}