{"accuracy_pre": 0.91, "accuracy_post": 0.41, "recourse_seeking_ixs": [904, 614, 941, 521, 921, 731, 797, 688, 500, 684, 696, 635, 558, 912, 871, 668, 728, 502, 763, 953, 557, 678, 920, 654, 515, 637, 547, 926, 523, 586, 743, 587, 809, 799, 937, 638, 623, 755, 789, 973, 924, 703, 642, 950, 838, 567, 631, 978, 935, 647, 948, 987, 737, 818, 820, 825, 795, 507, 833, 886, 562, 552, 751, 581, 945, 988, 845, 890, 526, 808, 934, 693, 504, 734, 509, 569, 622, 753, 813, 713, 680, 993, 982, 959, 669, 958, 607, 864, 964, 725, 537, 791, 919, 739, 663, 617, 632, 619, 575, 999], "recourse_recommended_ixs": [904, 614, 941, 521, 921, 731, 797, 688, 500, 684, 696, 635, 558, 912, 871, 668, 728, 502, 763, 953, 557, 678, 920, 654, 515, 637, 547, 926, 523, 586, 743, 587, 809, 799, 937, 638, 623, 755, 789, 973, 924, 703, 642, 950, 838, 567, 631, 978, 935, 647, 948, 987, 737, 818, 820, 825, 795, 507, 833, 886, 562, 552, 751, 581, 945, 988, 845, 890, 526, 808, 934, 693, 504, 734, 509, 569, 622, 753, 813, 713, 680, 993, 982, 959, 669, 958, 607, 864, 964, 725, 537, 791, 919, 739, 663, 617, 632, 619, 575, 999], "perc_recomm_found": 1.0, "gamma": 0.75, "eta": 0.75, "gamma_obs": 0.17000000178813934, "gamma_obs_pre": 0.09000000357627869, "eta_obs": 0.88, "costs": [1.0, 1.0, 1.0], "lbd": 300.0, "thresh": 0.5, "r_type": "individualized", "t_type": "counterfactual", "eta_obs_individualized": NaN, "eta_obs_refits_batch0_mean": 0.3579999804496765, "model_score": 0.848, "model_f1": 0.870967741935484, "model_refits_batch0_scores": [0.81, 0.802, 0.812, 0.784, 0.816], "model_refits_batch0_f1s": [0.8210922787193974, 0.8135593220338984, 0.8226415094339623, 0.7954545454545454, 0.8217054263565892], "model_coef": NaN}