{"accuracy_pre": 1.0, "accuracy_post": 1.0, "recourse_seeking_ixs": [1284, 1494, 1175, 1911, 1453, 1905, 1528, 1084, 1431, 1379, 1786, 1422, 1502, 1309, 1233, 1025, 1685, 1821, 1006, 1744, 1217, 1031, 1065, 1008, 1329, 1799, 1286, 1946, 1603, 1622, 1996, 1649, 1103, 1024, 1595, 1941, 1813, 1863, 1110, 1661, 1521, 1961, 1483, 1221, 1975, 1135, 1865, 1038, 1243, 1676, 1588, 1580, 1880, 1697, 1536, 1518, 1353, 1496, 1492, 1776, 1472, 1396, 1061, 1552, 1630, 1971, 1168, 1129, 1555, 1464, 1278, 1072, 1737, 1039, 1454, 1402, 1966, 1700, 1029, 1594, 1838, 1735, 1063, 1381, 1855, 1059, 1862, 1977, 1068, 1563, 1978, 1476, 1449, 1298, 1980, 1923, 1122, 1859, 1683, 1446], "recourse_recommended_ixs": [1284, 1494, 1175, 1911, 1453, 1905, 1528, 1084, 1431, 1379, 1786, 1422, 1502, 1309, 1233, 1025, 1685, 1821, 1006, 1744, 1217, 1031, 1065, 1008, 1329, 1799, 1286, 1946, 1603, 1622, 1996, 1649, 1103, 1024, 1595, 1941, 1813, 1863, 1110, 1661, 1521, 1961, 1483, 1221, 1975, 1135, 1865, 1038, 1243, 1676, 1588, 1580, 1880, 1697, 1536, 1518, 1353, 1496, 1492, 1776, 1472, 1396, 1061, 1552, 1630, 1971, 1168, 1129, 1555, 1464, 1278, 1072, 1737, 1039, 1454, 1402, 1966, 1700, 1029, 1594, 1838, 1735, 1063, 1381, 1855, 1059, 1862, 1977, 1068, 1563, 1978, 1476, 1449, 1298, 1980, 1923, 1122, 1859, 1683, 1446], "perc_recomm_found": 1.0, "gamma": 0.75, "eta": 0.75, "gamma_obs": 1.0, "gamma_obs_pre": 0.0, "eta_obs": 1.0, "costs": [1.0, 1.0, 1.0], "lbd": 150.0, "thresh": 0.5, "r_type": "individualized", "t_type": "acceptance", "eta_obs_individualized": NaN, "eta_obs_refits_batch0_mean": 0.8199999928474426, "model_score": 0.709, "model_f1": 0.9989594172736733, "model_refits_batch0_scores": [0.998, 0.996, 0.996, 0.994, 0.998], "model_refits_batch0_f1s": [0.9979591836734694, 0.9959100204498978, 0.9959100204498978, 0.9938524590163934, 0.9979591836734694], "model_coef": NaN}