{"accuracy_pre": 1.0, "accuracy_post": 0.99, "recourse_seeking_ixs": [1353, 1345, 1009, 1099, 1958, 1453, 1218, 1263, 1157, 1423, 1630, 1395, 1014, 1791, 1384, 1000, 1538, 1759, 1473, 1069, 1390, 1527, 1650, 1779, 1083, 1937, 1931, 1480, 1025, 1785, 1249, 1898, 1845, 1971, 1427, 1209, 1137, 1088, 1065, 1127, 1566, 1273, 1168, 1790, 1637, 1510, 1748, 1097, 1161, 1246, 1467, 1551, 1094, 1919, 1027, 1792, 1811, 1976, 1225, 1364, 1433, 1330, 1184, 1592, 1238, 1688, 1155, 1336, 1714, 1963, 1537, 1039, 1020, 1432, 1668, 1468, 1043, 1337, 1675, 1357, 1401, 1247, 1028, 1139, 1804, 1253, 1499, 1073, 1230, 1576, 1299, 1857, 1516, 1016, 1704, 1356, 1613, 1674, 1015, 1379], "recourse_recommended_ixs": [1353, 1345, 1009, 1099, 1958, 1453, 1218, 1263, 1157, 1423, 1630, 1395, 1014, 1791, 1384, 1000, 1538, 1759, 1473, 1069, 1390, 1527, 1650, 1779, 1083, 1937, 1931, 1480, 1025, 1785, 1249, 1898, 1845, 1971, 1427, 1209, 1137, 1088, 1065, 1127, 1566, 1273, 1168, 1790, 1637, 1510, 1748, 1097, 1161, 1246, 1467, 1551, 1094, 1919, 1027, 1792, 1811, 1976, 1225, 1364, 1433, 1330, 1184, 1592, 1238, 1688, 1155, 1336, 1714, 1963, 1537, 1039, 1020, 1432, 1668, 1468, 1043, 1337, 1675, 1357, 1401, 1247, 1028, 1139, 1804, 1253, 1499, 1073, 1230, 1576, 1299, 1857, 1516, 1016, 1704, 1356, 1613, 1674, 1015, 1379], "perc_recomm_found": 1.0, "gamma": 0.95, "eta": 0.95, "gamma_obs": 1.0, "gamma_obs_pre": 0.0, "eta_obs": 0.99, "costs": [1.0, 1.0], "lbd": 150.0, "thresh": 0.5, "r_type": "subpopulation", "t_type": "improvement", "eta_obs_individualized": NaN, "eta_obs_refits_batch0_mean": 0.9899999499320984, "model_score": 0.99, "model_f1": 0.9897119341563787, "model_refits_batch0_scores": [0.998, 0.998, 0.998, 0.998, 0.998], "model_refits_batch0_f1s": [0.9979674796747968, 0.9979674796747968, 0.9979674796747968, 0.9979674796747968, 0.9979674796747968], "model_coef": NaN}