{"accuracy_pre": 0.97, "accuracy_post": 0.27, "recourse_seeking_ixs": [572, 735, 836, 812, 540, 928, 817, 687, 586, 741, 558, 899, 910, 716, 945, 788, 538, 640, 745, 559, 638, 834, 985, 630, 864, 990, 633, 679, 806, 793, 930, 634, 750, 744, 578, 715, 706, 625, 782, 718, 714, 865, 543, 956, 922, 844, 653, 681, 869, 868, 976, 963, 571, 919, 675, 683, 896, 579, 582, 820, 852, 825, 519, 698, 518, 897, 655, 873, 902, 846, 831, 671, 954, 732, 754, 955, 534, 664, 791, 654, 618, 658, 828, 676, 657, 760, 841, 623, 888, 609, 837, 647, 711, 995, 810, 738, 746, 697, 512, 829], "recourse_recommended_ixs": [572, 735, 836, 812, 540, 928, 817, 687, 586, 741, 558, 899, 910, 716, 945, 788, 538, 640, 745, 559, 638, 834, 985, 630, 864, 990, 633, 679, 806, 793, 930, 634, 750, 744, 578, 715, 706, 625, 782, 718, 714, 865, 543, 956, 922, 844, 653, 681, 869, 868, 976, 963, 571, 919, 675, 683, 896, 579, 582, 820, 852, 825, 519, 698, 518, 897, 655, 873, 902, 846, 831, 671, 954, 732, 754, 955, 534, 664, 791, 654, 618, 658, 828, 676, 657, 760, 841, 623, 888, 609, 837, 647, 711, 995, 810, 738, 746, 697, 512, 829], "perc_recomm_found": 1.0, "gamma": 0.75, "eta": 0.75, "gamma_obs": 0.27000001072883606, "gamma_obs_pre": 0.029999999329447746, "eta_obs": 1.0, "costs": [1.0, 1.0, 1.0], "lbd": 300.0, "thresh": 0.5, "r_type": "individualized", "t_type": "acceptance", "eta_obs_individualized": NaN, "eta_obs_refits_batch0_mean": 0.35599997639656067, "model_score": 0.8, "model_f1": 0.873469387755102, "model_refits_batch0_scores": [0.848, 0.846, 0.848, 0.856, 0.854], "model_refits_batch0_f1s": [0.8597785977859778, 0.8522072936660269, 0.8560606060606061, 0.855421686746988, 0.8560157790927022], "model_coef": NaN}