{"accuracy_pre": 0.76, "accuracy_post": 0.28, "recourse_seeking_ixs": [337, 258, 399, 248, 283, 207, 352, 341, 395, 296, 385, 329, 260, 257, 223, 383, 217, 225, 326, 287, 347, 315, 377, 342, 280, 368, 316, 273, 261, 317, 246, 201, 208, 211, 255, 253, 319, 304, 331, 251, 237, 312, 300, 231, 325, 268, 346, 374, 308, 288], "recourse_recommended_ixs": [337, 258, 399, 248, 283, 207, 352, 341, 395, 296, 385, 329, 260, 257, 223, 383, 217, 225, 326, 287, 347, 315, 377, 342, 280, 368, 316, 273, 261, 317, 246, 201, 208, 211, 255, 253, 319, 304, 331, 251, 237, 312, 300, 231, 325, 268, 346, 374, 308, 288], "perc_recomm_found": 1.0, "gamma": 0.85, "eta": 0.85, "gamma_obs": 0.25999999046325684, "gamma_obs_pre": 0.23999999463558197, "eta_obs": 0.98, "costs": [1.0, 1.0, 1.0], "lbd": 300.0, "thresh": 0.5, "r_type": "subpopulation", "t_type": "acceptance", "eta_obs_individualized": NaN, "eta_obs_refits_batch0_mean": 0.9039999842643738, "model_score": 0.79, "model_f1": 0.798076923076923, "model_refits_batch0_scores": [0.795, 0.79, 0.795, 0.8, 0.815], "model_refits_batch0_f1s": [0.7960199004975125, 0.796116504854369, 0.7960199004975125, 0.8130841121495328, 0.8262910798122066], "model_coef": [[0.6420304191205048, -0.6404150407882445, 1.18575602372667], [-0.6871603866622781]]}