{"accuracy_pre": 0.91, "accuracy_post": 0.82, "recourse_seeking_ixs": [624, 693, 729, 511, 764, 685, 768, 666, 684, 848, 507, 852, 657, 692, 939, 563, 554, 810, 990, 553, 988, 877, 743, 917, 541, 611, 645, 744, 735, 955, 901, 608, 779, 878, 634, 918, 548, 716, 866, 718, 885, 948, 705, 857, 549, 897, 892, 522, 656, 682, 601, 943, 648, 647, 963, 616, 783, 914, 603, 712, 596, 786, 746, 860, 930, 544, 506, 975, 828, 894, 512, 584, 508, 516, 925, 632, 662, 937, 802, 724, 801, 929, 523, 782, 758, 644, 834, 790, 847, 704, 732, 842, 550, 879, 881, 781, 592, 637, 668, 869], "recourse_recommended_ixs": [624, 693, 729, 511, 764, 685, 768, 666, 684, 848, 507, 852, 657, 692, 939, 563, 554, 810, 990, 553, 988, 877, 743, 917, 541, 611, 645, 744, 735, 955, 901, 608, 779, 878, 634, 918, 548, 716, 866, 718, 885, 948, 705, 857, 549, 897, 892, 522, 656, 682, 601, 943, 648, 647, 963, 616, 783, 914, 603, 712, 596, 786, 746, 860, 930, 544, 506, 975, 828, 894, 512, 584, 508, 516, 925, 632, 662, 937, 802, 724, 801, 929, 523, 782, 758, 644, 834, 790, 847, 704, 732, 842, 550, 879, 881, 781, 592, 637, 668, 869], "perc_recomm_found": 1.0, "gamma": 0.75, "eta": 0.75, "gamma_obs": 0.8299999833106995, "gamma_obs_pre": 0.09000000357627869, "eta_obs": 0.99, "costs": [1.0, 1.0, 1.0], "lbd": 300.0, "thresh": 0.5, "r_type": "individualized", "t_type": "improvement", "eta_obs_individualized": 1.0, "eta_obs_refits_batch0_mean": 0.9880000352859497, "model_score": 0.86, "model_f1": 0.8616600790513834, "model_refits_batch0_scores": [0.848, 0.848, 0.854, 0.86, 0.86], "model_refits_batch0_f1s": [0.8560606060606061, 0.8538461538461539, 0.858252427184466, 0.8622047244094487, 0.8653846153846154], "model_coef": [[0.4785356577166362, 0.5453121859304917, 1.0835655347085427], [0.2661836809075705]]}