{"accuracy_pre": 0.98, "accuracy_post": 0.88, "recourse_seeking_ixs": [1352, 1622, 1981, 1980, 1243, 1103, 1859, 1757, 1735, 1995, 1661, 1623, 1230, 1707, 1570, 1175, 1008, 1211, 1683, 1724, 1147, 1382, 1708, 1423, 1838, 1222, 1432, 1235, 1901, 1881, 1408, 1732, 1567, 1170, 1672, 1234, 1105, 1429, 1137, 1635, 1204, 1593, 1351, 1063, 1630, 1480, 1897, 1800, 1862, 1761, 1841, 1005, 1821, 1364, 1271, 1917, 1127, 1219, 1043, 1810, 1399, 1342, 1829, 1451, 1011, 1454, 1329, 1297, 1865, 1779, 1449, 1691, 1472, 1952, 1942, 1686, 1636, 1510, 1845, 1009, 1614, 1966, 1111, 1961, 1278, 1174, 1069, 1091, 1554, 1744, 1792, 1298, 1240, 1122, 1620, 1640, 1373, 1381, 1799, 1039], "recourse_recommended_ixs": [1352, 1622, 1981, 1980, 1243, 1103, 1859, 1757, 1735, 1995, 1661, 1623, 1230, 1707, 1570, 1175, 1008, 1211, 1683, 1724, 1147, 1382, 1708, 1423, 1838, 1222, 1432, 1235, 1901, 1881, 1408, 1732, 1567, 1170, 1672, 1234, 1105, 1429, 1137, 1635, 1204, 1593, 1351, 1063, 1630, 1480, 1897, 1800, 1862, 1761, 1841, 1005, 1821, 1364, 1271, 1917, 1127, 1219, 1043, 1810, 1399, 1342, 1829, 1451, 1011, 1454, 1329, 1297, 1865, 1779, 1449, 1691, 1472, 1952, 1942, 1686, 1636, 1510, 1845, 1009, 1614, 1966, 1111, 1961, 1278, 1174, 1069, 1091, 1554, 1744, 1792, 1298, 1240, 1122, 1620, 1640, 1373, 1381, 1799, 1039], "perc_recomm_found": 1.0, "gamma": 0.75, "eta": 0.75, "gamma_obs": 1.0, "gamma_obs_pre": 0.019999999552965164, "eta_obs": 0.88, "costs": [1.0, 1.0], "lbd": 150.0, "thresh": 0.5, "r_type": "subpopulation", "t_type": "improvement", "eta_obs_individualized": NaN, "eta_obs_refits_batch0_mean": 0.8799999952316284, "model_score": 0.816, "model_f1": 0.99375, "model_refits_batch0_scores": [0.998, 0.998, 0.998, 0.998, 0.998], "model_refits_batch0_f1s": [0.9979674796747968, 0.9979674796747968, 0.9979674796747968, 0.9979674796747968, 0.9979674796747968], "model_coef": NaN}