{"accuracy_pre": 1.0, "accuracy_post": 0.056818181818181816, "recourse_seeking_ixs": [9940, 9663, 7022, 9472, 5346, 6508, 8943, 9042, 8377, 7263, 7261, 8828, 7929, 6309, 6560, 7213, 8217, 6718, 8391, 6858, 5312, 8771, 7488, 9418, 7498, 9590, 8886, 8143, 9085, 5297, 9277, 7247, 8029, 5131, 7458, 6517, 9874, 7000, 8087, 7290, 8574, 5976, 6209, 5936, 7309, 6406, 9218, 7371, 5317, 5566, 7176, 9352, 7283, 5380, 7507, 5405, 9696, 9862, 5605, 5184, 5730, 9166, 6810, 6766, 8959, 7824, 7864, 6052, 8385, 6256, 6910, 9074, 7208, 5970, 5170, 8196, 9362, 9068, 8930, 6437, 8098, 6503, 9687, 5205, 8224, 7435, 7177, 6341], "recourse_recommended_ixs": [9940, 9663, 7022, 9472, 5346, 6508, 8943, 9042, 8377, 7263, 7261, 8828, 7929, 6309, 6560, 7213, 8217, 6718, 8391, 6858, 5312, 8771, 7488, 9418, 7498, 9590, 8886, 8143, 9085, 5297, 9277, 7247, 8029, 5131, 7458, 6517, 9874, 7000, 8087, 7290, 8574, 5976, 6209, 5936, 7309, 6406, 9218, 7371, 5317, 5566, 7176, 9352, 7283, 5380, 7507, 5405, 9696, 9862, 5605, 5184, 5730, 9166, 6810, 6766, 8959, 7824, 7864, 6052, 8385, 6256, 6910, 9074, 7208, 5970, 5170, 8196, 9362, 9068, 8930, 6437, 8098, 6503, 9687, 5205, 8224, 7435, 7177, 6341], "perc_recomm_found": 1.0, "gamma": 0.75, "eta": 0.75, "gamma_obs": 0.022727273404598236, "gamma_obs_pre": 0.0, "eta_obs": 0.9886363636363636, "costs": [1.0, 1.0, 1.0, 1.0, 1.0, 1.0, 1.0], "lbd": 2999.0, "thresh": 0.5, "r_type": "individualized", "t_type": "acceptance", "eta_obs_individualized": NaN, "eta_obs_refits_batch0_mean": 0.9204546213150024, "model_score": 1.0, "model_f1": 1.0, "model_refits_batch0_scores": [0.9998, 1.0, 1.0, 1.0, 0.9996], "model_refits_batch0_f1s": [0.9998982188295166, 1.0, 1.0, 1.0, 0.9997964583757378], "model_coef": NaN}