{"accuracy_pre": 0.8, "accuracy_post": 0.44, "recourse_seeking_ixs": [552, 734, 626, 969, 793, 766, 820, 869, 588, 732, 814, 817, 747, 603, 966, 946, 632, 644, 807, 947, 804, 753, 541, 549, 995, 615, 865, 729, 723, 786, 621, 617, 881, 690, 956, 792, 592, 812, 553, 646, 821, 721, 782, 544, 689, 506, 886, 776, 630, 784, 569, 710, 696, 802, 847, 762, 759, 852, 662, 547, 808, 965, 688, 684, 611, 656, 652, 642, 903, 973, 826, 850, 706, 897, 685, 777, 856, 791, 948, 507, 733, 567, 601, 939, 760, 705, 542, 844, 889, 692, 940, 548, 587, 902, 863, 851, 779, 516, 741, 500], "recourse_recommended_ixs": [552, 734, 626, 969, 793, 766, 820, 869, 588, 732, 814, 817, 747, 603, 966, 946, 632, 644, 807, 947, 804, 753, 541, 549, 995, 615, 865, 729, 723, 786, 621, 617, 881, 690, 956, 792, 592, 812, 553, 646, 821, 721, 782, 544, 689, 506, 886, 776, 630, 784, 569, 710, 696, 802, 847, 762, 759, 852, 662, 547, 808, 965, 688, 684, 611, 656, 652, 642, 903, 973, 826, 850, 706, 897, 685, 777, 856, 791, 948, 507, 733, 567, 601, 939, 760, 705, 542, 844, 889, 692, 940, 548, 587, 902, 863, 851, 779, 516, 741, 500], "perc_recomm_found": 1.0, "gamma": 0.75, "eta": 0.75, "gamma_obs": 0.4399999976158142, "gamma_obs_pre": 0.20000000298023224, "eta_obs": 1.0, "costs": [1.0, 1.0, 1.0], "lbd": 300.0, "thresh": 0.5, "r_type": "individualized", "t_type": "acceptance", "eta_obs_individualized": NaN, "eta_obs_refits_batch0_mean": 0.41200000047683716, "model_score": 0.72, "model_f1": 0.7356321839080461, "model_refits_batch0_scores": [0.818, 0.816, 0.806, 0.824, 0.83], "model_refits_batch0_f1s": [0.7838479809976248, 0.7819905213270142, 0.762836185819071, 0.7914691943127962, 0.8081264108352144], "model_coef": NaN}