{"accuracy_pre": 0.88, "accuracy_post": 0.52, "recourse_seeking_ixs": [210, 352, 238, 322, 329, 269, 202, 250, 213, 342, 389, 312, 204, 328, 216, 321, 359, 368, 218, 314, 296, 326, 235, 395, 356, 379, 207, 341, 291, 315, 343, 313, 287, 369, 377, 223, 303, 267, 391, 374, 350, 220, 365, 335, 327, 392, 399, 200, 231, 248], "recourse_recommended_ixs": [210, 352, 238, 322, 329, 269, 202, 250, 213, 342, 389, 312, 204, 328, 216, 321, 359, 368, 218, 314, 296, 326, 235, 395, 356, 379, 207, 341, 291, 315, 343, 313, 287, 369, 377, 223, 303, 267, 391, 374, 350, 220, 365, 335, 327, 392, 399, 200, 231, 248], "perc_recomm_found": 1.0, "gamma": 0.95, "eta": 0.95, "gamma_obs": 0.5199999809265137, "gamma_obs_pre": 0.11999999731779099, "eta_obs": 1.0, "costs": [1.0, 1.0, 1.0], "lbd": 300.0, "thresh": 0.5, "r_type": "subpopulation", "t_type": "acceptance", "eta_obs_individualized": NaN, "eta_obs_refits_batch0_mean": 0.9199999570846558, "model_score": 0.9, "model_f1": 0.9056603773584906, "model_refits_batch0_scores": [0.905, 0.895, 0.89, 0.895, 0.895], "model_refits_batch0_f1s": [0.9140271493212669, 0.900473933649289, 0.8981481481481481, 0.9014084507042254, 0.8985507246376812], "model_coef": [[0.7965064020343948, 0.21539398773124335, 1.3147597064760808], [-0.2964631371152807]]}