{"accuracy_pre": 0.74, "accuracy_post": 0.8, "recourse_seeking_ixs": [233, 276, 326, 211, 271, 253, 288, 355, 394, 348, 285, 352, 223, 259, 362, 251, 206, 268, 368, 217, 201, 300, 386, 363, 327, 322, 232, 359, 393, 221, 249, 227, 222, 383, 305, 360, 374, 279, 308, 395, 361, 385, 313, 237, 320, 319, 336, 205, 340, 357], "recourse_recommended_ixs": [233, 276, 326, 211, 271, 253, 288, 355, 394, 348, 285, 352, 223, 259, 362, 251, 206, 268, 368, 217, 201, 300, 386, 363, 327, 322, 232, 359, 393, 221, 249, 227, 222, 383, 305, 360, 374, 279, 308, 395, 361, 385, 313, 237, 320, 319, 336, 205, 340, 357], "perc_recomm_found": 1.0, "gamma": 0.85, "eta": 0.85, "gamma_obs": 0.800000011920929, "gamma_obs_pre": 0.25999999046325684, "eta_obs": 1.0, "costs": [1.0, 1.0], "lbd": 300.0, "thresh": 0.5, "r_type": "individualized", "t_type": "improvement", "eta_obs_individualized": 0.86, "eta_obs_refits_batch0_mean": 0.984000027179718, "model_score": 0.84, "model_f1": 0.8350515463917526, "model_refits_batch0_scores": [0.845, 0.83, 0.84, 0.835, 0.81], "model_refits_batch0_f1s": [0.8426395939086294, 0.8229166666666666, 0.8350515463917526, 0.8307692307692308, 0.8020833333333334], "model_coef": [[-0.16946272731113443, 0.5524081474879146, 0.9458878856188276], [-0.9974245096703458]]}