{"accuracy_pre": 0.84, "accuracy_post": 0.71, "recourse_seeking_ixs": [862, 674, 768, 996, 590, 892, 824, 926, 966, 989, 875, 712, 650, 686, 922, 544, 958, 882, 551, 877, 814, 765, 885, 640, 716, 732, 834, 626, 999, 623, 880, 703, 987, 776, 925, 715, 659, 934, 680, 779, 798, 861, 675, 868, 581, 520, 947, 709, 510, 569, 609, 552, 752, 975, 632, 573, 916, 942, 959, 713, 515, 694, 645, 818, 905, 644, 688, 855, 829, 924, 648, 915, 655, 604, 731, 738, 628, 684, 802, 789, 631, 786, 907, 964, 718, 533, 782, 993, 840, 568, 750, 745, 557, 642, 847, 751, 541, 513, 755, 699], "recourse_recommended_ixs": [862, 674, 768, 996, 590, 892, 824, 926, 966, 989, 875, 712, 650, 686, 922, 544, 958, 882, 551, 877, 814, 765, 885, 640, 716, 732, 834, 626, 999, 623, 880, 703, 987, 776, 925, 715, 659, 934, 680, 779, 798, 861, 675, 868, 581, 520, 947, 709, 569, 609, 552, 752, 975, 632, 573, 916, 942, 959, 713, 515, 694, 645, 818, 905, 644, 688, 829, 924, 648, 915, 655, 604, 731, 738, 628, 684, 802, 789, 631, 786, 964, 718, 533, 782, 993, 840, 568, 750, 745, 557, 642, 847, 751, 541, 513, 755, 699], "perc_recomm_found": 0.97, "gamma": 0.75, "eta": 0.75, "gamma_obs": 0.8247422575950623, "gamma_obs_pre": 0.15463916957378387, "eta_obs": 0.9072164948453608, "costs": [1.0, 1.0], "lbd": 300.0, "thresh": 0.5, "r_type": "individualized", "t_type": "improvement", "eta_obs_individualized": 0.845360824742268, "eta_obs_refits_batch0_mean": 0.853608250617981, "model_score": 0.766, "model_f1": 0.7525562372188138, "model_refits_batch0_scores": [0.804, 0.782, 0.782, 0.786, 0.806], "model_refits_batch0_f1s": [0.8016194331983807, 0.7705263157894737, 0.7714884696016772, 0.7737843551797039, 0.7966457023060797], "model_coef": NaN}