{"accuracy_pre": 0.88, "accuracy_post": 0.18, "recourse_seeking_ixs": [386, 357, 365, 396, 378, 332, 273, 356, 237, 210, 397, 280, 381, 254, 384, 349, 207, 319, 286, 259, 380, 218, 268, 277, 240, 345, 262, 229, 232, 216, 215, 227, 288, 383, 295, 265, 307, 338, 377, 393, 249, 296, 373, 264, 245, 275, 214, 368, 367, 253], "recourse_recommended_ixs": [386, 357, 365, 396, 378, 332, 273, 356, 237, 210, 397, 280, 381, 254, 384, 349, 207, 319, 286, 259, 380, 218, 268, 277, 240, 345, 262, 229, 232, 216, 215, 227, 288, 383, 295, 265, 307, 338, 377, 393, 249, 296, 373, 264, 245, 275, 214, 368, 367, 253], "perc_recomm_found": 1.0, "gamma": 0.9, "eta": 0.9, "gamma_obs": 0.18000000715255737, "gamma_obs_pre": 0.11999999731779099, "eta_obs": 1.0, "costs": [1.0, 1.0, 1.0], "lbd": 300.0, "thresh": 0.5, "r_type": "individualized", "t_type": "counterfactual", "eta_obs_individualized": NaN, "eta_obs_refits_batch0_mean": 0.6759999990463257, "model_score": 0.835, "model_f1": 0.8390243902439025, "model_refits_batch0_scores": [0.835, 0.84, 0.82, 0.845, 0.84], "model_refits_batch0_f1s": [0.8358208955223881, 0.8446601941747572, 0.8333333333333333, 0.8472906403940886, 0.8476190476190476], "model_coef": [[0.07555500994582112, -0.07452316822195457, 1.0670498870394096], [-0.4901403155014133]]}