{"accuracy_pre": 0.94, "accuracy_post": 0.31, "recourse_seeking_ixs": [993, 779, 975, 509, 921, 945, 786, 604, 627, 552, 891, 776, 635, 834, 502, 589, 795, 738, 524, 660, 924, 966, 868, 680, 569, 648, 713, 750, 531, 567, 521, 726, 955, 626, 926, 551, 754, 659, 853, 768, 847, 573, 664, 553, 934, 950, 508, 544, 694, 858, 682, 877, 841, 801, 782, 917, 796, 915, 603, 729, 646, 936, 640, 784, 814, 732, 528, 937, 803, 655, 818, 696, 802, 849, 753, 840, 511, 614, 785, 630, 850, 990, 561, 922, 670, 998, 879, 554, 718, 886, 824, 505, 806, 793, 620, 606, 892, 546, 586, 918], "recourse_recommended_ixs": [993, 779, 975, 509, 921, 945, 786, 604, 627, 552, 891, 776, 635, 834, 502, 589, 795, 738, 524, 660, 924, 966, 868, 680, 569, 648, 713, 750, 531, 567, 521, 726, 955, 626, 926, 551, 754, 659, 853, 768, 847, 573, 664, 553, 934, 950, 508, 544, 694, 858, 682, 877, 841, 801, 782, 917, 796, 915, 603, 729, 646, 936, 640, 784, 814, 732, 528, 937, 803, 655, 818, 696, 802, 849, 753, 840, 511, 614, 785, 630, 850, 990, 561, 922, 670, 998, 879, 554, 718, 886, 824, 505, 806, 793, 620, 606, 892, 546, 586, 918], "perc_recomm_found": 1.0, "gamma": 0.75, "eta": 0.75, "gamma_obs": 0.3100000023841858, "gamma_obs_pre": 0.05999999865889549, "eta_obs": 1.0, "costs": [1.0, 1.0, 1.0], "lbd": 300.0, "thresh": 0.5, "r_type": "individualized", "t_type": "acceptance", "eta_obs_individualized": NaN, "eta_obs_refits_batch0_mean": 0.47600001096725464, "model_score": 0.798, "model_f1": 0.8656716417910448, "model_refits_batch0_scores": [0.854, 0.858, 0.832, 0.844, 0.848], "model_refits_batch0_f1s": [0.8450106157112527, 0.8473118279569892, 0.8242677824267782, 0.8374999999999999, 0.8442622950819672], "model_coef": NaN}