{"accuracy_pre": 0.0, "accuracy_post": 1.0, "recourse_seeking_ixs": [1146, 1495, 1978, 1739, 1324, 1457, 1685, 1683, 1010, 1394, 1422, 1659, 1513, 1114, 1781, 1759, 1236, 1906, 1005, 1357, 1945, 1874, 1385, 1093, 1250, 1111, 1119, 1838, 1593, 1482, 1144, 1434, 1193, 1829, 1808, 1016, 1851, 1089, 1238, 1484, 1911, 1926, 1688, 1346, 1219, 1615, 1282, 1804, 1299, 1937, 1214, 1582, 1391, 1665, 1211, 1704, 1590, 1637, 1520, 1918, 1916, 1295, 1439, 1127, 1556, 1693, 1476, 1466, 1580, 1549, 1977, 1802, 1627, 1235, 1626, 1695, 1304, 1332, 1724, 1281, 1579, 1743, 1268, 1820, 1952, 1589, 1992, 1109, 1717, 1139, 1098, 1248, 1546, 1842, 1062, 1731, 1803, 1904, 1714, 1529], "recourse_recommended_ixs": [1146, 1495, 1978, 1739, 1324, 1457, 1685, 1683, 1010, 1394, 1422, 1659, 1513, 1114, 1781, 1759, 1236, 1906, 1005, 1357, 1945, 1874, 1385, 1093, 1250, 1111, 1119, 1838, 1593, 1482, 1144, 1434, 1193, 1829, 1808, 1016, 1851, 1089, 1238, 1484, 1911, 1926, 1688, 1346, 1219, 1615, 1282, 1804, 1299, 1937, 1214, 1582, 1391, 1665, 1211, 1704, 1590, 1637, 1520, 1918, 1916, 1295, 1439, 1127, 1556, 1693, 1476, 1466, 1580, 1549, 1977, 1802, 1627, 1235, 1626, 1695, 1304, 1332, 1724, 1281, 1579, 1743, 1268, 1820, 1952, 1589, 1992, 1109, 1717, 1139, 1098, 1248, 1546, 1842, 1062, 1731, 1803, 1904, 1714, 1529], "perc_recomm_found": 1.0, "gamma": 0.95, "eta": 0.95, "gamma_obs": 1.0, "gamma_obs_pre": 1.0, "eta_obs": 1.0, "costs": [1.0, 1.0], "lbd": 150.0, "thresh": 0.5, "r_type": "individualized", "t_type": "improvement", "eta_obs_individualized": 0.92, "eta_obs_refits_batch0_mean": 1.0, "model_score": 0.219, "model_f1": 0.9989189189189189, "model_refits_batch0_scores": [0.999, 0.999, 0.997, 0.998, 0.998], "model_refits_batch0_f1s": [0.9989929506545822, 0.9989929506545822, 0.9969727547931382, 0.9979879275653923, 0.9979838709677419], "model_coef": NaN}