{"accuracy_pre": 0.94, "accuracy_post": 0.44, "recourse_seeking_ixs": [259, 318, 239, 357, 388, 393, 209, 330, 214, 339, 283, 333, 329, 247, 225, 264, 221, 281, 273, 386, 315, 362, 230, 343, 205, 299, 234, 328, 321, 238, 305, 268, 320, 376, 237, 224, 369, 245, 252, 301, 313, 269, 215, 278, 336, 226, 255, 294, 308, 251], "recourse_recommended_ixs": [259, 318, 239, 357, 388, 393, 209, 330, 214, 339, 283, 333, 329, 247, 225, 264, 221, 281, 273, 386, 315, 362, 230, 343, 205, 299, 234, 328, 321, 238, 305, 268, 320, 376, 237, 224, 369, 245, 252, 301, 313, 269, 215, 278, 336, 226, 255, 294, 308, 251], "perc_recomm_found": 1.0, "gamma": 0.75, "eta": 0.75, "gamma_obs": 0.4399999976158142, "gamma_obs_pre": 0.05999999865889549, "eta_obs": 1.0, "costs": [1.0, 1.0, 1.0], "lbd": 300.0, "thresh": 0.5, "r_type": "individualized", "t_type": "counterfactual", "eta_obs_individualized": NaN, "eta_obs_refits_batch0_mean": 0.40799999237060547, "model_score": 0.87, "model_f1": 0.8869565217391305, "model_refits_batch0_scores": [0.855, 0.88, 0.865, 0.86, 0.875], "model_refits_batch0_f1s": [0.8786610878661087, 0.8938053097345133, 0.8851063829787235, 0.8813559322033899, 0.8888888888888888], "model_coef": [[0.6153571794458655, 0.7133814931806755, 1.1806959858552413], [0.2238839421595373]]}