{"accuracy_pre": 1.0, "accuracy_post": 0.86, "recourse_seeking_ixs": [1202, 1381, 1284, 1176, 1025, 1087, 1498, 1895, 1592, 1111, 1390, 1975, 1092, 1450, 1020, 1876, 1640, 1961, 1740, 1008, 1901, 1246, 1742, 1154, 1015, 1925, 1352, 1688, 1222, 1804, 1570, 1430, 1528, 1233, 1065, 1737, 1184, 1962, 1552, 1958, 1340, 1217, 1661, 1353, 1786, 1309, 1365, 1775, 1148, 1482, 1890, 1790, 1162, 1936, 1100, 1582, 1888, 1408, 1733, 1396, 1657, 1776, 1541, 1249, 1763, 1339, 1841, 1927, 1966, 1260, 1575, 1204, 1344, 1955, 1623, 1195, 1905, 1383, 1478, 1133, 1881, 1521, 1378, 1038, 1995, 1816, 1117, 1840, 1231, 1814, 1495, 1276, 1041, 1384, 1730, 1845, 1493, 1559, 1171, 1349], "recourse_recommended_ixs": [1202, 1381, 1284, 1176, 1025, 1087, 1498, 1895, 1592, 1111, 1390, 1975, 1092, 1450, 1020, 1876, 1640, 1961, 1740, 1008, 1901, 1246, 1742, 1154, 1015, 1925, 1352, 1688, 1222, 1804, 1570, 1430, 1528, 1233, 1065, 1737, 1184, 1962, 1552, 1958, 1340, 1217, 1661, 1353, 1786, 1309, 1365, 1775, 1148, 1482, 1890, 1790, 1162, 1936, 1100, 1582, 1888, 1408, 1733, 1396, 1657, 1776, 1541, 1249, 1763, 1339, 1841, 1927, 1966, 1260, 1575, 1204, 1344, 1955, 1623, 1195, 1905, 1383, 1478, 1133, 1881, 1521, 1378, 1038, 1995, 1816, 1117, 1840, 1231, 1814, 1495, 1276, 1041, 1384, 1730, 1845, 1493, 1559, 1171, 1349], "perc_recomm_found": 1.0, "gamma": 0.75, "eta": 0.75, "gamma_obs": 0.9700000286102295, "gamma_obs_pre": 0.0, "eta_obs": 0.88, "costs": [1.0, 1.0, 1.0], "lbd": 150.0, "thresh": 0.5, "r_type": "subpopulation", "t_type": "acceptance", "eta_obs_individualized": NaN, "eta_obs_refits_batch0_mean": 0.5919999480247498, "model_score": 0.95, "model_f1": 0.9959100204498978, "model_refits_batch0_scores": [1.0, 0.996, 0.999, 0.996, 0.998], "model_refits_batch0_f1s": [1.0, 0.9959100204498978, 0.9989827060020345, 0.9959100204498978, 0.9979591836734694], "model_coef": NaN}