{"accuracy_pre": 1.0, "accuracy_post": 1.0, "recourse_seeking_ixs": [1905, 1311, 1759, 1923, 1204, 1276, 1091, 1084, 1247, 1070, 1490, 1287, 1231, 1081, 1446, 1680, 1486, 1672, 1946, 1985, 1671, 1242, 1472, 1700, 1863, 1455, 1994, 1658, 1107, 1383, 1717, 1846, 1909, 1987, 1732, 1325, 1545, 1105, 1733, 1594, 1941, 1034, 1450, 1195, 1286, 1238, 1674, 1878, 1897, 1652, 1399, 1504, 1499, 1470, 1844, 1872, 1304, 1418, 1623, 1963, 1845, 1188, 1408, 1230, 1603, 1536, 1742, 1880, 1137, 1966, 1788, 1749, 1073, 1821, 1747, 1467, 1586, 1527, 1352, 1992, 1223, 1451, 1031, 1547, 1430, 1209, 1518, 1862, 1952, 1367, 1234, 1088, 1349, 1622, 1041, 1955, 1149, 1396, 1100, 1528], "recourse_recommended_ixs": [1905, 1311, 1759, 1923, 1204, 1276, 1091, 1084, 1247, 1070, 1490, 1287, 1231, 1081, 1446, 1680, 1486, 1672, 1946, 1985, 1671, 1242, 1472, 1700, 1863, 1455, 1994, 1658, 1107, 1383, 1717, 1846, 1909, 1987, 1732, 1325, 1545, 1105, 1733, 1594, 1941, 1034, 1450, 1195, 1286, 1238, 1674, 1878, 1897, 1652, 1399, 1504, 1499, 1470, 1844, 1872, 1304, 1418, 1623, 1963, 1845, 1188, 1408, 1230, 1603, 1536, 1742, 1880, 1137, 1966, 1788, 1749, 1073, 1821, 1747, 1467, 1586, 1527, 1352, 1992, 1223, 1451, 1031, 1547, 1430, 1209, 1518, 1862, 1952, 1367, 1234, 1088, 1349, 1622, 1041, 1955, 1149, 1396, 1100, 1528], "perc_recomm_found": 1.0, "gamma": 0.95, "eta": 0.95, "gamma_obs": 1.0, "gamma_obs_pre": 0.0, "eta_obs": 1.0, "costs": [1.0, 1.0, 1.0], "lbd": 150.0, "thresh": 0.5, "r_type": "individualized", "t_type": "counterfactual", "eta_obs_individualized": NaN, "eta_obs_refits_batch0_mean": 0.734000027179718, "model_score": 0.96, "model_f1": 0.9989743589743589, "model_refits_batch0_scores": [0.998, 0.996, 0.996, 0.994, 0.998], "model_refits_batch0_f1s": [0.9979591836734694, 0.9959100204498978, 0.9959100204498978, 0.9938524590163934, 0.9979591836734694], "model_coef": NaN}