{"accuracy_pre": 1.0, "accuracy_post": 0.7, "recourse_seeking_ixs": [1110, 1118, 1236, 1639, 1312, 1361, 1418, 1603, 1002, 1806, 1348, 1170, 1899, 1295, 1820, 1859, 1383, 1574, 1723, 1267, 1906, 1009, 1949, 1484, 1606, 1398, 1317, 1713, 1661, 1902, 1505, 1166, 1652, 1667, 1287, 1794, 1386, 1811, 1385, 1761, 1130, 1014, 1942, 1324, 1532, 1989, 1826, 1234, 1769, 1717, 1467, 1683, 1953, 1316, 1495, 1230, 1736, 1836, 1646, 1842, 1462, 1598, 1485, 1431, 1817, 1865, 1651, 1731, 1567, 1065, 1366, 1196, 1087, 1347, 1293, 1743, 1469, 1438, 1648, 1884, 1770, 1426, 1901, 1895, 1563, 1627, 1146, 1414, 1752, 1629, 1888, 1873, 1745, 1962, 1303, 1311, 1209, 1168, 1492, 1016], "recourse_recommended_ixs": [1110, 1118, 1236, 1639, 1312, 1361, 1418, 1603, 1002, 1806, 1348, 1170, 1899, 1295, 1820, 1859, 1383, 1574, 1723, 1267, 1906, 1009, 1949, 1484, 1606, 1398, 1317, 1713, 1661, 1902, 1505, 1166, 1652, 1667, 1287, 1794, 1386, 1811, 1385, 1761, 1130, 1014, 1942, 1324, 1532, 1989, 1826, 1234, 1769, 1717, 1467, 1683, 1953, 1316, 1495, 1230, 1736, 1836, 1646, 1842, 1462, 1598, 1485, 1431, 1817, 1865, 1651, 1731, 1567, 1065, 1366, 1196, 1087, 1347, 1293, 1743, 1469, 1438, 1648, 1884, 1770, 1426, 1901, 1895, 1563, 1627, 1146, 1414, 1752, 1629, 1888, 1873, 1745, 1962, 1303, 1311, 1209, 1168, 1492, 1016], "perc_recomm_found": 1.0, "gamma": 0.95, "eta": 0.95, "gamma_obs": 0.699999988079071, "gamma_obs_pre": 0.0, "eta_obs": 1.0, "costs": [1.0, 1.0, 1.0], "lbd": 150.0, "thresh": 0.5, "r_type": "individualized", "t_type": "counterfactual", "eta_obs_individualized": NaN, "eta_obs_refits_batch0_mean": 1.0, "model_score": 0.941, "model_f1": 1.0, "model_refits_batch0_scores": [0.999, 0.996, 0.996, 0.996, 0.996], "model_refits_batch0_f1s": [0.9990009990009989, 0.9959919839679359, 0.9959919839679359, 0.9959919839679359, 0.9959919839679359], "model_coef": NaN}