{"accuracy_pre": 0.83, "accuracy_post": 0.38, "recourse_seeking_ixs": [341, 311, 254, 434, 292, 285, 389, 497, 317, 339, 259, 364, 424, 454, 396, 286, 303, 313, 496, 352, 476, 276, 350, 446, 346, 426, 462, 417, 402, 351, 374, 283, 328, 492, 294, 375, 414, 347, 450, 359, 277, 355, 458, 291, 421, 322, 306, 494, 428, 440, 353, 438, 370, 356, 482, 263, 281, 498, 324, 293, 299, 463, 342, 469, 473, 493, 461, 415, 433, 369, 404, 315, 490, 460, 484, 295, 457, 367, 397, 271, 486, 430, 345, 405, 274, 409, 443, 386, 425, 332, 372, 448, 357, 296, 340, 300, 442, 439, 382, 419], "recourse_recommended_ixs": [341, 311, 254, 434, 292, 285, 389, 497, 317, 339, 259, 364, 424, 454, 396, 286, 303, 313, 496, 352, 476, 276, 350, 446, 346, 426, 462, 417, 402, 351, 374, 283, 328, 492, 294, 375, 414, 347, 450, 359, 277, 355, 458, 291, 421, 322, 306, 494, 428, 440, 353, 438, 370, 356, 482, 263, 281, 498, 324, 293, 299, 463, 342, 469, 473, 493, 461, 415, 433, 369, 404, 315, 490, 460, 484, 295, 457, 367, 397, 271, 486, 430, 345, 405, 274, 409, 443, 386, 425, 332, 372, 448, 357, 296, 340, 300, 442, 439, 382, 419], "perc_recomm_found": 1.0, "gamma": 0.75, "eta": 0.75, "gamma_obs": 0.33000001311302185, "gamma_obs_pre": 0.17000000178813934, "eta_obs": 1.0, "costs": [1.0, 1.0, 1.0], "lbd": 100.0, "thresh": 0.5, "r_type": "individualized", "t_type": "counterfactual", "eta_obs_individualized": NaN, "eta_obs_refits_batch0_mean": 0.8199999928474426, "model_score": 0.84, "model_f1": 0.8181818181818181, "model_refits_batch0_scores": [0.832, 0.836, 0.832, 0.824, 0.836], "model_refits_batch0_f1s": [0.8125000000000001, 0.8127853881278538, 0.8235294117647058, 0.7924528301886792, 0.8225108225108225], "model_coef": NaN}