r_type,t_type,eta_mean,gamma_mean,perc_recomm_found_mean,eta_obs_mean,eta_obs_individualized_mean,eta_obs_refits_batch0_mean_mean,gamma_obs_mean,intv-cost_mean,eta_std,gamma_std,perc_recomm_found_std,eta_obs_std,eta_obs_individualized_std,eta_obs_refits_batch0_mean_std,gamma_obs_std,intv-cost_std
individualized,acceptance,0.9,0.9,1.0,1.0,,0.9886666735013326,0.0016666666294137638,0.5608333333333334,0.0,0.0,0.0,0.0,,0.008020850398888281,0.002886751281424208,0.022969182252168593
individualized,counterfactual,0.9,0.9,1.0,1.0,,0.9916666547457377,0.0,0.5723333333333332,0.0,0.0,0.0,0.0,,0.004509251180401598,0.0,0.03661397729465254
individualized,improvement,0.9,0.9,0.9899999999999999,0.8838190594051115,0.8838190594051115,0.883819043636322,0.883819063504537,1.6279900373528413,0.0,0.0,0.0050000000000000044,0.035475012807605635,0.035475012807605635,0.035474986856368865,0.03547502081576796,0.01488796009191466
subpopulation,acceptance,0.9,0.9,1.0,0.975,,0.9514999985694885,0.009999999776482582,0.5455,0.0,0.0,0.0,0.021213203435596444,,0.04596198123810016,0.0,0.026162950903902204
subpopulation,improvement,0.9,0.9,0.9816666666666666,0.8131755240167133,,0.8131755193074545,0.8131755193074545,1.4386555129666079,0.0,0.0,0.0028867513459481316,0.03440347864062126,,0.03440350613496089,0.03440350613496089,0.0788211783881932
