{"accuracy_pre": 0.84, "accuracy_post": 0.7, "recourse_seeking_ixs": [279, 494, 277, 334, 380, 357, 265, 440, 497, 290, 405, 254, 318, 445, 457, 430, 465, 410, 342, 251, 322, 447, 331, 326, 261, 467, 411, 403, 493, 431, 487, 332, 294, 303, 390, 491, 385, 369, 373, 291, 437, 382, 350, 444, 442, 283, 317, 439, 398, 415, 310, 338, 309, 273, 404, 475, 266, 450, 464, 420, 305, 419, 365, 300, 378, 414, 393, 360, 281, 264, 354, 349, 388, 394, 401, 351, 462, 451, 341, 366, 466, 406, 446, 259, 490, 268, 408, 361, 352, 458, 459, 424, 280, 386, 407, 292, 469, 330, 391, 383], "recourse_recommended_ixs": [279, 494, 277, 334, 380, 357, 265, 440, 497, 290, 405, 254, 318, 445, 457, 430, 465, 410, 342, 251, 322, 447, 331, 326, 261, 467, 411, 403, 493, 431, 487, 332, 294, 303, 390, 491, 385, 369, 373, 291, 437, 382, 350, 444, 442, 283, 317, 439, 398, 415, 310, 338, 309, 273, 404, 475, 266, 450, 464, 420, 305, 419, 365, 300, 378, 414, 393, 360, 281, 264, 354, 349, 388, 394, 401, 351, 462, 451, 341, 366, 466, 406, 446, 259, 490, 268, 408, 361, 352, 458, 459, 424, 280, 386, 407, 292, 469, 330, 391, 383], "perc_recomm_found": 1.0, "gamma": 0.75, "eta": 0.75, "gamma_obs": 0.6600000262260437, "gamma_obs_pre": 0.1599999964237213, "eta_obs": 0.93, "costs": [1.0, 1.0], "lbd": 100.0, "thresh": 0.5, "r_type": "subpopulation", "t_type": "improvement", "eta_obs_individualized": NaN, "eta_obs_refits_batch0_mean": 0.9459999799728394, "model_score": 0.836, "model_f1": 0.8312757201646092, "model_refits_batch0_scores": [0.832, 0.836, 0.832, 0.812, 0.828], "model_refits_batch0_f1s": [0.8306451612903225, 0.8312757201646092, 0.8264462809917354, 0.8171206225680934, 0.8273092369477911], "model_coef": NaN}