{"accuracy_pre": 1.0, "accuracy_post": 0.0, "recourse_seeking_ixs": [269, 375, 273, 393, 310, 241, 270, 307, 396, 323, 316, 293, 364, 281, 321, 392, 378, 363, 211, 235, 264, 302, 313, 300, 200, 275, 379, 283, 213, 276, 239, 324, 205, 236, 259, 308, 329, 352, 265, 292, 296, 268, 345, 394, 303, 362, 326, 347, 398, 297], "recourse_recommended_ixs": [269, 375, 273, 393, 310, 241, 270, 307, 396, 323, 316, 293, 364, 281, 321, 392, 378, 363, 211, 235, 264, 302, 313, 300, 200, 275, 379, 283, 213, 276, 239, 324, 205, 236, 259, 308, 329, 352, 265, 292, 296, 268, 345, 394, 303, 362, 326, 347, 398, 297], "perc_recomm_found": 1.0, "gamma": 0.9, "eta": 0.9, "gamma_obs": 0.0, "gamma_obs_pre": 0.0, "eta_obs": 1.0, "costs": [5.0, 5.0, 0.0001, 0.01, 0.1], "lbd": 300.0, "thresh": 0.5, "r_type": "individualized", "t_type": "counterfactual", "eta_obs_individualized": NaN, "eta_obs_refits_batch0_mean": 0.9039999999999999, "model_score": 0.99, "model_f1": 0.9920634920634921, "model_refits_batch0_scores": [0.995, 0.975, 1.0, 1.0, 0.995], "model_refits_batch0_f1s": [0.9960159362549801, 0.9795918367346939, 1.0, 1.0, 0.9959839357429718], "model_coef": [[-0.50015243757613, 0.78529412098241, 0.007299916183102035, 0.13300725902000954, 0.8165980589084415], [-10.785844977192056]]}