{"accuracy_pre": 1.0, "accuracy_post": 0.95, "recourse_seeking_ixs": [1680, 1512, 1875, 1195, 1016, 1614, 1271, 1483, 1911, 1406, 1118, 1149, 1399, 1454, 1203, 1802, 1263, 1482, 1100, 1068, 1559, 1977, 1276, 1794, 1786, 1382, 1185, 1429, 1588, 1876, 1814, 1496, 1304, 1104, 1472, 1041, 1683, 1636, 1674, 1880, 1955, 1243, 1478, 1810, 1563, 1225, 1446, 1623, 1221, 1386, 1105, 1344, 1292, 1686, 1038, 1409, 1464, 1177, 1918, 1168, 1733, 1480, 1175, 1110, 1278, 1946, 1209, 1321, 1963, 1111, 1613, 1501, 1805, 1975, 1844, 1350, 1707, 1533, 1065, 1365, 1063, 1974, 1700, 1039, 1152, 1215, 1006, 1643, 1914, 1450, 1829, 1923, 1938, 1159, 1594, 1070, 1311, 1547, 1657, 1515], "recourse_recommended_ixs": [1680, 1512, 1875, 1195, 1016, 1614, 1271, 1483, 1911, 1406, 1118, 1149, 1399, 1454, 1203, 1802, 1263, 1482, 1100, 1068, 1559, 1977, 1276, 1794, 1786, 1382, 1185, 1429, 1588, 1876, 1814, 1496, 1304, 1104, 1472, 1041, 1683, 1636, 1674, 1880, 1955, 1243, 1478, 1810, 1563, 1225, 1446, 1623, 1221, 1386, 1105, 1344, 1292, 1686, 1038, 1409, 1464, 1177, 1918, 1168, 1733, 1480, 1175, 1110, 1278, 1946, 1209, 1321, 1963, 1111, 1613, 1501, 1805, 1975, 1844, 1350, 1707, 1533, 1065, 1365, 1063, 1974, 1700, 1039, 1152, 1215, 1006, 1643, 1914, 1450, 1829, 1923, 1938, 1159, 1594, 1070, 1311, 1547, 1657, 1515], "perc_recomm_found": 1.0, "gamma": 0.75, "eta": 0.75, "gamma_obs": 1.0, "gamma_obs_pre": 0.0, "eta_obs": 0.95, "costs": [1.0, 1.0], "lbd": 150.0, "thresh": 0.5, "r_type": "subpopulation", "t_type": "improvement", "eta_obs_individualized": NaN, "eta_obs_refits_batch0_mean": 0.9399999380111694, "model_score": 0.87, "model_f1": 0.9979253112033196, "model_refits_batch0_scores": [0.998, 0.998, 0.998, 0.998, 0.998], "model_refits_batch0_f1s": [0.9979674796747968, 0.9979674796747968, 0.9979674796747968, 0.9979674796747968, 0.9979674796747968], "model_coef": NaN}