{"accuracy_pre": 0.86, "accuracy_post": 0.79, "recourse_seeking_ixs": [512, 959, 516, 685, 985, 615, 575, 794, 984, 731, 931, 878, 820, 527, 607, 884, 570, 981, 928, 500, 963, 933, 588, 621, 962, 881, 860, 949, 782, 894, 545, 762, 885, 519, 964, 930, 983, 734, 815, 660, 646, 769, 515, 761, 507, 915, 733, 861, 640, 650, 803, 859, 714, 672, 715, 929, 651, 791, 553, 684, 711, 540, 946, 849, 664, 771, 911, 741, 567, 801, 908, 971, 698, 851, 600, 606, 748, 891, 501, 844, 821, 926, 649, 743, 848, 589, 576, 503, 560, 618, 843, 543, 996, 903, 814, 749, 890, 906, 845, 927], "recourse_recommended_ixs": [512, 959, 516, 685, 985, 615, 575, 794, 984, 731, 931, 878, 820, 527, 607, 884, 570, 981, 928, 500, 963, 933, 588, 621, 962, 881, 860, 949, 782, 894, 545, 762, 885, 519, 964, 930, 983, 734, 815, 660, 646, 769, 515, 761, 507, 915, 733, 861, 640, 650, 803, 859, 714, 672, 715, 929, 651, 791, 553, 684, 711, 540, 946, 849, 664, 771, 911, 741, 567, 801, 908, 971, 698, 851, 600, 606, 748, 891, 501, 844, 821, 926, 649, 743, 848, 589, 576, 503, 560, 618, 843, 543, 996, 903, 814, 749, 890, 906, 845, 927], "perc_recomm_found": 1.0, "gamma": 0.75, "eta": 0.75, "gamma_obs": 0.800000011920929, "gamma_obs_pre": 0.14000000059604645, "eta_obs": 0.99, "costs": [1.0, 1.0, 1.0], "lbd": 300.0, "thresh": 0.5, "r_type": "individualized", "t_type": "improvement", "eta_obs_individualized": 1.0, "eta_obs_refits_batch0_mean": 0.9880000352859497, "model_score": 0.838, "model_f1": 0.8535262206148283, "model_refits_batch0_scores": [0.868, 0.852, 0.858, 0.858, 0.848], "model_refits_batch0_f1s": [0.858974358974359, 0.8412017167381973, 0.8459869848156182, 0.8432671081677705, 0.8325991189427313], "model_coef": NaN}