{"accuracy_pre": 0.78, "accuracy_post": 0.75, "recourse_seeking_ixs": [311, 324, 457, 440, 318, 344, 278, 454, 330, 445, 483, 360, 262, 414, 487, 332, 270, 397, 485, 496, 376, 450, 257, 258, 380, 336, 327, 430, 460, 369, 320, 447, 273, 297, 350, 268, 274, 379, 354, 260, 385, 456, 340, 395, 406, 448, 431, 412, 436, 282, 499, 287, 276, 479, 489, 312, 301, 443, 442, 465, 383, 386, 357, 307, 370, 472, 470, 407, 281, 428, 356, 435, 433, 269, 469, 308, 427, 347, 253, 388, 288, 426, 298, 461, 462, 393, 488, 374, 277, 333, 303, 382, 367, 353, 408, 366, 416, 497, 294, 361], "recourse_recommended_ixs": [311, 324, 457, 440, 318, 344, 278, 454, 330, 445, 483, 360, 262, 414, 487, 332, 270, 397, 485, 496, 376, 450, 257, 258, 380, 336, 327, 430, 460, 369, 320, 447, 273, 297, 350, 268, 274, 379, 354, 260, 385, 456, 340, 395, 406, 448, 431, 412, 436, 282, 499, 287, 276, 479, 489, 312, 301, 443, 442, 465, 383, 386, 357, 307, 370, 472, 470, 407, 281, 428, 356, 435, 433, 269, 469, 308, 427, 347, 253, 388, 288, 426, 298, 461, 462, 393, 488, 374, 277, 333, 303, 382, 367, 353, 408, 366, 416, 497, 294, 361], "perc_recomm_found": 1.0, "gamma": 0.75, "eta": 0.75, "gamma_obs": 0.7799999713897705, "gamma_obs_pre": 0.2199999988079071, "eta_obs": 0.84, "costs": [1.0, 1.0], "lbd": 100.0, "thresh": 0.5, "r_type": "subpopulation", "t_type": "improvement", "eta_obs_individualized": NaN, "eta_obs_refits_batch0_mean": 0.8100000619888306, "model_score": 0.792, "model_f1": 0.8045112781954887, "model_refits_batch0_scores": [0.792, 0.784, 0.788, 0.792, 0.792], "model_refits_batch0_f1s": [0.7999999999999999, 0.7857142857142857, 0.8029739776951673, 0.8115942028985507, 0.8015267175572519], "model_coef": NaN}