{"accuracy_pre": 0.86, "accuracy_post": 0.2, "recourse_seeking_ixs": [217, 231, 349, 362, 309, 267, 371, 299, 253, 345, 257, 385, 229, 246, 238, 289, 386, 266, 219, 293, 321, 265, 214, 282, 355, 328, 359, 216, 339, 250, 377, 242, 369, 206, 297, 259, 252, 277, 302, 273, 381, 239, 298, 358, 372, 290, 263, 275, 396, 367], "recourse_recommended_ixs": [217, 231, 349, 362, 309, 267, 371, 299, 253, 345, 257, 385, 229, 246, 238, 289, 386, 266, 219, 293, 321, 265, 214, 282, 355, 328, 359, 216, 339, 250, 377, 242, 369, 206, 297, 259, 252, 277, 302, 273, 381, 239, 298, 358, 372, 290, 263, 275, 396, 367], "perc_recomm_found": 1.0, "gamma": 0.75, "eta": 0.75, "gamma_obs": 0.1599999964237213, "gamma_obs_pre": 0.14000000059604645, "eta_obs": 0.96, "costs": [1.0, 1.0, 1.0], "lbd": 300.0, "thresh": 0.5, "r_type": "subpopulation", "t_type": "acceptance", "eta_obs_individualized": NaN, "eta_obs_refits_batch0_mean": 0.8119999766349792, "model_score": 0.8, "model_f1": 0.8230088495575222, "model_refits_batch0_scores": [0.805, 0.78, 0.8, 0.8, 0.8], "model_refits_batch0_f1s": [0.8266666666666665, 0.8053097345132745, 0.8198198198198199, 0.8214285714285715, 0.8260869565217391], "model_coef": [[0.40172156737985065, -0.5943080802571039, 1.1395636427477842], [0.12640627131743817]]}