{"accuracy_pre": 0.76, "accuracy_post": 0.41, "recourse_seeking_ixs": [928, 645, 808, 635, 728, 983, 676, 752, 743, 619, 581, 748, 753, 657, 693, 972, 732, 863, 878, 590, 887, 624, 706, 587, 981, 792, 663, 722, 707, 859, 795, 740, 662, 944, 948, 631, 726, 711, 646, 516, 960, 658, 688, 741, 890, 942, 542, 811, 692, 940, 529, 769, 778, 616, 651, 789, 775, 727, 512, 973, 842, 954, 903, 810, 674, 760, 567, 897, 827, 737, 745, 834, 915, 673, 938, 671, 719, 541, 520, 826, 642, 822, 776, 599, 720, 991, 909, 807, 830, 921, 883, 556, 982, 705, 598, 849, 506, 575, 578, 933], "recourse_recommended_ixs": [928, 645, 808, 635, 728, 983, 676, 752, 743, 619, 581, 748, 753, 657, 693, 972, 732, 863, 878, 590, 887, 624, 706, 587, 981, 792, 663, 722, 707, 859, 795, 740, 662, 944, 948, 631, 726, 711, 646, 516, 960, 658, 688, 741, 890, 942, 542, 811, 692, 940, 529, 769, 778, 616, 651, 789, 775, 727, 512, 973, 842, 954, 903, 810, 674, 760, 567, 897, 827, 737, 745, 834, 915, 673, 938, 671, 719, 541, 520, 826, 642, 822, 776, 599, 720, 991, 909, 807, 830, 921, 883, 556, 982, 705, 598, 849, 506, 575, 578, 933], "perc_recomm_found": 1.0, "gamma": 0.95, "eta": 0.95, "gamma_obs": 0.36000001430511475, "gamma_obs_pre": 0.23999999463558197, "eta_obs": 0.94, "costs": [1.0, 1.0, 1.0], "lbd": 300.0, "thresh": 0.5, "r_type": "subpopulation", "t_type": "counterfactual", "eta_obs_individualized": NaN, "eta_obs_refits_batch0_mean": 0.3579999804496765, "model_score": 0.754, "model_f1": 0.789980732177264, "model_refits_batch0_scores": [0.804, 0.782, 0.782, 0.786, 0.806], "model_refits_batch0_f1s": [0.8016194331983807, 0.7705263157894737, 0.7714884696016772, 0.7737843551797039, 0.7966457023060797], "model_coef": NaN}