{"accuracy_pre": 0.88, "accuracy_post": 0.39, "recourse_seeking_ixs": [733, 793, 652, 766, 939, 541, 786, 628, 690, 808, 642, 854, 828, 937, 966, 723, 662, 685, 821, 967, 751, 749, 902, 583, 968, 617, 940, 705, 812, 544, 506, 625, 632, 761, 689, 556, 769, 844, 956, 832, 547, 569, 925, 762, 850, 816, 965, 713, 784, 817, 779, 881, 548, 863, 760, 542, 946, 772, 874, 516, 549, 500, 993, 811, 588, 560, 889, 503, 590, 973, 851, 734, 563, 826, 778, 834, 691, 649, 802, 615, 702, 763, 744, 694, 782, 729, 592, 706, 640, 992, 814, 753, 859, 886, 732, 947, 930, 731, 770, 792], "recourse_recommended_ixs": [733, 793, 652, 766, 939, 541, 786, 628, 690, 808, 642, 854, 828, 937, 966, 723, 662, 685, 821, 967, 751, 749, 902, 583, 968, 617, 940, 705, 812, 544, 506, 625, 632, 761, 689, 556, 769, 844, 956, 832, 547, 569, 925, 762, 850, 816, 965, 713, 784, 817, 779, 881, 548, 863, 760, 542, 946, 772, 874, 516, 549, 500, 993, 811, 588, 560, 889, 503, 590, 973, 851, 734, 563, 826, 778, 834, 691, 649, 802, 615, 702, 763, 744, 694, 782, 729, 592, 706, 640, 992, 814, 753, 859, 886, 732, 947, 930, 731, 770, 792], "perc_recomm_found": 1.0, "gamma": 0.75, "eta": 0.75, "gamma_obs": 0.38999998569488525, "gamma_obs_pre": 0.11999999731779099, "eta_obs": 0.98, "costs": [1.0, 1.0, 1.0], "lbd": 300.0, "thresh": 0.5, "r_type": "subpopulation", "t_type": "counterfactual", "eta_obs_individualized": NaN, "eta_obs_refits_batch0_mean": 0.44600000977516174, "model_score": 0.732, "model_f1": 0.7286821705426355, "model_refits_batch0_scores": [0.82, 0.828, 0.806, 0.818, 0.836], "model_refits_batch0_f1s": [0.7906976744186047, 0.8045454545454546, 0.7662650602409637, 0.7858823529411765, 0.8217391304347826], "model_coef": NaN}