{"accuracy_pre": 0.88, "accuracy_post": 0.98, "recourse_seeking_ixs": [343, 382, 206, 389, 232, 297, 244, 308, 337, 211, 362, 396, 295, 262, 250, 216, 286, 252, 229, 378, 397, 344, 326, 322, 323, 225, 247, 274, 282, 298, 223, 384, 385, 346, 296, 370, 321, 218, 374, 332, 309, 305, 328, 290, 213, 251, 361, 287, 294, 360], "recourse_recommended_ixs": [343, 382, 206, 389, 232, 297, 244, 308, 337, 211, 362, 396, 295, 262, 250, 216, 286, 252, 229, 378, 397, 344, 326, 322, 323, 225, 247, 274, 282, 298, 223, 384, 385, 346, 296, 370, 321, 218, 374, 332, 309, 305, 328, 290, 213, 251, 361, 294, 360], "perc_recomm_found": 0.98, "gamma": 0.95, "eta": 0.95, "gamma_obs": 0.9795918464660645, "gamma_obs_pre": 0.12244898080825806, "eta_obs": 1.0, "costs": [1.0, 1.0], "lbd": 300.0, "thresh": 0.5, "r_type": "individualized", "t_type": "improvement", "eta_obs_individualized": 0.9795918367346939, "eta_obs_refits_batch0_mean": 0.9959183931350708, "model_score": 0.88, "model_f1": 0.875, "model_refits_batch0_scores": [0.885, 0.86, 0.875, 0.875, 0.85], "model_refits_batch0_f1s": [0.882051282051282, 0.851063829787234, 0.8704663212435233, 0.8663101604278074, 0.8529411764705883], "model_coef": [[0.3892079494959561, -0.05093963321306583, 0.8190394109383161], [-0.2865466860483544]]}