{"accuracy_pre": 0.96, "accuracy_post": 0.96, "recourse_seeking_ixs": [396, 249, 265, 373, 279, 226, 224, 397, 338, 327, 320, 308, 295, 349, 376, 319, 238, 380, 361, 284, 231, 399, 221, 202, 288, 257, 270, 245, 218, 268, 289, 314, 328, 211, 387, 277, 247, 358, 365, 290, 241, 301, 225, 216, 203, 303, 252, 240, 201, 278], "recourse_recommended_ixs": [396, 249, 265, 373, 279, 226, 224, 397, 338, 327, 320, 308, 295, 349, 376, 319, 238, 380, 361, 284, 231, 399, 221, 202, 288, 257, 270, 245, 218, 268, 289, 314, 328, 211, 387, 277, 247, 358, 365, 290, 241, 301, 225, 203, 252, 240, 201, 278], "perc_recomm_found": 0.96, "gamma": 0.95, "eta": 0.95, "gamma_obs": 0.9791666666666666, "gamma_obs_pre": 0.0, "eta_obs": 0.9791666666666666, "costs": [5.0, 5.0], "lbd": 300.0, "thresh": 0.5, "r_type": "individualized", "t_type": "improvement", "eta_obs_individualized": 0.9791666666666666, "eta_obs_refits_batch0_mean": 0.9541666666666666, "model_score": 0.99, "model_f1": 0.9921259842519685, "model_refits_batch0_scores": [0.99, 0.99, 0.99, 0.99, 0.99], "model_refits_batch0_f1s": [0.9921259842519685, 0.9921259842519685, 0.9921259842519685, 0.9921259842519685, 0.9921259842519685], "model_coef": [[2.740735951651545e-05, 8.134746608430129e-05, 0.027732301482997965, 0.00011201442873607471, 0.00022894876872786633], [-15.310997798137167]]}