{"accuracy_pre": 0.94, "accuracy_post": 0.46, "recourse_seeking_ixs": [331, 397, 344, 316, 274, 236, 265, 379, 223, 227, 337, 296, 351, 372, 298, 281, 282, 349, 218, 313, 357, 268, 253, 213, 208, 244, 340, 361, 333, 231, 350, 388, 356, 264, 396, 243, 338, 273, 212, 365, 233, 303, 279, 359, 226, 391, 310, 371, 374, 377], "recourse_recommended_ixs": [331, 397, 344, 316, 274, 236, 265, 379, 223, 227, 337, 296, 351, 372, 298, 281, 282, 349, 218, 313, 357, 268, 253, 213, 208, 244, 340, 361, 333, 231, 350, 388, 356, 264, 396, 243, 338, 273, 212, 365, 233, 303, 279, 359, 226, 391, 310, 371, 374, 377], "perc_recomm_found": 1.0, "gamma": 0.95, "eta": 0.95, "gamma_obs": 0.46000000834465027, "gamma_obs_pre": 0.05999999865889549, "eta_obs": 1.0, "costs": [1.0, 1.0, 1.0], "lbd": 300.0, "thresh": 0.5, "r_type": "subpopulation", "t_type": "acceptance", "eta_obs_individualized": NaN, "eta_obs_refits_batch0_mean": 0.6599999666213989, "model_score": 0.88, "model_f1": 0.8857142857142858, "model_refits_batch0_scores": [0.9, 0.875, 0.89, 0.875, 0.875], "model_refits_batch0_f1s": [0.903846153846154, 0.8768472906403941, 0.8981481481481481, 0.8792270531400966, 0.8815165876777251], "model_coef": [[0.4649170591786886, 0.9001312728421814, 1.295518963328292], [0.07671517222498235]]}