{"accuracy_pre": 1.0, "accuracy_post": 0.83, "recourse_seeking_ixs": [1263, 1007, 1224, 1067, 1742, 1313, 1642, 1347, 1923, 1565, 1631, 1924, 1913, 1593, 1576, 1797, 1234, 1708, 1236, 1824, 1205, 1284, 1282, 1303, 1557, 1462, 1896, 1950, 1988, 1588, 1560, 1907, 1145, 1468, 1652, 1879, 1541, 1674, 1911, 1277, 1219, 1221, 1349, 1859, 1884, 1801, 1193, 1105, 1519, 1227, 1464, 1681, 1994, 1312, 1231, 1864, 1470, 1167, 1150, 1274, 1709, 1348, 1162, 1835, 1189, 1934, 1865, 1713, 1291, 1316, 1680, 1606, 1626, 1697, 1253, 1418, 1900, 1778, 1603, 1443, 1401, 1346, 1177, 1517, 1574, 1806, 1607, 1858, 1065, 1233, 1288, 1033, 1254, 1899, 1639, 1071, 1317, 1983, 1954, 1306], "recourse_recommended_ixs": [1263, 1007, 1224, 1067, 1742, 1313, 1642, 1347, 1923, 1565, 1631, 1924, 1913, 1593, 1576, 1797, 1234, 1708, 1236, 1824, 1205, 1284, 1282, 1303, 1557, 1462, 1896, 1950, 1988, 1588, 1560, 1907, 1145, 1468, 1652, 1879, 1541, 1674, 1911, 1277, 1219, 1221, 1349, 1859, 1884, 1801, 1193, 1105, 1519, 1227, 1464, 1681, 1994, 1312, 1231, 1864, 1470, 1167, 1150, 1274, 1709, 1348, 1162, 1835, 1189, 1934, 1865, 1713, 1291, 1316, 1680, 1606, 1626, 1697, 1253, 1418, 1900, 1778, 1603, 1443, 1401, 1346, 1177, 1517, 1574, 1806, 1607, 1858, 1065, 1233, 1288, 1033, 1254, 1899, 1639, 1071, 1317, 1983, 1954, 1306], "perc_recomm_found": 1.0, "gamma": 0.75, "eta": 0.75, "gamma_obs": 1.0, "gamma_obs_pre": 0.0, "eta_obs": 0.83, "costs": [1.0, 1.0], "lbd": 150.0, "thresh": 0.5, "r_type": "subpopulation", "t_type": "improvement", "eta_obs_individualized": NaN, "eta_obs_refits_batch0_mean": 0.8479999303817749, "model_score": 0.89, "model_f1": 0.9990069513406157, "model_refits_batch0_scores": [0.998, 0.998, 1.0, 0.998, 0.998], "model_refits_batch0_f1s": [0.99800796812749, 0.99800796812749, 1.0, 0.99800796812749, 0.99800796812749], "model_coef": NaN}