{"accuracy_pre": 1.0, "accuracy_post": 1.0, "recourse_seeking_ixs": [1464, 1940, 1383, 1737, 1243, 1668, 1023, 1782, 1013, 1790, 1107, 1528, 1165, 1490, 1603, 1582, 1105, 1833, 1308, 1818, 1091, 1555, 1594, 1502, 1199, 1786, 1580, 1844, 1139, 1566, 1921, 1969, 1454, 1333, 1044, 1036, 1630, 1570, 1674, 1846, 1671, 1195, 1537, 1947, 1211, 1479, 1841, 1352, 1749, 1613, 1330, 1342, 1184, 1081, 1736, 1297, 1563, 1499, 1676, 1661, 1129, 1172, 1164, 1799, 1215, 1364, 1084, 1014, 1981, 1230, 1551, 1946, 1523, 1401, 1923, 1742, 1855, 1515, 1620, 1901, 1521, 1614, 1041, 1260, 1298, 1592, 1955, 1354, 1003, 1681, 1249, 1009, 1449, 1148, 1175, 1233, 1135, 1473, 1037, 1027], "recourse_recommended_ixs": [1464, 1940, 1383, 1737, 1243, 1668, 1023, 1782, 1013, 1790, 1107, 1528, 1165, 1490, 1603, 1582, 1105, 1833, 1308, 1818, 1091, 1555, 1594, 1502, 1199, 1786, 1580, 1844, 1139, 1566, 1921, 1969, 1454, 1333, 1044, 1036, 1630, 1570, 1674, 1846, 1671, 1195, 1537, 1947, 1211, 1479, 1841, 1352, 1749, 1613, 1330, 1342, 1184, 1081, 1736, 1297, 1563, 1499, 1676, 1661, 1129, 1172, 1164, 1799, 1215, 1364, 1084, 1014, 1981, 1230, 1551, 1946, 1523, 1401, 1923, 1742, 1855, 1515, 1620, 1901, 1521, 1614, 1041, 1260, 1298, 1592, 1955, 1354, 1003, 1681, 1249, 1009, 1449, 1148, 1175, 1233, 1135, 1473, 1037, 1027], "perc_recomm_found": 1.0, "gamma": 0.75, "eta": 0.75, "gamma_obs": 1.0, "gamma_obs_pre": 0.0, "eta_obs": 1.0, "costs": [1.0, 1.0, 1.0], "lbd": 150.0, "thresh": 0.5, "r_type": "individualized", "t_type": "acceptance", "eta_obs_individualized": NaN, "eta_obs_refits_batch0_mean": 0.9640000462532043, "model_score": 0.984, "model_f1": 0.997907949790795, "model_refits_batch0_scores": [0.998, 0.998, 0.995, 0.995, 0.998], "model_refits_batch0_f1s": [0.9979674796747968, 0.9979674796747968, 0.9949031600407746, 0.9949031600407746, 0.9979674796747968], "model_coef": NaN}