{"accuracy_pre": 0.9, "accuracy_post": 0.68, "recourse_seeking_ixs": [666, 504, 965, 824, 692, 596, 788, 914, 961, 515, 586, 508, 648, 686, 982, 956, 814, 509, 962, 573, 783, 634, 976, 759, 627, 963, 907, 753, 512, 500, 980, 562, 803, 657, 695, 795, 545, 690, 911, 668, 707, 838, 729, 560, 798, 503, 848, 930, 757, 575, 806, 519, 817, 605, 815, 777, 970, 631, 583, 780, 647, 623, 984, 616, 582, 927, 653, 717, 553, 787, 800, 768, 738, 664, 993, 713, 774, 943, 999, 700, 600, 683, 638, 595, 822, 517, 885, 643, 991, 928, 812, 765, 830, 688, 696, 890, 932, 680, 507, 791], "recourse_recommended_ixs": [666, 504, 965, 824, 692, 596, 788, 914, 961, 515, 586, 508, 648, 686, 982, 956, 814, 509, 962, 573, 783, 634, 976, 759, 627, 963, 907, 753, 512, 500, 980, 562, 803, 657, 695, 795, 545, 690, 911, 668, 707, 838, 729, 560, 798, 503, 848, 930, 757, 575, 806, 519, 817, 605, 815, 777, 970, 631, 583, 780, 647, 623, 984, 616, 582, 927, 653, 717, 553, 787, 800, 768, 738, 664, 993, 713, 774, 943, 999, 700, 600, 683, 638, 595, 822, 517, 885, 643, 991, 928, 812, 765, 830, 688, 696, 890, 932, 680, 507, 791], "perc_recomm_found": 1.0, "gamma": 0.75, "eta": 0.75, "gamma_obs": 0.6499999761581421, "gamma_obs_pre": 0.10000000149011612, "eta_obs": 0.81, "costs": [1.0, 1.0], "lbd": 300.0, "thresh": 0.5, "r_type": "subpopulation", "t_type": "improvement", "eta_obs_individualized": NaN, "eta_obs_refits_batch0_mean": 0.7799999713897705, "model_score": 0.734, "model_f1": 0.7777777777777777, "model_refits_batch0_scores": [0.824, 0.822, 0.818, 0.804, 0.816], "model_refits_batch0_f1s": [0.8189300411522634, 0.8179959100204499, 0.8115942028985509, 0.7983539094650206, 0.8], "model_coef": [[-0.15516047170550962, 0.3887020845851001, 0.7972309199062461], [-0.34300633791006724]]}