{"inv": 0.09090909090909091, "val_m2": 0.9090909090909091, "val_m1": 1.0}