{"accuracy_pre": 0.86, "accuracy_post": 0.2, "recourse_seeking_ixs": [329, 216, 210, 357, 368, 275, 367, 273, 343, 280, 235, 319, 356, 268, 385, 215, 348, 355, 229, 281, 225, 295, 395, 388, 346, 397, 217, 237, 258, 240, 262, 249, 372, 218, 272, 241, 207, 338, 315, 381, 376, 288, 326, 300, 277, 399, 286, 206, 318, 377], "recourse_recommended_ixs": [329, 216, 210, 357, 368, 275, 367, 273, 343, 280, 235, 319, 356, 268, 385, 215, 348, 355, 229, 281, 225, 295, 395, 388, 346, 397, 217, 237, 258, 240, 262, 249, 372, 218, 272, 241, 207, 338, 315, 381, 376, 288, 326, 300, 277, 399, 286, 206, 318, 377], "perc_recomm_found": 1.0, "gamma": 0.9, "eta": 0.9, "gamma_obs": 0.20000000298023224, "gamma_obs_pre": 0.14000000059604645, "eta_obs": 1.0, "costs": [1.0, 1.0, 1.0], "lbd": 300.0, "thresh": 0.5, "r_type": "individualized", "t_type": "acceptance", "eta_obs_individualized": NaN, "eta_obs_refits_batch0_mean": 0.7680000066757202, "model_score": 0.835, "model_f1": 0.8390243902439025, "model_refits_batch0_scores": [0.835, 0.84, 0.82, 0.845, 0.84], "model_refits_batch0_f1s": [0.8358208955223881, 0.8446601941747572, 0.8333333333333333, 0.8472906403940886, 0.8476190476190476], "model_coef": [[0.07555500994582112, -0.07452316822195457, 1.0670498870394096], [-0.4901403155014133]]}