{"accuracy_pre": 0.88, "accuracy_post": 0.97, "recourse_seeking_ixs": [878, 636, 995, 874, 664, 521, 643, 843, 983, 939, 787, 847, 656, 802, 692, 754, 920, 600, 959, 905, 553, 855, 890, 985, 640, 666, 773, 597, 668, 704, 580, 575, 953, 586, 853, 661, 546, 980, 679, 698, 962, 509, 657, 727, 956, 662, 805, 975, 535, 703, 663, 792, 539, 942, 862, 823, 527, 946, 824, 667, 585, 626, 871, 739, 678, 570, 809, 798, 723, 790, 784, 746, 592, 730, 715, 945, 972, 684, 761, 958, 659, 929, 665, 785, 931, 771, 632, 991, 650, 811, 747, 815, 670, 998, 549, 845, 563, 848, 863, 635], "recourse_recommended_ixs": [878, 636, 995, 874, 664, 521, 643, 843, 983, 939, 787, 847, 656, 802, 692, 754, 920, 600, 959, 905, 553, 855, 890, 985, 640, 666, 773, 597, 668, 704, 580, 575, 953, 586, 853, 661, 546, 980, 679, 698, 962, 509, 657, 727, 956, 662, 805, 975, 535, 703, 663, 792, 539, 942, 862, 823, 527, 946, 824, 667, 585, 626, 871, 739, 678, 570, 809, 798, 723, 790, 784, 746, 592, 730, 715, 945, 972, 684, 761, 958, 659, 929, 665, 785, 931, 771, 632, 991, 650, 811, 747, 815, 670, 998, 549, 845, 563, 848, 863, 635], "perc_recomm_found": 1.0, "gamma": 0.95, "eta": 0.95, "gamma_obs": 0.9800000190734863, "gamma_obs_pre": 0.11999999731779099, "eta_obs": 0.99, "costs": [1.0, 1.0, 1.0], "lbd": 300.0, "thresh": 0.5, "r_type": "individualized", "t_type": "improvement", "eta_obs_individualized": 1.0, "eta_obs_refits_batch0_mean": 0.9760000109672546, "model_score": 0.87, "model_f1": 0.8625, "model_refits_batch0_scores": [0.848, 0.852, 0.822, 0.838, 0.836], "model_refits_batch0_f1s": [0.8396624472573839, 0.8445378151260504, 0.8086021505376344, 0.8258064516129033, 0.8270042194092827], "model_coef": NaN}