{"accuracy_pre": 0.95, "accuracy_post": 0.45, "recourse_seeking_ixs": [670, 596, 938, 709, 590, 958, 502, 874, 905, 736, 944, 704, 752, 739, 594, 890, 681, 583, 686, 999, 791, 676, 967, 982, 864, 965, 751, 946, 631, 508, 674, 955, 664, 979, 795, 610, 846, 537, 605, 737, 728, 689, 632, 524, 622, 755, 913, 851, 823, 894, 916, 721, 996, 770, 814, 856, 540, 702, 746, 782, 885, 766, 760, 796, 761, 595, 526, 514, 724, 886, 654, 630, 604, 915, 941, 732, 584, 774, 852, 570, 786, 873, 527, 613, 506, 816, 745, 952, 522, 919, 983, 783, 828, 611, 934, 954, 579, 563, 619, 603], "recourse_recommended_ixs": [670, 596, 938, 709, 590, 958, 502, 874, 905, 736, 944, 704, 752, 739, 594, 890, 681, 583, 686, 999, 791, 676, 967, 982, 864, 965, 751, 946, 631, 508, 674, 955, 664, 979, 795, 610, 846, 537, 605, 737, 728, 689, 632, 524, 622, 755, 913, 851, 823, 894, 916, 721, 996, 770, 814, 856, 540, 702, 746, 782, 885, 766, 760, 796, 761, 595, 526, 514, 724, 886, 654, 630, 604, 915, 941, 732, 584, 774, 852, 570, 786, 873, 527, 613, 506, 816, 745, 952, 522, 919, 983, 783, 828, 611, 934, 954, 579, 563, 619, 603], "perc_recomm_found": 1.0, "gamma": 0.75, "eta": 0.75, "gamma_obs": 0.3799999952316284, "gamma_obs_pre": 0.05000000074505806, "eta_obs": 0.99, "costs": [1.0, 1.0, 1.0], "lbd": 300.0, "thresh": 0.5, "r_type": "individualized", "t_type": "counterfactual", "eta_obs_individualized": NaN, "eta_obs_refits_batch0_mean": 0.4880000054836273, "model_score": 0.892, "model_f1": 0.9009708737864077, "model_refits_batch0_scores": [0.862, 0.86, 0.86, 0.846, 0.86], "model_refits_batch0_f1s": [0.8516129032258065, 0.8504273504273505, 0.8458149779735683, 0.8285077951002228, 0.8478260869565217], "model_coef": NaN}