{"accuracy_pre": 0.82, "accuracy_post": 0.77, "recourse_seeking_ixs": [669, 953, 906, 967, 722, 842, 622, 695, 780, 994, 555, 884, 890, 965, 631, 838, 548, 765, 769, 591, 565, 654, 701, 893, 619, 821, 683, 857, 817, 616, 847, 521, 808, 779, 502, 880, 755, 990, 966, 682, 602, 672, 846, 960, 536, 859, 802, 668, 752, 886, 500, 810, 983, 659, 908, 850, 799, 562, 649, 679, 959, 823, 887, 876, 694, 714, 532, 607, 699, 736, 568, 662, 709, 827, 646, 775, 605, 941, 851, 806, 899, 704, 750, 860, 803, 640, 811, 545, 749, 784, 716, 706, 561, 677, 552, 889, 945, 609, 961, 861], "recourse_recommended_ixs": [669, 953, 906, 967, 722, 842, 622, 780, 994, 555, 884, 965, 631, 838, 548, 765, 769, 591, 565, 654, 701, 893, 619, 821, 683, 857, 817, 616, 847, 521, 808, 779, 502, 880, 755, 990, 966, 682, 602, 672, 846, 960, 536, 859, 802, 668, 752, 886, 500, 810, 983, 659, 908, 850, 799, 562, 649, 679, 959, 823, 887, 876, 694, 714, 532, 607, 699, 736, 568, 662, 709, 827, 646, 775, 605, 941, 851, 899, 704, 750, 860, 803, 640, 811, 545, 749, 784, 716, 706, 561, 677, 552, 889, 945, 609, 961, 861], "perc_recomm_found": 0.97, "gamma": 0.75, "eta": 0.75, "gamma_obs": 0.7731958627700806, "gamma_obs_pre": 0.15463916957378387, "eta_obs": 0.8762886597938144, "costs": [1.0, 1.0], "lbd": 300.0, "thresh": 0.5, "r_type": "individualized", "t_type": "improvement", "eta_obs_individualized": 0.8350515463917526, "eta_obs_refits_batch0_mean": 0.88453608751297, "model_score": 0.762, "model_f1": 0.7381974248927039, "model_refits_batch0_scores": [0.778, 0.794, 0.784, 0.802, 0.806], "model_refits_batch0_f1s": [0.7412587412587412, 0.7736263736263737, 0.7440758293838863, 0.7724137931034482, 0.7868131868131869], "model_coef": NaN}