{"accuracy_pre": 0.94, "accuracy_post": 0.42, "recourse_seeking_ixs": [260, 222, 286, 276, 247, 393, 242, 232, 375, 330, 206, 271, 355, 396, 356, 211, 335, 202, 233, 253, 298, 266, 329, 388, 319, 241, 347, 354, 367, 244, 372, 200, 275, 398, 213, 292, 262, 345, 228, 291, 216, 353, 280, 226, 204, 394, 279, 243, 374, 348], "recourse_recommended_ixs": [260, 222, 286, 276, 247, 393, 242, 232, 375, 330, 206, 271, 355, 396, 356, 211, 335, 202, 233, 253, 298, 266, 329, 388, 319, 241, 347, 354, 367, 244, 372, 200, 275, 398, 213, 292, 262, 345, 228, 291, 216, 353, 280, 226, 204, 394, 279, 243, 374, 348], "perc_recomm_found": 1.0, "gamma": 0.9, "eta": 0.9, "gamma_obs": 0.41999998688697815, "gamma_obs_pre": 0.05999999865889549, "eta_obs": 1.0, "costs": [1.0, 1.0, 1.0], "lbd": 300.0, "thresh": 0.5, "r_type": "individualized", "t_type": "acceptance", "eta_obs_individualized": NaN, "eta_obs_refits_batch0_mean": 0.7080000042915344, "model_score": 0.885, "model_f1": 0.8756756756756756, "model_refits_batch0_scores": [0.885, 0.87, 0.86, 0.88, 0.885], "model_refits_batch0_f1s": [0.8783068783068784, 0.8631578947368421, 0.8541666666666666, 0.868131868131868, 0.8670520231213872], "model_coef": [[0.6796551433556134, 0.492274725512934, 1.2768015985176502], [0.0601864319770839]]}