{"accuracy_pre": 0.78, "accuracy_post": 0.32, "recourse_seeking_ixs": [398, 315, 291, 388, 287, 312, 360, 325, 285, 270, 265, 395, 222, 342, 282, 242, 370, 321, 308, 258, 332, 380, 278, 385, 357, 200, 378, 243, 225, 289, 229, 281, 257, 364, 330, 290, 252, 251, 320, 305, 300, 294, 372, 272, 351, 331, 336, 204, 302, 319], "recourse_recommended_ixs": [398, 315, 291, 388, 287, 312, 360, 325, 285, 270, 265, 395, 222, 342, 282, 242, 370, 321, 308, 258, 332, 380, 278, 385, 357, 200, 378, 243, 225, 289, 229, 281, 257, 364, 330, 290, 252, 251, 320, 305, 300, 294, 372, 272, 351, 331, 336, 204, 302, 319], "perc_recomm_found": 1.0, "gamma": 0.9, "eta": 0.9, "gamma_obs": 0.3400000035762787, "gamma_obs_pre": 0.2199999988079071, "eta_obs": 0.98, "costs": [1.0, 1.0, 1.0], "lbd": 300.0, "thresh": 0.5, "r_type": "subpopulation", "t_type": "acceptance", "eta_obs_individualized": NaN, "eta_obs_refits_batch0_mean": 0.4320000112056732, "model_score": 0.82, "model_f1": 0.7804878048780488, "model_refits_batch0_scores": [0.8, 0.81, 0.815, 0.81, 0.805], "model_refits_batch0_f1s": [0.7468354430379747, 0.759493670886076, 0.7784431137724551, 0.7625000000000001, 0.7607361963190183], "model_coef": [[0.02260722935085026, 0.19040615693601223, 0.6777748981822612], [-0.6662360638079102]]}