{"accuracy_pre": 0.82, "accuracy_post": 0.32, "recourse_seeking_ixs": [934, 877, 721, 925, 939, 889, 829, 735, 885, 602, 549, 510, 810, 718, 794, 840, 646, 553, 749, 587, 713, 675, 892, 850, 601, 662, 830, 547, 762, 777, 778, 918, 746, 503, 643, 693, 863, 854, 729, 968, 668, 606, 771, 724, 509, 961, 681, 542, 575, 839, 704, 897, 873, 516, 766, 727, 937, 608, 853, 732, 570, 644, 501, 913, 860, 616, 571, 639, 701, 812, 685, 852, 798, 521, 831, 736, 865, 722, 692, 782, 625, 725, 871, 880, 833, 994, 588, 705, 845, 776, 787, 807, 530, 595, 876, 551, 760, 744, 574, 903], "recourse_recommended_ixs": [934, 877, 721, 925, 939, 889, 829, 735, 885, 602, 549, 510, 810, 718, 794, 840, 646, 553, 749, 587, 713, 675, 892, 850, 601, 662, 830, 547, 762, 777, 778, 918, 746, 503, 643, 693, 863, 854, 729, 968, 668, 606, 771, 724, 509, 961, 681, 542, 575, 839, 704, 897, 873, 516, 766, 727, 937, 608, 853, 732, 570, 644, 501, 913, 860, 616, 571, 639, 701, 812, 685, 852, 798, 521, 831, 736, 865, 722, 692, 782, 625, 725, 871, 880, 833, 994, 588, 705, 845, 776, 787, 807, 530, 595, 876, 551, 760, 744, 574, 903], "perc_recomm_found": 1.0, "gamma": 0.95, "eta": 0.95, "gamma_obs": 0.23000000417232513, "gamma_obs_pre": 0.18000000715255737, "eta_obs": 0.91, "costs": [1.0, 1.0, 1.0], "lbd": 300.0, "thresh": 0.5, "r_type": "individualized", "t_type": "counterfactual", "eta_obs_individualized": NaN, "eta_obs_refits_batch0_mean": 0.3840000033378601, "model_score": 0.786, "model_f1": 0.8207171314741036, "model_refits_batch0_scores": [0.796, 0.788, 0.812, 0.74, 0.776], "model_refits_batch0_f1s": [0.7943548387096774, 0.7845528455284553, 0.8016877637130803, 0.75, 0.7575757575757576], "model_coef": NaN}