{"accuracy_pre": 0.84, "accuracy_post": 0.81, "recourse_seeking_ixs": [366, 447, 462, 469, 470, 442, 339, 427, 293, 404, 449, 485, 371, 292, 409, 402, 329, 332, 414, 328, 279, 466, 327, 478, 357, 281, 498, 422, 413, 266, 251, 426, 438, 379, 408, 264, 261, 312, 347, 297, 432, 434, 420, 331, 315, 288, 410, 395, 285, 287, 477, 403, 273, 453, 494, 322, 496, 359, 314, 479, 384, 310, 419, 336, 289, 275, 305, 499, 302, 415, 465, 353, 350, 472, 491, 374, 258, 295, 274, 324, 471, 307, 457, 476, 484, 458, 461, 278, 326, 370, 343, 382, 263, 363, 433, 368, 424, 400, 418, 308], "recourse_recommended_ixs": [366, 447, 462, 469, 470, 442, 339, 427, 293, 404, 449, 485, 371, 292, 409, 402, 329, 332, 414, 328, 279, 466, 327, 478, 357, 281, 498, 422, 413, 266, 251, 426, 438, 379, 408, 264, 261, 312, 347, 297, 432, 434, 420, 331, 315, 288, 410, 395, 285, 287, 477, 403, 273, 453, 494, 322, 496, 359, 314, 479, 384, 310, 419, 336, 289, 275, 305, 499, 302, 415, 465, 353, 350, 472, 491, 374, 258, 295, 274, 324, 471, 307, 457, 476, 484, 458, 461, 278, 326, 370, 343, 382, 263, 363, 433, 368, 424, 400, 418, 308], "perc_recomm_found": 1.0, "gamma": 0.75, "eta": 0.75, "gamma_obs": 0.75, "gamma_obs_pre": 0.1599999964237213, "eta_obs": 0.84, "costs": [1.0, 1.0], "lbd": 100.0, "thresh": 0.5, "r_type": "individualized", "t_type": "improvement", "eta_obs_individualized": 0.78, "eta_obs_refits_batch0_mean": 0.8720000386238098, "model_score": 0.848, "model_f1": 0.8347826086956522, "model_refits_batch0_scores": [0.84, 0.836, 0.844, 0.848, 0.848], "model_refits_batch0_f1s": [0.8260869565217391, 0.8270042194092827, 0.8311688311688311, 0.8362068965517241, 0.8288288288288288], "model_coef": [[-0.16667853188412862, -0.2163740372566479, 1.1185904589022906], [-0.7232530892363257]]}