{"accuracy_pre": 0.7, "accuracy_post": 0.64, "recourse_seeking_ixs": [644, 586, 646, 971, 550, 511, 519, 965, 707, 782, 507, 856, 756, 942, 959, 545, 643, 628, 660, 517, 590, 943, 936, 647, 587, 847, 708, 981, 937, 932, 685, 608, 783, 803, 945, 755, 972, 923, 838, 553, 801, 753, 712, 821, 853, 934, 777, 768, 980, 800, 910, 542, 770, 605, 683, 920, 500, 604, 938, 629, 914, 729, 883, 950, 575, 915, 913, 850, 612, 925, 877, 694, 961, 824, 772, 780, 582, 686, 562, 998, 738, 917, 953, 963, 767, 567, 926, 699, 759, 804, 717, 506, 762, 687, 573, 795, 769, 726, 532, 696], "recourse_recommended_ixs": [586, 646, 971, 550, 511, 519, 965, 707, 782, 507, 856, 756, 942, 959, 545, 643, 628, 660, 517, 590, 943, 936, 647, 587, 847, 708, 981, 937, 932, 685, 608, 783, 803, 945, 755, 972, 923, 838, 553, 801, 753, 712, 821, 853, 934, 777, 768, 980, 800, 910, 770, 605, 683, 920, 500, 604, 938, 629, 914, 729, 883, 950, 575, 915, 913, 612, 925, 877, 961, 824, 772, 780, 582, 686, 562, 738, 917, 953, 963, 767, 567, 926, 699, 759, 804, 717, 506, 687, 573, 795, 769, 726, 532, 696], "perc_recomm_found": 0.94, "gamma": 0.75, "eta": 0.75, "gamma_obs": 0.7553191781044006, "gamma_obs_pre": 0.27659574151039124, "eta_obs": 0.8617021276595744, "costs": [1.0, 1.0, 1.0], "lbd": 300.0, "thresh": 0.5, "r_type": "subpopulation", "t_type": "improvement", "eta_obs_individualized": NaN, "eta_obs_refits_batch0_mean": 0.8382978439331055, "model_score": 0.72, "model_f1": 0.7756410256410258, "model_refits_batch0_scores": [0.726, 0.746, 0.734, 0.694, 0.712], "model_refits_batch0_f1s": [0.7835703001579778, 0.7886855241264561, 0.7905511811023622, 0.7520259319286872, 0.7669902912621359], "model_coef": NaN}