{"accuracy_pre": 0.76, "accuracy_post": 0.76, "recourse_seeking_ixs": [969, 569, 710, 628, 583, 802, 881, 993, 567, 885, 857, 799, 939, 869, 688, 721, 865, 760, 992, 756, 731, 948, 766, 516, 500, 640, 854, 751, 807, 630, 667, 995, 814, 696, 563, 805, 586, 548, 702, 556, 564, 668, 603, 654, 729, 605, 506, 530, 956, 834, 632, 844, 592, 698, 943, 510, 973, 770, 808, 741, 611, 541, 601, 639, 560, 733, 626, 547, 859, 680, 732, 809, 762, 503, 609, 836, 705, 824, 779, 536, 800, 549, 590, 897, 763, 684, 889, 706, 749, 816, 691, 713, 847, 780, 642, 903, 851, 793, 512, 617], "recourse_recommended_ixs": [969, 569, 710, 628, 583, 802, 881, 993, 567, 885, 857, 799, 939, 869, 688, 721, 865, 760, 992, 756, 731, 948, 766, 516, 500, 640, 854, 751, 807, 630, 667, 995, 814, 696, 563, 805, 586, 548, 702, 556, 564, 668, 603, 654, 729, 605, 506, 530, 956, 834, 632, 844, 592, 698, 943, 510, 973, 770, 808, 741, 611, 541, 601, 560, 733, 626, 547, 859, 680, 732, 762, 503, 609, 836, 705, 824, 779, 536, 800, 549, 590, 897, 763, 684, 889, 706, 749, 816, 691, 713, 847, 780, 642, 903, 851, 793, 512, 617], "perc_recomm_found": 0.98, "gamma": 0.75, "eta": 0.75, "gamma_obs": 0.7244898080825806, "gamma_obs_pre": 0.22448979318141937, "eta_obs": 0.7448979591836735, "costs": [1.0, 1.0], "lbd": 300.0, "thresh": 0.5, "r_type": "subpopulation", "t_type": "improvement", "eta_obs_individualized": NaN, "eta_obs_refits_batch0_mean": 0.7183673977851868, "model_score": 0.724, "model_f1": 0.7317073170731706, "model_refits_batch0_scores": [0.778, 0.794, 0.784, 0.802, 0.806], "model_refits_batch0_f1s": [0.7412587412587412, 0.7736263736263737, 0.7440758293838863, 0.7724137931034482, 0.7868131868131869], "model_coef": NaN}