{"accuracy_pre": 0.9, "accuracy_post": 0.96, "recourse_seeking_ixs": [245, 307, 311, 243, 277, 213, 227, 256, 214, 382, 362, 238, 338, 220, 390, 242, 301, 229, 272, 285, 354, 340, 365, 373, 358, 269, 367, 240, 296, 383, 388, 278, 363, 236, 252, 248, 380, 281, 346, 357, 250, 313, 263, 233, 271, 259, 306, 264, 304, 366], "recourse_recommended_ixs": [245, 307, 311, 243, 277, 213, 227, 256, 214, 382, 362, 238, 338, 220, 390, 242, 301, 229, 272, 285, 354, 340, 365, 373, 358, 269, 367, 240, 296, 383, 388, 278, 363, 236, 252, 248, 380, 281, 346, 357, 250, 313, 263, 233, 271, 259, 306, 264, 304, 366], "perc_recomm_found": 1.0, "gamma": 0.95, "eta": 0.95, "gamma_obs": 0.9599999785423279, "gamma_obs_pre": 0.10000000149011612, "eta_obs": 1.0, "costs": [1.0, 1.0], "lbd": 300.0, "thresh": 0.5, "r_type": "subpopulation", "t_type": "improvement", "eta_obs_individualized": NaN, "eta_obs_refits_batch0_mean": 1.0, "model_score": 0.875, "model_f1": 0.8780487804878048, "model_refits_batch0_scores": [0.855, 0.865, 0.875, 0.86, 0.865], "model_refits_batch0_f1s": [0.862559241706161, 0.8682926829268293, 0.8768472906403941, 0.8640776699029127, 0.8682926829268293], "model_coef": [[0.452635204991619, 0.16060568576669998, 1.0671520552226303], [-0.5292932973234105]]}