{"accuracy_pre": 0.88, "accuracy_post": 0.24, "recourse_seeking_ixs": [383, 392, 242, 345, 232, 325, 206, 369, 361, 333, 253, 285, 313, 317, 334, 215, 200, 292, 258, 398, 267, 335, 248, 270, 224, 397, 344, 379, 223, 332, 377, 268, 218, 305, 340, 228, 318, 328, 382, 263, 238, 390, 320, 201, 396, 315, 322, 222, 209, 358], "recourse_recommended_ixs": [383, 392, 242, 345, 232, 325, 206, 369, 361, 333, 253, 285, 313, 317, 334, 215, 200, 292, 258, 398, 267, 335, 248, 270, 224, 397, 344, 379, 223, 332, 377, 268, 218, 305, 340, 228, 318, 328, 382, 263, 238, 390, 320, 201, 396, 315, 322, 222, 209, 358], "perc_recomm_found": 1.0, "gamma": 0.9, "eta": 0.9, "gamma_obs": 0.2199999988079071, "gamma_obs_pre": 0.11999999731779099, "eta_obs": 0.98, "costs": [1.0, 1.0, 1.0], "lbd": 300.0, "thresh": 0.5, "r_type": "individualized", "t_type": "counterfactual", "eta_obs_individualized": NaN, "eta_obs_refits_batch0_mean": 0.5479999780654907, "model_score": 0.89, "model_f1": 0.8952380952380954, "model_refits_batch0_scores": [0.885, 0.895, 0.875, 0.88, 0.885], "model_refits_batch0_f1s": [0.8888888888888888, 0.896551724137931, 0.8837209302325582, 0.8867924528301887, 0.8878048780487806], "model_coef": [[0.09876300843139023, 0.15530503797797846, 0.7813287887468571], [-0.1826290106990565]]}