{"accuracy_pre": 0.87, "accuracy_post": 0.95, "recourse_seeking_ixs": [647, 790, 758, 823, 609, 511, 910, 884, 955, 586, 777, 582, 840, 793, 971, 654, 754, 601, 625, 529, 782, 694, 852, 746, 828, 841, 829, 825, 702, 649, 571, 506, 574, 714, 995, 846, 641, 715, 859, 608, 700, 774, 964, 512, 612, 738, 830, 661, 681, 865, 713, 538, 689, 956, 510, 874, 745, 721, 735, 974, 935, 907, 534, 928, 750, 540, 891, 831, 820, 629, 600, 811, 902, 579, 919, 978, 888, 706, 975, 611, 806, 949, 966, 533, 873, 760, 927, 583, 875, 945, 899, 864, 802, 676, 663, 604, 519, 539, 623, 602], "recourse_recommended_ixs": [647, 790, 758, 823, 609, 511, 910, 884, 955, 586, 777, 582, 840, 793, 971, 654, 754, 601, 625, 529, 782, 694, 852, 746, 828, 841, 829, 825, 702, 649, 571, 506, 574, 714, 995, 846, 641, 715, 859, 608, 700, 774, 964, 512, 612, 738, 830, 661, 681, 865, 713, 538, 689, 956, 510, 874, 745, 721, 735, 974, 935, 907, 534, 928, 750, 540, 891, 831, 820, 629, 600, 811, 902, 579, 919, 978, 888, 706, 975, 611, 806, 949, 966, 533, 873, 760, 927, 583, 875, 945, 899, 864, 802, 676, 663, 604, 519, 539, 623, 602], "perc_recomm_found": 1.0, "gamma": 0.95, "eta": 0.95, "gamma_obs": 0.949999988079071, "gamma_obs_pre": 0.12999999523162842, "eta_obs": 1.0, "costs": [1.0, 1.0], "lbd": 300.0, "thresh": 0.5, "r_type": "individualized", "t_type": "improvement", "eta_obs_individualized": 0.99, "eta_obs_refits_batch0_mean": 0.9979999661445618, "model_score": 0.782, "model_f1": 0.7351129363449691, "model_refits_batch0_scores": [0.814, 0.808, 0.822, 0.758, 0.796], "model_refits_batch0_f1s": [0.8074534161490684, 0.8064516129032259, 0.8126315789473685, 0.7575150300601203, 0.782051282051282], "model_coef": NaN}