{"accuracy_pre": 1.0, "accuracy_post": 1.0, "recourse_seeking_ixs": [1486, 1909, 1490, 1528, 1977, 1084, 1603, 1401, 1382, 1455, 1025, 1918, 1333, 1222, 1006, 1065, 1865, 1480, 1031, 1008, 1730, 1185, 1453, 1682, 1472, 1103, 1218, 1961, 1502, 1917, 1595, 1622, 1863, 1284, 1110, 1286, 1744, 1941, 1588, 1763, 1802, 1498, 1449, 1038, 1311, 1636, 1515, 1859, 1996, 1794, 1691, 1567, 1234, 1287, 1732, 1061, 1536, 1630, 1971, 1966, 1170, 1246, 1814, 1129, 1555, 1409, 1072, 1876, 1039, 1446, 1396, 1494, 1700, 1029, 1594, 1846, 1675, 1063, 1975, 1483, 1059, 1524, 1676, 1068, 1563, 1978, 1464, 1882, 1299, 1980, 1923, 1122, 1862, 1620, 1946, 1454, 1091, 1895, 1271, 1947], "recourse_recommended_ixs": [1486, 1909, 1490, 1528, 1977, 1084, 1603, 1401, 1382, 1455, 1025, 1918, 1333, 1222, 1006, 1065, 1865, 1480, 1031, 1008, 1730, 1185, 1453, 1682, 1472, 1103, 1218, 1961, 1502, 1917, 1595, 1622, 1863, 1284, 1110, 1286, 1744, 1941, 1588, 1763, 1802, 1498, 1449, 1038, 1311, 1636, 1515, 1859, 1996, 1794, 1691, 1567, 1234, 1287, 1732, 1061, 1536, 1630, 1971, 1966, 1170, 1246, 1814, 1129, 1555, 1409, 1072, 1876, 1039, 1446, 1396, 1494, 1700, 1029, 1594, 1846, 1675, 1063, 1975, 1483, 1059, 1524, 1676, 1068, 1563, 1978, 1464, 1882, 1299, 1980, 1923, 1122, 1862, 1620, 1946, 1454, 1091, 1895, 1271, 1947], "perc_recomm_found": 1.0, "gamma": 0.95, "eta": 0.95, "gamma_obs": 1.0, "gamma_obs_pre": 0.0, "eta_obs": 1.0, "costs": [1.0, 1.0, 1.0], "lbd": 150.0, "thresh": 0.5, "r_type": "subpopulation", "t_type": "improvement", "eta_obs_individualized": NaN, "eta_obs_refits_batch0_mean": 1.0, "model_score": 0.706, "model_f1": 0.9989594172736733, "model_refits_batch0_scores": [1.0, 1.0, 0.997, 0.997, 1.0], "model_refits_batch0_f1s": [1.0, 1.0, 0.9969356486210419, 0.9969356486210419, 1.0], "model_coef": NaN}