{"accuracy_pre": 0.94, "accuracy_post": 0.54, "recourse_seeking_ixs": [960, 954, 622, 949, 650, 668, 765, 684, 598, 880, 726, 771, 727, 978, 652, 711, 687, 730, 938, 982, 621, 951, 775, 646, 536, 811, 635, 789, 806, 667, 692, 761, 740, 813, 902, 849, 707, 991, 909, 581, 868, 554, 644, 637, 600, 518, 861, 661, 709, 631, 814, 840, 522, 969, 728, 602, 935, 678, 552, 794, 743, 878, 920, 748, 809, 615, 998, 906, 662, 863, 831, 568, 745, 614, 859, 509, 587, 590, 940, 778, 619, 642, 871, 975, 524, 897, 623, 928, 605, 657, 746, 560, 769, 956, 700, 737, 985, 579, 607, 735], "recourse_recommended_ixs": [960, 954, 622, 949, 650, 668, 765, 684, 598, 880, 726, 771, 727, 978, 652, 711, 687, 730, 938, 982, 621, 951, 775, 646, 536, 811, 635, 789, 806, 667, 692, 761, 740, 813, 902, 849, 707, 991, 909, 581, 868, 554, 644, 637, 600, 518, 861, 661, 709, 631, 814, 840, 522, 969, 728, 602, 935, 678, 552, 794, 743, 878, 920, 748, 809, 615, 998, 906, 662, 863, 831, 568, 745, 614, 859, 509, 587, 590, 940, 778, 619, 642, 871, 975, 524, 897, 623, 928, 605, 657, 746, 560, 769, 956, 700, 737, 985, 579, 607, 735], "perc_recomm_found": 1.0, "gamma": 0.95, "eta": 0.95, "gamma_obs": 0.44999998807907104, "gamma_obs_pre": 0.05999999865889549, "eta_obs": 1.0, "costs": [1.0, 1.0, 1.0], "lbd": 300.0, "thresh": 0.5, "r_type": "subpopulation", "t_type": "counterfactual", "eta_obs_individualized": NaN, "eta_obs_refits_batch0_mean": 0.3959999978542328, "model_score": 0.862, "model_f1": 0.8769230769230769, "model_refits_batch0_scores": [0.89, 0.896, 0.876, 0.878, 0.874], "model_refits_batch0_f1s": [0.8842105263157893, 0.8884120171673819, 0.869198312236287, 0.8742268041237113, 0.8711656441717791], "model_coef": NaN}