{"accuracy_pre": 0.76, "accuracy_post": 0.8, "recourse_seeking_ixs": [327, 259, 292, 340, 300, 390, 362, 275, 237, 288, 249, 328, 355, 226, 391, 348, 383, 227, 276, 205, 251, 258, 342, 318, 398, 305, 347, 255, 380, 299, 395, 214, 286, 326, 263, 200, 372, 228, 217, 322, 387, 352, 313, 279, 261, 351, 363, 357, 385, 253], "recourse_recommended_ixs": [327, 259, 292, 340, 300, 390, 362, 275, 237, 288, 249, 328, 355, 226, 391, 348, 383, 227, 276, 205, 251, 258, 342, 318, 398, 305, 347, 255, 380, 299, 395, 214, 286, 326, 263, 200, 372, 228, 217, 322, 387, 352, 313, 279, 261, 351, 363, 357, 385, 253], "perc_recomm_found": 1.0, "gamma": 0.85, "eta": 0.85, "gamma_obs": 0.8399999737739563, "gamma_obs_pre": 0.23999999463558197, "eta_obs": 0.96, "costs": [1.0, 1.0], "lbd": 300.0, "thresh": 0.5, "r_type": "subpopulation", "t_type": "improvement", "eta_obs_individualized": NaN, "eta_obs_refits_batch0_mean": 0.9520000219345093, "model_score": 0.84, "model_f1": 0.8350515463917526, "model_refits_batch0_scores": [0.845, 0.83, 0.84, 0.835, 0.81], "model_refits_batch0_f1s": [0.8426395939086294, 0.8229166666666666, 0.8350515463917526, 0.8307692307692308, 0.8020833333333334], "model_coef": [[-0.16946272731113443, 0.5524081474879146, 0.9458878856188276], [-0.9974245096703458]]}