{"accuracy_pre": 0.82, "accuracy_post": 0.72, "recourse_seeking_ixs": [953, 802, 689, 602, 664, 636, 709, 937, 568, 622, 506, 619, 856, 743, 703, 560, 685, 585, 748, 842, 955, 982, 883, 663, 851, 848, 826, 758, 767, 969, 520, 774, 888, 642, 776, 731, 824, 505, 886, 878, 724, 580, 584, 547, 799, 722, 914, 927, 791, 778, 509, 512, 782, 739, 890, 896, 707, 526, 916, 605, 987, 784, 728, 986, 628, 786, 761, 938, 995, 611, 846, 586, 936, 595, 752, 598, 563, 947, 962, 957, 862, 603, 874, 649, 540, 674, 546, 589, 789, 939, 919, 828, 934, 592, 615, 684, 960, 785, 656, 570], "recourse_recommended_ixs": [953, 802, 689, 602, 664, 636, 709, 937, 568, 622, 506, 619, 856, 743, 703, 560, 685, 585, 748, 842, 955, 982, 883, 663, 851, 848, 826, 758, 767, 969, 520, 774, 888, 642, 776, 731, 824, 505, 886, 878, 724, 580, 584, 547, 799, 722, 914, 927, 791, 778, 509, 512, 782, 739, 890, 896, 707, 526, 916, 605, 987, 784, 728, 986, 628, 786, 761, 938, 995, 611, 846, 586, 936, 595, 752, 598, 563, 947, 962, 957, 862, 603, 874, 649, 540, 674, 546, 589, 789, 939, 919, 828, 934, 592, 615, 684, 960, 785, 656, 570], "perc_recomm_found": 1.0, "gamma": 0.75, "eta": 0.75, "gamma_obs": 0.7200000286102295, "gamma_obs_pre": 0.18000000715255737, "eta_obs": 1.0, "costs": [1.0, 1.0], "lbd": 300.0, "thresh": 0.5, "r_type": "individualized", "t_type": "improvement", "eta_obs_individualized": 0.8, "eta_obs_refits_batch0_mean": 0.9959999918937683, "model_score": 0.816, "model_f1": 0.8833652007648183, "model_refits_batch0_scores": [0.818, 0.816, 0.806, 0.824, 0.83], "model_refits_batch0_f1s": [0.7838479809976248, 0.7819905213270142, 0.762836185819071, 0.7914691943127962, 0.8081264108352144], "model_coef": NaN}