{"accuracy_pre": 0.88, "accuracy_post": 0.19, "recourse_seeking_ixs": [589, 743, 984, 512, 942, 911, 819, 830, 623, 527, 994, 923, 953, 921, 684, 516, 747, 577, 519, 676, 633, 985, 500, 782, 757, 878, 698, 515, 621, 849, 786, 859, 824, 599, 971, 877, 888, 964, 711, 665, 928, 813, 996, 650, 903, 843, 540, 871, 652, 780, 759, 959, 672, 664, 863, 576, 907, 728, 565, 699, 913, 554, 719, 915, 729, 922, 607, 618, 929, 809, 501, 749, 933, 865, 660, 791, 771, 600, 593, 503, 570, 632, 838, 545, 931, 766, 738, 869, 804, 844, 866, 962, 815, 821, 693, 986, 944, 567, 927, 993], "recourse_recommended_ixs": [589, 743, 984, 512, 942, 911, 819, 830, 623, 527, 994, 923, 953, 921, 684, 516, 747, 577, 519, 676, 633, 985, 500, 782, 757, 878, 698, 515, 621, 849, 786, 859, 824, 599, 971, 877, 888, 964, 711, 665, 928, 813, 996, 650, 903, 843, 540, 871, 652, 780, 759, 959, 672, 664, 863, 576, 907, 728, 565, 699, 913, 554, 719, 915, 729, 922, 607, 618, 929, 809, 501, 749, 933, 865, 660, 791, 771, 600, 593, 503, 570, 632, 838, 545, 931, 766, 738, 869, 804, 844, 866, 962, 815, 821, 693, 986, 944, 567, 927, 993], "perc_recomm_found": 1.0, "gamma": 0.75, "eta": 0.75, "gamma_obs": 0.1899999976158142, "gamma_obs_pre": 0.11999999731779099, "eta_obs": 1.0, "costs": [1.0, 1.0, 1.0], "lbd": 300.0, "thresh": 0.5, "r_type": "individualized", "t_type": "acceptance", "eta_obs_individualized": NaN, "eta_obs_refits_batch0_mean": 0.4740000367164612, "model_score": 0.82, "model_f1": 0.8446069469835465, "model_refits_batch0_scores": [0.848, 0.852, 0.822, 0.838, 0.836], "model_refits_batch0_f1s": [0.8396624472573839, 0.8445378151260504, 0.8086021505376344, 0.8258064516129033, 0.8270042194092827], "model_coef": NaN}