{"accuracy_pre": 1.0, "accuracy_post": 1.0, "recourse_seeking_ixs": [1158, 1190, 1483, 1238, 1781, 1368, 1299, 1151, 1582, 1977, 1292, 1945, 1829, 1422, 1293, 1507, 1394, 1567, 1012, 1906, 1579, 1074, 1704, 1319, 1734, 1476, 1665, 1272, 1612, 1894, 1742, 1606, 1141, 1947, 1049, 1236, 1983, 1853, 1010, 1495, 1687, 1570, 1900, 1011, 1415, 1391, 1089, 1580, 1911, 1289, 1759, 1025, 1731, 1954, 1098, 1307, 1960, 1109, 1537, 1194, 1323, 1072, 1219, 1282, 1519, 1398, 1918, 1244, 1008, 1051, 1546, 1602, 1284, 1863, 1439, 1437, 1106, 1859, 1333, 1513, 1428, 1240, 1453, 1492, 1042, 1298, 1286, 1309, 1211, 1693, 1791, 1689, 1768, 1668, 1607, 1226, 1708, 1375, 1828, 1248], "recourse_recommended_ixs": [1158, 1190, 1483, 1238, 1781, 1368, 1299, 1151, 1582, 1977, 1292, 1945, 1829, 1422, 1293, 1507, 1394, 1567, 1012, 1906, 1579, 1074, 1704, 1319, 1734, 1476, 1665, 1272, 1612, 1894, 1742, 1606, 1141, 1947, 1049, 1236, 1983, 1853, 1010, 1495, 1687, 1570, 1900, 1011, 1415, 1391, 1089, 1580, 1911, 1289, 1759, 1025, 1731, 1954, 1098, 1307, 1960, 1109, 1537, 1194, 1323, 1072, 1219, 1282, 1519, 1398, 1918, 1244, 1008, 1051, 1546, 1602, 1284, 1863, 1439, 1437, 1106, 1859, 1333, 1513, 1428, 1240, 1453, 1492, 1042, 1298, 1286, 1309, 1211, 1693, 1791, 1689, 1768, 1668, 1607, 1226, 1708, 1375, 1828, 1248], "perc_recomm_found": 1.0, "gamma": 0.95, "eta": 0.95, "gamma_obs": 1.0, "gamma_obs_pre": 0.0, "eta_obs": 1.0, "costs": [1.0, 1.0, 1.0], "lbd": 150.0, "thresh": 0.5, "r_type": "subpopulation", "t_type": "improvement", "eta_obs_individualized": NaN, "eta_obs_refits_batch0_mean": 1.0, "model_score": 0.793, "model_f1": 0.9916142557651991, "model_refits_batch0_scores": [0.999, 0.997, 0.998, 0.999, 0.993], "model_refits_batch0_f1s": [0.9989949748743718, 0.9969727547931382, 0.9979919678714859, 0.9989929506545822, 0.993006993006993], "model_coef": [[2.0946568951974145, 2.6183211165157094, 4.922443678360561], [-0.014944425291116755]]}