{"accuracy_pre": 0.74, "accuracy_post": 0.96, "recourse_seeking_ixs": [208, 324, 299, 334, 271, 231, 226, 305, 212, 326, 298, 269, 300, 391, 287, 221, 388, 357, 206, 203, 201, 251, 219, 386, 258, 341, 381, 234, 207, 376, 351, 373, 229, 227, 250, 242, 285, 349, 374, 363, 228, 360, 236, 331, 276, 222, 220, 339, 345, 350], "recourse_recommended_ixs": [208, 324, 299, 334, 271, 231, 226, 305, 212, 326, 298, 269, 300, 391, 287, 221, 388, 357, 206, 203, 201, 251, 219, 386, 258, 341, 381, 234, 207, 376, 351, 373, 229, 227, 250, 242, 285, 349, 374, 363, 228, 360, 236, 331, 276, 222, 220, 339, 345, 350], "perc_recomm_found": 1.0, "gamma": 0.95, "eta": 0.95, "gamma_obs": 0.9599999785423279, "gamma_obs_pre": 0.25999999046325684, "eta_obs": 1.0, "costs": [1.0, 1.0], "lbd": 300.0, "thresh": 0.5, "r_type": "subpopulation", "t_type": "improvement", "eta_obs_individualized": NaN, "eta_obs_refits_batch0_mean": 0.984000027179718, "model_score": 0.77, "model_f1": 0.7499999999999999, "model_refits_batch0_scores": [0.765, 0.74, 0.765, 0.77, 0.775], "model_refits_batch0_f1s": [0.748663101604278, 0.711111111111111, 0.748663101604278, 0.7578947368421053, 0.7567567567567568], "model_coef": [[0.39349247911335705, -0.4072471111983574, 1.0604153387299742], [-0.7898469069598224]]}